"date","BTC.USD","ETH.USD","SOL.USD","XRP.USD","ADA.USD","AVAX.USD","DOT.USD","LINK.USD","POL.USD","LTC.USD","ATOM.USD","DOGE.USD","SHIB.USD","WIF.USD","BONK.USD","FLOKI.USD","MEME.USD","ELON.USD","BABYDOGE.USD","SAFEMOON.USD"
2023-10-31,NA,NA,NA,NA,NA,NA,NA,NA,0,NA,NA,NA,NA,NA,NA,NA,NA,NA,NA,NA
2023-11-01,0,0,0,0,0,0,0,0,NA,0,0,0,0,NA,0,0,0,NA,NA,NA
2023-11-02,-0.014181643038139,-0.0254796873407727,-0.0307110833912881,-0.0050971868252704,0.0497500960984461,-0.0265616686542623,-0.0204114361116945,-0.0547613040843989,NA,-0.00776330509696441,-0.00459323997651073,-0.0132629086096374,0,NA,0,-0.0625203783184532,-0.0145783083166615,NA,NA,NA
2023-11-03,-0.0059112069551452,0.0177106249924295,-0.0172544612033282,0.0107640652038556,0.0180297686260546,0.0185041249074133,-0.00428724416651671,0.0427108816608081,NA,0.00139606863574577,-0.0111305167403915,0.00308649791022442,0,NA,0,0,-0.027244183067515,NA,NA,NA
2023-11-04,0.0100229586936839,0.0134961996481003,0.0690872311716223,0.00517741183727497,-0.00145693359206857,0.00876349997807085,0.0162325111889266,0.00106721793560731,NA,0.0140175817980481,0.0448731554953686,0.0136276017205707,0,NA,0,0.0317487093165324,0.0103859787597529,NA,NA,NA
2023-11-05,-0.00093652131699398,0.019435847754151,-0.0265132826960894,0.0704305889687503,0.0426866922399824,0.0121151968861368,0.0173697758156443,0.0616147836511612,NA,0.0167528292605016,0.0316725814617569,0.0305790616940716,0,NA,0,-0.0317487093165324,-0.193916731746761,NA,NA,NA
2023-11-06,-0.000341987012508487,0.00299404272669414,0.0213518470153825,0.0790291335756385,0.0581748101403717,0.0561701509322508,0.0400712438542857,0.0619592129683673,NA,0.0385993844089625,0.0420662254120251,0.0699041543517755,0,NA,0,0,0.0255182741073215,NA,NA,NA
2023-11-07,0.0115264053036003,-0.0061844195475059,0.0226234031863071,-0.0415418414128491,-0.0331145037495307,-0.0198945548676652,-0.0074516108655611,0.00452562750464263,NA,-0.0124080887790407,-0.0307191008155804,-0.0382036650177577,0,NA,0,0,0.0112375476416134,NA,NA,NA
2023-11-08,0.00595552529347527,0.000634354508060296,0.0022563917877787,0.00243582978396189,0.0190985225004116,0.0153547325022009,0.0244571272063591,0.133709757911749,NA,-0.00523967210734747,0.0243102438810323,0.0263506550782309,0,NA,0,0,-0.00135658197709501,NA,NA,NA
2023-11-09,0.0286922398244658,0.115462453140632,0.0508926257170775,-0.0303974108787513,0.0274826867755355,-0.00381509267911501,0.00666017323468587,-0.0204228236807419,NA,0.00778966538153281,0.039357543047666,-0.0271262344850345,0,NA,0.693147180559945,-0.0327898345584066,0.037304104895989,NA,NA,NA
2023-11-10,0.016778346050334,-0.0201353513677363,0.220284440171883,-0.010391287678149,0.0473883753126265,0.128322637518074,0.0410998275068567,0.0579827937187345,NA,-0.00608217154764222,0.019130504973657,0.0266359302269124,0.117783073551995,NA,0.405465146003776,0.0327898345584066,0.0162667846513289,NA,NA,NA
2023-11-11,-0.00472568231840784,-0.0123825862277621,-0.00960021275051792,0.00326456341891232,-0.00427099189370281,0.1295238681393,0.0465101245497043,0.0571943502896888,NA,0.0251807104250611,0.00391162292313045,0.0385098053836549,0,NA,-0.405465146003776,0,0.182396883660289,NA,NA,NA
2023-11-12,-0.00225174259208208,-0.00367352171543194,0.000916423771591374,-0.00181081877475452,-0.00307575219311705,0.115630234531289,0.0274814060437001,-0.0259966520391477,NA,-0.00377215894067204,0.031307106496075,-0.00543519680265451,0,NA,0,-0.0327898345584066,-0.00107268497953423,NA,NA,NA
2023-11-13,-0.0150135370550292,0.00491574512792633,-0.0786450306705357,0.0149853676345781,-0.0673429507085027,-0.150058013068853,-0.0613254547038585,-0.104886207254331,NA,-0.0464581612663729,-0.0346883464903032,-0.0418880401533103,0,NA,0,0.125163185753757,-0.0258579145627875,NA,NA,NA
2023-11-14,-0.0267843578397946,-0.037786727149762,0.0907570753819842,-0.0643490950951012,-0.00152172713199032,0.0523079705485467,-0.0313410987981964,-0.0309940434087939,NA,-0.0120497387792659,-0.0114697239390027,-0.0315839099106577,-0.117783073551995,NA,0,-0.0298529728768971,-0.016295717736775,NA,NA,NA
2023-11-15,0.0638461992762784,0.0402859869541704,0.142363494550011,0.0312300506549855,0.0581365597259947,0.193257520216301,0.0675040600285312,0.0724399311896081,NA,0.0476204655743056,0.0607265102369189,0.0524133388120901,0.117783073551995,NA,0.405465146003776,0.0870114045500747,0.222253621333511,NA,NA,NA
2023-11-16,-0.0466297561906654,-0.0495100746696424,-0.124351855156601,-0.0594239166652398,-0.0200417599338424,0.0483085105595802,-0.0380174487664295,-0.078189082350626,NA,-0.0399513471663929,-0.00837365885321281,0.0375414356756095,-0.117783073551995,NA,0,-0.0870114045500747,-0.0488010575241081,NA,NA,NA
2023-11-17,0.0121487469666794,0.000203545843988411,0.00936536624056305,0.00252716411467321,-0.0139687222997348,0.00823414236299625,-0.0219276171220204,-0.0147748312901238,NA,-0.0141019536373099,-0.0202340700334655,0.0849278990475214,0.117783073551995,NA,0,0,-0.246460243770473,NA,NA,NA
2023-11-18,-0.000300085015663709,0.00102139841165578,0.00165554509413352,-0.00412768870720809,0.0297884679460071,0.00248211452617951,0.0093070038797741,0.00466265620700257,NA,-0.0041196002065816,-0.0180819386590407,-0.0710732191025363,0,NA,0,-0.0307716690019207,0.0435314774464663,NA,NA,NA
2023-11-19,0.0216533913915043,0.0251086070521511,0.048060653124677,0.0263357994147021,0.0179244366759918,0.0385420170114198,0.0285107964718294,0.0830790298447398,NA,0.0106239362488718,0.0163878450558001,0.00239812530962515,0,NA,0.287682034556169,0.0307716690019207,0.0303834717883312,NA,NA,NA
2023-11-20,0.00241533445499477,0.00447766538276609,-0.0824656541268916,-0.02363486034303,-0.0100444502449354,-0.0914630668283617,-0.0259857109093043,-0.032218764361987,NA,-0.0160190278527837,-0.0446155660358085,-0.0340445724980056,-0.117783073551995,NA,0,-0.0625203783184532,-0.1409475820292,NA,NA,NA
2023-11-21,-0.0453926219219484,-0.0430305246077269,-0.0835864500092179,-0.0542828902183374,-0.059670312756648,-0.0911156102297467,-0.081506609624582,-0.0667237701598661,NA,-0.0450210748754083,-0.0841564593752913,-0.0768387993455182,0,NA,0,-0.0666913360550699,0.0781025070366261,NA,NA,NA
2023-11-22,0.0442013894678363,0.063677023255911,0.102071090431166,0.0527429642433503,0.0596125355310521,0.0880026517341258,0.0563593224075042,0.0507514133464039,NA,0.0332696808397233,0.0662820512495101,0.0495696603830795,0,NA,0.223143528576842,0.129211714373523,-0.284917611286419,NA,NA,NA
2023-11-23,-0.00381999941543391,-0.00107331968669712,-0.0173260679528968,0.0135424577610838,0.0156779658219803,-0.00599528753219362,-0.00761212584398692,0.0115666573053426,NA,0.0116753361603246,-0.00747245166511012,0.00547431584965244,0,NA,-0.223143528576842,-0.0307716690019207,-0.0159630445970854,NA,NA,NA
2023-11-24,0.0114828809236325,0.00914307491191629,0.00470751966842124,0.0026390453490081,-0.00119550479195384,0.0102642419446686,0.021144515404422,0.00403973801109725,NA,0.0174481007258661,0.0174585560293323,0.026125537227352,0,NA,0,0.0307716690019207,-0.288233117026301,NA,NA,NA
2023-11-25,0.00202634293560016,0.00156568765535031,0.0342268136962238,0.00251020959895414,0.0220181378995913,0.0209229685327552,0.0164083499521554,0.0202595185982185,NA,0.0153950903147947,0.062740945460586,0.00939108460539896,0,NA,0,0.0298529728768971,0.663619390944211,NA,NA,NA
2023-11-26,-0.00844024984109134,-0.010187400160362,-0.0206685550756714,-0.0106833138351047,-0.0169251646868217,-0.0102204882367812,-0.00093047382559736,0.00221604124428021,NA,-0.0250114728365497,0.0465151318004617,-0.00318412293841858,0,NA,0,-0.0606246418788178,-0.0739264147945753,NA,NA,NA
2023-11-27,-0.00602017674392167,-0.0175371760778175,-0.0457561935890758,-0.0207482251561856,-0.0256385620338446,-0.0362576229214043,-0.031213961847247,-0.0405490976359449,NA,-0.0117251919646836,-0.065094411602596,0.00106669361334022,0,NA,0,-0.0317487093165324,-0.044233879199583,NA,NA,NA
2023-11-28,0.0153673136112338,0.0107541340988331,0.0552811969947894,0.0119599557686502,0.0190193255893198,0.0143800124861593,0.0209360344158009,0.0221696026389007,NA,0.007122210356665,-0.00633327531832203,0.0277995987151325,0,NA,0,0.0317487093165324,0.00241815559697224,NA,NA,NA
2023-11-29,0.000724175028494842,-0.00951596471618676,0.0179793497386385,-0.00338143085664248,-0.0100287170396718,0.0207379980458622,-0.0196560444041469,-0.00054813085175978,NA,0.00360845187494154,-0.00274990251698338,-0.00514850177501299,0,NA,0,0,-0.0385728792452429,NA,NA,NA
2023-11-30,-0.00385718899847248,0.0110850047806456,-0.000143584253393781,-0.00493540770977675,-0.0155242304583804,0.0141478361353433,0.0560064442373398,-0.00742108129454007,NA,-0.00779966106641304,0.00375162022121974,0.0344403416798895,0,NA,0,0,0.0108533029129041,NA,NA,NA
2023-12-01,0.0255507301146282,0.0167087363185324,0.00944811406919186,0.0107556734698294,0.0218586331024102,0.0219445318231943,0.00169015902447522,0.0393955964068575,NA,0.029782752733287,0.0220687088960936,0.00526085951338249,0,NA,0,0.0307716690019207,0.0115893399760915,NA,NA,NA
2023-12-02,0.0201524431387205,0.0369508723905937,0.0651955908781233,0.0130661570106165,0.0347758781969792,0.0172194111859535,0.0178920323801589,0.065297217184329,NA,0.0101137139930822,0.0186617634587059,0.0284732350104539,0.117783073551995,NA,0.223143528576842,0.0298529728768971,0.12756068229421,NA,NA,NA
2023-12-03,0.0126377705204897,0.0128402810626675,-0.0124991742698824,0.00441392473575035,-0.00666621829602973,-0.0123239203814482,-0.00491097383188639,-0.0158575364376456,NA,-0.000218542774547093,-0.0100693666313735,-0.00772568035352465,0,NA,0,0,-0.0458358918280703,NA,NA,NA
2023-12-04,0.0488565668865633,0.0223246606319143,-0.0242990677154821,0.00104319138505547,0.0290705765613127,0.0297797828399935,0.0142762054361001,0.00137982855491277,NA,0.00779213685158587,0.0209722990824455,0.0712756771338811,0,NA,0.182321617426934,0.0845574140549377,-0.0103257636579296,NA,NA,NA
2023-12-05,0.04882523455973,0.0223175820582328,-0.0086807234711187,-0.00381423599502794,0.0452874763334654,0.0786548356641451,0.0494549443333966,-0.0027675693157313,NA,0.0199790105740788,0.0150693502948021,0.0247827814335578,0,NA,0.287682034556169,0.126751654136227,0.343025646106762,NA,NA,NA
2023-12-06,-0.00761051570339849,-0.0274817322810275,0.0147788396739868,0.0290530809852297,0.0385918317862207,0.0683753490629976,0.0220427238303002,-0.0277643266290928,NA,-0.0255750124225097,-0.0153558053334738,0.00652534346999801,0.105360455024846,NA,-0.133531376383546,-0.0741079988055819,-0.0531241371729366,NA,NA,NA
2023-12-07,-0.0104271600369865,0.054889175053788,0.0915520339487603,0.00513877739722673,0.0312117520996758,0.00328374794091168,0.033093367886011,0.0272090426871573,NA,0.0224373595724793,0.0163521627673349,0.0110701518436776,0,NA,0.356674904960388,0.0741079988055818,0.0130029848552764,NA,NA,NA
2023-12-08,0.0199856832348002,0.000488663128889809,0.100400565470261,0.0448232679326288,0.179034565619407,0.152491637702657,0.0906928921052299,0.0753691449681196,NA,0.0569533458659109,0.0496107885846336,0.0562487243282679,0,NA,0.262364278459717,-0.0240975600296501,-0.00916243644241319,NA,NA,NA
2023-12-09,-0.010026349184728,-0.00747109312681307,-0.0372829615522556,-0.0215091253656129,0.0581370469473672,0.037821325367564,0.0398326324041354,-0.0436498889198813,NA,-0.0274295235298756,0.00737652487241749,-0.0292803719803578,0,NA,-0.167054065582858,-0.0246926214634907,-0.0112073231473135,NA,NA,NA
2023-12-10,0.00122768826642268,0.00480964889927845,0.0333212936547654,0.00418662124334603,0.0265288766618562,0.152920128668548,0.0309800184549673,0.00707361056970413,NA,0.0112677153204855,0.0171629785333928,0.0325371059324457,0,NA,0.167054065582858,0.0246926214634906,-0.0282973887421453,NA,NA,NA
2023-12-11,-0.059668646696837,-0.0558950939902876,-0.0598320444515211,-0.0645681386939839,-0.0753673664707398,0.0283174548676066,-0.0904468396130632,-0.100936798868946,NA,-0.0599826711552565,-0.0784864085191253,-0.0756483683725092,0,NA,-0.0800426610327831,-0.102654094106577,-0.112400552783159,NA,NA,NA
2023-12-12,0.00499167816429234,-0.0101842859227534,-0.0262994144050879,-0.00106799519625605,0.045041150542949,-0.0187641961312629,0.0603317402858984,-0.0166671273862867,NA,-0.00327804413009301,0.172485458892083,-0.00583360424113133,0,NA,-0.0870114045500747,0.0266681591082782,0.0226037889139251,NA,NA,NA
2023-12-13,0.0341627495710369,0.0262684651573703,0.0319764339571783,0.0143219610327932,0.143339830520248,0.0424424797747882,0.0660482432716987,0.0175760571652385,NA,0.010780432763348,-0.00818545547829677,0.0272586501362867,0,NA,0.167054065582858,0.0259754962223671,-0.00194066597302833,NA,NA,NA
2023-12-14,0.00310146115920395,0.0244397729331826,0.0663213025258284,0.00625896259737102,-0.0332660638799013,0.00642907076124076,-0.0117748487136988,0.0407266973473797,NA,-0.00320791186299406,-0.00619502628959396,0.0187695402702682,0,NA,0.613104519527162,0.0253178173124409,0.00078206133803397,NA,NA,NA
2023-12-15,-0.0257616788095846,-0.0428828883863424,-0.0439473074986472,-0.0271507538814845,-0.0676142209443383,0.0128027218803934,-0.0780003412883924,-0.0717549558855085,NA,-0.027899914957654,-0.0590995052716417,-0.0549236132690018,0,NA,0,-0.105360455024847,-0.0610847083110285,NA,NA,NA
2023-12-16,0.00737462854915856,0.00341370590742129,0.0151469737574669,0.00703141874429227,0.0102579594882099,0.0554466869963372,0.0183965083498025,-0.000636483622379684,NA,0.0164531004391528,0.101862354660718,0.0426456091513011,0.182321617426934,NA,-0.0870114045500747,0.0800426377124055,0.0175834803991199,NA,NA,NA
2023-12-17,-0.0209434224084723,-0.013765763969279,-0.0342376553152419,-0.0153093405115774,-0.04596223727262,-0.0343159081536824,-0.0423310758963697,-0.0209794098974936,NA,-0.0125289062563074,-0.0797260004911318,-0.0416461717220284,-0.182321617426934,NA,0.0444517769501965,-0.0800426377124056,-0.0655114187026762,NA,NA,NA
2023-12-18,0.0299796695117896,0.009421633885768,0.0460582949871994,0.00345390556660537,0.0350804925937341,0.00976177098342232,0.0122207443030208,0.0435993815378083,NA,-0.0060833288579645,-0.0228030000063539,-0.0114621545665315,0,NA,-0.0909718083339154,-0.0281708856285504,-0.0351858389170493,NA,NA,NA
2023-12-19,-0.00831657071861527,-0.0179297499886517,-0.0184261986336519,-0.0116160252500893,-0.0415009839836253,-0.030660889926299,-0.0236211017132402,-0.0382859404494173,NA,-0.00266283984139147,-0.0436504323800465,-0.0190755979005227,0,0,-0.100083495027949,-0.0289875460446272,0.0546571376689566,NA,NA,NA
2023-12-20,0.0321647372447505,0.0109772811188201,0.118729334394923,0.0194040042115425,0.0218357973345731,0.0866633080116104,0.0333136018557739,0.00914011838754733,NA,-0.011530972881322,0.0234847588897396,0.0123272314845454,0,0.236469708397783,0,0,-0.0135062830378266,NA,NA,NA
2023-12-21,0.00495656564004861,0.016945804339104,0.132700426865726,0.0106202545649257,0.077155341870171,0.0567410776775591,0.185948675778686,0.0719709669231208,NA,0.0159110374427253,0.0669644004757254,0.0384875400713496,0,0.412068443496671,0.100083495027949,0.0571584316731776,-0.0360877073536542,NA,NA,NA
2023-12-22,0.00293056578719485,0.038104100810718,0.0432561161730079,0.002388457954853,-0.0196434561768385,-0.0113397484997636,-0.0480631519742803,0.0136931090288175,NA,0.0387895310122278,0.0000228350882973096,0.00203991847765763,0.0953102128768598,-0.217330847325968,-0.100083495027949,0.0540671414900384,0.066202522540097,NA,NA,NA
2023-12-23,-0.00588939239897776,-0.00754107632714136,0.0933618699854103,-0.00834455636557329,-0.0156094115148907,0.0561296322539349,0.045741257799193,0.0121873790368426,NA,-0.0162591145913995,-0.00479499762816995,-0.0173345992327354,0,0.0359300635055404,0.051293313534808,-0.0266681591082784,-0.0398449037852216,NA,NA,NA
2023-12-24,-0.0166777025964808,-0.0189543274554341,0.0444547561574814,-0.0108404415905415,-0.0340835571421175,-0.00743010365975019,0.0360076945638531,-0.0243264634336705,NA,-0.0190091680537909,-0.00907550887473611,-0.0179777011687366,0,-0.486565635192128,-0.105360455024847,-0.0555698680103105,-0.0212890854501426,NA,NA,NA
2023-12-25,0.0137836316469731,0.00302743491001009,0.0741784551628052,0.0521113943667676,0.0521010234721075,0.0132000255022408,0.0649892949763131,0.0192813460167256,NA,0.0153446120154323,0.0593542895115855,0.0274133795139674,0,0.310761438651767,0.0540671414900384,0.0555698680103104,0.00651404418177135,NA,NA,NA
2023-12-26,-0.0253744795398312,-0.018249257910317,-0.0724772730774385,-0.0377878468011655,-0.0274164170553158,-0.0845414701521234,-0.0453762176494731,-0.0337174508761692,NA,0.0120370258104139,-0.026851170710307,-0.0332960093899715,0,-0.115764604720998,-0.171850215042034,-0.0273989823817601,-0.0322121975421621,NA,NA,NA
2023-12-27,0.0214623912043402,0.0639124623831934,-0.0514717630341972,0.019865028338165,0.0398271579773399,-0.0464315568485881,-0.013261800447604,0.0996436305158991,NA,0.036242468520671,0.0296444750812477,0.0240420360143381,0,0.0293705012858025,-0.064538543874939,0.0273989823817601,0.0107592282586397,NA,NA,NA
2023-12-28,-0.0189384832630336,-0.013191815850143,-0.047053733686081,0.000223707399541292,-0.0257625703580976,-0.0608455452474731,-0.0294958389921157,-0.0379431997069152,NA,0.0114310675668214,-0.0458404957132152,-0.0182790831079576,0,0.0189395111624697,0,-0.0273989823817601,-0.0666977998456075,NA,NA,NA
2023-12-29,-0.0124743793520091,-0.0201697449503238,0.0403761432407498,-0.0184303116084662,-0.0145656945550467,0.00759429661364007,-0.0188133449008113,-0.0327654594073821,NA,-0.0442123809442321,-0.0390637705536519,-0.00924989374128278,-0.0953102128768598,-0.0255062522296927,0,-0.0281708856285504,0.0167508218092961,NA,NA,NA
2023-12-30,0.00136488323668324,-0.00375602539583408,-0.0429207268946124,-0.00250232746195228,-0.0107893876690008,-0.0205076925159606,0.00939036372876756,-0.0221753017450373,NA,-0.00124604322567854,-0.0206589429809693,-0.00982425558279132,0,-0.0683936391095319,-0.0689928325086069,0,0.00554362193879734,NA,NA,NA
2023-12-31,0.00256532895205514,-0.0046328511643846,-0.00333673684414168,-0.0111629174635782,-0.0129732232312326,-0.0218109768747171,-0.0213564013356137,-0.0163991618075119,NA,-0.00703983945758473,-0.0163705058782658,-0.00752702149226457,0,-0.0893583312713015,-0.07410799713984,0,-0.0360357770075628,NA,NA,NA
2024-01-01,0.0440216648373267,0.0305849311829479,0.0758876872389806,0.0243236576863958,0.0474986478480109,0.0826132817319413,0.0482365737114699,0.0386956459912627,NA,0.0262128768945907,0.0555532670706169,0.0281236324385587,0.0953102128768598,0.11316647186677,0.143100829648447,0.0555698680103104,0.0106257003793636,NA,NA,NA
2024-01-02,0.017742604013605,0.00149040914582898,-0.0268150642799738,-0.00751771865432188,-0.0283927403915587,-0.0295563474670446,-0.0218951735560085,-0.0241381447277355,NA,-0.0236660896315244,-0.0192982308656665,-0.00895061310776117,0,-0.180950612040589,-0.143100829648447,-0.0273989823817601,-0.0280376531581398,NA,NA,NA
2024-01-03,-0.0480649535787553,-0.0635585988981477,-0.0781739352533809,-0.0708658046151835,-0.0832517055362657,-0.099511515606293,-0.0961058165933379,-0.0692553533316449,NA,-0.111224097831189,-0.100502820282962,-0.105867457437057,-0.0953102128768598,-0.485008568049658,-0.0800426610327831,-0.149531782868528,-0.112521538805833,NA,NA,NA
2024-01-04,0.030607357718286,0.0260187553019354,0.0636836938220117,0.00964479817911639,0.0235520076130851,0.0514472844179579,0.0308790234508718,0.0281130823678887,NA,0.0180553239471277,0.032878620831625,0.0251438109591292,0,0.426828281108574,0,0.0625203783184532,0.125583324523583,NA,NA,NA
2024-01-05,-0.000390082845152692,-0.000172276883703812,-0.0497404640408485,-0.0201602222109132,-0.0527641190228765,-0.0612910683742239,-0.0568970516572673,-0.0341697606008205,NA,-0.00709740113100446,0.00467970844186638,-0.016273215416329,0,-0.1540395211091,-0.0870114045500747,-0.0307716690019207,-0.103696770127519,NA,NA,NA
2024-01-06,-0.00393630412750998,-0.0119827737394822,-0.0631780539158762,-0.013928579440319,-0.0340881219842078,-0.0509734235589293,-0.0420690779841998,-0.0463268922763821,NA,-0.00524036354503491,-0.0478735114156268,-0.0258095247680136,0,-0.207304093697935,0,-0.0317487093165324,0.0151856286930506,NA,NA,NA
2024-01-07,-0.00104848080077612,-0.00840360104835467,-0.05004346108202,-0.029943720215527,-0.0568906938017727,-0.0291440420935381,-0.0346317385031671,-0.021686910091408,NA,-0.0218367929189654,-0.0439103330264471,-0.0307030853170823,-0.105360455024847,-0.0470770623313713,-0.0953102128768598,-0.0666913360550699,-0.0479049280500444,NA,NA,NA
2024-01-08,0.0666242663558736,0.0483716762657835,0.091090305402128,0.0463619010603782,0.0904132706438976,0.070402720940155,0.0810411296748158,0.0745251574531191,NA,0.0537608154631245,0.0566300307612314,0.0394173867907507,0.105360455024846,0.379174794387107,0.182321617426934,0.0666913360550699,-0.0108724278281354,NA,NA,NA
2024-01-09,-0.0178454171064382,0.00504267290230955,0.0164176803981369,-0.0197288383002868,-0.0559005862681611,-0.0392150507407632,-0.0494426658046649,-0.0323768601287591,NA,-0.0127233557337963,-0.0304700041994387,-0.0262352396259548,0,-0.00975156719373276,0.154150658172623,-0.0666913360550699,-0.0395664770406714,NA,NA,NA
2024-01-10,0.0105220327519484,0.0963926943837524,0.0260519494513916,0.0571995134251405,0.102336149266917,0.103344915519391,0.113301854734899,0.0923373359181284,NA,0.0429891051522777,0.0721327529504361,0.0453701283303933,0,0.292197597379101,0.133531376383546,0.0984400453716024,-0.015850062845285,NA,NA,NA
2024-01-11,-0.00557424114752255,0.0144245581550596,-0.0210323200325544,0.00350393659681948,0.0270414547907701,0.0249861963841691,0.0246743932706488,0.0000576686652391098,NA,0.0295259257177208,0.0275894783600569,0.0200881241167062,0,0.468156262612216,0,0,0.104697092009366,NA,NA,NA
2024-01-12,-0.0788426288329937,-0.0370016813266483,-0.0855137967138547,-0.054254417119851,-0.0617205814617558,-0.0949784318672495,-0.0763948790647729,-0.0616220913524211,NA,0.012641130894805,-0.0685035913208956,-0.0556282651623993,0,-0.264928803836601,-0.133531376383546,-0.064538543874939,-0.070539688882748,NA,NA,NA
2024-01-13,-0.000251708664186649,0.0204426257929976,0.0427818723751702,0.00834486596988017,0.00365290945876882,0.0160159179158943,0.00575820844505426,0.016122667602071,NA,-0.0125989490907995,0.0242912952036697,0.0108966209360468,0,0.258604728394985,0.0689928325086069,0.0327898345584066,0.0812265795628756,NA,NA,NA
2024-01-14,-0.0247207753553582,-0.0413447734238203,-0.0168220730912128,0.00200644161984831,-0.0434451980732498,-0.0310057037033384,-0.0382757138288019,0.0297032157304117,NA,-0.0306351960280343,-0.0221153072801522,-0.0117465116453769,0,0.140800754702346,-0.0689928325086069,-0.0327898345584066,0.0316801534975443,NA,NA,NA
2024-01-15,0.0169785640464199,0.0157008279903789,0.00378623935434013,-0.00054340629751586,0.00413603364489982,0.00919104019110688,0.0256921642365971,0.026540597177603,NA,-0.00805321698275362,0.0201389788103208,0.014239603190663,0,-0.0681789217437108,0,0.0327898345584066,-0.0141064622752265,NA,NA,NA
2024-01-16,0.0150113645058065,0.0299400948730869,0.0326568151494882,0.000046881983309044,0.0141283641797255,-0.00206477118202872,-0.00369502153533756,0.00437916079335191,NA,0.00315778378284634,0.0094956629347861,0.00227780960636171,0,-0.0134957527383711,0,0,-0.00608078858197514,NA,NA,NA
2024-01-17,-0.00959971282586154,-0.0231914519366796,0.0444429113674206,-0.0139417059076971,-0.0162739718581347,0.0116165347234628,-0.02119751663279,0.0302394142707099,NA,-0.00127478189469696,-0.0142879148989156,-0.00994969126347256,0,0.387004077925974,-0.07410799713984,0,0.00914379092289907,NA,NA,NA
2024-01-18,-0.0352539060043805,-0.0245641253669919,-0.0796351901495807,-0.0286943544068571,-0.0489063822795752,-0.0713161453552332,-0.0453787141041895,-0.0711500230588578,NA,-0.0202872398094386,-0.0453689828068258,-0.0317771258969596,-0.105360455024847,-0.170558119760649,-0.0800426610327831,-0.0666913360550699,-0.0346726968900285,NA,NA,NA
2024-01-19,0.00859912773807401,0.0090708410561318,-0.00921768943672134,-0.0139598863386095,0.00254117173157745,-0.0267549727138039,-0.0191663443913957,0.0907272571772419,NA,0.0458706294884398,0.00134508284001649,0.00701492169298325,0,0.0947412811000919,0,0,-0.0849643341306416,NA,NA,NA
2024-01-20,0.00113298345354633,-0.00802951357821951,-0.00877987438866647,0.0161661102365654,0.0232862718084313,0.00505488438024011,0.00352700958246835,-0.0188109661131519,NA,0.0015894754009162,0.0131694291342944,0.112506231593553,0.105360455024846,-0.175418047725083,0,0.15906468725042,0.0157964513583508,NA,NA,NA
2024-01-21,-0.00287943492455674,-0.00636785675476076,-0.018770818588535,-0.0127635538254383,-0.0233777292238729,-0.0102749983548562,-0.0133629820252059,-0.0225724296736239,NA,0.00423612960330835,-0.0206780493580367,-0.0302054572981183,-0.105360455024847,-0.115466041613989,-0.0870114045500747,-0.0923733511953502,-0.0138696238341169,NA,NA,NA
2024-01-22,-0.0503089102812547,-0.0600787119528734,-0.0828762283086033,-0.0361607369607769,-0.0501384637689589,-0.096593382058352,-0.0722360510090425,-0.0565400241416248,NA,-0.0621101983529715,-0.0478120879062408,-0.0595778156068354,0,-0.254281889864013,-0.0953102128768598,-0.0666913360550699,-0.0494067489445222,NA,NA,NA
2024-01-23,0.00852358425792219,-0.0308231317333179,0.00776306066044469,-0.0171941562002641,-0.00367024867356717,0.0369144713171288,0.00339019889028393,-0.0187562760634987,NA,-0.0277082067779124,0.00390381613675379,-0.0275988217191186,0,0.19626570756625,0.0953102128768598,-0.0350913310119436,-0.0211788374078715,NA,NA,NA
2024-01-24,0.00579370572798571,-0.00318456818357341,0.0515413075420007,0.000484790401529168,-0.000950627366775927,0.02025912728334,0.0164525022242839,-0.00277427206158559,NA,0.0104984164331008,0.0137530420000621,0.0109691547822347,0,0.218910281186276,0,0.0350913310119436,0.0179463105441424,NA,NA,NA
2024-01-25,-0.00358115728949295,-0.00712229205759354,-0.0209868024679292,-0.00849566877977905,-0.0208265151806221,-0.0238989089898921,-0.00393649959887576,-0.034113576785544,NA,-0.0097414688160445,-0.0129852078409851,-0.0138008995749221,0,0.0871596972568575,0,-0.0350913310119436,-0.0330028253006272,NA,NA,NA
2024-01-26,0.046076574494817,0.0220702363029845,0.0619514970172048,0.0355422534992631,0.0395419115920554,0.0573505724390702,0.0363199421046267,0.0313278917576283,NA,0.023166159442428,0.0434343876039006,0.0249389332769251,0,-0.085968090188124,0.0870114045500747,0.0350913310119436,0.0583227661898178,NA,NA,NA
2024-01-27,0.00722411285539691,0.00030265328971337,0.0184442162798626,-0.00363120896984583,0.00211398217306681,0.0299722372455489,-0.000331431127561421,0.0101461371567063,NA,0.0155495971684458,0.00409540837385474,0.00301164887402259,0,-0.0182741203744827,0,0,0.00344557208769107,NA,NA,NA
2024-01-28,-0.00200725601730765,-0.00471913476041195,0.018672334674508,-0.0116964721974929,0.00696285992895276,0.0450239641229597,0.0250031988203018,0.0122854879419965,NA,0.00458584854697046,-0.0262152586176931,-0.0167220695124587,0,-0.0411247797706393,0,-0.0350913310119436,-0.029110938748942,NA,NA,NA
2024-01-29,0.0293644157369146,0.0261719779242156,0.0570134394870593,0.0207639817026094,0.0700901554815649,0.0361275173695499,0.0276520422019969,0.0319079085000413,NA,0.000811160225978838,0.0249415876747547,0.0309327389214617,0,-0.0531408505634041,0,0.0350913310119436,0.0251601814046765,NA,NA,NA
2024-01-30,-0.00778374498993584,0.0117684948896216,-0.000922863835024326,-0.0466565541795146,-0.0213777247876456,-0.0260898918552298,-0.0272368645678337,0.0314655310662654,NA,-0.0138418183898424,-0.0260771554798667,-0.0194525830504698,0,-0.106174969676869,-0.0870114045500747,0,-0.0260674619704574,NA,NA,NA
2024-01-31,-0.00865155280904692,-0.0267786517065526,-0.0447856154453116,-0.0148046218151225,-0.0314301979910909,-0.0580744647085539,-0.0275962441708466,-0.0044554552246541,NA,-0.0113058130880124,-0.0336747932158742,-0.0121021053939797,0,-0.115517275422658,0,-0.0350913310119436,-0.0549513698558124,NA,NA,NA
2024-02-01,0.0115148902942397,0.0092798575512324,0.00839500850708159,0.00528417297431535,0.0174423248994008,0.0199032351006311,0.0201305300814625,0.109715970266411,NA,0.0113733895508623,0.00380202009478628,0.00712254965324182,0,-0.0985046235487144,0,0,0.00823165302436352,NA,NA,NA
2024-02-02,0.00255237453024436,0.00182719229414945,0.0261638073094774,0.00896019049791353,0.013585184032405,0.0816875850932836,0.0211481046027641,0.0347086999742721,NA,0.00718613593410335,0.00280788825798639,-0.00118572131926812,0,0.134351710827131,0,0,0.00910737305932787,NA,NA,NA
2024-02-03,-0.00449324549215075,-0.00521267761285443,-0.0258236692232337,0.0165681785376297,-0.00213662643502464,-0.0217983926863949,-0.0152148585613387,-0.00729058100007046,NA,0.0121796076832759,-0.0121423243290284,-0.00737246690571461,0,-0.0701895466267598,-0.0953102128768598,0,-0.0154228438494094,NA,NA,NA
2024-02-04,-0.00955108622874585,-0.00283156569307486,-0.024857100866108,-0.0306238644289033,-0.0369512985172387,-0.0302845700442965,-0.0243385961952028,0.0286941718240036,NA,-0.0280709865727776,-0.00980794819297578,-0.00526488817632631,0,-0.134334891828666,0,-0.036367656201228,-0.00823805291319077,NA,NA,NA
2024-02-05,0.00176170753164793,0.0040723193113711,0.000750695674821206,0.00585626067343363,-0.00185501858330162,-0.00992770128523229,0.00891226948047032,0.0512340659593316,NA,0.0102271023878388,0.00927936625950897,-0.000230101397062165,0,0.00141228728641524,0,0,0.0067327964454927,NA,NA,NA
2024-02-06,0.00993680470869925,0.0313926711471676,0.0136420999654293,-0.00215741956261597,0.0103308113222039,-0.0104690524205202,0.0116450375438535,-0.0445468820340334,NA,0.00988261807900439,0.00859561103451058,0.00313998724658984,0,-0.111670957861958,0,0.0363676562012279,-0.0121241508116068,NA,NA,NA
2024-02-07,0.0282286462102807,0.0214953156349962,0.0416375836692501,0.0169513173040524,0.0066184520520104,0.0327821781568892,0.0195301609129718,0.0299816489626345,NA,0.0038736028943029,0.0497854304389261,0.0206604145633801,0,0.127052416190433,0,0.0350913310119436,0.0422938798620526,NA,NA,NA
2024-02-08,0.0219456712821148,-0.00158501236609736,0.0177302913416094,0.00143922755667736,0.0533489457744684,0.00420093630006563,0.0107114290741024,-0.0336340354021631,NA,0.0288512550733148,0.0050290134704484,-0.00291298230558275,0,0.0163387314489953,0,0,0.00331636881789229,NA,NA,NA
2024-02-09,0.0399329954084116,0.0275555708006857,0.03955997243128,0.0221082800075095,0.0215379387291179,0.0703786976128125,0.0248954276114613,0.012892997831115,NA,0.0016182508567915,0.0388785184023432,0.0211590540226031,0,0.130281858503065,0.182321617426934,0.0666913360550699,0.0353455133233974,NA,NA,NA
2024-02-10,0.0131499606950642,0.00549744837743664,0.0203477028646752,-0.00365480372291071,0.0194475261661173,0.0581870374028547,0.00241267166730871,0.0331891704943802,NA,0.00187759822307999,-0.00464140968392145,-0.00160704832340304,0,0.237229380179885,0.0800426610327831,0,-0.00748495176555485,NA,NA,NA
2024-02-11,0.0108810642585839,0.00253245888425133,-0.0151063132432182,0.00375553135835916,-0.0183053353015963,-0.0138978808196503,-0.0157782585394794,0.0529372628770172,NA,0.0102582713578888,-0.0239719241773571,-0.00313578709701617,0,-0.0678864807096194,-0.0800426610327831,0,0.00744232939778208,NA,NA,NA
2024-02-12,0.0338814785316512,0.0583032099839122,0.0409871691280833,0.010988970510623,0.0338152325408465,0.0335570018556786,0.0346315897402493,0.0178731757839018,NA,0.0192826681039099,0.0200978454626915,0.0140887178037405,0.105360455024846,0.223738428319718,0.0800426610327831,0.0317487093165324,0.0345930346086172,NA,NA,NA
2024-02-13,-0.0043285887601175,-0.00601124774751687,0.00522377374760937,-0.0133659680217831,-0.0272136359092793,-0.0327247490976369,0.00229383825758537,-0.0300024912668943,NA,-0.0554175408930505,0.0360328636970235,-0.0153704701902307,-0.105360455024847,0.00000812807823313069,0,0,0.0110937122177664,NA,NA,NA
2024-02-14,0.0410468495104089,0.0500897493405292,0.0383136430131677,0.0255197405159193,0.0575869924848207,0.0610436022071914,0.0393273403420028,0.0195034851570065,NA,0.0128905319424011,-0.00554337435423083,0.0534718791049184,0.105360455024846,0.169887503555843,0.0741079971398401,0.0606246418788178,0.0529610457550112,NA,NA,NA
2024-02-15,0.00215600922910838,0.0165923939552673,-0.0284133652292976,0.0442406946580229,0.0524062082674063,-0.016035424236038,0.0155204881726223,-0.0163356177052501,NA,-0.00121386383982355,0.00890378617500462,-0.00218845284164791,0,-0.0782902749401241,0,0,0.0224488241653204,NA,NA,NA
2024-02-16,0.00425843260976156,-0.0073515759483139,-0.0290322609856274,0.00391059275679139,-0.0157238027520193,-0.0313517010635181,-0.0156099660728704,-0.0190800812189208,NA,0.0114746978206847,-0.0087935517153217,0.00766769824483769,0,-0.0818909139036855,-0.07410799713984,0,-0.00822613173002078,NA,NA,NA
2024-02-17,-0.00957802949778828,-0.00608863800730058,-0.0133247130186944,-0.0270439746909131,0.0156958793548121,-0.0137284271319256,0.00608935603829985,0.0233430971261192,NA,-0.00892623693655094,0.00351776216522684,-0.0285385838190887,0,0.0284750658696054,0,-0.0298529728768971,-0.0190994482987538,NA,NA,NA
2024-02-18,0.00885583428071376,0.0325940629496657,0.0288560213763727,0.0126801232669676,0.0169316833075688,0.012301823863786,0.0187354529710843,0.00308494502002048,NA,0.0105263074037931,0.0289868238587155,0.0186424653368148,0,0.0620150173193745,0,0.0298529728768971,0.071669003664405,NA,NA,NA
2024-02-19,-0.00661016369404654,0.0221823962784109,-0.00616425364396426,0.0101724364547399,0.019730216085748,-0.0193749895540169,0.0225582125052317,-0.0138239546282461,NA,0.00819189824955722,0.0154318349174502,0.0493793471462425,0,-0.0766350731601973,0,0.0289875460446273,0.00859453734110407,NA,NA,NA
2024-02-20,0.00971967933731947,0.0234786796705329,-0.027514873997906,0.000577554254439988,-0.0142003045658111,-0.0244810220844679,-0.0375557664477973,-0.0268660335072922,NA,-0.0235083311628542,-0.0358388725450231,-0.0379729100393517,0,0.052328595643027,-0.0800426610327831,-0.0289875460446272,-0.0516175140002164,NA,NA,NA
2024-02-21,-0.00856090431522995,-0.0144217770742245,-0.0312259038969529,-0.0250353157941086,-0.0388490360404456,-0.0234237204144892,-0.0348556726516223,-0.0376490204724082,NA,-0.0103556949335811,-0.0379313614769454,-0.0178971772226364,0,-0.127594436930971,0,-0.0298529728768971,-0.0303934846263587,NA,NA,NA
2024-02-22,-0.0103585476400143,0.000219429613736709,-0.0334219927769034,-0.0148454611720744,-0.0212038353521297,-0.023788132553545,0.00195140047419576,-0.0255797333637928,NA,-0.00251328649117433,-0.020452495507254,-0.00623574762608419,0,-0.141770296268228,0,0.0298529728768971,0.0567005287249371,NA,NA,NA
2024-02-23,-0.0112318061155126,-0.0167497288331502,-0.0170131802843847,-0.0118650024142407,-0.00455030540189477,-0.0226877976337815,0.0107037148396428,-0.00964473133200493,NA,0.000925113354096632,0.0190557583101322,0.0040943919101048,0,-0.0265500030671886,-0.0870114045500747,0,-0.0406230864704984,NA,NA,NA
2024-02-24,0.0164055941302178,0.0239197250362117,0.0409568915089202,0.0196069405924247,0.0228056099970756,0.0223427094273071,0.0320049619906022,0.0322119623153963,NA,0.0223964596535123,0.0436793342222099,0.0201894480661805,0,0.137784781628407,0.0870114045500747,0.0289875460446273,0.0521247878501798,NA,NA,NA
2024-02-25,0.00313901336823693,0.0394185803791827,-0.00655178996705003,-0.00495245352299882,-0.00895072753541948,0.0191930559442695,0.0144498255147739,0.00957682832354253,NA,-0.00434184045857307,-0.00399313414386732,-0.000661860539068982,0,0.0230745888679647,0,0.0555698680103104,0.0234300423940227,NA,NA,NA
2024-02-26,0.0525111876569454,0.0210750468838979,0.0606173338415829,0.0164198049544361,0.0468365308301373,0.0491390262749733,0.0226224139030153,0.0217677226289156,NA,0.0261354668764775,0.0710941512730756,0.0374998085597442,0,0.290019922724733,0.0800426610327831,0.15028215960396,0.0737760615159828,NA,NA,NA
2024-02-27,0.0459362164404731,0.0204025144361793,-0.0140213247120063,0.0612903665464616,0.00720288813464421,-0.00171854685453358,0.0324323701910073,-0.00418477964651169,NA,0.0287180079717074,0.00685694968638433,0.0886071185610964,0.0953102128768598,0.261226534596751,0.143100829648447,0.170625498782807,0.162767643947814,NA,NA,NA
2024-02-28,0.0906952929770429,0.0425946193780365,0.0854087416558638,-0.017980424474151,0.0109028516846287,0.0257957446459499,-0.00345532321124695,0.0205558271964345,NA,0.00751945999454766,0.0176407947994229,0.176990167508392,0.0870114045500747,0.362992041758654,0.236388758916973,0.111225672653865,-0.0647569546398311,NA,NA,NA
2024-02-29,-0.0211224142700197,-0.013016423301078,0.0628628347500459,0.0180946946310889,0.0382217027886847,0.0157727489216694,-0.0105550940005212,-0.0074417454224681,NA,0.0692469868418811,-0.0111780430799736,0.00515897614969603,0.0800426610327831,-0.00284272133731202,0.146603526411668,-0.0540672389992171,-0.0536491164113028,NA,NA,NA
2024-03-01,0.0200954657884248,0.0274872373036919,0.0334708816985546,0.0262005241441247,0.0923529374128466,0.0458350804139616,0.0495344225667764,0.0393046019877661,NA,0.0623527944056738,0.0307893913246382,0.174719294807339,0.268264015402204,0.35678047887563,0.12783333843735,0.476924074413412,0.191735873644462,NA,NA,NA
2024-03-02,-0.00660054731209119,-0.00379290337032912,-0.00223513911248754,0.0689445771158822,0.0299294604080558,0.0339198348553781,0.0841863434173907,0.0656266716844587,NA,0.104102289193967,0.0472498454726613,0.0182056736179531,0.30228087652508,0.112151349671517,-0.0408219338872753,0.431931690033968,0.124463617930889,NA,NA,NA
2024-03-03,0.0181722046590126,0.0199466802026198,0.00577117592596032,-0.0279579978456622,-0.0172755474276484,-0.0397815100197769,0.0375782227893615,-0.0433399935473561,NA,-0.040534287669473,-0.00274151328800319,0.0792082582493292,0,0.148512959331442,0.117783001971395,0.0925927661427997,0.209657204000138,NA,NA,NA
2024-03-04,0.0785670808490068,0.0391657458763151,0.0208144116947041,0.0361156490967915,0.0574417215403781,0.0112817604364123,0.0115414170404018,-0.00313758550640724,NA,-0.0192974605214499,0.0250878840015725,0.173107122681102,0.448024735708043,-0.0799020582702468,0.341749247626808,-0.0206192438934648,-0.0829913675410566,NA,NA,NA
2024-03-05,-0.0685829818149203,-0.021007050416046,-0.0578595654499804,-0.0921495555557501,-0.106332759971504,-0.0869459055334128,-0.0603858930563752,-0.0729295473018189,NA,-0.0806893408998621,-0.0366873563294865,-0.172450794308224,0,0.0318115350992106,-0.203598924358566,-0.216223118923598,-0.240391519904522,NA,NA,NA
2024-03-06,0.0354997002008663,0.0717027623548773,0.0392745642017845,0.0321181896592454,0.0565282343938735,0.049734655923382,0.119452676506343,0.0545308129798331,NA,0.0451467168710631,0.166350258770873,0.0247279866044141,-0.0870114045500747,0.185216484100119,-0.0327898345584066,0.12160705692202,0.081799114756199,NA,NA,NA
2024-03-07,0.0123081400525154,0.0143294342144945,0.0964334683360921,0.0263877261671221,0.0147727224412174,0.041882966211651,-0.00880402040863534,0.00255999763306125,NA,0.0261956121614318,-0.0201684843866949,0.00208919716360749,-0.0307716690019207,-0.0742599704357075,-0.105360488709835,0.066445176373027,-0.0484913895954284,NA,NA,NA
2024-03-08,0.020331312236988,0.00456154455028338,0.00872826022351439,-0.0106656320268099,-0.0270675729350542,-0.0127780025074457,0.0230544245753295,-0.0193678437966409,NA,0.00591519027833166,-0.0365290955196856,0.0446856732202983,0.089612187923445,0.230924451919536,0.169899032584774,0.513678693636793,0.144818646547119,NA,NA,NA
2024-03-09,0.00290629663201919,0.00598348760501649,-0.00436631984832715,-0.000241148273330712,0.0256849914685468,0.00606415427066517,-0.0134597846443204,0.0144420464870668,NA,0.0246955267312203,-0.00326911688007833,0.0798031455063085,0,0.0107234673876108,0.0606246418788178,0.0253177551247688,-0.0162626266114949,NA,NA,NA
2024-03-10,0.00757582565720686,-0.00877972372258271,-0.000636903433871184,-0.0217414108052941,-0.0362628738431249,-0.022284055700248,-0.0234350820516369,0.082668206967763,NA,-0.0374494798884869,-0.0155667143989168,-0.052521688105768,-0.0588405189215243,-0.0215028104405619,-0.0923733511953502,0.128832942470395,0.0494538996053392,NA,NA,NA
2024-03-11,0.0439922985827463,0.0466265599074274,0.0288889357473436,0.165634553820823,0.0764249701704259,0.153044025861755,0.0711119907880907,-0.0216064444201697,NA,0.170664886516909,0.040213467963464,0.0684866019744861,0.0298529728768971,-0.01479471578575,0,0.0808876573382994,-0.00358977391995967,NA,NA,NA
2024-03-12,-0.00894983604934784,-0.0214187117111479,0.0151085888376782,-0.0424271345657918,-0.0343408530679169,0.126060074059684,-0.0284678027108433,-0.029692008997507,NA,-0.0621479309913302,-0.0219344971827062,-0.078993554713452,-0.0606246418788178,0.0312726180568966,-0.0666913360550699,-0.0919375776263071,-0.0466743740163116,NA,NA,NA
2024-03-13,0.0221668990640754,0.00655685893050747,0.0815071061231708,0.00397486128251867,0.0218501987266646,-0.0116362062536312,0.0539376516782097,0.00489508962554752,NA,-0.00221716905973094,0.0512120030672766,0.00601240000651566,0,0.194735523246349,0.0984400453716024,0,0.0482412463110951,NA,NA,NA
2024-03-14,-0.0233524614583823,-0.0312631146419185,0.0754495615371601,-0.0308389771111943,-0.018621703217375,-0.0163089079166787,0.0194040405593637,0.0066278398791507,NA,-0.0334953215595871,-0.033317936258666,0.0471792455110395,0,0.181837408062142,0.0606246418788178,0.0291991655490074,0.0284422431320833,NA,NA,NA
2024-03-15,-0.0283089232920006,-0.0388374261325502,0.0349544263070725,-0.0555943655496003,-0.0325476712526768,0.0787710190239725,-0.0629786723934893,-0.0642458938504057,NA,-0.0479094959812588,-0.0786235566597402,-0.082846038511067,-0.064538543874939,-0.121431430694736,-0.125163185753757,-0.0403724431353642,-0.0823296916093601,NA,NA,NA
2024-03-16,-0.0607177252062968,-0.058533586440877,-0.00594418826855352,-0.0496173794665997,-0.0966222765612452,-0.0891758541052889,-0.111291744129155,-0.0784410261069709,NA,-0.0641565066755878,-0.0564915516927598,-0.136751096540466,-0.182321556793955,-0.235708693184932,-0.182321556793955,-0.221272629116309,-0.170159408717558,NA,NA,NA
2024-03-17,0.0460122407046103,0.0333732074975971,0.105530220151372,0.026463292753092,0.0321726392099324,0.0827597988494436,0.0422794076710326,0.0297954928777296,NA,0.0202257062857351,0.0279127980575517,0.0806778879403959,0.182321556793955,0.302555561562865,0.113328724285348,0.0501243714671044,0.0703623456604888,NA,NA,NA
2024-03-18,-0.0123885075543686,-0.0347579846458721,-0.0308015423001305,0.0447391869860533,-0.0295636119375892,0.0433402209386846,-0.0207979197317227,-0.0189278244784352,NA,0.01450772681187,-0.0447956948821289,-0.0715532658139686,-0.105360488709835,-0.160927797588213,-0.154150658172623,-0.153410196879411,-0.11468710117533,NA,NA,NA
2024-03-19,-0.0871207318570082,-0.108070415215113,-0.14218347553334,-0.10256334034695,-0.119265748199432,-0.125612497348003,-0.122588335367224,-0.0862989579928988,NA,-0.102998701178192,-0.0754183142538181,-0.109838233821606,-0.0769610680841198,-0.0944123272341525,-0.0870114045500747,-0.0865404870016431,-0.0931883040300493,NA,NA,NA
2024-03-20,0.092510852968774,0.106764258284009,0.119252691782331,0.0463410981104706,0.0857786160968986,0.0634245258684511,0.0797410917582827,0.0907708768845005,NA,0.0759677096844737,0.077042263667837,0.167401829312062,0.113328724285348,0.114849075351732,0.0870114045500747,0.274888747455674,0.125082047731857,NA,NA,NA
2024-03-21,-0.0363186742262133,-0.00582380649555926,-0.066528615469507,0.0455503103162099,-0.0119764032911014,-0.0570986370125629,-0.0341817508517808,0.00135189374482283,NA,0.0107057373796632,-0.0099059505283474,0.0202037452068137,-0.036367656201228,-0.129400730708413,-0.0425596275998782,-0.0850624350417235,-0.0380007477023843,NA,NA,NA
2024-03-22,-0.0264984466521593,-0.0466792544778224,-0.0274748837833423,-0.0475338008570735,-0.0298866198192558,-0.0111731693047668,-0.0280400064658996,-0.00766401425157911,NA,-0.0282850589842423,-0.0212200443409552,-0.0168123715010574,-0.0377403409386121,-0.0283088735997195,-0.0444517769501965,0.0545590023034265,-0.0347980138241646,NA,NA,NA
2024-03-23,0.00443428866540001,0.000871329293391269,-0.00841697771952751,0.010821021459277,0.0203360039564098,0.0027238704288083,0.00701971560371038,-0.0120149638179999,NA,0.0250420484926959,-0.00404462825384852,0.0576683644857198,0.037740340938612,0.0252142707684303,0,0.0131869767268336,0.0430868337317717,NA,NA,NA
2024-03-24,0.0483270931506797,0.0347667100501574,0.0598884729237689,0.02455696813722,0.0319126456935884,0.0412950099138989,0.0422069048591403,0.0251592315544567,NA,0.0487389020631261,0.0233075615060295,0.0868912833176496,0.0363676562012279,0.212059522975387,0.0870114045500747,0.0469169054900182,0.048080371863373,NA,NA,NA
2024-03-25,0.0397250476948794,0.038681118505866,0.0295740463352138,0.012691066079988,0.0165638160439605,0.0380552523532587,0.0385572800666482,0.0436591664753705,NA,0.0114546968345743,0.0482455586973225,-0.00617361208321122,0.0350913310119436,-0.0474888143426698,0.0408219338872753,0.00415804184889433,0.0324421770253357,NA,NA,NA
2024-03-26,0.000414778606564033,-0.000941410852490141,0.00851183859736874,-0.0137928920905287,0.0122317962694829,-0.0352944080546791,-0.00484294586170045,0.0330716659300497,NA,0.0551130181098861,0.00256877134815767,0.0397925371825895,0.0666913360550699,0.191354771832404,0.0769610680841198,0.00414076397239503,-0.0254305971584592,NA,NA,NA
2024-03-27,-0.00763744454295177,-0.0246610500870067,-0.0230126259881828,-0.0326161799956689,-0.025202405634677,-0.0309934496044552,-0.0257976111518359,-0.0360477953202628,NA,-0.0230985244544101,0.0340631220101053,0.0420859560148783,-0.0327898345584066,-0.0654021289111897,-0.0377403409386121,-0.0728373188744629,-0.0459260526829601,NA,NA,NA
2024-03-28,0.0183971899718809,0.017328054549411,0.0173425035472666,0.0203643239047815,0.00355744512628057,0.0093300627024537,0.00770052996951811,-0.00735611233044825,NA,0.00578625908766601,-0.0273599321498741,0.145122646436264,0.0645385438749389,0.204079976319662,0.0741079971398401,0.113328694546315,0.037147328891252,NA,NA,NA
2024-03-29,-0.0121181580122044,-0.0139934681623031,0.0136512588301406,0.00987182779002036,0.0206957243901105,-0.0225070311534107,0.00831421677883959,-0.00876840597600278,NA,0.148097862540957,0.0188243446222029,-0.0302874040560831,-0.0317487093165324,0.0469545707674852,-0.07410799713984,-0.0487901814931408,-0.0401210171284134,NA,NA,NA
2024-03-30,-0.00354775704868207,-0.00110027181230704,0.0111616133513312,-0.014233185218423,-0.0306219973093547,-0.00758987716048289,-0.0170785772271036,-0.00265686185226992,NA,-0.0603218474640305,-0.0212475922354276,-0.0681113025602905,-0.0327898345584066,0.0834847970715716,0.037740340938612,0.0124225544321016,0.0199697968627728,NA,NA,NA
2024-03-31,0.0239528586963025,0.0391095131885665,0.042742212486035,0.0118125251867228,0.00936211754736596,0.0206892299121064,0.0219011728220396,0.0102249337899295,NA,0.0223064135945795,0.00214863420199657,0.098435069079441,0.0327898345584066,0.0737416355507393,0.0363676562012279,0.0203672801263049,0.0471965415178255,NA,NA,NA
2024-04-01,-0.023137002333258,-0.0399406318143037,-0.0521373077161398,-0.0289698481416281,-0.0451970965711318,-0.0504067288875778,-0.0512314253353317,-0.0403842691282708,NA,-0.0568014940527386,-0.0535251113161806,-0.068131813899862,-0.0666913360550699,-0.0814271225890938,-0.07410799713984,-0.0623902840369612,0.0933727541093472,NA,NA,NA
2024-04-02,-0.0629909043698857,-0.06719912514608,-0.0610001590861234,-0.0431109222168958,-0.067703607709807,-0.0943042754872527,-0.0656897547871655,-0.0229447598947982,NA,0.0722181458266224,-0.0602623690864871,-0.120111000745042,-0.109199328151784,-0.0956781228713094,-0.122602288632661,-0.108704171419494,-0.103320528255333,NA,NA,NA
2024-04-03,0.00812374307331999,0.0103837493547833,0.0222504967067239,-0.0181824433066371,-0.0168524267740946,-0.0188556981859227,-0.0170539284783447,-0.0143943080761248,NA,-0.0803325428635907,-0.0121181554443133,-0.0377687606307444,0,-0.0573014885689489,-0.0444517769501965,-0.0490294429849791,-0.109830903273967,NA,NA,NA
2024-04-04,0.0375988627118614,0.00560076207350109,-0.00699067481997299,0.0320743182996966,0.0202340868078041,0.0121410635588018,0.00677587049625453,0.00491831671066038,NA,-0.00166259654358088,0.0159858359329501,0.0246387821575469,0.0741079971398401,-0.0240421271616197,0.0444517769501965,0.0100000866088461,0.00764717374175328,NA,NA,NA
2024-04-05,-0.00984563041828857,-0.00335551464142863,-0.0527746953288065,-0.0103846666889612,-0.0140287166063463,-0.0245204461434544,-0.012068697427402,-0.0254083555398334,NA,-0.00371629254970418,-0.00990538553329423,-0.0134736314158274,-0.036367656201228,-0.0950543720976688,-0.0444517769501965,-0.0668629290551976,-0.0166481593998245,NA,NA,NA
2024-04-06,0.015482496362565,0.0105795137842222,0.0249793583005501,0.00985219001918452,0.0163983139661662,0.0601897965013856,0.0124564539173697,0.0129851334396457,NA,0.0346650442964943,0.0184750780609173,0.0464111831224167,0,0.103646026300051,0.0444517769501965,0.0365575695355873,0.0375546652338785,NA,NA,NA
2024-04-07,0.0067474553636263,0.0291781808501278,0.0040969584045199,0.00251486870046183,0.00875105326710161,0.0244208707782964,0.0247138622290462,0.0196036211992975,NA,-0.00321788160114654,-0.00227622186490309,0.0683642455056226,0.0363676562012279,0.0524005772741941,0.0425596275998782,0.0548765928374367,0.0155481301382856,NA,NA,NA
2024-04-08,0.0321857940970219,0.0676731187933671,0.00629751896720194,0.0341363050201231,0.0410231809262287,0.010000145203909,0.0380774869074098,0.00991074766815782,NA,0.0208865139073893,0.0196485372541794,0.0175835768868087,0.0350913310119436,0.108949116494515,0,0.0427618402816107,0.0584667124300457,NA,NA,NA
2024-04-09,-0.0354137612037884,-0.0528226545108657,-0.0474108767251536,-0.00272193001874047,-0.0369279282180039,-0.0708804902027291,-0.0434525640907046,-0.0416213914966224,NA,-0.0579112899919289,-0.0424311600276766,-0.0696787167850303,-0.0714589872131716,-0.157468774617857,-0.0870114045500747,-0.077333160208283,-0.0642997915258876,NA,NA,NA
2024-04-10,0.0207393012425347,0.0109447185752462,0.00592015473206873,0.00608102112953291,-0.00957103222805872,0.0179463626926143,-0.0282414119123018,0.00359943861318259,NA,-0.00822220319660734,-0.0022772373264189,0.0564850848823021,0.0363676562012279,0.010225876573519,0.0444517769501965,-0.00503783243915462,0.166639816263106,NA,NA,NA
2024-04-11,-0.00749778258451207,-0.0109206193734581,-0.00497664761116067,-0.0141566443043341,-0.000109199720703645,-0.0268647724739948,-0.00469811283942906,0.00712926745826845,NA,0.0203636016218395,-0.0051555040192661,-0.0303224862022903,0,-0.0467697618061559,-0.0444517769501965,-0.0307715943590477,-0.10208244324183,NA,NA,NA
2024-04-12,-0.0417489701814347,-0.0777516251273086,-0.116257162069655,-0.104590715282486,-0.151912960611499,-0.155676683929055,-0.146009645897904,-0.14658598819075,NA,-0.134497604959905,-0.136034262194686,-0.105434439660589,-0.113328724285348,-0.258069799575276,-0.257829099574884,-0.188591186967827,-0.160837638185292,NA,NA,NA
2024-04-13,-0.0515220497152344,-0.076265173082463,-0.0976535838619369,-0.131539588804044,-0.117144826387497,-0.145551983919725,-0.120668505905992,-0.127265497250212,NA,-0.105824670287391,-0.148471753546249,-0.130945121755734,-0.174353369821069,-0.130391132382799,-0.125163185753757,-0.171064407733289,-0.264574300145685,NA,NA,NA
2024-04-14,0.0295985014949587,0.0493593845673098,0.0822359772711319,0.0475971236099222,0.0458250826579289,0.0907700197583238,0.0679658406372157,0.0563709116598355,NA,0.0293029285341787,0.0327708178559628,0.057818737942078,0.0909718083339153,0.263270036275094,0.0645385438749389,0.119440025357112,0.0958472923588833,NA,NA,NA
2024-04-15,-0.0358109994965086,-0.0176855865517867,-0.0882325251256264,-0.0130282254461662,-0.0174597415149818,-0.0596045598403476,-0.0230928343916314,-0.0387869587924014,NA,-0.023308964127465,-0.0272406706835861,-0.00566040671828947,-0.0444517769501965,-0.103842759397355,-0.064538543874939,-0.0544352254247262,-0.0713661090629033,NA,NA,NA
2024-04-16,0.00606192017722891,-0.00539243866711863,-0.0162259134366964,-0.00208359132423715,-0.00476397227685128,-0.0111834195617825,-0.00186154774204823,-0.00698477033666999,NA,0.0234073885116271,0.00380233799067093,-0.0339081111745714,0.0444517769501965,-0.0249453253673743,0,-0.00701752392771833,0.0196073144164912,NA,NA,NA
2024-04-17,-0.0405395853499449,-0.0330173129250222,-0.0329190336375343,-0.00373966169000983,-0.0317005227296527,-0.0357213942851515,-0.0181364812760584,-0.0265068209814899,NA,0.00306434783799519,-0.0156012613448213,-0.0552457314611069,-0.0444517769501965,-0.103363197348436,-0.0689928325086069,-0.0654780048898163,-0.0483133138938917,NA,NA,NA
2024-04-18,0.0358412020861477,0.0268743124339054,0.0746195294612037,0.0163198029242957,0.0306948333615264,0.0381526689917303,0.0308133005128226,0.0560929569389913,NA,0.00785140278467803,0.0201699605059231,0.0322837446263348,0.0444517769501965,0.0607573259661268,0.0689928325086069,0.036904623534606,0.026010992641564,NA,NA,NA
2024-04-19,0.00519514287691221,-0.00220365349936741,0.00420068518515293,0.00159530845345848,0.0229585524101283,-0.00369005525020231,-0.0145276497892177,0.0052797916560973,NA,0.00136547583451712,-0.00523818293261409,0.0247489412295758,0,0.130724530849831,0,0.00722019790433848,0.00825449707067414,NA,NA,NA
2024-04-20,0.0178658718865042,0.0316417336836071,0.0575561120711458,0.0493905259032441,0.0762127415857551,0.0980901271097768,0.0785647679683606,0.0690181493486581,NA,0.0503986753020826,0.0610293515534792,0.0411158017793165,0.122602288632661,0.0340866993510044,0.287682072451781,0.177513870992424,0.105326102351565,NA,NA,NA
2024-04-21,-0.0010436624765666,-0.00327954652780299,-0.0168431419650557,-0.00875356701766689,-0.0131637917037973,-0.0314010278298658,-0.0138121882807703,0.00770980128041553,NA,-0.0109462697306828,0.00740592106232122,-0.0284490201722653,0,-0.0361793135069827,0.0487901814931409,0.0296758209484574,-0.0100298555463222,NA,NA,NA
2024-04-22,0.0290089017592759,0.0171256456334057,0.0551238273727589,0.0594768381508936,0.0346293115760199,0.0552632047050505,0.0469371814598122,0.0251890287188164,NA,0.0153524174361387,0.020431841441313,0.0183693204190124,0.037740340938612,-0.00489216251474643,-0.0487901814931408,0.0288204056563647,0.0198578633012991,NA,NA,NA
2024-04-23,-0.0064603984899146,0.0056869546079876,-0.014948415385725,-0.0211879634906309,-0.0328203971679051,-0.0242394245327814,-0.0316989126350912,-0.0175121700536753,NA,-0.00421859553859793,-0.0247648540481345,-0.00778484727497528,0,0.0350604249056343,0.22314355131421,0.0922061852987196,0.0322554640733135,NA,NA,NA
2024-04-24,-0.032606301316272,-0.0251931602486543,-0.0460074059056744,-0.0331105849354307,-0.0518746882682704,-0.0514058099298454,-0.0443724109924955,-0.0443180477683291,NA,-0.0231163866735251,-0.0350869130512423,-0.0552022768464008,-0.0377403409386121,0.0298187923840675,0,-0.0423343784987061,-0.0502380682299097,NA,NA,NA
2024-04-25,0.00318128276919178,0.00530608322429082,-0.0194993464863413,-0.00359389028736059,-0.00822470974261234,-0.0218080747713928,-0.00982942445571617,0.00422223589914936,NA,0.00760570235028018,-0.0100559143372635,0.000264211275266642,0,0.0166103333361819,0.0769610680841198,0.00539088965596816,0.020840905665661,NA,NA,NA
2024-04-26,-0.0113289352190161,-0.00838118198910984,-0.0407651718695466,0.00114116837202292,-0.0177589990704356,-0.0336798088867928,-0.0152936493752703,-0.00814219225103498,NA,0.0488364442838539,-0.0028034935955064,-0.023775372356579,-0.0392207271455078,-0.105911964016825,-0.0377403409386121,-0.0162605657613477,-0.034745505007623,NA,NA,NA
2024-04-27,-0.00528691795635665,0.0382362630280723,0.0155843403055593,-0.0159733725685266,0.00925616211519212,0.000728963945352385,0.00596278076965973,-0.0159291938177054,NA,-0.0478282656124398,0.011328660162392,-0.000818786722874388,0,-0.0263637779873707,-0.0392207271455078,-0.0561945790276878,-0.023096752838723,NA,NA,NA
2024-04-28,-0.00483529629015439,0.00325603919879898,-0.0245959654556399,-0.0143911348892203,-0.0141413220551894,-0.0143712785700885,-0.0110972235538198,-0.0316531899624001,NA,0.000827059257065027,-0.0229147081776125,-0.00690867181770287,-0.0408219338872753,-0.0421510944840547,0,-0.0174931213274955,-0.0380117495301723,NA,NA,NA
2024-04-29,0.0114670917875564,-0.0146171836968198,-0.000578723678592825,0.00985573588530753,-0.00677465197117409,0.041137326560068,-0.0198083491263048,0.0190606867980509,NA,-0.00521634809953043,-0.00548724601995804,-0.0221035713483685,0,0.0446670256864226,0.0392207271455076,0,-0.0196762512544082,NA,NA,NA
2024-04-30,-0.0514946297165421,-0.065261225646731,-0.0817405455518071,-0.030267237000249,-0.0368633109267539,-0.0781300028886267,-0.0260496496095931,-0.0691460118570221,NA,-0.0493311677504136,0.0375415771951929,-0.0734744607558399,-0.0870114045500747,-0.102561447078978,-0.122602288632661,-0.0859424605287515,-0.0880555261076611,NA,NA,NA
2024-05-01,-0.0400899234806572,-0.0142100983654365,0.0586218353405085,0.0333047650229977,0.0203312917616876,0.0176284786866926,0.0692941880860705,0.0159280995742281,NA,0.00752611302693539,0.0320396064124014,-0.0242401126483145,0.0444517769501965,0.0440757171273342,0,0.0190482477715485,0.0173422072775063,NA,NA,NA
2024-05-02,0.0148143925496978,0.00617119571780973,0.0233932222164447,0.00256731036842208,0.0185349481628809,0.0096999165333605,0.0567725661006001,0.0186660805518994,NA,0.000335901933889578,-0.0104631840902378,0.0150399777836126,0,0.0444031041305333,0.0833815614871535,0.0309621910043833,-0.00974899651290914,NA,NA,NA
2024-05-03,0.0617572064982481,0.0378833938339252,0.0423240949446656,0.0258340516702708,0.0200087375427423,0.0570213523977669,-0.00412855373053195,0.0370845640508205,NA,0.0223067930453998,0.0134569664393016,0.101001440999862,0.0425596275998782,0.127943899203774,0.0769610680841198,0.064919526831971,0.0594957880156442,NA,NA,NA
2024-05-04,0.0158013443890476,0.00451187285483511,0.0162986778226556,-0.00280343705980064,-0.00852093588416666,0.0487283589653921,-0.0178060375122796,0.0146898913620463,NA,-0.00297160992219173,-0.00847812991046087,0.0915484351136699,0.0408219338872753,0.088087242225467,0.0363676562012279,0.0927094691314729,0.0262161406006103,NA,NA,NA
2024-05-05,0.00218351105696474,0.00629039850311854,-0.0028921065850297,-0.00117141614405471,-0.0113743298164265,0.00107291888387083,0.0249044543468993,0.0039876306102103,NA,-0.00382016192693939,0.0711764969973191,0.00567212843072997,0,-0.05340548472122,-0.07410799713984,-0.0210534156481492,-0.00547846512671896,NA,NA,NA
2024-05-06,-0.0136673647637241,-0.0240400385809638,0.0475064492892693,0.0201121932351393,-0.00886680263385249,-0.00707208310318308,-0.0255778808703772,0.0087576054698505,NA,-0.00725101174814695,-0.0141889295883174,-0.0280808113370733,-0.0408219338872753,0.0434766587321441,-0.0392207271455078,-0.0490562132042476,-0.0331611630689857,NA,NA,NA
2024-05-07,-0.0131819299956467,-0.0185039984312455,-0.0310261239834749,-0.0296711389241714,-0.0277088288871124,-0.0495859993533618,-0.0177812011432433,-0.0343787453689795,NA,0.000374658334020029,-0.0290538875159938,-0.0418447393351139,-0.0425596275998782,-0.111784345494087,-0.0408219338872753,-0.0398913016136637,-0.040849928832912,NA,NA,NA
2024-05-08,-0.0185699862584938,-0.0110096870247745,-0.0402189191989404,-0.014422875359323,0.0238823501536385,-0.0373167008701868,-0.000946592982239897,-0.0080651148040846,NA,0.0100758807781468,0.0162031798550195,-0.0470026213072973,0,-0.0774545852954258,-0.0425596275998782,-0.0116960437445635,0.00119057888433466,NA,NA,NA
2024-05-09,0.0299773086041791,0.0207550296980571,0.071556157349046,0.00731809367248792,0.0239036639828707,0.0299020393919136,0.00854704287135606,0.0240768073177328,NA,0.0172430804685417,0.00392007399038922,0.0597514454998432,0,0.11534053024109,0.0833815614871535,0.0515873453582271,0.0461842319533517,NA,NA,NA
2024-05-10,-0.0364564546354889,-0.0424662678182908,-0.0443655280310867,-0.0365325094316947,-0.0334574533216761,-0.0397806282022788,-0.0435077670246535,-0.0481583319945304,NA,-0.0346585120590224,-0.0535598346526157,-0.054621379387072,-0.0444517769501965,-0.0466266333391337,-0.0833815614871534,-0.0574870264584362,-0.0561218517787348,NA,NA,NA
2024-05-11,0.0000153568667573041,0.00062211603904061,-0.00619164939814566,0.00721409243415573,-0.0211341829750692,-0.00694636324422855,-0.0135333143650132,-0.0198941010658238,NA,0.0138438138158269,-0.0170613378183602,-0.00771558440006149,0,0.0073402429870666,0,0.00589968110020904,-0.00357025409850055,NA,NA,NA
2024-05-12,0.0107113641527938,0.00585582617307368,-0.0124194485963711,-0.0129297254163381,-0.00279054928266538,-0.00936017701287347,-0.00585092439998878,0.0183007949343634,NA,0.000460685283355041,-0.00252524861953613,-0.0119161407272129,0,-0.00913100809696541,0,-0.00589968110020907,-0.00537935666819288,NA,NA,NA
2024-05-13,0.0233714942378763,0.00702877974607238,0.0258713169861269,0.0108068099593441,-0.00254634415302041,-0.0227340031165632,0.00679202179006774,-0.0125188399984505,NA,-0.00964843691406652,-0.00988090211229242,0.0497435523570663,0.0444517769501965,0.0102275828564384,0,0.0795873814553924,0.0240845524839253,NA,NA,NA
2024-05-14,-0.0216740381115794,-0.0233957860978842,-0.0363102923475031,-0.00998230926515496,-0.0195956395281076,-0.0266685364589721,-0.0283936060581817,-0.0305941271642856,NA,-0.0234751748059282,-0.0326225081887416,-0.0205211616344039,0,-0.0763440700199716,0,0.0322608735780305,-0.0418020664318138,NA,NA,NA
2024-05-15,0.0738042976614985,0.0526965536474969,0.107735706482858,0.0375295137564184,0.0565812452766489,0.0939917244433659,0.0721283183424298,0.0679866929510343,NA,0.0471765511839459,0.0387259503660348,0.0671936613074134,0.0833815614871535,0.095174937787736,0.0833815614871535,0.110111154541693,0.0869723332953508,NA,NA,NA
2024-05-16,-0.0157557243971512,-0.0307355026435544,0.0058595619552348,-0.00639021256895715,0.0146976185950332,-0.00630790491000199,0.00938291312083413,0.1104284018272,NA,-0.000931385035667766,0.00982107253869016,-0.0386005497715888,0,-0.074342531594173,-0.0408219338872753,-0.023982007539408,-0.0161652303389089,NA,NA,NA
2024-05-17,0.0275228349050477,0.0493497671538914,0.0633967793301606,0.0155962324038409,0.0473808493564718,0.0553698274308732,0.0235680912108922,0.0468081671218044,NA,0.0207372476855745,0.0151774379326386,0.0388384211467588,0,-0.0184077373471615,0,0.0192313686555414,0.0317660519869767,NA,NA,NA
2024-05-18,-0.00165785680529221,0.00927463899640535,0.0175909669591347,-0.00461922348745634,0.000846102118815729,0.0229296288817152,-0.00484764781618527,0.00356694675220599,NA,-0.00379490556748561,-0.00680523547703231,-0.0161096699212083,0,-0.0881219794217167,0.0800426610327831,-0.0289875470636692,-0.0137687789553332,NA,NA,NA
2024-05-19,-0.0099451595532183,-0.0165000266548379,-0.0142884309327099,-0.0227525263631114,-0.0311726644723451,-0.0451847305591827,-0.0318362087002658,0.016450882558087,NA,-0.0198142734174871,-0.0468229267249061,-0.0262769735814229,-0.0408219338872753,-0.00984291773770127,-0.0392207271455078,-0.055429787568102,-0.0623444477225703,NA,NA,NA
2024-05-20,0.0751090888252984,0.176238286801067,0.092205441330296,0.0528721998862103,0.0705003528280384,0.11940023097043,0.087910795392832,0.0411401214223745,NA,0.074729167834379,0.0833135747748142,0.105442329939483,0.0800426610327831,0.110820234042312,0.182321556793955,0.10794780625784,0.117976440928366,NA,NA,NA
2024-05-21,-0.0185288571822953,0.0336686689195001,-0.0461052476622924,-0.000651574543115098,-0.0140167702147371,0.0251989391642469,0.00508694235541849,-0.0319178225590097,NA,-0.00438612694059989,-0.0157836289039816,0.0284762897908796,0,-0.0262947209784682,0.0953102128768598,0.0674413367078461,0.00481396724212458,NA,NA,NA
2024-05-22,-0.014565869510185,-0.0138432449096272,-0.00707300236034945,-0.0196961359657791,-0.0238215656597839,-0.0288676900894256,-0.0211302327965103,-0.0234265545911005,NA,-0.0287299294981002,-0.0261574399187491,-0.0256135311844029,-0.0392207271455078,0.0971317762279425,-0.0307716690019207,-0.0309075800208322,-0.0117262337025372,NA,NA,NA
2024-05-23,-0.0174065965877577,0.0105693574501962,-0.00495967311988804,0.00336744111067686,-0.0375327134124435,-0.0378099691517082,-0.0346254545208472,0.0156299351022141,NA,-0.00349766511148468,-0.0239564289621116,-0.0402170940536187,0,-0.0357913894946865,0.089612187923445,0.0133632647708789,-0.00864257726739464,NA,NA,NA
2024-05-24,0.00874339466804794,-0.013324716440009,-0.0476487462428472,0.0140354895182607,-0.012620968855501,-0.0134658798841904,0.00602513972433865,0.0379625319398413,NA,-0.00509396895051898,0.0119268213281339,0.0259123384483893,-0.0408219338872753,-0.0186018496996446,-0.0588405189215243,-0.0269074617002432,-0.0123856073367397,NA,NA,NA
2024-05-25,0.0107386583854286,0.00596617377572102,0.00381113310817424,0.0112403263911577,0.00559488261091261,0.00771662194479037,0.0250615052051448,0.0111561179025316,NA,-0.00000879818577825223,0.00447044970597547,0.0601609257732761,0.0408219338872753,0.0727963791986324,0.0588405189215243,0.0224728308639212,0.0558738597206051,NA,NA,NA
2024-05-26,-0.0108555230580381,0.020240831539787,-0.0306648897326506,-0.0254177616884002,-0.00803311366800191,-0.0409370431501824,0.0159059543049158,-0.0228922750305197,NA,-0.0128013070377093,-0.0105465990490155,-0.0455132107296133,-0.0408219338872753,-0.0457784164385195,-0.0289875460446272,0,-0.0421422810979062,NA,NA,NA
2024-05-27,0.0127105489937594,0.0171318506620201,0.039875041441734,0.0104729454856026,0.0207016130122636,0.0395396219103149,0.0106827067310063,0.0967460338468223,NA,0.0155196718553857,0.0335837160196035,0.0171189553732061,0.0800426610327831,0.142353358898375,0.137201069385583,0.211520700784568,0.0984506099016196,NA,NA,NA
2024-05-28,-0.0159539990459575,-0.0133857991559692,-0.00794513615953635,-0.0104274709956835,-0.0237277378244617,-0.032940020220899,-0.034843368260786,-0.013423621536139,NA,-0.0214987194210501,0.0034450620194702,-0.0247160278415258,0.037740340938612,0.104604856626095,0.0500104387759317,0.0593542884288943,0.0689770828491717,NA,NA,NA
2024-05-29,-0.0105705290938478,-0.0202703835283439,-0.00343410127253902,-0.00948572377558293,-0.0132052676508957,-0.0234782746171613,-0.0267771002302769,-0.00408788498817715,NA,0.000979360319499246,-0.0107039299209772,-0.00771021071863604,0.0363676562012279,-0.0283196617521592,-0.130053076488337,-0.0959883809826897,-0.0624632868555256,NA,NA,NA
2024-05-30,0.0115770099062722,-0.00435335531489598,-0.00654321520137444,-0.00841955482122257,-0.00983544062698147,-0.00414143392442117,-0.0246390029197378,-0.0278689650741822,NA,0.0111716017535922,-0.00939251567240977,-0.0256851116070919,-0.07410799713984,-0.0850237270461631,-0.0571584316731776,-0.0735340796848487,-0.0141956937308294,NA,NA,NA
2024-05-31,-0.0128604927708057,0.00351065212726099,-0.0080503386227161,-0.00204700028959129,0.00196859486426659,0.00189571508906636,-0.00153208399181192,0.026254921701187,NA,-0.0140864422652306,-0.028407219758979,-0.00256061825892542,-0.0392207271455078,-0.0201894732641074,0,0.023810599190392,0.0273297950331844,NA,NA,NA
2024-06-01,0.00318825810485505,0.0140424278740625,0.00236959445892675,0.000990272754524943,0.00560265293511211,-0.00823636622467374,0.0101761155829152,-0.00042396046183751,NA,0.0023458657980195,0.00212017909746792,0.00666386790698002,0,-0.00920468130227785,-0.0298529728768971,-0.011834433190002,-0.0225641485159721,NA,NA,NA
2024-06-02,0.000659449960522585,-0.00850744518516571,-0.0168903239834395,-0.00936436313305638,-0.00776606453361119,-0.0234157246207554,-0.0099052200141608,-0.0145475644141068,NA,-0.0045679909565476,-0.0042087356810018,-0.0188977475622429,0,-0.0233860316273061,-0.0307716690019207,-0.0322608735780305,-0.0227376483626395,NA,NA,NA
2024-06-03,0.0154251386581296,-0.00384425750523883,0.0101992917501058,0.0128061702741853,0.0233361457469194,0.00308619488131931,0.0030300476163682,-0.0299202812009803,NA,-0.00307978197270973,0.00572139878203414,0.00685294646600629,-0.0408219338872753,0.0209905962577647,0,0.0975432146127524,0.0151359142417061,NA,NA,NA
2024-06-04,0.0253002252489254,0.0121725442811081,0.0408607191202308,0.0108332522085319,0.00968740998087972,0.0290490719714249,0.0249569630981423,0.00616207419597803,NA,0.0102983685178109,0.0235460551992588,0.0198172562918139,0.0408219338872753,0.0412164673815167,0.0307716690019207,0.0922639536324263,0.00153863375006424,NA,NA,NA
2024-06-05,0.00727221781660282,0.0134811527925156,0.00973687578142578,-0.000102716197278172,-0.000671978348332765,0.012350874759617,0.00849577352798467,0.000878356886970935,NA,0.0207932001702677,0.0182707936181601,0.0109953537940887,0.0392207271455076,-0.00341233013308712,0.0298529728768971,0.04636588799152,0.018382067174385,NA,NA,NA
2024-06-06,-0.00459189027201765,-0.0137198457553094,-0.0201852491858425,-0.00789277356997214,-0.00668572883556881,-0.0168371527057594,-0.0148311642587747,-0.0268053206023671,NA,-0.0145291663445904,-0.00865141139595433,-0.0190237287161803,-0.0392207271455078,-0.0497017126448723,-0.0606246418788178,0.0349797082999717,-0.0341884694970526,NA,NA,NA
2024-06-07,-0.0201945570798921,-0.0355104420599655,-0.0451724620693468,-0.0443509878573807,-0.0186379366236712,-0.0692884303716142,-0.0702106972757842,-0.056043705312051,NA,-0.0498361180599795,-0.0620949063504583,-0.0769096212241101,-0.0408219338872753,-0.121566611823072,-0.0984400453716023,-0.122874068583922,-0.127194606757178,NA,NA,NA
2024-06-08,-0.000531019638905005,0.00063068847447694,-0.0283231881483124,-0.0117046444279291,-0.0295028794200923,-0.0370193792947154,-0.0412965258309967,-0.0237480685615026,NA,-0.00118165877845859,-0.0428021918085536,-0.0152467986481755,-0.0425596275998782,-0.0535340970796452,-0.0714589872131716,-0.0106572720694748,-0.0304563811164429,NA,NA,NA
2024-06-09,0.00492565912658922,0.00675631416496685,0.0257140748403757,0.0109668267655525,0.0171122768588945,0.0207900141655137,0.0208104347191741,0.0255770296840299,NA,0.00642851391377482,0.0156345646976459,0.00488325384217501,0,0.0228344879503942,0.0714589872131715,0,0.0144032573633034,NA,NA,NA
2024-06-10,-0.00195042704602312,-0.0106303162786214,-0.0196608471099172,-0.00392882536336213,-0.00824137319326656,-0.0212795819677576,-0.0023508473177739,-0.0287002625785183,NA,-0.011338120358521,-0.00361125874351314,-0.0139549157123292,0,-0.0296329592794548,-0.0714589872131716,-0.0550597673771549,-0.0412559722191801,NA,NA,NA
2024-06-11,-0.0318673749178796,-0.0470109819835246,-0.0616301550833489,-0.033388665365137,-0.0430749318646578,-0.0229656345920778,-0.0197952059695186,-0.058185805565505,NA,-0.0295828593410232,-0.0433456807154922,-0.046931959322357,-0.0444517769501965,-0.0554224335142698,0,-0.111669720532882,-0.0541623087756047,NA,NA,NA
2024-06-12,0.013412234174301,0.0173672709763272,0.0377487844977757,0.0230907875861295,0.0370060448871406,0.0534552476368753,0.055162648284653,0.0648633850143661,NA,0.0152484680507105,0.0334208417493002,0.0569410654464986,0,0.0452533649070207,0.0714589872131715,-0.0789884390750149,0.0146542983445693,NA,NA,NA
2024-06-13,-0.0219981554211618,-0.0257057047142599,-0.0520008199081523,-0.0300163665406325,-0.0386809050188789,-0.0713129865239328,-0.0582749003312884,-0.0555757839095426,NA,0.00855048381237705,-0.0447711031037803,-0.0357628439086942,-0.0465200313837189,-0.110505836433371,-0.109199328151784,-0.0611955487696872,-0.0870113549297835,NA,NA,NA
2024-06-14,-0.0112273344053877,0.00316300385571844,-0.0290644234115253,-0.00573967589143838,-0.0228185166820111,-0.0225937068215668,-0.0315147936991656,-0.0264288022229981,NA,-0.0204348551994952,-0.0442609737782805,-0.044132803968701,-0.0487901814931408,-0.0180212343104929,-0.0800426610327831,-0.0245712333178263,-0.00956762429287359,NA,NA,NA
2024-06-15,0.00272168701648599,0.0242077526220545,0.0160677709423644,0.0340273070255688,0.0048753864837813,-0.0100700353103905,0.0094078406277357,0.00792866900314109,NA,0.0211066326745552,0.00409984646729109,0.0117555108253332,0.0487901814931409,0.0308653228860223,0,0.00496275493535421,0.011933521381293,NA,NA,NA
2024-06-16,0.00674619312119944,0.0153114738166534,0.0385380615142777,-0.00379574852661593,0.00646690889838218,0.00171033012391883,0.0264991400890267,0.0178258687731173,NA,-0.00367470184595869,0.0103295467379812,0.00271301836911545,0,0.074614251979576,0.0408219338872753,0.0244511397141025,0.0123063864149996,NA,NA,NA
2024-06-17,-0.00223466979873362,-0.0306208591178552,-0.052931156047617,0.0328562936459229,-0.0357460336763167,-0.0532847097944584,-0.0504285332006072,-0.0398994703687459,NA,-0.0293188422657225,-0.0308721378436511,-0.0605694936020068,-0.100083495027949,-0.119866044550917,-0.0833815614871534,-0.128712109664903,-0.0858365419589051,NA,NA,NA
2024-06-18,-0.020505771883152,-0.00791920392908301,-0.0415264932128667,-0.0285369607213814,-0.0463016789013006,-0.0675873555393788,-0.050352399697767,-0.0397674501218479,NA,-0.0537459771909952,-0.0436523631243449,-0.0525072061675084,-0.0540671414900384,-0.111846776964332,-0.0909718083339154,-0.0800427343253957,-0.103333549172603,NA,NA,NA
2024-06-19,-0.00277398751532668,0.0214876096686529,-0.0138727935273329,0.0046597241530454,0.000549930732686441,0.0102065136580669,0.00320849132931278,0.0259342306245144,NA,0.014858824004868,0.0276137798930335,0.000367904346097081,0,-0.0174444646700953,0,0.0176996257273542,0.0395916588798887,NA,NA,NA
2024-06-20,-0.00202853427771228,-0.0136515651867326,-0.0158812768949817,-0.0092163664248476,0.00117962164746529,0.0239729143021312,-0.0268390602748346,-0.00528562246067293,NA,0.0135469169496015,-0.0072949067493993,0.0168427077086317,0,-0.0389698124394062,0,0.0288204056563647,0.0692205167890371,NA,NA,NA
2024-06-21,-0.011362664075991,0.00141985340456493,0.00832158743156351,0.000490958326293431,-0.0215503434237047,-0.00341739052048987,-0.00528038926944624,-0.0282345921380483,NA,-0.0079879251052986,-0.00726784962928968,-0.00313949760910033,0,-0.102331176604854,-0.0487901814931408,-0.0346855696605492,-0.0534603179692479,NA,NA,NA
2024-06-22,0.00243678182007824,-0.00606549946301588,-0.00684461989584871,-0.00478694439412495,0.0230274857158279,-0.0691136755963559,0.0240893305849557,-0.027952868296227,NA,0.00585047947451669,-0.00672103805998465,-0.00193695072360142,0,-0.010258906048517,0.0487901814931409,0,0.0202337032091687,NA,NA,NA
2024-06-23,-0.0168214413620001,-0.0220454385714241,-0.0387435463831226,-0.0147646197576084,-0.0117866051848553,-0.0223466601421052,-0.0180782422434993,-0.0227403984727682,NA,-0.0158068015015738,-0.00704009481483115,-0.0124530830500835,0,-0.0951390547669456,-0.0487901814931408,-0.066894212757203,-0.0185806778680924,NA,NA,NA
2024-06-24,-0.0470429339934126,-0.0201977024407742,0.027996652878728,-0.0112119899791086,-0.00669598261736492,-0.00881624302295284,0.0140364559903023,0.0326778421024415,NA,-0.0515989059523792,0.0204531432258426,-0.0266406275816962,-0.0571584316731776,0.147705013102746,0.0953102128768598,0.0550597510340333,0.0623249633972987,NA,NA,NA
2024-06-25,0.0250209785898576,0.0132754538827146,0.0321292550513204,0.0032469106389561,0.0366297595346254,0.0226219338543555,0.0203703659230151,0.0417848916229569,NA,0.0237513557746091,0.0162124376770665,0.0580107399553139,0.0571584316731776,0.104452063723447,0.0444517769501965,0.0578195903536673,0.00349808309522828,NA,NA,NA
2024-06-26,-0.0162031982640604,-0.00755469151072698,0.000365650099052997,-0.0128746197882379,-0.0183082733206265,0.015786423081036,-0.00845985507253397,-0.0207384798853377,NA,-0.00563852706797703,-0.0225159743804071,-0.0279243037118483,-0.0571584316731776,-0.0181809418864998,-0.0444517769501965,-0.0578195903536673,-0.0514350590154377,NA,NA,NA
2024-06-27,0.0129645478634577,0.0221083765770737,0.0898271453185962,0.0107069777562594,0.0153487561017418,0.0779441890846173,0.0809018314312123,0.0341743137363439,NA,0.0299833058778686,0.023677213585935,0.0339148398192857,0.0571584316731776,0.0527682993266618,0.12783333843735,0.0350913317586553,0.0584938255813312,NA,NA,NA
2024-06-28,-0.0210738120086118,-0.0208749131129266,-0.0674294443038877,-0.0079743082601339,-0.0135932970068912,0.0000175039168436417,-0.0171556242524607,-0.0446965617053879,NA,-0.00491342836412607,-0.0347533147947022,-0.0330185895804394,-0.0571584316731776,-0.0655802404869082,-0.0833815614871534,-0.0591888917883055,-0.0438957733003038,NA,NA,NA
2024-06-29,0.00935992006469257,-0.000198088672939444,0.00219329784383439,0.00235237927072398,-0.00379788900148762,-0.00612280185671384,-0.0167002425142288,-0.0181313752272379,NA,0.0292349213394316,-0.0180540946952914,-0.00891669332023574,0,0.054468994887676,-0.0444517769501965,0,-0.0513450348819531,NA,NA,NA
2024-06-30,0.028989272731725,0.0176092256091079,0.0452592833793023,0.00736482976846084,0.0212001662594632,0.0573101962856766,0.0221870218944669,0.0539283875510866,NA,0.00474260845053545,0.0190328690568581,0.0211874763080805,0,0.0510940211791837,0.0444517769501965,0.0417971857570042,0.0108378462154711,NA,NA,NA
2024-07-01,0.0027672625269043,0.00216852767201938,0.000699924527941113,0.00243245545782396,0.0269542691868306,-0.018727489036427,0.0194041194254198,0.00472788599209176,NA,-0.0125619767228326,0.0130870311141275,-0.00696681878758753,0,0.0308613953928846,0.122602288632661,-0.00586516400418455,-0.0172877418124291,NA,NA,NA
2024-07-02,-0.0131801760562907,-0.00699663897803545,0.0473317003923066,0.0163951004480705,0.0362372217353227,-0.00603893314048223,0.0287445667229889,0.00532268727349069,NA,0.0202885335232247,-0.0018282045587572,0.0126703364648421,0,-0.0294375807871446,-0.0392207271455078,0.0736877003551833,-0.0315293825862166,NA,NA,NA
2024-07-03,-0.0303632025066166,-0.0368003944814059,-0.0881525933150081,-0.0373434586484559,-0.0267737467562397,-0.0780803652688861,-0.0708310162527561,-0.055923476930847,NA,-0.0512330937043684,-0.0645211607033025,-0.0537735835422635,-0.0606246418788178,-0.195082597829003,-0.12783333843735,-0.121889819081605,-0.0585575448741313,NA,NA,NA
2024-07-04,-0.0545790489543486,-0.075150614964667,-0.098338345524555,-0.0737527627400446,-0.114154917013344,-0.0803326779510647,-0.0878189941194805,-0.0815859345132853,NA,-0.0984755562575822,-0.0618008785939673,-0.121784584571871,-0.064538543874939,-0.0510399958258375,-0.0465200313837189,-0.131769225759404,-0.159083364228525,NA,NA,NA
2024-07-05,-0.00554960784075204,-0.0241634959767357,0.0520774008516198,-0.0188163448367211,-0.0364098669744342,0.0277545840546701,0.0190079504070688,-0.0199382768886099,NA,-0.0539180978025281,-0.0483393245008303,0.0067179759042561,0,0.110213633095337,0.0465200313837188,-0.0213531834508718,-0.106972069882645,NA,NA,NA
2024-07-06,0.0285523856250875,0.0290153016595854,0.0639375164077766,0.0538947776719911,0.0591930969677819,0.0878884927977938,0.0967790190754881,0.070229727476219,NA,0.0556710163874197,0.0627921133642266,0.0732139612165307,0.125163185753757,0.0458570602494573,0.0444517769501965,0.0894065711855781,0.103236403475127,NA,NA,NA
2024-07-07,-0.0430092171893191,-0.0466816555035274,-0.0834407414118723,-0.0673077252538203,-0.0685742890705717,-0.0654360858824617,-0.0552034102339918,-0.0665408341531781,NA,-0.052847296473805,-0.0485562875877118,-0.086196361065793,-0.0606246418788178,-0.190009510361577,-0.0909718083339154,-0.111225573163216,-0.045434483257073,NA,NA,NA
2024-07-08,0.015210533790654,0.0300435968726786,0.0567153030809445,0.0273879652583623,0.0625922912523564,-0.018966522883241,0.00649603912072781,0.0599838955734946,NA,0.0442369517745879,0.00644122442205321,0.031624856962086,0,-0.00284150026981398,0.133531435933794,0.0431721854285096,0.0495218727329142,NA,NA,NA
2024-07-09,0.0227379641121489,0.0148951549991885,0.0134237686994839,0.0102284418485703,0.0169847312484436,0.0464578250354254,0.0280849690898677,-0.0227061788079832,NA,0.00687529757541923,0.0184689451710782,-0.000632225917602505,0,0.0250617961206584,0.0800426610327831,0.0139862462446679,0.0195695219400099,NA,NA,NA
2024-07-10,-0.00460867336984687,0.0123855726188083,0.00442140778114653,0.00713640964585454,0.0353548003634923,-0.0250614255619425,-0.00248902663539333,-0.00186870836934853,NA,0.0245187789199223,0.0166466925024985,0.00472308265791379,0,-0.0310558567712343,0,0.0341329677108477,0.00755760201015201,NA,NA,NA
2024-07-11,-0.00690924597826881,-0.000608762410683008,-0.0438536506850544,0.0225282285908643,0.0177968902050861,-0.021264296814477,-0.0323239577145938,-0.035498578615916,NA,0.00740969305271637,-0.0159117427767712,-0.0126230768275466,0,-0.06673822088251,-0.0800426610327831,-0.0411016900277972,-0.047302582943688,NA,NA,NA
2024-07-12,0.00962398455810418,0.010851959194588,0.0264695330366421,0.0556320350129696,0.0509920537022164,0.0292535105326452,0.0323775907549988,0.0309404759304621,NA,0.0269158459270032,0.0352947195497266,0.00949849125140178,0,0.0165796100117235,-0.0425596275998782,-0.0140847449337356,0.0467548586415216,NA,NA,NA
2024-07-13,0.0227530032425821,0.0136391281293793,0.0170331490817571,0.103180203701487,0.0580414367201169,-0.00390022608906918,0.0234633874752608,0.02197045164544,NA,0.00827351062689438,0.00937070262183447,0.0424621026657854,0.0606246418788178,0.0219802447392439,0,0.00706722100601737,-0.00377373165390935,NA,NA,NA
2024-07-14,0.0259278502630056,0.0208316137134605,0.0393585271379884,-0.00660703257652024,-0.0207546535400756,0.0189932241551206,0.0133742296911949,0.0306724717451856,NA,0.00165358561849742,0.00244049000066051,0.0271564444188487,0.0571584316731776,0.0752615077457813,0.0425596275998782,0.0680533877347063,0.0333285497747617,NA,NA,NA
2024-07-15,0.0649986203949803,0.0729420517473392,0.0801039925203874,0.0283123020180233,0.0301504488063868,0.0548072084155184,0.0265836423553979,0.0715056596662552,NA,0.0349557213155153,0.0441967201196755,0.0813072540991191,0.0540671414900384,0.229129461987081,0.117783001971395,0.191055303361864,0.123205665843862,NA,NA,NA
2024-07-16,0.00349312978267319,-0.0132812762233575,0.00385605429313801,0.0743199060494067,-0.016730974308009,0.00627722861863775,-0.0240355276427942,-0.0140195401167807,NA,0.0102377893328644,0.0160775923353208,-0.00237451085519111,0,0.0150190150550709,0.0714589872131715,0.026811227322468,-0.00258972497448471,NA,NA,NA
2024-07-17,-0.0151432424548232,-0.0160304531637472,-0.0314306666251882,0.078174801403368,-0.00329395876157846,-0.0281141691309014,-0.0133866593956049,-0.0333693299045639,NA,-0.0246309630096096,-0.0188477575934015,-0.0246917866104425,0,-0.0179728477053163,-0.0714589872131716,-0.048790141071154,-0.0240975676435471,NA,NA,NA
2024-07-18,-0.0022597141603525,0.0110070203142817,0.0221730961284178,-0.0952377228736879,-0.0298446362167427,-0.00422705293321099,-0.026923354665312,-0.0112433514927512,NA,0.00265371461931265,-0.0280790304584993,-0.0197868782854999,-0.111225573163216,0.115503384941303,0,-0.0339015628265741,-0.0423602237296023,NA,NA,NA
2024-07-19,0.0418794201096355,0.0229312973426073,0.0616383581563726,0.0073085125839505,0.0350650960445704,0.0379502711543904,0.0406113636358409,0.0343348340039725,NA,0.0254582265844238,0.0309405599937459,0.0488634316898724,0.0571584316731776,0.0451377101702647,0.169899032584774,0.0932181205127173,0.0553758530972778,NA,NA,NA
2024-07-20,0.00677494634833188,0.00386064207270365,0.0274352613976009,0.0357774287546625,-0.00318702242007774,0.0329051374634955,-0.00141999258034465,0.013565320409442,NA,-0.00523045910848624,0.00298551260534013,0.0688973101146855,0,0.0377326445806835,-0.0317487093165324,0.0460439175496962,0.00978444651897319,NA,NA,NA
2024-07-21,0.0146453753701437,0.00490655796279561,0.0594417918556356,0.00472440933876732,0.0191017560372963,0.112684596946783,0.0129519511329689,0.0370394633728224,NA,0.0124443176517095,0.00198566868422208,0.0418051362068399,0,0.0666899867467486,0.0625203783184532,0.0295588128375994,0.010624388113145,NA,NA,NA
2024-07-22,-0.00838776669011285,-0.02757382571952,-0.0306104750255188,0.0168785837663054,-0.0447690198330646,-0.0231692168351309,-0.049921153507132,-0.0610975349194568,NA,-0.0369023705703096,-0.0424563607873723,-0.0164578350453127,0,-0.0307524091448144,-0.0953102128768598,-0.0651859659762297,0.00361347911337032,NA,NA,NA
2024-07-23,-0.0248315035462847,0.0120121151415023,-0.0353752226311972,-0.0168953439625159,-0.0393288143993287,-0.0654310857455361,-0.0313112455936346,-0.000651742276131115,NA,0.0224946297205258,-0.0152842609875457,-0.0558533225959887,-0.0571584316731776,-0.0703593954182644,-0.0689928325086069,-0.0423343784987061,-0.0724312084040319,NA,NA,NA
2024-07-24,-0.00846219655757601,-0.0427314448060814,0.0300757378078546,0.0351693355847066,-0.007956530665859,-0.0496247941297653,-0.0292266100685327,-0.0384020299235519,NA,-0.0233422602459196,-0.0249332712863379,-0.0178201340675144,0,-0.021319263299654,-0.036367656201228,-0.0329700311023356,-0.0466034128551019,NA,NA,NA
2024-07-25,0.00617761367994595,-0.0497469834428236,-0.0346852443975651,-0.031228654299452,-0.0303847047543409,-0.0409398462985206,0.000976194336034296,-0.0341174338857181,NA,-0.0341606705906561,-0.0167342504605949,-0.0226373384706087,-0.0606246418788178,0.00579579588277215,0,-0.022599840279076,-0.0281783331551115,NA,NA,NA
2024-07-26,0.0319399921931969,0.0314811144643628,0.0629532047467027,0.00706376129259306,0.0568234754471853,0.051884134825219,0.0199632191773755,0.0448794564179726,NA,0.0353612061706569,0.0412961897612531,0.0701299098337624,0.0606246418788178,0.0601276756071229,0.0714589872131715,0.0337110697464703,0.0417167234194367,NA,NA,NA
2024-07-27,-0.00145479889613824,-0.00868963790870826,0.00516682817055917,-0.0121130348093398,0.00107901500465619,-0.0219753840516458,-0.00665547181293816,0.00199010277655399,NA,0.000418104553186185,0.0278433354051014,-0.0205038105502376,0,-0.0717555483809816,-0.0350913310119436,-0.0167134461951237,0.00605862750540136,NA,NA,NA
2024-07-28,0.00650452563967065,0.00731907672918549,0.00434004109148919,0.00859570893444926,-0.0261914142462502,-0.0246657326570354,-0.0189848024463264,-0.0204172943235201,NA,-0.00329138905118734,-0.0198546306924672,-0.0115951168607297,0,-0.0299682417210692,0,-0.0284920073030022,-0.0443436512756653,NA,NA,NA
2024-07-29,-0.0212622456640867,0.0148894370701177,-0.0114533472125862,0.000230887409652088,-0.00831405571128715,-0.0116536360060581,-0.0118429605884278,0.0186187468597821,NA,0.0361866917565904,-0.0180705813415144,-0.0108290737488294,0,-0.0525011995297805,-0.036367656201228,-0.00579707758293217,0.00187902086976492,NA,NA,NA
2024-07-30,-0.00930534623067328,-0.012690053134926,-0.0203020228046338,0.0419439777618565,-0.00579377593803765,-0.0278523899692798,-0.0236038597208899,-0.0301718112115715,NA,-0.0283896004030998,-0.0172485916577769,-0.0242196067610292,-0.0606246418788178,-0.00038318340024148,-0.0377403409386121,-0.0295006309603245,0.000670277626636934,NA,NA,NA
2024-07-31,-0.0241834505774867,-0.0145539701963109,-0.0415012217961089,-0.00629171115556201,-0.0326601224753356,-0.0238244276781704,-0.0250926292403224,-0.024005162538452,NA,-0.021072496427165,-0.0331918535271231,-0.0289266705879219,0,-0.0499754091448848,-0.0392207271455078,-0.0365894587980157,-0.0670564778401671,NA,NA,NA
2024-08-01,0.0113598461110432,-0.00924360622546983,-0.0244728477183644,-0.0450337202032804,0.0100656465164602,0.000156244629872251,-0.00790089568688806,0.00551294139382657,NA,-0.00893348160471258,-0.004626295734699,-0.0230310790713413,0,-0.100832126589186,0,-0.0188093840144303,-0.0471650606814171,NA,NA,NA
2024-08-02,-0.0622170138648715,-0.0697004676962146,-0.0939397930341174,-0.0617062492941576,-0.0763964843749427,-0.086375964979609,-0.0421936949097416,-0.0791625630442978,NA,-0.0680277464879752,-0.076554620817461,-0.0670084119144417,-0.064538543874939,-0.169405299352607,-0.12783333843735,-0.113835135463635,-0.0826373741324144,NA,NA,NA
2024-08-03,-0.0120394867920852,-0.0280615609389949,-0.065771601192656,-0.00784131612310814,0.000750056064185761,-0.0393730345371366,-0.0154508606404147,-0.0183440722349086,NA,-0.0059708221288022,-0.0432283426998462,-0.0304015195943296,-0.0689928325086069,-0.0386433754132811,-0.0465200313837189,-0.0735625947508921,-0.132576202965934,NA,NA,NA
2024-08-04,-0.0431578827242094,-0.0776759458353832,-0.0346462398116834,-0.0611329091421002,-0.0569534408596646,-0.0663352826741024,-0.0740144238004777,-0.0735554641416023,NA,-0.0347766879152072,-0.0177123272744116,-0.0418744694321305,-0.07410799713984,-0.105649621479545,-0.0487901814931408,-0.0711762475102467,-0.0513128721503611,NA,NA,NA
2024-08-05,-0.0736319858212007,-0.10558915612966,-0.0611626798393853,-0.0670233522354158,-0.0937631272870472,-0.0823638732834996,-0.107065964902715,-0.134690122141254,NA,-0.104348338269634,-0.0799297080436848,-0.0931887364946518,0,-0.128190435297544,-0.105360455024847,-0.103540651832205,-0.102977466660655,NA,NA,NA
2024-08-06,0.037138465099117,0.0170300148028772,0.103950533718863,0.0326226748520569,0.0547612757136875,0.065715752965396,0.0685638202302786,0.0565697813855791,NA,0.0358186844809848,0.0514489724077495,0.0195737683412628,0,0.110576769210212,0.105360455024846,0.095310149738384,0.110693424127059,NA,NA,NA
2024-08-07,-0.0181319456214237,-0.0509501404149454,0.00375262407908739,0.172341031080936,-0.0216485111222966,-0.051494297838732,0.0140416580363826,-0.0582685837374415,NA,-0.0399091508783866,-0.0127979604417388,-0.00892207177451681,0,0.127974573441894,-0.0512933135348081,-0.0251058686430786,0.0180306929057018,NA,NA,NA
2024-08-08,0.114615857432958,0.138374725408413,0.119131960171659,0.0275250531603611,0.0832916062948174,0.136835186836614,0.0656679249815268,0.123888247533175,NA,0.0894676425846814,0.0627056622213942,0.1173141545712,0.0741079971398401,0.175892500965033,0.146603526411668,0.112117275698649,0.0832058053464198,NA,NA,NA
2024-08-09,-0.0135416335526674,-0.0317099900191118,-0.0405426228177613,-0.0607897643655508,-0.00932951383273972,-0.0432745291659735,-0.019282100039948,-0.0176463370405993,NA,-0.00788231186259595,-0.0116336196840805,-0.0324565709453684,0,-0.0489486446894653,-0.0465200313837189,-0.0229895823187597,-0.0511406220176556,NA,NA,NA
2024-08-10,0.00107857542961913,0.00400195298440312,-0.0160951608768475,0.00758704468484175,-0.00649940601839475,-0.00857402199209987,-0.00662196369428499,0.000528560633635417,NA,0.0070865755607402,0.022800233625275,0.0117414174834123,0,-0.00522531934487715,-0.0487901814931408,-0.0156252095386993,0.0180664159045019,NA,NA,NA
2024-08-11,-0.0372135465234372,-0.0219910960483818,-0.0841979306516413,-0.0573659921558111,-0.0532788982209989,-0.0552163977755645,-0.0561623630994016,-0.0530516422128233,NA,-0.0242872680118805,-0.0601465918937429,-0.0450680558591725,-0.07410799713984,-0.106354022461125,-0.0512933135348081,-0.0820131761441696,-0.0822717986539445,NA,NA,NA
2024-08-12,0.010756599640608,0.0648920056731786,0.0342235267733362,0.0282375893659151,0.0319374713024517,0.0412813956925436,0.0200244332835804,0.0533771536528442,NA,0.0290499813076127,0.0341817267969641,0.0691572706817539,0.0741079971398401,0.0583392805308243,0.051293313534808,0.0581075896831753,0.0992137647104936,NA,NA,NA
2024-08-13,0.020924539277115,-0.00764912091036673,0.00176318273743676,0.013327517223499,0.00346614804593642,0.00536596418762576,-0.00827063589999949,0.00180523766352022,NA,0.031175934390526,-0.0129279642606095,-0.0126155369861991,0,-0.0154135753637085,0,-0.00809715394078968,0.00650190278343566,NA,NA,NA
2024-08-14,-0.0313783013916643,-0.0151894923932366,-0.0191945560981348,-0.0125823805725238,-0.0139106127957405,-0.0203591339338875,-0.0365210802589628,-0.0167183307508732,NA,0.00947889604714008,-0.0478119705627938,-0.0369567264169866,0,-0.0755995281488508,-0.0512933135348081,-0.0330609333452587,-0.0389224632178843,NA,NA,NA
2024-08-15,-0.020244862097136,-0.0354813084052289,-0.00821608400288344,-0.0145771307305996,-0.0305770841931156,-0.0404471693847248,-0.0239296354475863,-0.0221206812431512,NA,0.019484820472675,-0.0557169587439346,-0.0225626003084575,-0.07410799713984,-0.0644635896937643,0,-0.0255332487690216,-0.0580492298742055,NA,NA,NA
2024-08-16,0.0229114301013427,0.00894743540404799,-0.0242162744524255,0.00632807383520914,0.0156111766150361,0.0124848762392708,0.00293135913637103,-0.00303016211096383,NA,0.0195937685623535,0.0100850097994933,0.00171391684554422,0,-0.0594903734301531,-0.0540671414900384,-0.0262023807201884,-0.0307930590216226,NA,NA,NA
2024-08-17,0.00988184063726237,0.00820336592354134,0.0175578046666062,0.00318876305177836,0.0192226478206402,0.0134698394748282,0.0160653774090736,0.000726152557022304,NA,0.0151331458896479,0.0107837739653547,0.022796990383097,0,0.0182318209676192,0,0.0175443152499533,0.0226409342921797,NA,NA,NA
2024-08-18,-0.016870237926472,-0.00045513355798472,0.00554443300108398,-0.0043248735015555,-0.00611863563237763,0.00717061239063045,0.00601495483556244,-0.00538233541867843,NA,-0.017919055912617,-0.00966077930108944,-0.025458850103533,0,-0.0198850949032903,0,0,0.0206917157821611,NA,NA,NA
2024-08-19,0.0171136635560061,0.00912242214579242,0.0122456617861271,0.0597709723355288,0.00572383080567561,0.0193936654931191,0.020900390939545,0.00866064983394756,NA,-0.00022988505848363,0.0149669855820559,0.0132094973282041,0,0.0222011079630754,0,0.00865806547023511,-0.000966426152466995,NA,NA,NA
2024-08-20,-0.00811202460475731,-0.0246439996066587,-0.00818023588804834,-0.00700399934753164,0.0203757876350989,0.0548881462500494,0.0110604029729116,0.00599885474692311,NA,-0.0288612963887485,0.0331403364678201,0.0146404950542662,0.0741079971398401,0.0849667275679228,0,0.0747235687764939,0.0266199019598604,NA,NA,NA
2024-08-21,0.0359874877747519,0.0224002244760402,-0.0032050827057656,0.00978824695446833,0.0712309697154045,0.0479848309449001,0.0295841392412692,0.0904109734333271,NA,-0.00308419585285984,-0.00891567974765479,0.0301804234093848,0,0.00750683795448315,0.0540671414900384,0.0237164765951086,0.0326956766038292,NA,NA,NA
2024-08-22,-0.0130521141055435,-0.00321413838436076,0.00383487754036973,-0.0044645490313887,0.0200571780512734,0.0713342550053567,0.0050997490685847,0.0223517822919896,NA,-0.00704188797957908,-0.01191316818931,-0.00802968071501128,0,0.0368329308374605,0,0.0824436438564558,0.00617730765702131,NA,NA,NA
2024-08-23,0.0596666777899252,0.0525404443268561,0.0664908425223163,0.0225647696741751,0.039063767301689,0.0483804951531482,0.0427449501852362,0.0505430682773031,NA,0.036464024502567,0.083103449046745,0.0698521428291599,0.0689928325086069,0.12605532310184,0.100083495027949,0.0627384120772997,0.164012117946197,NA,NA,NA
2024-08-24,0.001319630813085,0.00178632965237505,0.0485992431301362,0.00305630375395165,0.00629121034169228,0.0240793190737287,0.0178575424567524,0.0233828442301594,NA,0.00569088237391693,0.0470932166892634,-0.00262457406718814,0.0645385438749389,0.0691508392604917,0.0465200313837188,0.0397402456489448,0.00628307629689683,NA,NA,NA
2024-08-25,0.00240522616054371,-0.00733237314354879,-0.0114043713811614,-0.0213080609137535,-0.0231798565483749,-0.00742361375556797,-0.0331129115443878,-0.0195757904636066,NA,-0.0263541465661202,-0.0540761522651324,-0.0263858803616724,-0.064538543874939,-0.0327191789007851,-0.0465200313837189,-0.0263172213838542,-0.0608585379751047,NA,NA,NA
2024-08-26,-0.0228425120791344,-0.0249776948056714,-0.0105790161975257,-0.021411141414593,-0.0479441132916202,-0.0381245115684835,-0.0558360954547747,-0.02117367751039,NA,-0.026121907692516,-0.0335221420155552,-0.0409936717514809,0,-0.0726372594578264,-0.0487901814931408,-0.0134230242650906,-0.0674054362527412,NA,NA,NA
2024-08-27,-0.0551928775609079,-0.0866733260534225,-0.0680211360397679,-0.0344892786128112,-0.0458525680857995,-0.0741324141037019,-0.0406260536310755,-0.0594727368886664,NA,-0.0438758411470648,-0.0629008679502692,-0.0610521148094334,-0.0689928325086069,-0.116868536100048,-0.105360455024847,-0.00677973848829532,-0.0912199283022312,NA,NA,NA
2024-08-28,-0.00804021450926693,0.0279492743778804,-0.0206735411999112,0.00403732286944854,-0.000910525770711741,-0.0267982509936487,-0.0282604451807884,0.0010337074509788,NA,0.0219041790270211,-0.000210324659910429,0.00574791618105497,0,0.00380792566588268,0,0.0529925480230483,-0.00142794839568851,NA,NA,NA
2024-08-29,0.00608965674273899,0.000149172131156994,-0.0270304780393997,-0.0137735215214074,0.019369019613083,-0.0240685404215087,-0.00189479100270285,-0.0220870894012298,NA,0.0109690390019611,0.00196710897469114,0.00797791239286082,0,-0.0268594673020596,0,-0.123444234263746,-0.00841866036702039,NA,NA,NA
2024-08-30,-0.00453478862002765,-0.00117544209253088,-0.0140502924054551,0.00881432646128325,-0.0280821638886277,0.0164779874794605,0.00650774128077253,0.0164631365607299,NA,0.0391052447735366,0.00827870995916344,0.0159831655097904,0,0.00623844266885224,0,-0.0757937540603009,0.000288150422059482,NA,NA,NA
2024-08-31,-0.00253330504958304,-0.00493261185799888,-0.0199348118483495,-0.00126704268548545,-0.00520429145194721,-0.0212368634769822,-0.00468595430653597,-0.00854299854387985,NA,0.00128128247613785,-0.0187215418401824,-0.00699205249075606,0,-0.0210743063860894,-0.0571584316731776,-0.0158733537395703,-0.062721797572682,NA,NA,NA
2024-09-01,-0.0282817712577215,-0.0346062994239626,-0.0506324832803619,-0.0328898963551746,-0.0402126643087354,-0.0610146792175573,-0.0443792114929283,-0.0609785307323846,NA,-0.0238373108290176,-0.0569792429988176,-0.0608060049982321,-0.07410799713984,-0.0810458476342577,-0.0606246418788178,-0.0661398224045993,-0.0515139628069165,NA,NA,NA
2024-09-02,0.0306967310826489,0.0444224959173987,0.0478815986433613,0.0351369907399202,0.0126643757763778,0.0420304180012055,0.0325982237406868,0.0368503687821404,NA,0.0276751925652763,0.0300868719803702,0.0386845203623875,0.0741079971398401,0.0964767917439748,0.117783073551995,0.0418470630398792,0.108456466938986,NA,NA,NA
2024-09-03,-0.0288574422367031,-0.0474331508867602,-0.0565676215234059,-0.0181271265396279,-0.05323328081896,-0.0450430385242728,-0.0352327287269979,-0.0424465070094362,NA,-0.0136642573860039,-0.0771004978300035,-0.0244709501551046,-0.07410799713984,-0.0315461589856983,-0.0571584316731776,-0.0248975606427521,-0.124191196612646,NA,NA,NA
2024-09-04,0.00936754896683662,0.0116534105150056,0.0461548686450092,0.00140734410954752,0.0154906942464193,0.0238445071367803,0.0115118577091311,0.00200223751762932,NA,0.0154747287091604,-0.00924821641971339,0.0134127306885439,0.0741079971398401,0.0919498763964159,0,0.024897560642752,0.0171334422226238,NA,NA,NA
2024-09-05,-0.0317387301454916,-0.0337355286143875,-0.0325203940572745,-0.0253647970865192,0.00474265963963157,-0.0246442064310885,-0.0231105264460471,-0.031368581760709,NA,0.0099648860469906,-0.0413785751403956,0.00289304372049156,-0.07410799713984,-0.0672123927839877,-0.0606246418788178,-0.0248975606427521,-0.042835523309446,NA,NA,NA
2024-09-06,-0.0401788599055402,-0.0626830499964648,-0.0341248232885633,-0.0428936731526548,-0.032338928698098,-0.0103115625070162,-0.0141903893010196,-0.0450227085537818,NA,-0.047738605026293,-0.0497270991790898,-0.0610799801972933,0,-0.025499808192232,0,-0.0341913142392567,-0.0338976486328654,NA,NA,NA
2024-09-07,0.00353291785617069,0.0223356975646148,0.0216182956577329,0.00715767560890196,0.0323727587696518,0.0302725280629218,0.0291609695771684,0.0452880372747256,NA,-0.0146370465281845,-0.0135202910235545,0.0295848660434335,0,-0.00831266809750869,0,0.0257525041451089,0.0198845344701965,NA,NA,NA
2024-09-08,0.0128809053957022,0.0101439336261532,0.0176011873039572,0.00796483002602029,0.0409438833037117,0.0630521453475201,0.0212301839692413,0.0311689503269891,NA,-0.0193709974041048,0.0368157525325826,0.00856066010486093,0,0.0576989252087382,0,0.0414997434394062,0.0512421111395397,NA,NA,NA
2024-09-09,0.0389455136654467,0.0262868074500889,0.0380107241854807,0.019360186327764,0.0139197293565624,0.0273492503487633,0.0288388018145557,0.0200430535642018,NA,0.00857123956566285,0.0724669336104389,0.0775641266363429,0.0741079971398401,0.0624543622504304,0.0606246418788178,0.0398458632573222,0.0449264109108391,NA,NA,NA
2024-09-10,0.010973955159394,0.0130997925492077,0.0045045667198079,0.00266488055363279,0.000206786117118816,0.0207491768297046,-0.00695281039190412,0.00492249682945966,NA,0.00206236657484436,0.0108349922726078,-0.0108163455618186,0,-0.0123774242318982,0,-0.00784312285553829,0.00144619097578026,NA,NA,NA
2024-09-11,-0.00531411042338101,-0.0210348450820998,-0.02340614852068,-0.0107136443917623,0.0275008001272649,-0.044616858280164,-0.015292686616779,-0.0181233173370473,NA,0.0103565403750753,0.00724702189246674,-0.0130728174522426,-0.07410799713984,-0.0654589122841765,0,-0.0320027404017839,-0.0362606127472236,NA,NA,NA
2024-09-12,0.0135766976294007,0.00933309346577322,0.0271348208810611,0.0496764800524912,0.00913242293943732,0.0309349511322171,0.0238258641481233,0.0357902515520097,NA,0.0105246003396013,-0.00498327649567088,0.0139194917071628,0.0741079971398401,0.0104685122791693,0,0.0161293866622136,0.044996082433251,NA,NA,NA
2024-09-13,0.0411907229072504,0.0332401938342692,0.0214992085409645,0.0186195333879161,0.0128475462806851,0.0377080943942479,0.030467238565636,0.0604968087842827,NA,0.0333983193916131,0.0159808406857294,0.0411180981966885,0,0.047874721054728,0.0571584316731776,0.0468834881455267,0.0327138940487558,NA,NA,NA
2024-09-14,-0.00939128628854153,-0.00946941809888452,-0.0139046607471814,0.0394287015626716,-0.0179490299740166,0.0150443678876549,0.00307489601661267,-0.0141383047348331,NA,0.0152077305825356,0.00703909345122748,-0.0154956081785524,0,-0.0437223902872542,-0.0571584316731776,-0.0468834881455266,-0.00556112925552893,NA,NA,NA
2024-09-15,-0.0137983437794186,-0.0412332414766182,-0.0422901112819822,-0.0432290280500539,-0.0460598839544442,-0.0607410683055384,-0.00843370175197873,-0.0429202954350612,NA,-0.040814502021096,-0.0428219238638559,-0.0243198369162569,-0.07410799713984,-0.0408376626018822,-0.0606246418788178,-0.0325232614585413,-0.0449090255809147,NA,NA,NA
2024-09-16,-0.016874951656181,-0.0110973936086219,-0.000203781659102629,0.0249619279850225,-0.02457256025269,-0.01344973562262,-0.0473085275612329,-0.0251080418432182,NA,-0.0119249455758655,-0.0224370349773812,-0.0319827954085249,0,0.00226404600099437,0,-0.0166670585489309,-0.053812637847936,NA,NA,NA
2024-09-17,0.0357170886607077,0.0200240280339485,0.000490351878482376,-0.00154719231410766,0.0108609972962074,0.0101177701257046,-0.0100653254361719,0.0068650895958459,NA,0.0183225457760654,0.0533164947590398,0.0143805400299978,0,0.0179925411141335,0.0606246418788178,0.024897560642752,0.0886129775735619,NA,NA,NA
2024-09-18,0.0219943305683948,0.0118951275456691,0.0184902103192575,0.00128059871979714,0.0266633922444455,0.03638015359518,0.0030292544451454,0.0210166316297935,NA,0.0158462339212834,0.0418249788278905,0.0239164990953596,0.0741079971398401,0.0520112413754307,0,0.0480092359598286,0.043405996808345,NA,NA,NA
2024-09-19,0.0207211190539163,0.0393156696828061,0.0639200409195638,0.00361586321551551,0.0230856367213806,0.0786869387901022,0.0204701579100941,0.03190680502838,NA,0.0104944353479921,0.0318194314818986,0.0138630250588706,0,0.0913484618991437,0.0571584316731776,0.0231670115504179,0.0199310421537476,NA,NA,NA
2024-09-20,0.00400401164740542,0.0383346552803008,0.025782285942806,-0.00375254799465584,0.00332545972143404,0.0348099754108024,0.0191106645289752,0.0195783525429375,NA,-0.00253937611810746,0.00349839259277783,0.00418050309581453,0,0.00296952979971194,0,0.0226425397522423,0.00555524100070454,NA,NA,NA
2024-09-21,0.00318930301647824,0.0211659072082873,0.0199959189544511,0.0219224511529692,0.018185667245912,0.00893550794269804,0.02923353044752,0.00757614276747631,NA,0.0251751817994321,0.0421619070260461,0.0424897038409486,0.0689928325086069,0.00163658789491571,0,0.0148150905761573,0.0196185406080641,NA,NA,NA
2024-09-22,0.00399660478802971,-0.0126935375110013,-0.0320985503639209,-0.0177443991696165,-0.0191573634444113,-0.0185005281464278,-0.0346252900762479,-0.0336171807013792,NA,0.0244307001933023,-0.0267534160401671,-0.0342936323791233,0,-0.04837145824055,-0.0571584316731776,-0.0451204500957678,-0.0337078954050804,NA,NA,NA
2024-09-23,-0.00502306764307977,0.0251126572587495,0.0000782910961348725,-0.00435917281619688,0.0334313069616587,0.0025538501426451,0.0322589270362197,0.0236111422932009,NA,-0.0232053746903699,-0.00313407707577004,0.0169425518470145,-0.0689928325086069,0.0261351615712504,0.0571584316731776,0.0303053595196103,0.0271492548789111,NA,NA,NA
2024-09-24,0.0152342441721866,0.00219072378340883,0.0542757993820166,0.0110130568078744,0.0639024157152752,0.0384617546315104,0.0407539856005377,0.0648043683250215,NA,-0.00455373330677977,0.0510284968566502,0.0148581526220646,0.0689928325086069,0.136612155561351,0.0540671414900384,0.0579872760046672,0.011426590949163,NA,NA,NA
2024-09-25,-0.0181859645588887,-0.0286492579973791,-0.0323622569908495,-0.013621347451801,-0.0172997608104202,-0.0427382731224954,-0.00114311851629055,-0.00416655237326586,NA,-0.00198466167920539,-0.0088693293752945,-0.011645796242698,0,0.0134443024537834,0,-0.0285733813552103,-0.00985226433758784,NA,NA,NA
2024-09-26,0.031764030655624,0.0202675578967318,0.0497644529421461,0.0117212034515334,0.0531412656367901,0.066083632217371,0.0382592726846661,0.0357095039343911,NA,0.0285751846789431,0.0472242385543001,0.0853880105244581,0.236388758916973,0.0876788363748024,0.100083495027949,0.0833816342467288,0.105878533592541,NA,NA,NA
2024-09-27,0.00930962964867825,0.0239123559621249,0.0138761419393058,-0.00253368952236518,0.0011092167433802,0.0434534123405886,0.0156097540116892,0.0102358088926389,NA,0.0382260842946265,0.0262614893250929,0.0457974253880395,0.051293313534808,0.0272854792718762,0.0909718083339153,0.113328629871137,0.05434757507891,NA,NA,NA
2024-09-28,0.00147305035576025,-0.00683422342755452,-0.00532323668846757,0.0429964335587089,-0.00317662199331245,-0.0374281684698375,-0.017769010725028,0.0204822417949554,NA,-0.0167751851506417,-0.0244788928197939,0.0392863507789803,0,0.0451620634674394,0.0425596275998782,0.0118344617231696,-0.0301707608240813,NA,NA,NA
2024-09-29,-0.00383726267761302,-0.0068175371109074,0.0108813088568295,0.0432070799011385,-0.00865219805667275,-0.00893185012753601,-0.0078267978326585,-0.0362715422267056,NA,-0.0098989129701587,0.00242140404613339,-0.0315564713962623,-0.0512933135348081,0.0324700274980872,-0.0425596275998782,-0.0482021187264213,0.0201084961331293,NA,NA,NA
2024-09-30,-0.0357624770495681,-0.0213918450206832,-0.0386280447571548,-0.0486038644829142,-0.0632868931317342,-0.0468651158781815,-0.0720187807129724,-0.0519373493246916,NA,-0.0366438341164543,-0.0619930762776972,-0.0857565367606413,-0.0540671414900384,0.00615344854856124,0.0425596275998782,-0.0571583874203492,-0.0638698952251556,NA,NA,NA
2024-10-01,-0.0401529704172501,-0.061041152664752,-0.0492101782098415,-0.0230973326842184,-0.0572687300363242,-0.0698882020844162,-0.0647215171409017,-0.0721748153803263,NA,-0.0521520377232752,-0.0614065416580714,-0.0667151876356805,-0.117783073551995,-0.0698213651394495,0,-0.110457034441619,-0.138332695089055,NA,NA,NA
2024-10-02,-0.00336252896593823,-0.0347715945183327,-0.0343383329513269,-0.101548408534039,-0.0242271096264725,-0.018939943323029,-0.013361056116289,-0.0334999954275201,NA,-0.00744873250255384,-0.0019499672874736,-0.0215681286405191,0,-0.0424870606233487,-0.0870114045500747,-0.0221410799021024,-0.0418012370821366,NA,NA,NA
2024-10-03,0.00208608537377595,-0.00654948450848284,-0.0259809152980325,-0.0336785754709927,0.00357494047372099,-0.0290914410667832,0.0056614068444198,-0.00110274571741274,NA,0.00790855610784424,-0.0131165558126324,0.00324028716554385,0,-0.0766845504819177,-0.0953102128768598,-0.0458095513026603,-0.0424580411060384,NA,NA,NA
2024-10-04,0.0213002835593872,0.027287462033179,0.0456368871338674,0.0234566500771695,0.0176883594279581,0.0624157944574813,0.0159868636716796,0.0385120634970172,NA,0.0231952516590494,0.0522837084931859,0.0388642202222269,0.0606246418788178,0.114631355466693,0.0953102128768598,0.0606246418788178,0.056887424465573,NA,NA,NA
2024-10-05,0.000362002616500903,0.000346922060848474,-0.00322176744508505,-0.00910853276383782,-0.00193130802752085,-0.021204277619039,-0.0135402252675844,0.017299407102625,NA,0.0202575140279782,0.00340663929359001,0.00203881085036821,0,-0.0170791615010524,-0.0465200313837189,-0.0223058194613067,-0.0123987042406599,NA,NA,NA
2024-10-06,0.0116727017835175,0.010019846511532,0.0258051203676094,0.00770583781060802,0.0183917023572125,0.0470584173613956,0.0123338788730637,0.00129370826287226,NA,0.011941871712013,0.00286616739682396,0.0180393868864453,0.0571584316731776,0.130920985008731,0.0465200313837188,0.0512933655059338,0.0378192234691704,NA,NA,NA
2024-10-07,-0.00931261159307203,-0.00747105501970075,-0.0168756660993942,-0.00687902536721613,-0.0162639919524898,-0.0139030063141251,-0.012855430891772,-0.0103297529043009,NA,-0.0348231729062286,-0.0488191835792688,-0.0256674725982542,-0.0571584316731776,-0.0133367159480271,-0.0465200313837189,-0.0216615567186824,-0.00156388666916931,NA,NA,NA
2024-10-08,-0.0016835665376193,0.00742312543515552,-0.00415724319213864,0.00176094132563875,-0.0199724469495004,-0.00845934164860365,-0.00902123764489954,-0.0304439126762489,NA,0.0134130618098258,-0.0178687533318335,-0.0149377770436811,0,-0.0291978337226761,0,-0.0147061528973143,-0.0196579006074358,NA,NA,NA
2024-10-09,-0.0252611554684642,-0.0297673907275994,-0.0288576390046936,-0.0123883446498753,-0.0140746219562374,-0.0217588158688031,-0.018270684495052,-0.0277238499937464,NA,-0.0168778637085882,-0.0270564645037606,0.0083262973374912,0,-0.0578310820712055,-0.0487901814931408,-0.0377402865243983,-0.0629967473604184,NA,NA,NA
2024-10-10,-0.00509036697595273,0.00655473710973695,-0.00307058444429871,0.0107086074121985,-0.00239326213675924,0.00342887409637996,0.0104827887292256,0.000863115658294705,NA,-0.00474128843265156,-0.0229743327709681,-0.0183158189136156,0,0.0466929764032206,0,0.00766281976736802,0.0104635095425882,NA,NA,NA
2024-10-11,0.0353784793604472,0.0218479483789536,0.0456880866807596,0.0155767939829614,0.0356376025539935,0.058646107719383,0.0246872896441417,0.0335641978088872,NA,0.0194423577160643,0.0339113318493937,0.0438715099843049,0.0571584316731776,0.124269009657715,0.0953102128768598,0.0447836196543447,0.0647290931429392,NA,NA,NA
2024-10-12,0.011906298332257,0.0162875440193122,0.00766849795151922,0.00234358171881217,0.0057638290837229,0.0432271930477949,0.00954478484269772,0.0107528811523686,NA,0.0107322740509448,0.0174458742242851,0.00614899798466537,0,-0.0292566040257562,0,0.0216615567186824,0.131410287089783,NA,NA,NA
2024-10-13,-0.00542109412935906,-0.00357841531348171,0.00729172221583649,-0.0149756199899984,-0.0147768019257678,0.0188228429502778,-0.0120579978820571,-0.0261886019723061,NA,-0.0222162775464262,-0.00318946446042921,-0.000718259663105622,0,-0.00390489318201281,-0.0465200313837189,-0.0216615567186824,-0.0368797994437311,NA,NA,NA
2024-10-14,0.0495805492882901,0.0632882475334613,0.0647578831424007,0.030535231525783,0.0445487399858475,-0.00373214419814059,0.05059401325561,0.048433550921342,NA,0.0311504970558214,0.039362913748578,0.0466596400906541,0.0540671414900384,0.0593560889676617,0.0909718083339153,0.110457034441619,0.282377933771138,NA,NA,NA
2024-10-15,0.0149526424220398,-0.00874056036929936,-0.0174559296822413,-0.0120592386486173,-0.014844915978275,-0.0304463809192993,0.00685924098619709,0.0151970355944599,NA,0.0591069901455638,-0.00657836510649765,0.00745580100135495,-0.0540671414900384,-0.0956782443728452,-0.0444517769501965,-0.0332256097126263,-0.0549577531134585,NA,NA,NA
2024-10-16,0.00849010854744918,0.00194746366302323,-0.00314871135380084,0.0121029605909922,-0.0168824543527223,-0.00527342831005605,-0.0198253542536934,-0.0174686095643444,NA,-0.0114004924748931,-0.00924105392317665,0.0678105772684342,0.0540671414900384,0.0261075083354257,0.0870114045500747,0.00673398532908747,-0.0680443952503797,NA,NA,NA
2024-10-17,-0.00315352878722722,-0.00261864834037678,-0.0257324620261433,-0.00803695709033052,-0.0272977854058148,-0.0282793125070264,-0.0300388293573691,-0.019495111963116,NA,0.0374075771741205,-0.0323215838935643,0.0304215276514932,-0.0540671414900384,-0.0368216899441572,-0.0870114045500747,-0.0481192139555155,-0.0291674470841291,NA,NA,NA
2024-10-18,0.0150048970496654,0.0142129908216868,0.0305299492873292,0.0052888769764509,0.0221359397503646,0.030329361109508,0.0276369121553126,0.0404855379276791,NA,0.00532963094173401,0.0119455233419014,0.056634306706127,0.0540671414900384,0.0455724759995634,0.0870114045500747,0.0680533877347063,0.053860089197294,NA,NA,NA
2024-10-19,-0.000819623721527923,0.00268599607036308,0.0296474028903629,-0.0041877484249536,0.00270794974975409,0.000283952036002752,0.0291877742747689,-0.00483502463487101,NA,0.0236060587446661,0.0263061342737798,0.0519318520321177,0,-0.00602942961437751,-0.0425596275998782,0.0387145267229113,-0.00838892780605237,NA,NA,NA
2024-10-20,0.0093033301819392,0.0362251475388791,0.0447161223279679,0.00621852540671799,0.0367940470965688,0.0289839482257056,0.0306096558449456,0.0462856964787726,NA,-0.00756423425487767,0.0475291356315374,-0.0170549403742438,0,0.0345670028709668,0.0425596275998782,0,0.0608413513254953,NA,NA,NA
2024-10-21,-0.0239632629213025,-0.0298066117230178,-0.00433998366539253,-0.00510569945141866,-0.0107055771860933,-0.0418353489922879,-0.04351998398619,-0.0214105543871825,NA,-0.0494778305904941,0.0453067677479294,0.0112468127921818,-0.0540671414900384,-0.0898243452670568,-0.0425596275998782,-0.0453151651051732,-0.0699842024292874,NA,NA,NA
2024-10-22,-0.0000956779931777652,-0.0172215479234488,0.00625696684349351,-0.0213020852912969,0.00790309912775336,-0.00526810132795064,-0.0127824326561637,0.0216974257366764,NA,-0.011326172318658,-0.0242381750959914,-0.0295363309754228,0,-0.0338781170734307,0,-0.0133335353969289,-0.0426454252301879,NA,NA,NA
2024-10-23,-0.013890438213699,-0.0433260248214441,0.0217183457751688,-0.015432233157184,-0.0426938892781884,-0.034682219376235,-0.0297907520926619,-0.0619919396774452,NA,0.00325458229718086,-0.034548337032476,-0.00727327623807768,0,0.0277531864347294,-0.0444517769501965,-0.0481192139555155,-0.0308904971451771,NA,NA,NA
2024-10-24,0.0256915479674532,0.010072125451519,0.0357672742829439,0.0123940805798784,-0.00663101575526498,0.006375786105963,0.00240119680109669,0.0300847933572867,NA,0.0131487193818203,0.0453015254008046,0.0248868470477152,0,0.0376365777970648,0.0444517769501965,0.0346054901381326,0.0578526320541327,NA,NA,NA
2024-10-25,-0.022532133472795,-0.0396655114084363,-0.0725649516788254,-0.057755427253304,-0.0653200211870237,-0.0750616681598902,-0.0530201538257286,-0.043828714706811,NA,-0.0349114239256435,-0.0954501044748229,-0.0804388749870039,-0.0571584316731776,-0.112754765813117,-0.139761989827056,-0.115235305895042,-0.14879326158482,NA,NA,NA
2024-10-26,0.00557070573324996,0.0177682866444482,0.0354715268402291,0.0213711480818715,0.0271787206284468,0.019635855540032,0.0105411877502344,-0.00820175227495026,NA,-0.00360813500249292,-0.00581171811336997,0.047286750212972,0,0.0224733014281674,0.0487901814931409,0.0151518108670932,0.180141860980502,NA,NA,NA
2024-10-27,0.0135554840575667,0.0105656063371836,0.033656996377744,0.00703507066700898,0.0193760864332241,0.0135425503015219,0.0233373243170905,-0.00201359242462523,NA,0.0384480760545329,0.0181494476487914,0.049394232291697,0,0.0535637222650952,0,0.0149256558899372,0.0166738520828661,NA,NA,NA
2024-10-28,0.028709215102557,0.0234300157328241,0.00877316700283217,0.00549630670519317,0.0114794174232833,0.0201262051350737,0.00123220860130809,0.0178262470516355,NA,-0.00510478770701633,0.00196619022309014,0.110357985161499,0.0571584316731776,-0.00905643619372136,0,0.050552348999879,-0.0274173478684203,NA,NA,NA
2024-10-29,0.0394465905777621,0.0279107526048666,0.00702640533060826,0.0165959861888486,0.0339013869721515,0.0223146040880316,0.0143502009191894,0.0531278576697245,NA,0.0450634324023038,0.0162608141239525,0.0872332747284131,0.0540671414900384,0.0572256112494725,0.0465200313837188,0.0346054901381326,0.00452185983170532,NA,NA,NA
2024-10-30,-0.00525236341818716,0.00733292383077198,-0.0250419777041441,-0.00940543008295334,-0.00108869047589899,-0.0245130642484446,0.000445014415126576,0.0501788510587364,NA,-0.0293130896814616,-0.0169527042992553,-0.0447361973661232,-0.0540671414900384,-0.0118418994264026,-0.0465200313837189,-0.0136988491371161,0.0155932547276848,NA,NA,NA
2024-10-31,-0.029806220896925,-0.0547473020077587,-0.0378369638920564,-0.0266182667787213,-0.0385037629362188,-0.0461317590097622,-0.0577370508842547,-0.0817067259023769,NA,-0.0373821220112143,-0.051329086384947,-0.0411203499697232,0,-0.0805775992760374,-0.0487901814931408,-0.0422598244518884,-0.0988997035065372,NA,NA,NA
2024-11-01,-0.0104901612367784,-0.00155690712301698,-0.0129545460101115,0.00710496690874472,0.0436304058153123,-0.00909678488836793,-0.0126259621461417,-0.0137816598916684,NA,0.0143794202184169,-0.0146432106750473,-0.0136452023726029,0,-0.080017202009031,-0.0512933135348081,-0.0291991655490074,-0.0591699750451013,NA,NA,NA
2024-11-02,-0.00278436278553029,-0.00832188912630549,-0.00151553525826352,-0.00590186288429001,-0.0264436552014032,-0.0287445450179856,-0.00135833281420478,-0.00813412647208612,NA,-0.0154822473087935,-0.0190012838143197,0.000822578962751784,-0.0571584316731776,-0.0106765579606108,0,-0.0300774667570304,-0.0285846755661508,NA,NA,NA
2024-11-03,-0.00794258611024876,-0.014004616269904,-0.0210564638991411,-0.0136636328213437,-0.0395502896946388,-0.0230924712941617,-0.0293689644421103,-0.0374319567892014,NA,-0.0326002253119087,-0.0279590454433917,-0.0506077126746355,0,-0.0433703931066531,-0.0540671414900384,-0.0711762475102467,-0.055962461652781,NA,NA,NA
2024-11-04,-0.0136156113622657,-0.0244782047131737,-0.0300005215613386,0.000586356604422496,-0.0250382672955908,-0.0359987530643935,-0.0109935371652407,-0.04911606228555,NA,-0.0214290370383691,-0.0172370855240107,0.0445005358516101,0,-0.0811645860103926,0,-0.0418470630398792,-0.0241620212282207,NA,NA,NA
2024-11-05,0.0225721124909319,0.0106332889134209,0.0553370119684957,0.0212403967646317,0.0239577802818433,0.0552372997931104,0.0291006036005743,0.0564014364504475,NA,-0.000794911999327627,0.0717891085062103,0.0720741634571547,0.0571584316731776,0.0911228356165924,0.0540671414900384,0.0661398224045994,0.0614828982380029,NA,NA,NA
2024-11-06,0.086669031268464,0.117301252640699,0.114536678369047,0.0537737856471452,0.0843788455058098,0.119205774016448,0.0651913949988001,0.115352270567984,NA,0.0818690777090469,0.0721716471558158,0.144609522459444,0.0540671414900384,0.160202277730946,0.191055303361864,0.141499550147104,0.0616026204801063,NA,NA,NA
2024-11-07,0.00350764968747887,0.0610238212650149,0.0489535063823847,0.0224316383230712,0.10862689883453,0.0128557426174637,0.0109767509210859,0.0353752031313936,NA,0.00659948544077465,0.0024447108534969,-0.0179525020419369,0,-0.0493536664096957,0,-0.00696872231694967,-0.0381546227319874,NA,NA,NA
2024-11-08,0.00840432333931633,0.0227775380045948,0.0181920534267342,-0.0011778897420414,0.0914886399257075,0.0496197593608351,0.0396249019506915,0.0845232455513202,NA,0.0181708208022275,0.0387781880746688,0.045407277646298,0,-0.00714261295808246,-0.0444517769501965,-0.0212021633116007,-0.0228119106338573,NA,NA,NA
2024-11-09,0.00304440638133574,0.0554337463553353,0.00127909766894946,0.00971299704245025,0.106479741682244,0.055486242396527,0.0672329005369735,0.00321249727455653,NA,0.0171426900881763,0.0192178036073809,0.0790588393863852,0.051293313534808,0.0606487432189197,0,0.0350912803848991,0.0625038641619856,NA,NA,NA
2024-11-10,0.0470070453718431,0.0190395621435041,0.050734291792849,0.0520542521082931,0.178758634398903,0.0501614265875902,0.12550759007014,0.0375439628329293,NA,0.0326699467922691,0.0927213511632428,0.243572408167502,0.262364278459717,0.102903259824056,0.12783333843735,0.216223136346868,0.0766891925625903,NA,NA,NA
2024-11-11,0.0973401431249626,0.0559017471170853,0.0555378907705523,0.0513979137353371,0.0390359679326471,0.111613253437232,0.0837071878868721,0.0415712195497048,NA,0.0459249483356521,0.0734328657887371,0.225011473101829,0.0741079971398401,0.131304235253359,0.0769610680841198,0.0165292674931235,0.0824959716860484,NA,NA,NA
2024-11-12,-0.00844206626910678,-0.0388371717082607,-0.0478845255026039,0.131546431379699,-0.0671956341924131,-0.0490733953671016,-0.068185113236936,-0.0616921156829204,NA,-0.0406106999631401,-0.0608746496624647,0.089435332664284,-0.036367656201228,0.0486126607952277,0.341749247626808,0.147100136459025,0.0218839368971006,NA,NA,NA
2024-11-13,0.0294448504877615,-0.0166683777689419,0.0138169276429062,-0.0249099509045247,0.00842727863348295,-0.0271926154384808,-0.0495228388419659,-0.0384939366671406,NA,-0.0194699464223695,-0.0401160124831791,0.0442723002868932,-0.0377403409386121,0.239045594899485,0,0.107245565255856,0.00106749336723574,NA,NA,NA
2024-11-14,-0.0374969223188114,-0.0427630576300817,-0.0281141686144052,0.113179160345934,0.0023142572337434,-0.0613847894728745,-0.062507143347965,-0.0381765379867841,NA,0.0840889610593251,-0.033832593229612,-0.0996054871212151,-0.122602288632661,-0.15415409449667,-0.0540671414900384,-0.0885534258880454,-0.0647898554713813,NA,NA,NA
2024-11-15,0.0428021182914262,0.0143111412759223,0.0415484465933377,0.143280046003236,0.150091069899392,0.0617719018250675,0.0750841197638859,0.0655681387214844,NA,0.0197075947722426,0.0612779876137593,0.0473689762550899,0.0833815614871535,0.0773912888878765,0.223143531103217,0.185403224367824,0.0923599390536288,NA,NA,NA
2024-11-16,-0.00558881224411838,0.00969599449279817,-0.0103520264867381,0.226702980551045,0.0916188110581539,0.0576910350674441,0.113875629506749,0.0476698958020488,NA,0.130021019948755,0.148324755412856,-0.0415734409854877,0,-0.0692205985655271,0.064538541348564,-0.0512933415192608,-0.00771028815995119,NA,NA,NA
2024-11-17,-0.00790035044031817,-0.0185584011251578,0.0959072911954928,-0.0596055855876231,-0.0505416790223213,-0.0107829535174606,-0.0617222468789645,-0.0528605948712775,NA,-0.0906974854610538,-0.0722751912390057,0.00770089311718559,0,0.00130237723669958,0.060624568316747,0.0357891497362107,-0.0134078987864023,NA,NA,NA
2024-11-18,0.00772546540607537,0.0420829005896754,0.00929566782371544,0.0585739068878765,0.0449026400231653,0.0202430079160657,0.103464033490934,0.0995748439401162,NA,0.0240735094648706,0.129728027271914,0.01403511500123,0,-0.0487354801880658,-0.0606245683167469,-0.0277245283821883,0.0106148396647774,NA,NA,NA
2024-11-19,0.0196975431836517,-0.0305352860860552,-0.00710080473962047,-0.014405571758235,0.00686743726008074,-0.0336894662016208,-0.03404332952173,-0.038480162219004,NA,-0.026787810698552,-0.0303940172282828,0.0514202428880749,0,-0.0433440723101774,0.0800426610327831,-0.00402418093434415,-0.0573435102452888,NA,NA,NA
2024-11-20,0.0213814449984326,-0.0126776464344102,-0.0112937605590757,0.000321244797136872,0.0788765713547294,-0.0202894748588784,-0.0153592981054464,-0.0276349141065449,NA,-0.0405431569338183,-0.010947526410507,-0.0360550208698661,-0.0408219338872753,-0.0803670208271977,-0.059423441887474,0.0663011298628226,-0.0758183689084419,NA,NA,NA
2024-11-21,0.0432046373822124,0.0898645943802072,0.0879457227148033,0.126025317106568,0.0248393676648755,0.0645281000307236,0.0379146272129758,0.0453471654354706,NA,0.0713670601970028,0.0350639150906943,0.026455129316623,0.0408219338872753,0.0720696161019989,0.097163782826086,-0.01904822876324,0.0679378478769071,NA,NA,NA
2024-11-22,0.00499172209506117,-0.0088016836633052,-0.00213094761238778,0.161169737073863,0.208242022753561,0.184656083852619,0.115173352859077,0.103388550837708,NA,0.0278933676727158,0.158132311936674,0.0632458184516439,0,-0.0192254648270931,-0.0769610680841198,-0.0432287201652383,0.00602747058987882,NA,NA,NA
2024-11-23,-0.0124040025297939,0.0192111279923959,-0.00523812628559735,-0.00000754687675557555,0.053766601337996,-0.0378328281769923,0.244529009322904,0.0503476332600484,NA,0.0765032097128457,0.0882780975837462,0.0405495501306187,0.0392207271455076,0.0205314399610495,-0.0408219338872753,-0.00806462135402248,0.0532351903224249,NA,NA,NA
2024-11-24,0.00241624032647889,-0.0096344055056808,-0.00889199384142698,-0.0252283144736811,-0.0412925241291033,0.0132423220854741,0.0352463286991612,0.0316667902408262,NA,-0.0248732366562013,0.0622677001724926,-0.000302357580412293,0,-0.033333116111779,0,-0.0413281502503815,0.0259682430706751,NA,NA,NA
2024-11-25,-0.0514096372932905,0.0147213910492589,-0.0758434717907337,-0.0119305558981205,-0.0786845706441138,-0.015508330495054,-0.0667517326894032,-0.0315752970153749,NA,-0.0484555992619935,-0.0970675435854972,-0.0888363726910579,-0.0392207271455078,0.00457862011408058,-0.110000930466061,-0.0653827493060162,0.00968567796502962,NA,NA,NA
2024-11-26,-0.012069852534281,-0.0258251207041483,-0.014904570961419,-0.0100116890631901,0.0163020156470866,0.0328626404121845,-0.0203767001612045,-0.00277902546559544,NA,0.00734720095110973,0.00920886342744378,-0.0146540241900039,-0.0408219338872753,-0.0535831824409118,0,-0.0367013791026088,-0.105043810223203,NA,NA,NA
2024-11-27,0.0423288133049569,0.0947853875464588,0.0478624587671916,0.0497567745849729,0.0527971611844812,0.026148158919705,0.0467447374824586,0.0753671690792143,NA,0.0444736875975179,0.0391651244987293,0.0352494428515096,0.0800426610327831,0.0334078639610638,0.0229895259159859,0.0545590023034265,0.0825971534371888,NA,NA,NA
2024-11-28,-0.00323631000313282,-0.0214011466680937,-0.018907154811629,0.0454805602120068,0.0197011017499657,-0.024720374648667,0.0183139374575073,-0.0401166969906185,NA,-0.0167521363188375,-0.0118148156032265,0.00122711511458299,0,-0.0118627088824952,-0.0229895259159858,-0.0178576232008177,0.0413411220289834,NA,NA,NA
2024-11-29,0.0187361629072075,0.00381494337423077,0.0240415883720308,0.153314802726729,0.0410887965170333,0.0474981075591281,0.0473020364861269,0.0181898636273666,NA,0.0839303295589584,0.0625504735371788,0.0575644666235361,0,0.0640900851753231,0.0889475148179113,0.0397403099211805,0.0131681207213557,NA,NA,NA
2024-11-30,-0.0104427304650976,0.0307485156955574,-0.0241268179895283,0.0788410485421589,0.00193329460457561,-0.000695689665876039,-0.00793979895854145,0.0392413082445332,NA,-0.0132351799860008,-0.0208067895628136,-0.00912478139584966,0.037740340938612,-0.0315059201237841,-0.0434851257004149,-0.00433837147040947,0.0548696183099645,NA,NA,NA
2024-12-01,0.00857631162029024,0.00147224301276816,-0.00283822204000342,0.17685339332473,0.0683376076177577,0.00442199348590333,0.0372669163894457,-0.00702850537177663,NA,0.154869130252954,0.0378063535560552,0.0418904342849968,0.138150323268241,0.0543915424487123,0.0219789137486859,0.0467176088157927,0.0100920318063344,NA,NA,NA
2024-12-02,-0.0146471197983608,-0.0182094067558613,-0.0488995311656809,0.156688352670882,0.0394820011729504,0.148545060025762,0.0703866628386842,0.2839151798526,NA,0.105990768173873,0.0636964630275281,-0.0355145874858683,-0.0327898345584066,-0.0750466212330877,-0.0674413028661823,-0.0598469364910458,-0.00928343535945966,NA,NA,NA
2024-12-03,0.00142660346856026,-0.00646584685219867,0.0367211722573912,-0.0719019405256838,-0.00304185093585172,-0.0254303849637052,-0.0158264653878967,-0.035456037954224,NA,-0.0111345780575636,0.0106608779370288,-0.0403344930831082,-0.0339015014966633,0.0531584400239279,-0.023530505467733,-0.00884961841102208,0.0335657219386827,NA,NA,NA
2024-12-04,0.0284083108720062,0.0591483349459118,-0.0219340073638164,-0.0701451363694225,-0.0090599733559006,0.0350239522535531,0.0686907000229286,-0.00463647598876265,NA,0.0184603607393084,0.0333587936357022,0.0573481321080786,0.129211714373523,-0.0296559040212206,0,0.0477314502313842,0.0381632890603928,NA,NA,NA
2024-12-05,-0.0222668653122219,-0.0079251353622021,0.0210727736424022,-0.0254819873130343,-0.0021989101558542,-0.0385538687058438,-0.000381138841479149,-0.0296477931291481,NA,0.00773424541911786,-0.0279312614868047,-0.00317896583680599,-0.0625203783184532,0.0271979777615264,0,-0.0214141326746995,-0.0393063689663026,NA,NA,NA
2024-12-06,0.0338648017678092,0.0498521437821613,0.0129600354567299,0.054900424951033,0.0384140105557792,0.0342268053213464,0.0170278362770195,0.0980253797938148,NA,0.00699001384279431,0.0758061924719894,0.0118274931260133,0,0.0624969883848963,0.023530505467733,0.0256424393848358,0.0113124502006994,NA,NA,NA
2024-12-07,0.0000262704848226063,-0.000778652392771028,0.00629476536654421,0.07616192667689,-0.0138316598636664,-0.0175183287140421,-0.00714010165425462,-0.039940245900196,NA,-0.0176901091108949,-0.0211541562755883,0.0408736485659822,0.0317487093165324,0.107252225727656,0.0889475148179113,0.0848993866697534,0.0685960152598352,NA,NA,NA
2024-12-08,0.0130513278197411,0.000752201208582269,-0.00789375110747613,-0.00316795230392823,-0.0148561901841168,0.0427576770275998,-0.0205598649211452,0.0527792515731353,NA,0.00984831092936344,-0.00673047692036886,0.0291167666089636,0,-0.0401849714206097,-0.021506211951729,0.00386850639482125,-0.00518150365466301,NA,NA,NA
2024-12-09,-0.0382925034662132,-0.074347921322448,-0.0852069517013296,-0.161682044078814,-0.171705215759655,-0.175985369776498,-0.201399047684457,-0.156970367852297,NA,-0.198462070065238,-0.18442774187587,-0.119363856028606,-0.169899032584774,-0.195696381225016,-0.165079807139497,-0.0845573896805631,-0.217545329474882,NA,NA,NA
2024-12-10,-0.00780279355398795,-0.0236338879518462,-0.0163135454689964,0.0655004497571553,0.0124397940022351,-0.0131369418423321,-0.0138163129054201,-0.0058139731003811,NA,-0.0088459797654815,-0.0590357330001576,-0.0499312747295515,0,-0.0727507694142335,-0.0800426377124056,-0.0695932526900276,-0.072858943963544,NA,NA,NA
2024-12-11,0.0454729495707633,0.0538636687806133,0.0617604084635276,0.0129624482902799,0.0651982987669735,0.0802693934427037,0.0701519015817441,0.081066437510647,NA,0.0674467803574105,0.105756348753651,0.0493838278338967,0.0714589872131715,0.0670353580147969,0.0800426377124055,0.090384059849771,0.0663805674920391,NA,NA,NA
2024-12-12,-0.0112321381496045,0.0130328539813727,-0.00184882201792039,-0.0241638511085032,0.0326384459310979,0.093648954893922,0.00634522889057106,0.195214860991706,NA,0.0146580864256968,0.0129414595314928,-0.0193517137187948,-0.0350913310119436,-0.0343990945519955,-0.0259754962223672,-0.0165978969214115,-0.00202878474965997,NA,NA,NA
2024-12-13,0.014057223472297,0.0072113869709226,-0.00969070195967161,0.0329784037696558,-0.00482400100194162,-0.00789897224166336,0.00289077649217347,-0.00901073140489169,NA,0.0403742666728268,0.0275181144890173,0.00621122278793193,0.0350913310119436,-0.00979659260157483,0.0259754962223671,0.0207046504044202,-0.0114093665463718,NA,NA,NA
2024-12-14,-0.000850841793417154,-0.0110032449883067,-0.0224735468507171,-0.00938342551483322,-0.0542214736080672,-0.0559760855391332,-0.0611217767880031,0.00303940423099356,NA,-0.0494915755890233,-0.0251499509667166,-0.0275214801107524,-0.0714589872131716,-0.0267605271408905,-0.0800426377124056,0.012220086223618,-0.0576585418341618,NA,NA,NA
2024-12-15,0.0284523776965288,0.0213645435758818,0.0172131569772883,0.0199133234847571,0.0381099922532198,0.0183297393252173,0.0543818235464666,0.0038062007706669,NA,0.0246926314845162,0.0143704872623754,0.0206311418422163,0.0363676562012279,0.00330413195342587,0.0273989823817601,-0.0626508956353917,0.0181431105170918,NA,NA,NA
2024-12-16,0.0164605674430302,0.00895280078884209,-0.0332886681761275,0.0169012555862249,-0.0209605398896448,-0.0353198391952945,-0.0312678869654157,-0.0165381457511513,NA,-0.0249741308812806,-0.0227548744356419,-0.0107349808007754,-0.036367656201228,-0.037583935540784,0,-0.0217873931454883,-0.0315133833136219,NA,NA,NA
2024-12-17,0.00104522463303619,-0.0255822138989845,0.0295216285193449,0.0302889900859363,-0.0256597241069766,-0.0238462893381665,-0.0318601922517344,-0.0325455144380883,NA,0.0544303827992886,-0.0420840822686477,-0.019082020972576,-0.0377403409386121,-0.0158350846721321,-0.0273989823817601,-0.0358783005445165,-0.0453473921199578,NA,NA,NA
2024-12-18,-0.0591791546537702,-0.071437414597912,-0.0766219981735676,-0.107681877551646,-0.082330860239727,-0.111206999412662,-0.0975305267164588,-0.111377664789095,NA,-0.13926758652585,-0.108110207658556,-0.0965639739582974,-0.0800426610327831,-0.157907490599725,-0.149531782868528,-0.142047598553067,-0.114714271734231,NA,NA,NA
2024-12-19,-0.0258259051251426,-0.0571055507010413,-0.0604039231255137,-0.0239134453140708,-0.0895112129676637,-0.0953551152694915,-0.098875476017556,-0.0837033799690278,NA,-0.0851053324155465,-0.111802393667453,-0.127859724138726,-0.0870114045500747,-0.106434695297331,-0.0666913360550699,-0.117125352252328,-0.0746504685106987,NA,NA,NA
2024-12-20,0.00271427355318317,0.0158556794980721,-0.000393004678970397,0.0123714569095145,0.0713709372925296,0.0230258000712306,0.0459866577924188,0.0204090172267081,NA,0.0166761821863554,0.00983748355881118,0.00836626405156953,0,0.0135569927110683,0.129211714373523,0.0462509490578347,0.0386694607915891,NA,NA,NA
2024-12-21,-0.00544879117211963,-0.039751344867883,-0.0687695240771416,-0.0171760727763336,-0.0499288435095153,-0.0625846010352543,-0.0451844380856666,-0.0544311368282926,NA,0.00100831884686621,-0.0585471298756168,0.0101400737655109,0,-0.107877924855335,-0.0953102128768598,-0.0581558551733868,-0.0546635619271984,NA,NA,NA
2024-12-22,-0.0220441803820154,-0.0180471847228552,-0.00626630368484759,-0.0174789638115809,-0.0242987727946338,-0.0239640918664556,-0.0204068702924977,-0.00360720337061585,NA,-0.018905512130519,-0.0182873487141808,-0.0276701487572283,-0.0465200313837189,0.0129202879192971,0.0327898345584066,0,0.0083682678710746,NA,NA,NA
2024-12-23,-0.00441217544912098,0.0413157889104339,0.051832050190015,0.0259988932698599,0.0456802691012959,0.0665408069120545,0.0757639314914753,0.104636636511718,NA,0.0676973054784885,0.0807067196748018,0.0378008169369414,0.0465200313837188,0.0561238648087805,0.0317487093165324,0.0637897158462588,0.0464803524202517,NA,NA,NA
2024-12-24,0.0412739940682794,0.0220814483331407,0.0374211599089264,0.0294057613938627,0.0131285439180528,0.0544512605990427,0.0252156777044584,0.0384899587099716,NA,0.016631709175885,0.0163359814065048,0.0384381684151376,0.0444517769501965,0.0130634293424108,0.0307716690019207,0.0167134461951237,0.0497982881337403,NA,NA,NA
2024-12-25,0.00629476156273707,0.000339441228200361,0.00248461921403522,-0.0124029359364969,-0.0211531614700217,-0.0236709296495372,-0.00837119933582882,-0.0404463590126158,NA,0.0115059988636765,-0.0165429167525289,-0.00776173262106579,0,-0.0347994869067823,0,-0.0167134461951237,-0.019640716655664,NA,NA,NA
2024-12-26,-0.0359215932968038,-0.0474879882201469,-0.0480312103723218,-0.0636714132656348,-0.0642712850028614,-0.0765942241148714,-0.0783745030805284,-0.075598790230284,NA,-0.0702753853118658,-0.067668562508017,-0.0682722224048017,-0.0444517769501965,-0.0757194204653714,-0.0953102128768598,-0.0342890848859343,-0.0492075158733013,NA,NA,NA
2024-12-27,-0.0171688048649555,-0.000693329871364246,-0.0235983183897002,-0.00590744082949927,0.0172763480840546,-0.0216998643054453,-0.00439940486961379,-0.0508557037639667,NA,-0.018055932089217,-0.00513969563409172,-0.00391475979618653,0,-0.00812229243032509,0.0645385438749389,0.0172914613345878,0.0118089057211683,NA,NA,NA
2024-12-28,0.0105539109069126,0.0205112599817228,0.0590658371508846,0.0181262640119779,0.0148069392936357,0.0318690652408359,0.0294937862554292,0.020094257064379,NA,0.00269503034264808,0.0236306419374802,0.0405848478527468,0,0.0535173144545172,0.0307716690019207,0.0337110697464703,0.0429477167123352,NA,NA,NA
2024-12-29,-0.0173163173686014,-0.0143431936693903,-0.0273917843890292,-0.0410183933841128,-0.0334159092517277,-0.0499551239890393,-0.0346415689767844,-0.0478963118225436,NA,-0.0232297160978943,-0.0485316132484086,-0.0300819101384172,-0.0465200313837189,-0.0464977053360393,-0.0625203783184532,-0.0568334108214369,-0.0516503412034573,NA,NA,NA
2024-12-30,-0.00952898919172895,0.00205166991534825,0.00674307345988426,-0.0171582836808451,0.00160239859939026,0.00221353693402624,-0.0244160709241298,-0.0171147250166316,NA,0.0104681799833002,0.00841657152415073,-0.00256757124248396,0,-0.00596008601924443,0,0.0173917060313012,0.00702417658503969,NA,NA,NA
2024-12-31,0.00844829005287248,-0.00713446286003939,-0.0092748480918423,0.0109032794608689,-0.0190781144391845,-0.00600937833919338,-0.0092616861141919,-0.0286879279251591,NA,0.0371555215444061,-0.0251794258987105,0.00688824551989693,0,0.0187235280565201,0,0.01709439792214,-0.00711818856472113,NA,NA,NA
2025-01-01,0.0105463864569463,0.00627351729570147,0.0240616839596808,0.110146305298025,0.083878791488582,0.0545894818787454,0.0576031199720572,0.0803518053299973,NA,0.0167751770740518,0.0539072439124341,0.0269553058178045,0.0465200313837188,-0.00188389093754555,-0.0327898345584066,0.00563386067287187,0.0183474181363751,NA,NA,NA
2025-01-02,0.0257937106935461,0.0287719812471198,0.0692103825877597,0.0342961652777381,0.0465805277861092,0.0399342953709471,0.0198090632243051,0.016726483726087,NA,0.00264631239124814,0.025883099113436,0.0431614342500137,0.0444517769501965,0.0858918746071654,0.0645385438749389,0.0331522179802481,0.0273990345833611,NA,NA,NA
2025-01-03,0.0125190387534923,0.04354668421094,0.0469178809570593,0.020397536510735,0.125944524508501,0.0654537269424442,0.0776038093862289,0.0597868980728997,NA,0.0698008454698175,0.100050683414425,0.113423066128893,0.0425596275998782,0.0674841372018464,0.117783073551995,0.0883691410069267,0.044689826829942,NA,NA,NA
2025-01-04,0.00131195370335783,0.0145119104984092,-0.00517718424320282,-0.0136692434020172,-0.0175563610253733,0.0188813767779182,-0.00817446544455668,0.00914688888141409,NA,-0.0135773400643177,-0.0141154280305395,0.0399704846670711,0,0.00481184990200089,0,-0.0100000866088461,-0.007584913088082,NA,NA,NA
2025-01-05,0.000801159028472862,-0.00647386808185375,-0.0150196753486259,-0.00824514698913151,0.0203871320188012,0.00928563685484598,-0.000685669874659283,0.000925888987732006,NA,0.0379356975464071,0.00599136814939964,-0.0313492017066403,0,-0.0332123255708189,-0.0571584316731776,0,-0.0156083039973772,NA,NA,NA
2025-01-06,0.0375618565168179,0.0148875313185879,0.0246681871064632,0.00791943060361954,0.00060062637620255,0.023360088654438,0.0113379845469339,0.00777910451427599,NA,-0.0126820174592633,0.0150621825776389,0.0140011935869103,0,-0.00859583381838912,0.0289875460446273,0.0149628415442004,0.0091852198425044,NA,NA,NA
2025-01-07,-0.0518242829786953,-0.0869077685531822,-0.0783997549800186,-0.0624598853441659,-0.0979760998758,-0.116033466492725,-0.101758741671193,-0.107365790671807,NA,-0.103137771344812,-0.094822236931719,-0.107437054617347,-0.0870114045500747,-0.116970356804186,-0.121360897239977,-0.132117974595401,-0.127231946058977,NA,NA,NA
2025-01-08,-0.0195788576965656,-0.0164728873996477,-0.0233693904439295,0.0443112535693894,-0.0453459743881129,-0.0481000594910628,-0.0368777835968951,-0.0449166528525959,NA,-0.0131091159727872,-0.0472913403922431,-0.0179218720756303,-0.0465200313837189,-0.0803202855119574,-0.0666913360550699,-0.0581558551733868,-0.0572863391034655,NA,NA,NA
2025-01-09,-0.0272988491790357,-0.03266486590658,-0.0655450496550436,-0.0430525672999603,-0.0453589373727692,-0.0335357724155885,-0.0306158146499162,-0.0403721092000165,NA,0.00752712951274098,-0.0121879216264171,-0.0643686460945797,0,-0.105524388202714,-0.0714589872131716,-0.0303975315106602,-0.0276055442907486,NA,NA,NA
2025-01-10,0.0236932656291591,0.0148175715588578,0.0137085531736304,0.0294664274616124,0.0277174478616223,0.0136728091925426,0.0268862693153841,0.0311072640807739,NA,0.0169789147761944,0.0397146036727482,0.0399171738975434,0.0465200313837188,0.0115214177616195,0.0363676562012279,0.0183491892977554,0.0245639085693984,NA,NA,NA
2025-01-11,-0.00142506249786367,0.0044972412685268,0.00221706222079254,0.0949970186195664,0.0655185114928504,0.0110833884740781,0.000059673061718264,-0.00366441807732255,NA,0.00343556869993791,-0.00501722851668163,0.0206663449741349,0,0.0123980777373725,0,0.00604227248439307,-0.00126130893584935,NA,NA,NA
2025-01-12,-0.000826809568998313,-0.00496830034739452,0.00300016834995855,-0.0277235391460436,-0.0264589899908443,-0.0145890195312164,-0.0161220169225438,-0.0177399269909753,NA,-0.0195654801650296,-0.023865115439806,-0.0147613806500585,0,-0.0190667593334618,0,-0.0182375493656588,-0.0236255918215205,NA,NA,NA
2025-01-13,0.000297197889065057,-0.0407624708626445,-0.0308322057494438,0.00660970855570724,-0.0248933431381309,-0.0353185341373582,-0.035664584104924,-0.0242997367208685,NA,-0.0387493261186715,-0.0276230515511086,0.00694104679784619,-0.0465200313837189,-0.036888212149207,-0.07410799713984,-0.0503251000147122,-0.0644955230295983,NA,NA,NA
2025-01-14,0.0211210930715596,0.0277364087279762,0.0251852954063659,0.0563308089524593,0.0517393644160188,0.0337960030503712,0.0410514944910254,0.0478514158470586,NA,0.0393478558488973,-0.00116848370030928,0.0513375873815197,0.0465200313837188,0.0382322694358785,0.037740340938612,0.0441711875982227,0.0461283722856993,NA,NA,NA
2025-01-15,0.040306661406227,0.0680050624458269,0.0936743606471164,0.167253168831992,0.0812814292299867,0.0878166684206893,0.072405629194162,0.0851041049125289,NA,0.134953642537711,0.0621795656962183,0.0798180687311468,0.0444517769501965,0.133706853673363,0.0714589872131715,0.0598981624709848,0.0516223647599853,NA,NA,NA
2025-01-16,-0.00746613592099961,-0.0420819150241249,0.0254916623412582,0.028274866583982,0.0100910824329322,0.00489639988952186,-0.00206287815475267,0.0395160551657482,NA,0.0587046026291176,-0.0136037574250819,-0.0235092770422882,-0.0444517769501965,-0.00321779827966164,-0.0350913310119436,-0.0175957248447725,-0.0318563006466472,NA,NA,NA
2025-01-17,0.0460874538869578,0.0488893894473718,0.0389687412007794,0.0162270318586888,0.0404715858785667,0.0329869229944702,0.049423871829346,0.0876365289604814,NA,0.097231014197985,0.0696047644703367,0.0989621053640734,0.0870114045500747,0.0607892898586769,0.164303045385467,0.0904570575607719,0.0859892944075733,NA,NA,NA
2025-01-18,-0.000516768544455899,-0.0496621781129339,0.175941123879513,-0.00749046522074769,-0.0295480378593517,-0.0532344250698205,-0.0644831745984041,-0.0406490742236289,NA,-0.088353546548714,-0.0684983051495382,-0.0489198854347938,-0.0425596275998782,-0.0566105089645256,0.0298529728768971,-0.0963918381837324,-0.0665008728132399,NA,NA,NA
2025-01-19,-0.0322996292772465,-0.029727086231321,-0.0440436159208634,-0.102615433517488,-0.106040043606837,-0.0981884259149587,-0.122369554292736,0.00566136588556615,NA,-0.0837238312599183,-0.113214658297285,-0.101764746328462,-0.139761989827056,-0.141980829596877,-0.0606246418788178,-0.154150636517987,-0.0933399810578421,NA,NA,NA
2025-01-20,0.00912882807456601,0.0212960252599856,-0.0338324349639857,0.0479460085263832,0.0174548382606933,0.0106952697243431,0.0226565687424437,0.0332440133573637,NA,0.0264398157187176,0.0301353140048903,-0.00884103878097419,0,-0.0992288608319652,-0.064538543874939,-0.0210534672506853,-0.0379942030722793,NA,NA,NA
2025-01-21,0.0396818342587629,0.0149488169348559,0.0331435053888899,0.0221934300547117,-0.0039635861914664,0.0264716776638976,0.0389170926582765,0.0590723860365259,NA,0.00404339747161046,0.0264410663539574,0.0467431440228096,0.0487901814931409,0.0431810701094191,0.0645385438749389,0.0348467935359648,0.0346309616365127,NA,NA,NA
2025-01-22,-0.0237685469930423,-0.026550445302571,0.0268845596950056,0.000537790390905874,-0.0231698407736031,-0.00464274430312916,-0.0286795099345506,-0.050248777432829,NA,-0.0312512500324378,-0.0063741073658658,-0.0231989926490099,-0.0487901814931408,-0.025363417711631,0,-0.0277795725299475,-0.00910265657829481,NA,NA,NA
2025-01-23,0.0029584026842158,0.0287443006707829,-0.0148121783252628,-0.0162820362535103,0.00594172107862786,-0.0320602254008895,-0.0135179543996556,0.0142899638977169,NA,0.0108920086514121,-0.0119815803932986,-0.0299235707538659,0,0.0010029379799847,-0.0317487093165324,-0.0070672210060174,-0.0213278746820708,NA,NA,NA
2025-01-24,0.00823181116278129,-0.00757323334521573,-0.000370859660124279,-0.00527302550748865,-0.0163353001841565,-0.00715734062713854,-0.00611514232257462,-0.0183102993271657,NA,0.0186055034825056,0.0145499722076095,-0.00458836525036159,0,-0.102185352686729,-0.0327898345584066,-0.0287789750965474,-0.0479581700781753,NA,NA,NA
2025-01-25,-0.0010006574570037,0.00232829559244253,0.0106485940956959,0.00200314702402249,0.00592987768331342,0.0356636787562962,0.00112997372273954,-0.0105742828667412,NA,0.0435832882020706,-0.00238059739605797,0.00861879931121803,0,-0.00205636060055911,-0.0339015014966633,0,0.00363710859669668,NA,NA,NA
2025-01-26,-0.0195973135639244,-0.0247625210124463,-0.0611515962395562,-0.0272112204933905,-0.0232044688121451,-0.021076077903927,-0.0221018954243893,-0.000521573313884388,NA,-0.0562067382332226,-0.0143694724720537,-0.050583029970479,-0.0512933135348081,-0.0527419903805049,-0.0714589872131716,-0.0524464394217126,-0.0215116342838459,NA,NA,NA
2025-01-27,-0.00580957785144812,-0.0178378476986757,-0.0244109581342625,0.0088683601588099,-0.0232164299924239,-0.0473332880170775,-0.0397703438779779,-0.0310810431701301,NA,-0.0198873787850453,-0.0197639605462682,-0.00747298424802992,0,-0.0263583887021874,-0.0377403409386121,-0.01550419178305,-0.0630899732709073,NA,NA,NA
2025-01-28,-0.007425167615396,-0.0325499723638392,-0.0340541275023168,0.00259556943245822,-0.0182022039495336,-0.0626330424246803,-0.0495881562855631,-0.0655995354662247,NA,-0.0415722536111492,-0.0537169047290036,-0.0451848864500627,-0.0540671414900384,-0.101639293257349,-0.122602288632661,-0.115831793585557,-0.11479024429544,NA,NA,NA
2025-01-29,0.0231261207465303,0.0115949046291258,0.00325593430710076,0.00234084962300495,0.0269362083624295,0.0200917110413672,0.0189048057711848,0.0435308193537459,NA,0.0484384663932722,0.0266660880967497,0.0149006484658219,0,0.103223954403109,0.0425596275998782,0.0759859303282347,0.052972800216134,NA,NA,NA
2025-01-30,0.00990318110772679,0.042385117281022,0.0474563298411658,0.0202527396417604,0.0209108530129521,0.0457687189245098,0.0611326226307998,0.0354151752641971,NA,0.115937493628765,0.06523046068343,0.0233312261974374,0.0540671414900384,-0.0223923469892777,0.0408219338872753,0.0161293866622136,0.0288550431201137,NA,NA,NA
2025-01-31,-0.022500491172309,0.0154249190535988,-0.031384983953181,-0.0310246812157758,-0.019740632605444,0.0025460635985136,0.0307783730180261,0.0271883272391917,NA,-0.0147235065375554,0.00284608095914131,-0.00842430892542062,0,-0.0156969923958263,0,0.0769609549025571,0.00379453376092223,NA,NA,NA
2025-02-01,-0.0172279369718287,-0.056099456678397,-0.0802044894933597,-0.051008942231285,-0.0481406399810695,-0.0666036870699638,-0.0648405812058213,-0.0872059424734442,NA,-0.0737212518037832,-0.0665825613875586,-0.0639724280697382,-0.0540671414900384,-0.117350904269472,-0.12783333843735,-0.117783022182387,-0.146094219922499,NA,NA,NA
2025-02-02,-0.0299191082065488,-0.0834406769982787,-0.0511758151801786,-0.111630945412065,-0.113323321896229,-0.154427069227141,-0.139961323421611,-0.120703953329019,NA,-0.0826511486932279,-0.181365687862579,-0.142104943018123,-0.182321617426934,-0.0651769041741507,-0.146603526411668,-0.182321556793955,-0.188444098233388,NA,NA,NA
2025-02-03,0.0373378366646469,0.00551820042812276,0.0621755664226526,0.0459698995195624,0.0121727614444106,0.0300647987700071,0.00727846557157528,0.057812822930326,NA,-0.0233708370635461,0.0121388225227856,0.0633499191668719,0.125163185753757,-0.095763146628296,0.051293313534808,0.0582689287163089,0.0242048384532138,NA,NA,NA
2025-02-04,-0.0354678933406194,-0.0532244994273533,-0.0428076345454745,-0.0633185376231312,-0.0837718133060511,-0.0689634983512065,-0.0877475599892062,-0.0758055581970652,NA,-0.0528204824804401,-0.0481401437541225,-0.0760087581180945,-0.0606246418788178,-0.0691019635428526,-0.105360455024847,-0.0784716434582752,-0.0648064317892641,NA,NA,NA
2025-02-05,-0.0129200487537534,0.0190950589664545,-0.0551088751024702,-0.0622885846371519,-0.0177544924720032,-0.0248928291615074,-0.0121952115096452,-0.0437513091654497,NA,0.0189185642944847,-0.00341707592963154,-0.0304072088260635,0,-0.012573893084399,0,-0.0416726347934582,-0.0285733008104278,NA,NA,NA
2025-02-06,-0.00022926951799646,-0.0362986923409433,-0.0322282259074692,-0.0235443655314526,-0.0391451071646787,-0.0541956371588891,-0.0435261422091314,-0.0322835559312882,NA,-0.0165659634965803,-0.0603772598599855,-0.0323198395265525,-0.064538543874939,-0.109075792359054,-0.0571584316731776,-0.077386688526989,-0.0923529763882705,NA,NA,NA
2025-02-07,-0.000664976673661764,-0.0249286237438279,0.0127347530707385,0.0282631262093361,0.00287649685853188,-0.00230823396126526,0.02145546942792,-0.0112119337385359,NA,0.0149078398358679,-0.00815456662394304,-0.00594708395574646,0,-0.0492543873938974,0,0,-0.0280327741954256,NA,NA,NA
2025-02-08,-0.000483212699446637,0.00384323641277543,0.0377541649634162,0.0127827449040934,-0.00744394151277676,0.00606693920868636,0.0332154352777536,0.00421131794831502,NA,0.0141289347631254,0.0457020604642959,0.0266200567810093,0.0645385438749389,0.0584020162758757,0.0571584316731776,0.05588047657526,0.0820635623509635,NA,NA,NA
2025-02-09,0.000182820937279434,-0.00136367177984809,0.004487210754614,-0.011381255293616,-0.0276612811051165,0.012656384838696,0.005680183816602,-0.00867100828188175,NA,0.0261498418786472,0.00103620532012834,-0.0158234513461482,0,-0.109305157032544,-0.0571584316731776,0.0215062119517289,-0.0312559875833102,NA,NA,NA
2025-02-10,0.00966772822799494,0.0122671647820378,-0.000704520202863361,0.0106880956572546,0.0401835758624065,0.0287496191010202,0.0143188362832152,0.0248717829432797,NA,0.111068432325409,0.0501579925244281,0.023665702139594,0,0.0182166402743996,0,0.0105821125896445,0.00426916990299196,NA,NA,NA
2025-02-11,-0.0174979243693831,-0.022183787478294,-0.011919609821223,-0.00350640261303575,0.0922825285277711,-0.00972202351004463,-0.00676511943628506,-0.00662121035375553,NA,-0.00322125373796497,-0.0221029459371801,-0.00841100369918281,0,-0.0459726792947429,0.0571584316731776,-0.0320883245413734,-0.0249728995696695,NA,NA,NA
2025-02-12,0.0220883159193475,0.0502457939539772,-0.00612307552546996,0.0239906776518381,0.0251181994235965,0.0424929076529248,0.08379427510111,0.0284699128612665,NA,0.0194272140976565,0.0759038503615553,0.0425395593474122,0.0606246418788178,-0.0359895847899216,0,0.093331895942281,0.0816329583524343,NA,NA,NA
2025-02-13,-0.0129763165895202,-0.0225399207159828,-0.0118234786532653,0.0356239144696007,0.0143086223996221,-0.0415207560243314,-0.0186267581903115,-0.0329515272396043,NA,0.0344197919321006,-0.0175462926796997,-0.00619054333620546,-0.0606246418788178,-0.0241193835074228,0,-0.0404095531913171,-0.0364618368584994,NA,NA,NA
2025-02-14,0.0091185779172293,0.0185821782494588,0.0277642736525546,0.0670402408408508,-0.0127046149366832,0.0377808096293974,0.0106624734683857,0.0450621253039833,NA,-0.00947365209293696,-0.0151509758118824,0.0353203781380083,0.0606246418788178,0.209691869711543,0.0540671414900384,0.0304592187361898,0.0503480342093674,NA,NA,NA
2025-02-15,0.000731796241549984,-0.0120052478650752,-0.0276556026094634,0.00777283865191541,-0.0245293177005503,-0.0348858757541404,-0.0319788750010103,-0.0224668406493102,NA,0.067321195882059,-0.0175336718819705,-0.000754195019218038,-0.0606246418788178,-0.0552237553652533,-0.0540671414900384,-0.0304592187361897,-0.0437776584185833,NA,NA,NA
2025-02-16,-0.0145063836274557,-0.0112917377009369,-0.0313141777344904,-0.0122977241745557,-0.0117249158815282,-0.0259350841453955,-0.028914295389233,-0.0147402771861213,NA,-0.0639093455281948,-0.0146401010543143,-0.0222683784064497,0,-0.0447528519515207,-0.0571584316731776,-0.0314161307992348,-0.0111954092707474,NA,NA,NA
2025-02-17,-0.00418496840066224,0.0295530832150876,-0.0589868663353614,-0.0258275457013912,0.0456019470744528,0.00768289405028029,0.00154914358301107,0.020876193700003,NA,-0.0261977950835053,0.0114078914566424,-0.0289852939073336,0,-0.0437173501480391,0,0.0210534156481491,-0.042847602514805,NA,NA,NA
2025-02-18,-0.00244453999348472,-0.027294188903543,-0.0496416675285105,-0.0381081560187742,-0.0713740467110098,-0.0635264320552379,-0.02698040606539,-0.0686542121114065,NA,0.057063094767391,-0.0533434859285213,-0.0284746269357987,-0.064538543874939,-0.0245333980870695,-0.125163185753757,-0.0317487080940929,-0.0551815484849691,NA,NA,NA
2025-02-19,0.0114070351899248,0.0172450630691504,-0.00043470805020813,0.0686813888038251,0.0269863778969584,0.0101527422148588,0.025746967397807,0.00815231907279309,NA,0.0432596433057504,0.0263914840457308,0.0152948886145682,0,-0.0112559363450277,0.0645385438749389,0.0317487080940929,-0.00904984788890148,NA,NA,NA
2025-02-20,0.0174219113580324,0.00902307004699353,0.0407990985092774,-0.0184012639461726,0.0399833100387091,0.0581932199160321,0.0332939524596137,0.0176514650265571,NA,-0.0347100650191951,0.0492594196297082,0.000361046744738457,0.0645385438749389,0.0582490307703528,0,0.0103627151510856,0.0387953888328986,NA,NA,NA
2025-02-21,-0.0227140947042454,-0.029902349843719,-0.0415044568320861,-0.0458886571440252,-0.055067865765345,-0.0253922056260794,0.00172094281554413,-0.0506948858756711,NA,-0.019730886571488,-0.0329528228524469,-0.0629630050613002,-0.064538543874939,-0.00464303399318592,-0.064538543874939,-0.0421114232451786,-0.0392869138698585,NA,NA,NA
2025-02-22,0.00469334730219672,0.0384928955602369,0.0191835932353235,0.00216334590559349,0.0170348679278377,0.0515586051563984,-0.0023079466879907,0.0210530276924916,NA,-0.0156711294208931,0.0412130590780777,0.030514811004108,0.0645385438749389,0.0920357390893772,0.0645385438749389,0.052367927239402,0.101148181459241,NA,NA,NA
2025-02-23,-0.00315098307034173,0.0205119180975236,-0.0242500348566941,0.000509992122416963,-0.00571189929498785,-0.0367262146526347,-0.0170825414726187,-0.00709022305654762,NA,0.0303354159806767,-0.0179875237002813,-0.0151101734585698,-0.064538543874939,-0.0648454632006587,0,-0.0416726347934582,-0.0366556494402287,NA,NA,NA
2025-02-24,-0.0517532055364913,-0.115397402045497,-0.168437819833704,-0.123366938865501,-0.121117971178338,-0.128672754482752,-0.116548240158071,-0.14569828077018,NA,-0.126849394471852,-0.112737479483677,-0.144340432313177,-0.0689928325086069,-0.171731612019448,-0.207639373523386,-0.136575580315294,-0.209467091264459,NA,NA,NA
2025-02-25,-0.0297766693549972,-0.0080795678339212,0.0148083186772616,0.0186095046343645,0.00055692215657437,0.00230324077790959,0.0487002477055323,0.00308861809611401,NA,0.00133653344088298,0.0224013198129473,0.00960390409815178,0,-0.0120335625886601,0,0.0121213648085468,0.0493448100896128,NA,NA,NA
2025-02-26,-0.0507280862209709,-0.0672329309662304,-0.0665367511556355,-0.0568634209254249,-0.0565734535146233,-0.00614493626240569,0.0227002926864781,-0.00569936226597695,NA,0.0837086805734228,0.0306704075431824,-0.0327740066001195,0,0.0489248800725429,0,0,0.0337753247703333,NA,NA,NA
2025-02-27,0.00422598066095089,-0.0112007271794719,0.0204775196997938,0.00282980480936106,0.000847640021839625,0.0314343745639142,0.038437905902508,-0.00664092055950585,NA,0.0170936540957733,-0.00652666966651782,0.00622268624262433,0,0.0126708724492248,0,0,-0.0049809806889643,NA,NA,NA
2025-02-28,-0.00391796299389704,-0.0297505128114046,0.072912946040157,-0.0244256775063235,-0.0196059301257882,-0.00554053369717121,-0.0442224461627248,-0.0193963228641765,NA,0.00935646825542147,0.0155697194316937,-0.0237836633470969,0,0.0728215252542852,0.0741079971398401,-0.0121213648085469,0.00341069884291314,NA,NA,NA
2025-03-01,0.0194707833624157,-0.00954625320976323,-0.0298563397742517,0.0207599189816983,0.0405745972587229,-0.0224989017761404,-0.0107664713467377,-0.00188354438439829,NA,-0.0292770488098073,-0.0310572096175441,0.0223949918795789,0,-0.0269805521302487,0,-0.0246926214634907,-0.0538053092382608,NA,NA,NA
2025-03-02,0.0912150149568652,0.12814366644777,0.217004672311297,0.293192081683814,0.538407451892943,0.131344026549873,0.108468575933725,0.163346738258264,NA,0.0256201110257996,0.0877496842283302,0.147100569350187,0.0689928325086069,0.219244324719974,0.133531376383546,0.0953102128768598,0.10087287967671,NA,NA,NA
2025-03-03,-0.0908227048294561,-0.160730591981138,-0.228587832166893,-0.207858772483493,-0.278122799695631,-0.175017071022745,-0.149774359721297,-0.186509018013352,NA,-0.148052040013836,-0.148958561937502,-0.18389346475558,-0.143100829648447,-0.166434357580756,-0.287682034556169,-0.173271685519946,-0.202310166153112,NA,NA,NA
2025-03-04,0.0133482006343724,0.0113270391590879,0.0201827167744445,0.0286760944840446,0.0958272901713091,-0.0453326052008112,-0.0330599988450436,0.0290004892326239,NA,-0.0584320984358021,-0.0152762422105275,0.000351591103023533,0,-0.11222975061934,0,-0.0136056560964806,-0.043770631984538,NA,NA,NA
2025-03-05,0.0382554190530362,0.0326240544707295,0.00927752551356266,0.0183080604075492,0.0355650221209356,0.0824701284607617,0.0454940034827459,0.101362390453424,NA,0.0098133227334726,0.0398966150126168,0.0276049814222938,0,0.0106086471332093,0,0.0270286803615711,-0.012542394221934,NA,NA,NA
2025-03-06,-0.00732993151532577,-0.0177756491420831,-0.0201101552259317,0.0396818711762322,-0.0720516458786583,-0.0327248411855473,-0.0213328120323869,0.0362543952441279,NA,-0.0128188522219491,-0.0162173504848597,-0.0147279058488099,0,-0.0178455702736855,0,-0.0270286803615712,-0.0322290466128064,NA,NA,NA
2025-03-07,-0.0364383782693103,-0.0292499392445081,-0.0293482533429402,-0.0883935908408028,-0.105356604277789,-0.0453405307780858,-0.00698451035635844,-0.0685654468328799,NA,0.000809553960533957,-0.00111664520198407,-0.0187846645723966,0,-0.0694332604979494,0,-0.0277795725299475,-0.0209396395266784,NA,NA,NA
2025-03-08,-0.00680265695012163,0.0288109948349966,-0.0164193393934274,-0.0247342356796789,-0.0149347060877309,0.0184467108607674,-0.0262225576533729,-0.0441101728532512,NA,-0.0119494720676025,-0.0357375476403344,-0.0297398133931825,0,0.000905217394685778,0,-0.0285733813552103,-0.0529112678650413,NA,NA,NA
2025-03-09,-0.0666317432215322,-0.0882717578959728,-0.079826283133599,-0.0847802946379279,-0.111001450531132,-0.130984632407401,-0.0657359966803001,-0.101909936380407,NA,-0.0791533660309834,-0.0774041850789416,-0.135600135954476,-0.0800426610327831,-0.187695721379308,-0.182321617426934,-0.156569052648846,-0.154990669483855,NA,NA,NA
2025-03-10,-0.026005355987277,-0.0796765351661055,-0.0665777482332675,-0.0560154229508337,-0.0683117824255843,-0.0977250799446019,-0.0345550383423271,-0.0816783624835725,NA,-0.0759919915558182,-0.0568046088509135,-0.085448521635891,0,-0.03234789716454,0,-0.0344861868888283,-0.0126851578621583,NA,NA,NA
2025-03-11,0.0536729340651247,0.0310491275227028,0.0572690692454637,0.071052261730661,0.0716914875921144,0.0704511128154572,0.0398445010205454,0.0315416876707233,NA,0.031198390781005,0.0773087128406157,0.0635359553425287,0,0.0422503266084151,0,0.0678225576257281,0.0416727226862682,NA,NA,NA
2025-03-12,0.0103269598158153,-0.00567397379033068,0.010477066304959,0.033507989463232,0.0176365978160605,0.0783624419116265,-0.0161481984280481,0.0287800534548073,NA,0.0127261815400954,0.00300196992066703,0.0488290038431323,0,0.0695517240779376,0.0953102128768598,0.0162605266432962,-0.000408249690987576,NA,NA,NA
2025-03-13,-0.0322337677609115,-0.0243986884333195,-0.0263920890767526,0.0045652320126626,-0.0461294318917557,-0.0213623309583351,0.00195855117397032,-0.0343243527133425,NA,-0.0385425290781192,0.00355988352020394,-0.0433677674096293,0,-0.017489205392491,-0.0953102128768598,-0.0327898345584066,-0.0256424330827329,NA,NA,NA
2025-03-14,0.0351765814759244,0.024652646588621,0.078202815204379,0.0457751173642372,0.0500269373502786,0.00378859976505391,0.0490178433061978,0.0488444180331456,NA,0.0368387388729226,0.0932467326690288,0.0399858439817258,0.0800426610327831,0.0757587755687868,0.0953102128768598,0.0327898345584066,0.0349901712863514,NA,NA,NA
2025-03-15,0.00444422215127116,0.0145196855680909,0.0193006900047877,0.0154940407342096,0.0134173358099951,0.0444751269652072,0.0401171931074679,0.0258517503031149,NA,0.013124818784897,0.0812769078890136,0.0245450320047167,0,-0.0140833837098398,0,0.0160003469347342,0.0152552362882543,NA,NA,NA
2025-03-16,-0.0211293785421946,-0.0261253127811946,-0.0758240618939253,-0.0406659616657774,-0.0585083545586157,-0.0596022258270639,-0.0107990615032332,-0.048663118210151,NA,-0.0239630224025186,-0.00543544878819209,-0.0455084095798498,0,-0.072637613975107,-0.0953102128768598,-0.0655972443149302,-0.0791467189506128,NA,NA,NA
2025-03-17,0.0179536985740853,0.0207471142609932,0.0171209392919538,0.0184421812571547,0.0173168305984177,0.0291464933249161,0.0162725932700638,0.048490953400308,NA,0.0220492381403279,0.00133237509948838,0.0306140069031311,0,0.0743099388107823,0.0953102128768598,0.049596897380196,0.0634868669859086,NA,NA,NA
2025-03-18,-0.0162741576821945,0.00287107892717103,-0.0224962427116587,-0.0232001334595221,-0.0225489113306759,0.00896054118573057,0.0178597485594775,-0.00801987651556994,NA,-0.0250050632051751,0.0200490478842192,-0.0318392857297734,0,-0.0431441863239931,0,0,-0.00649612066235474,NA,NA,NA
2025-03-19,0.048787879453061,0.0627756895984291,0.0786944241554169,0.107237663765684,0.0582609870327493,0.0385459552613235,0.0194288618474357,0.0753391629560294,NA,0.0431032113042074,0.00527048943730094,0.0580121070602879,0,0.0739350806723381,0.0870114045500747,0.0317487093165324,0.0185638440066871,NA,NA,NA
2025-03-20,-0.0314259156183106,-0.0374558634745031,-0.0614123406223663,-0.0446481621198385,-0.0365131378601069,-0.0528938774201294,-0.032485156544539,-0.054597361282927,NA,-0.00819744821381623,-0.0153316973990443,-0.0501751990264342,0,-0.0214884422604952,0,-0.0157483623817981,-0.0424726391181419,NA,NA,NA
2025-03-21,-0.00147378663629007,-0.00874216325552892,0.00729216281715327,-0.0230158197484821,-0.0174329378859221,0.0223534804158434,0.0216814190219377,-0.018176263259145,NA,-0.0255069447754893,-0.0188323628131246,-0.0136084665281643,0,-0.0370063092512991,0,-0.0160003469347343,-0.0309281540790909,NA,NA,NA
2025-03-22,-0.00251088025103797,0.00770130497977924,0.000425605188663487,-0.00398139465098964,-0.0059399729686168,0.0137804901443675,-0.0108692726894272,0.018993339444846,NA,0.00355877894835468,0.0604462199250227,0.00168063372110356,0,0.0403433214029637,0,0,0.0441898526058268,NA,NA,NA
2025-03-23,0.0261587898176756,0.012677317190987,0.031519893450868,0.0273335346217874,0.0121480192174922,0.0199608411657941,0.0114467212243143,0.0145815967898725,NA,0.00172774875790678,-0.0153442932545573,0.0289186818875076,0,0.0110903652531309,0.154150658172623,0.0160003469347342,0.0126817007035409,NA,NA,NA
2025-03-24,0.016647018673748,0.0353618675399892,0.0605004081943935,0.00518837415484726,0.0298348443464472,0.079940000215082,0.0264106707514533,0.0442764717371053,NA,0.0244126553982366,0.0304689221422745,0.059915095884365,0.0741079971398401,0.0801760919795542,0,0.0763730042606159,0.0398458405199543,NA,NA,NA
2025-03-25,-0.000311034368590103,-0.00468723360820207,0.0207098442385279,0.00130131132931281,0.0192459907047293,0.0659900860819596,0.00510038628250778,0.0239576131973343,NA,0.0082397124825244,-0.0226862253184889,0.0429226860029215,0,-0.0124655664306499,0,0,0.0273567727424176,NA,NA,NA
2025-03-26,-0.00654715703686912,-0.0287365848319978,-0.0464571062025586,-0.0426117345122906,-0.0232664359159078,-0.038988557242699,0.0115598632180807,-0.0127567735895217,NA,-0.0226236163155391,0.00924282462708582,0.0201609916251122,0,-0.0403878522094799,0,0.0289875460446273,-0.0103152672106847,NA,NA,NA
2025-03-27,0.00317350850323614,-0.00340612547010109,0.00768268840559887,-0.0046140967052636,0.013113068722693,-0.00215797683990466,-0.0139361472731083,0.016162272558479,NA,0.00525743154897557,-0.0153741152902338,-0.0223371429994407,0,-0.014156845125854,0,0,-0.01977955551225,NA,NA,NA
2025-03-28,-0.0329295655003291,-0.0548409957886281,-0.066680459324903,-0.059076962773803,-0.0445201446050292,-0.0768106476418318,-0.0783909544830772,-0.084947340528518,NA,-0.0602428950718183,-0.0567173887654858,-0.0556141109181381,-0.07410799713984,-0.120956785624328,-0.154150658172623,-0.121360897239977,-0.108717376647072,NA,NA,NA
2025-03-29,-0.0210316800081276,-0.0366336179802346,-0.0380778647092254,-0.0295540525664863,-0.0458647172303811,-0.0359242240960668,-0.0544822330998904,-0.0503053592728307,NA,-0.0225398956366483,-0.0689447800067727,-0.0607754569026055,0,-0.0646818572345963,-0.0870114045500747,-0.0666913360550699,-0.095703252810185,NA,NA,NA
2025-03-30,-0.00318995159971266,-0.0116150794867211,0.000441238903368578,-0.00178018394142691,-0.019802377882929,-0.0411259943133407,-0.00331423814072906,-0.0117833884911152,NA,0.00647083995592457,0.0165458950809627,-0.0193287585109034,-0.0800426610327831,0.00824004382987744,0,0,-0.000480657356017557,NA,NA,NA
2025-03-31,0.0026005128116161,0.00951124846910986,0.000413083201319211,-0.0218871090570418,0.00111783938124904,-0.0049894955946078,-0.00418500459368164,0.00930637204341656,NA,-0.0351435113490168,0.0137562910504439,0.00237812687401987,0,-0.0369384661084624,0,0.017094438674874,-0.0101474302215081,NA,NA,NA
2025-04-01,0.0312485205315684,0.0439932043987864,0.0158192361757546,0.0235092965975164,0.0242084395952983,0.0531071708591637,0.0372735241513744,0.0385033252412136,NA,0.0173751037697622,0.000409409759153828,0.0432637114936821,0.0800426610327831,0.00677276034969133,0.0870114045500747,0.0168070628217894,0.00436144898557918,NA,NA,NA
2025-04-02,-0.0320144583229853,-0.0595604475170216,-0.073054490371275,-0.0550212081506374,-0.0546124505138448,-0.0941867058641451,-0.0505816336068791,-0.08221489993676,NA,-0.0328448174231039,-0.0356567509760736,-0.058494703071073,-0.0800426610327831,-0.119463051893529,-0.0870114045500747,-0.0870113439170948,-0.111396275807341,NA,NA,NA
2025-04-03,0.00745365649204108,0.0112569748989951,-0.00592947258747801,0.0183000553672265,0.0130372733236018,0.0066529650267311,0.0204886974093094,-0.00430288226677852,NA,0.0189749763693368,0.0949298547477677,-0.0130881616653568,0,0.0218720732911995,0,0,0.00592832102059613,NA,NA,NA
2025-04-04,0.00887686580650601,-0.000166347699483589,0.0477511222611805,0.0317306611374289,0.0158568446161659,0.00263931663373818,-0.0046399815988686,0.00430420941990381,NA,0.0130279751478127,0.0697509412691278,0.0542698647458568,0,0.0117118256078152,0,0.0357180942064772,-0.00809284052895883,NA,NA,NA
2025-04-05,-0.00405152206907357,-0.00517048431887804,-0.0208024644807102,0.00691427574624922,-0.00878710939893681,-0.0160842534373034,-0.0191093962391936,-0.006849909647985,NA,-0.0204192659363013,-0.0353228104887483,-0.012177986404837,0,-0.00552770985502919,0,-0.0176995827979891,-0.0319234464203552,NA,NA,NA
2025-04-06,-0.065449225225095,-0.135747821283579,-0.128929168572773,-0.111319614318683,-0.133608432826624,-0.112073977391447,-0.0732660292885059,-0.132381670090248,NA,-0.160759498211546,-0.0793485262802138,-0.127152959572346,-0.0870114045500747,-0.144448973641801,-0.0953102128768598,-0.133531439027314,-0.144780087862463,NA,NA,NA
2025-04-07,0.0129675075607981,-0.0137213348593793,0.0112012698707341,-0.0105571518964696,0.0218238865313738,0.042836575824438,-0.0235390872275912,0.0174351649812197,NA,0.00759048872206996,-0.023951860758931,0.0045312960919923,0,0.0293654784802407,0,0.0400053491714378,0.0386735979022807,NA,NA,NA
2025-04-08,-0.0381170762617497,-0.0546327987842089,-0.013093302384353,-0.0559067649209978,-0.0481901193471801,-0.0349254531501005,-0.0630580644760666,-0.0485634876261425,NA,-0.0267323419399227,-0.0399799291489131,-0.050856546239748,0,-0.0747158903525789,0,-0.0816779839648961,-0.0856554934321515,NA,NA,NA
2025-04-09,0.0793890094423811,0.124651610470703,0.120780405102209,0.133922957947624,0.12421996896199,0.134629377458556,0.0763018569690049,0.148681681514035,NA,0.0954320578966918,0.0850639081148647,0.120909655902005,0.0870114045500747,0.151431962917615,0.0953102128768598,0.138836417619544,0.0961721463428457,NA,NA,NA
2025-04-10,-0.0363518545774045,-0.0912832400149294,-0.0539557825036979,-0.0424410688925916,-0.0359229783841432,-0.00624662575602514,-0.0499071769245089,-0.0470612861686991,NA,-0.0305491699616868,-0.0450096012030199,-0.0427084701365982,0,-0.0136045714077797,0,-0.0377403409386121,-0.0433894275030853,NA,NA,NA
2025-04-11,0.0463638537952746,0.028892475031187,0.0745295916798907,0.0287736982841815,0.023962836260548,0.0443674565790516,0.0276500157037308,0.0474402824853853,NA,0.0332083777031918,-0.0207789719395909,0.0409484717431331,0,0.078934526755367,0.167054065582858,0.056089485731352,0.0241281904714358,NA,NA,NA
2025-04-12,0.0223170294885675,0.0475869513297276,0.0845931870392793,0.0644493039866447,0.0540808970234603,0.0660165034907251,0.0422283435698254,0.0375637197378244,NA,0.0307845265764685,0.0250494832590508,0.045915918583534,0.0800426610327831,0.162294630659358,0.0741079971398401,0.0870113439170948,0.0429777317466898,NA,NA,NA
2025-04-13,-0.0189638521368722,-0.0289153938739919,-0.0282164455252533,-0.017959248072957,-0.0320430759602708,-0.0440895358476291,-0.0127431183095818,-0.0405757716846381,NA,-0.0103936142779037,-0.0490260712804498,-0.0291725407091198,-0.0800426610327831,-0.0452697520931978,-0.07410799713984,-0.0512932497106177,-0.0793919020126044,NA,NA,NA
2025-04-14,0.010193602875445,0.0162044020706078,0.00565808960755425,0.00308695933436202,-0.00502928968811762,0.0254685265388246,0.00159648207442843,-0.0000894494387643647,NA,-0.00914140385298506,-0.00389111806844951,-0.0267123976011589,0,-0.0341895992728573,0,-0.0176995827979891,-0.00783803835536401,NA,NA,NA
2025-04-15,-0.0103846276257749,-0.021260952961948,-0.0238474892269191,-0.0181273770733562,-0.0413406710792357,-0.0539591899357256,-0.0412951380562497,-0.0311213172799454,NA,-0.0219155760545088,-0.0366295749847082,-0.0317346571103418,0,-0.103453459211266,-0.0800426610327831,-0.0550597955690388,-0.0518111200498171,NA,NA,NA
2025-04-16,0.00435145324422512,-0.00664856964829147,0.0402561421092082,-0.00254421289113769,0.0020597049780219,-0.014673000627216,0.00967519040328268,0.0098688685180857,NA,-0.0146142916855478,0.0101487527684312,0.00738394910515229,0,-0.027637893498271,0,0.018692139367811,-0.0104131438270931,NA,NA,NA
2025-04-17,0.0102041347801538,0.00281144125946655,0.0244165654274901,-0.00811004873016097,0.00959639429185693,0.0147810044737808,0.020356002309945,0.0128718161231536,NA,0.00762187071789093,0.0220779612710141,0.00677771481320074,0,-0.00544952716784788,0,0,-0.00911326516145351,NA,NA,NA
2025-04-18,-0.00525486139588624,0.00402106612280957,-0.00465260289888856,-0.00139854971057824,0.0179140293863171,0.00185538271450987,0.0131550941734634,0.0035946206000776,NA,0.0146866761792434,0.003576762283324,0.0119738184142901,0,0.0684140131397086,0,0.0540672389992171,0.573998827746386,NA,NA,NA
2025-04-19,0.0072278543535026,0.0149904816405125,0.0414687993265133,0.011464282622917,0.000810935326297414,0.0420804968361524,0.0531392086064948,0.0293832846536447,NA,0.00182435591655133,0.0211901235120867,-0.00179713492858624,0,0.0372895285672513,0,0.0173917482139543,-0.154084647139022,NA,NA,NA
2025-04-20,0.00130277404441326,-0.0158785204153312,-0.0142379722758241,-0.00495591727258834,-0.0130991687641332,-0.019936644010442,-0.0000667464100082415,0.0258390133019718,NA,0.0210798187860373,-0.0141258308796959,-0.0137530734109116,0,0.0257229224066026,0,0,0.0514090511737679,NA,NA,NA
2025-04-21,0.0271550412785429,-0.004912655332704,-0.00779812776987472,0.00409076582198761,0.00668643899232059,0.0215225390196475,-0.0245273695857105,-0.0128174975327327,NA,0.00383439132046485,-0.0219407288227921,0.0267300028269106,0,-0.010140596174879,0,0,-0.119377750785583,NA,NA,NA
2025-04-22,0.0654849109954958,0.106539766109105,0.0843749831506304,0.0604500582836693,0.086632554854869,0.102703509788186,0.0595815248859687,0.07582616452436,NA,0.0664330637854591,0.0588704199449046,0.114075844131749,0.154150658172623,0.166573121383154,0.22314349068123,0.113944237154652,0.0633305450522339,NA,NA,NA
2025-04-23,0.00274893168226587,0.021823453566226,0.0160948996592302,0.000849583907760982,0.0249103435630757,0.011621003074839,0.0186669217909686,0.0594653950450286,NA,-0.00219825389401535,0.0222693436086749,-0.000240668939014593,0,0.0723244712247298,0,0.0741079961403951,0.028416212641988,NA,NA,NA
2025-04-24,0.00260801373823992,-0.014735575199703,0.00758537367778377,-0.00579476466587068,0.0341883633419877,0.000872414890550493,0.0410204377780511,0.0025704264335315,NA,0.0132080905617392,0.0320785329640251,0.021337836538119,0,0.0319675590834503,0.0645385438749389,0.0281708856285504,-0.0335432728410595,NA,NA,NA
2025-04-25,0.00823375196990693,0.0094492569809283,-0.00915930361009267,-0.00979591508152352,-0.0107050196600635,-0.00762685175557292,-0.0021142914684987,-0.00767209487299861,NA,0.023396781757188,-0.00143424203193085,-0.00344232306956584,0,0.136687398283407,0.223143528576842,0.117782979514736,0.0456700650044524,NA,NA,NA
2025-04-26,-0.000777011298330353,0.0195358461335117,-0.0108303335193811,0.00463180576824903,-0.00931309631704184,0.010508973207764,0.00275534023949833,-0.00362429294298981,NA,0.00898035064235377,0.0101932871938368,0.000329880542973114,0,0.0223795944759066,-0.105360455024847,-0.0124225244898891,0.0176995059810177,NA,NA,NA
2025-04-27,-0.00947010835713842,-0.0160546471436956,-0.00701454884605365,0.0283417885758278,-0.00502446606778317,-0.029991866929796,-0.0410596152796209,-0.0194478482086863,NA,-0.0182132328382131,-0.0459586559070994,-0.0122691044469229,-0.07410799713984,-0.058814331885563,0.0540671414900384,-0.0382212269941416,-0.0932508619350371,NA,NA,NA
2025-04-28,0.0129698521864597,0.00333368263108505,-0.00294470289056705,0.0170945264929631,0.00213551797883098,0.00377163920566997,0.0342337106726368,0.0289659024774264,NA,0.00229844871772601,0.0174852334341812,-0.00401540433668627,0.0741079971398401,0.00618994727831993,0.100083495027949,0.122102740245938,0.0461041419634905,NA,NA,NA
2025-04-29,-0.00733330942544472,0.000180016713609596,-0.00939427187723753,-0.0239594870540754,-0.0130546916272043,-0.0134515933729766,-0.021939782246848,-0.027231929645319,NA,-0.00303530510485496,-0.01842044904581,-0.024413733495356,-0.07410799713984,-0.0273028806360991,-0.0487901814931408,-0.0350913317586553,-0.0408219766788269,NA,NA,NA
2025-04-30,-0.00082206698552299,-0.00300603740287532,0.00826561367012187,-0.0222212156304415,-0.0208966801193682,-0.0301925345393569,-0.0190200814219269,-0.0222071604250178,NA,-0.0231768454045468,-0.0185468958200375,-0.0132345415951356,0,0.0519040688010725,-0.0512933135348081,0.0578195903536673,0.0194456431927848,NA,NA,NA
2025-05-01,0.0239657788961882,0.0250198601127332,0.0214647701777056,0.0102618341731481,0.0338862293197305,0.0345880074297879,0.0263301787054607,0.0316181057527682,NA,0.0627925862868591,0.0293960903975669,0.0476953376325675,0,-0.0290196199287364,0,-0.0342890848859343,0.0396001045812288,NA,NA,NA
2025-05-02,0.00431985343632411,0.00189375120873325,-0.0187130664566599,-0.00195801086635796,-0.0105340129673297,-0.0185099790292614,-0.00321631175876371,-0.00617963403231607,NA,-0.0104700743510614,-0.0138050675277495,0.00451514972329182,0,0.0446329317746552,0,0,-0.0237563308310629,NA,NA,NA
2025-05-03,-0.0105629983809011,-0.00482418954320728,-0.0085060658442143,-0.00976048843759596,0.00426713084621579,-0.0335093355609231,-0.0316972185847089,-0.0276762758304411,NA,-0.0151976171453962,-0.0336578694027335,-0.0325773976097283,0,-0.122570935923596,-0.111225573163216,-0.0848994737727706,-0.103666773401644,NA,NA,NA
2025-05-04,-0.0165698419005678,-0.0138620976710994,-0.0193485426207064,-0.0140687084021808,-0.0353301342679137,-0.0319853664440961,-0.0283152468988554,-0.0285395886191617,NA,-0.0191999055586493,-0.030799476433455,-0.0300621543342701,0,-0.036566205676306,-0.0606246418788178,-0.0519596615660991,-0.0217737847183873,NA,NA,NA
2025-05-05,0.00457071474008717,0.00612040426486642,0.0186711082751238,-0.0103350344206552,-0.0204774038896725,-0.0109212179594246,-0.000518894450807849,-0.0155084129193792,NA,-0.0196437616847064,-0.00610494042982641,0.000304875494355333,0,-0.00250494883111465,0.0606246418788178,0.0263172213838542,-0.0292496007968926,NA,NA,NA
2025-05-06,0.021451265529472,-0.00253659447810662,0.000475447839319988,0.00923846556271716,0.0229716903772162,0.017277721605625,0.0123622051040881,0.0133697474470774,NA,0.0969928496671685,0.0100055725263596,0.00882353422680121,0,0.0241532848153164,0,-0.0130720865406665,-0.0185190618588984,NA,NA,NA
2025-05-07,0.00237154382422395,-0.00191956411238369,0.0030433501498743,-0.0136675139085015,-0.0106642683064966,-0.0252157060673571,-0.000108894204700392,-0.000784547253955671,NA,-0.0266160057164542,0.0137319642166901,-0.000633506046617502,0,0.0251383692819606,0,0,0.00821247311181725,NA,NA,NA
2025-05-08,0.0620264035337455,0.197200063212161,0.107741703751532,0.0886159021978123,0.132924126452978,0.124111000266023,0.113064762551581,0.137093206454517,NA,0.0570665390835443,0.0842328633785206,0.138593238476888,0.0741079971398401,0.178896976209175,0.162518886698024,0.180126229353345,0.165458965209026,NA,NA,NA
2025-05-09,-0.00262457199628457,0.0610875329783339,0.0526712035885285,0.00920643390128034,0.0143845777358685,0.0504063297842331,0.0759986264095548,0.0101244220873037,NA,0.0588330744495806,0.0848648267717894,0.038295256014545,0.0689928325086069,0.0775714961594795,0.0953102128768598,0.0943106354956731,0.192360345191947,NA,NA,NA
2025-05-10,0.0166180931818684,0.0962262320282342,0.0273581457826736,0.0528945466318536,0.0785612757550867,0.107353514274958,0.102822593075146,0.0797773226119077,NA,0.0467144733530337,0.0855200687134738,0.191779467006608,0.125163185753757,0.237001763798896,0.0870114045500747,0.0953102128768598,0.0997021443308332,NA,NA,NA
2025-05-11,-0.00565098397007598,-0.0283504665872707,-0.026212108714402,-0.0436170379906097,-0.044087644226225,-0.0448760474904182,-0.042155559023655,-0.0160898239825933,NA,-0.0513704370611168,-0.0122522437190994,-0.0715886656565027,-0.0606246418788178,-0.0352789805495408,-0.0870114045500747,-0.056089485731352,-0.0226846337982781,NA,NA,NA
2025-05-12,-0.0125017146072706,-0.00552871210607408,0.00703444163354904,0.0725657612923646,0.0155910831363888,0.00321382396684018,-0.00396566677859673,-0.0196240449282105,NA,0.0388046135008436,-0.0142247123302329,-0.00218805616077395,0,0.23075778382743,0.0444517769501965,0.0741079971398401,-0.0558926351022853,NA,NA,NA
2025-05-13,0.0131110318075239,0.0710163912068091,0.0544907924614759,0.0163358348133208,0.0168838022485444,0.0370299037207741,0.0251083521346847,0.0410050981132551,NA,-0.00356854209712121,0.00881007849136342,0.0432622935630038,0,0.0280347205591258,0,0.0264332655417084,0.13623403501564,NA,NA,NA
2025-05-14,-0.00607002763940643,-0.0264907179689116,-0.0404641526049573,-0.0131714429131668,-0.0392919063797418,-0.0308119113078044,-0.0424049349943441,-0.0243728560068601,NA,-0.0237972822600275,-0.0362536862710146,-0.0354746215675417,0,-0.0380630939304143,-0.0444517769501965,-0.0628009217429364,-0.0934877309888661,NA,NA,NA
2025-05-15,0.00198014873712284,-0.0245144241590459,-0.0445477527204773,-0.0698980655141966,-0.0490589624255461,-0.0641673524482853,-0.0444799270761548,-0.0611725540144927,NA,-0.0197319174053993,-0.0471076401584225,-0.0602796677570088,-0.064538543874939,-0.141311303520858,-0.0465200313837189,-0.0769610680841198,-0.166144100457296,NA,NA,NA
2025-05-16,-0.00246438111865106,-0.00415464108966836,-0.00996631294010011,0.000259181594510446,-0.00259781225167459,-0.0147356071556273,-0.0029165162845567,-0.0156352810270992,NA,0.0032982976087792,-0.0100604090298952,0.00952610336601608,0,0.0196807136891572,-0.100083495027949,-0.0304592187361897,-0.0291366154613831,NA,NA,NA
2025-05-17,-0.00288564728922235,-0.024160227325987,-0.0084205130506441,-0.0112432835405331,-0.0224867759184877,-0.0396444235051567,-0.030783430386776,-0.0279954690516029,NA,-0.0325384910813087,-0.019500279962193,-0.0302280912542464,-0.0689928325086069,-0.0757075800503465,-0.0540671414900384,-0.0749012564996496,-0.0449064424360279,NA,NA,NA
2025-05-18,0.0310554149584065,0.00903878373829642,0.0469019894096741,0.0333356383558338,0.0242737855185016,0.0395769362557401,0.0413072520831893,0.0385595317728398,NA,0.0495123836303739,0.0512478726146101,0.086861930609178,0.0689928325086069,0.138817789480117,0.154150636517987,0.115310809690967,0.0849629329794817,NA,NA,NA
2025-05-19,-0.00792099837264653,0.0123059607079051,-0.0412925441523929,-0.0219265458790807,-0.0233610059725863,-0.0360147440855421,-0.0443210796769295,-0.00776184758695683,NA,-0.0284183570093758,-0.0374568582180078,-0.0425706005021521,0,-0.0726981404254323,-0.0487901814931408,-0.020000673983355,-0.0527453447832126,NA,NA,NA
2025-05-20,0.0111575687100768,-0.00197637765264823,0.00965846855399069,-0.0103940044828665,0.00358150635152491,0.0138426002119981,0.0170626677918718,-0.00684049531451941,NA,-0.0409366592431446,0.0129680083492268,0.00756863955939876,0,-0.0214766506404657,0,0,0.017459997986208,NA,NA,NA
2025-05-21,0.0266750544968761,0.0110998715940303,0.030385558817955,0.0177354648001992,0.0329615321419582,0.0264268154313399,0.014686056457319,0.0271811550556681,NA,0.0298599778653269,0.0278495925154175,0.0344765493903822,0,0.136719090138798,0.0487901814931409,0.0298529739576992,0.0382049820444796,NA,NA,NA
2025-05-22,0.0180279639423644,0.042874284441957,0.0340139234769877,0.0127857572802165,0.0474090172652815,0.0848162491023829,0.0416131124390445,0.0372521274481899,NA,0.0305957577229055,0.0453899698060077,0.0458035895688011,0,0.0681168728702466,0.0909718083339153,0.0935260898558762,0.0680206324558734,NA,NA,NA
2025-05-23,-0.0400625623389946,-0.0530757311965885,-0.0331869360486365,-0.0573699372740606,-0.0794980362509086,-0.0916599359481657,-0.0825213325841335,-0.0753598171571647,NA,-0.0526369377889452,-0.0848144957973383,-0.0860991226264501,-0.0689928325086069,-0.0734832906670113,-0.0909718083339154,-0.10337838983022,-0.124126047458844,NA,NA,NA
2025-05-24,0.00468070247407688,0.00166275396423714,0.0126734124949293,0.0166623066522916,0.00108739821345996,-0.00226671844722706,-0.00149980443699611,-0.0107267876100177,NA,0.0057183980785518,-0.014621351809162,0.00214616582343465,0,0.0108894505527864,0,-0.020000673983355,-0.00176368228568516,NA,NA,NA
2025-05-25,0.0114768975511844,0.00831015075983642,-0.00180189920469551,0.00432217516549647,0.0169738548152524,0.019991831592753,-0.00500041194813673,0.0110555785892155,NA,-0.000294260815769636,0.0151312422415334,-0.00139023825113279,0,-0.0153691782191483,0,-0.0101523752137387,-0.00397969508997672,NA,NA,NA
2025-05-26,0.00370729485402942,0.00483767477201754,-0.00466346167782551,-0.0138877828912746,-0.000563356717088793,-0.0158908279406073,-0.0125558265646894,0.000110002889606072,NA,-0.00680268825341932,-0.00301116065852717,0.00461630236826695,0,0.017067614465928,-0.0487901814931408,0,-0.0201393589580116,NA,NA,NA
2025-05-27,-0.00408109657520394,0.0378570000457333,0.0108454996699754,0.00346091854728849,-0.00114864262346478,0.0129761370350528,0.0152755608244739,0.024812073907122,NA,0.0100072972710317,-0.00442906678315628,0.000614778495130257,0,-0.012925460487352,0.0487901814931409,0.0301530491970937,0.0196961913746525,NA,NA,NA
2025-05-28,-0.010999457493792,0.00716263264987023,-0.0265090750079628,-0.0193429837295589,-0.0156607926475455,0.00770498964593548,0.00824070224502462,-0.0160012632081151,NA,-0.00689907966240309,0.0162221797632939,-0.0240846170118612,0,0.0115119069279366,-0.0487901814931408,0.00985229997434431,0.00926552388087173,NA,NA,NA
2025-05-29,-0.0202455280092546,-0.0186493981950165,-0.0330711805194644,-0.0132819891459237,-0.0334245459872946,-0.0570915483241616,-0.0524186198692089,-0.0407190657972396,NA,-0.0235281758927574,-0.0471027324865046,-0.0273147637846513,0,-0.0637098085118949,-0.0512933135348081,-0.0502618531656614,-0.0476709438973487,NA,NA,NA
2025-05-30,-0.0156765748876118,-0.0397957496871886,-0.064165349823686,-0.0482023182235334,-0.0467829691876627,-0.0790840355476109,-0.0698196760882843,-0.0789140637426991,NA,-0.0831504706615362,-0.0714735317693469,-0.104914319558787,-0.07410799713984,-0.169483554457965,-0.171850215042034,-0.155870346305983,-0.181308682859077,NA,NA,NA
2025-05-31,0.00613051827031547,-0.000338484258767354,0.00258402109245097,0.0168889741302878,-0.0047302410153047,0.0118605880330885,0.00817872425384232,0.00557832384833698,NA,0.0169734976539919,0.0129680079371641,-0.00444022639082406,0,-0.0428431639217025,0.0606246418788178,0.023810656944273,0.0250831032962112,NA,NA,NA
2025-06-01,0.00964396528382233,0.00283453445712246,0.00728701551976412,0.00189421052274326,-0.00160461767740744,0.00348396001012043,-0.00430881821236933,0.00608837652188253,NA,0.0143757363964352,0.00360370290996116,0.00545301943684564,0,0.0238414945903418,0,0.0116960437445635,0.0286643535600657,NA,NA,NA
2025-06-02,0.00216920377543396,0.0275444382607292,-0.00499700670320291,0.00848595311879632,0.00684246923079023,0.0146801626492718,0.0197699692469193,0.00218042326395928,NA,0.0140495321296654,0.0236236475970543,0.00903808127545081,0,0.0848068313832512,0,0.0229895259159859,0.0181493358170598,NA,NA,NA
2025-06-03,-0.00425019805593014,-0.00531391065071451,-0.0105967914737683,0.0220901590524415,-0.00736819237986075,-0.00153185306415987,-0.00106341850702052,0.00161913012928079,NA,-0.00087106936545834,-0.0119920828501984,-0.0115925893901869,0,0.0226577148332207,0,-0.0114286996250634,0.0142858880905304,NA,NA,NA
2025-06-04,-0.00666608418803053,0.00590659901336902,-0.0128508564072102,-0.0200197403696448,-0.0277307204259151,-0.0485585956037759,-0.0302539532607505,-0.018946102244991,NA,-0.0166290081672346,-0.0318353240001705,-0.0257084917278285,0,-0.0960055560589507,-0.0606246418788178,-0.0591888917883055,-0.0589479284292466,NA,NA,NA
2025-06-05,-0.0305977318470372,-0.0765986847759243,-0.0592090949190517,-0.0486967685912564,-0.0592628246086632,-0.0693884293939158,-0.0488176880099132,-0.0693840353214054,NA,-0.0505129058495748,-0.0446479967227051,-0.092367150611705,-0.0800426610327831,-0.0649703373807922,-0.064538543874939,-0.0629138484576323,-0.0834516841555934,NA,NA,NA
2025-06-06,0.0273303530644588,0.0248952972758043,0.023048434188284,0.0304113961005915,0.0449178429309333,0.0453390362839681,0.0167061673456894,0.0497355286261181,NA,0.0410077186999126,0.0222364073974709,0.0419056457600547,0,-0.0143259937643654,0,0.0629138484576324,0.0144971851112348,NA,NA,NA
2025-06-07,0.0116691459869952,0.0197102709384413,0.0149034995067911,0.00743618395414448,0.0130225635633277,0.0499175828338583,0.0348039813785135,0.0186119324541986,NA,0.0127956041803235,0.0294362804830075,0.0340285306479609,0.0800426610327831,0.0677296514087186,0.0645385438749389,0.0240975600296501,0.0510629840131415,NA,NA,NA
2025-06-08,0.00168415960836583,-0.00624077827324931,0.0151774738786027,0.0391356457220949,0.00732489387802272,0.0182453234382782,-0.000901776050599307,-0.00866127344588905,NA,-0.0127239923854719,-0.00970402903241868,-0.00538796202426627,-0.0800426610327831,0.0190745189869927,0,-0.0119761952211033,-0.00109463547526337,NA,NA,NA
2025-06-09,0.0416599645648678,0.065786419283545,0.0552487297446731,0.0239354903353028,0.051144649649335,0.0416800688934061,0.0325052526205931,0.0459132724443743,NA,0.0393622031714558,0.038644843580623,0.0567803468647033,0.0800426610327831,0.14272296690481,0.0606246418788178,0.0920189295464991,0.0600445559140802,NA,NA,NA
2025-06-10,-0.00033431842692466,0.0480527949894558,0.0241613161196058,-0.00652449268908937,0.0152884786596441,0.026581102350362,0.0305200943527179,0.0716029780202937,NA,0.0272354592250149,0.0357415601296993,0.0170343814556657,0,0.00129049646635164,0.0571584316731776,0.0534887016083979,0.029974354328762,NA,NA,NA
2025-06-11,-0.0143473886097262,-0.0143148840506454,-0.0243648964146648,-0.0150399332826937,-0.0251145883331989,-0.043048116855886,-0.0222677667048847,-0.0341508992394939,NA,-0.0182986410526303,-0.0189650324500204,-0.0269430910106074,0,-0.0752760681361632,-0.0571584316731776,-0.0534887016083979,-0.0769610807569578,NA,NA,NA
2025-06-12,-0.0256991668453318,-0.0448837918096281,-0.052688988000112,-0.034087610963611,-0.050405851090611,-0.0590145301257084,-0.0650284402779479,-0.0610996114172863,NA,-0.0575746895005573,-0.0627075851158735,-0.0612271078511282,-0.0800426610327831,-0.0697046205587566,-0.125163185753757,-0.0920189295464991,-0.0904571421773778,NA,NA,NA
2025-06-13,0.00152734719439052,-0.0276466449519777,-0.0276133470413887,-0.0210601951526476,-0.0332395393541818,-0.047186806306572,-0.0223045806272786,-0.0429382116810494,NA,0.00104459599588965,-0.0252619934057594,-0.0064543321833168,0,-0.0419021507359658,0,-0.0368139862720376,-0.023347333080188,NA,NA,NA
2025-06-14,-0.00584755525466367,-0.0180105087233962,-0.0263458506994477,-0.00355391334399702,-0.0271300727213709,-0.023839433088128,-0.0147918620956069,-0.0202883840681441,NA,-0.0150001760033068,-0.00961273133407598,-0.0106620050155783,0,-0.0226426790830313,0,-0.025317817312441,0,NA,NA,NA
2025-06-15,0.000754577954748333,0.00527258109327338,0.054120970709006,0.0119627310599568,0.0141407829234019,0.00811889260551007,0.0096347458833419,0.00984785469083469,NA,0.0125122732948098,0.000503112069793561,-0.0158022009764777,0,0.0220159281747255,0,0,0,NA,NA,NA
2025-06-16,0.0117236239769893,-0.00245002525117781,-0.0128055548789537,0.0338412148212723,-0.00350540544276176,-0.00188648150843877,0.00766800951483303,0.0206829782552145,NA,0.00599034677242617,0.0125737674821344,-0.0170571007226979,0,-0.0190761333759117,0,-0.0129034096817006,0.015625297132102,NA,NA,NA
2025-06-17,-0.0207733363618137,-0.0118161504839024,-0.020898192769195,-0.0368279147341909,-0.0341106110210163,-0.0242181903413716,-0.0334068862849775,-0.042665051881567,NA,-0.02919980868234,-0.0285663306158565,-0.0177008297662379,0,-0.0791878283239863,-0.0689928325086069,-0.0397402456489448,-0.0748880523558279,NA,NA,NA
2025-06-18,0.00269433950386191,0.00537831273711643,-0.00949798959144785,0.00413414154442104,-0.0115332699488484,-0.0251012531198644,-0.0278619649259922,0.00735771993106239,NA,0.00849286042332554,-0.00339795023788962,0.00566560902278806,0,0.0247232663851922,0,0.0134230242650905,0.0178348555443903,NA,NA,NA
2025-06-19,-0.00189952173927103,-0.00104953350587427,0.00489634971658209,-0.00171934495218415,-0.00219646165727798,-0.00527947880672721,-0.0207858120868567,-0.00221359196832311,NA,0.000721992270910228,0.00619629055418572,0.00193796506683432,0,0.00203119699923529,0,-0.0134230242650906,-0.0152674404716096,NA,NA,NA
2025-06-20,-0.0132187297709392,-0.0464073308254684,-0.0480727303250841,-0.0212737126711485,-0.0421653269793358,-0.0393222286930341,-0.0315598524003188,-0.0438077131858023,NA,-0.0265711831295572,-0.0276076781103691,-0.0509230102965645,-0.0870114045500747,-0.0414941984970487,0,-0.041385228626428,-0.0573846591591943,NA,NA,NA
2025-06-21,-0.0102370950736495,-0.0453829515174937,-0.0363792035841252,-0.0300598936538643,-0.040566654909638,-0.0338667936140432,-0.0349337566402382,-0.0432102283681778,NA,-0.0341069336737463,-0.0385071234243561,-0.0524748138533131,0,-0.0880438943337703,-0.07410799713984,-0.0579872760046671,-0.0681204251943043,NA,NA,NA
2025-06-22,-0.012500036871865,-0.0319246009478151,-0.0265804869764712,-0.0213831389259111,-0.0243451704870538,-0.0174429212941521,-0.0517095551463834,-0.028158650429162,NA,0.000273841753932857,-0.017314316770098,-0.0186392952775726,0,-0.0147242361801337,-0.0800426610327831,-0.0458095513026603,-0.0340017980408353,NA,NA,NA
2025-06-23,0.0444546821160779,0.0833213886102059,0.0957898646082228,0.0728881194717186,0.0752709133882203,0.0925394610449673,0.0814493531693645,0.099716952171816,NA,0.060338220929333,0.0934825005825109,0.0826673129523396,0.0870114045500747,0.192908251455561,0.154150658172623,0.117783073551995,0.125605299839257,NA,NA,NA
2025-06-24,0.00442162939858735,0.01075358692348,0.00761900911622269,0.0112491909288982,0.00699447682626304,0.0069745662106743,0.00510816359261522,0.0406546285986953,NA,-0.00375279270756158,-0.00173699661924716,0.00828860238063889,0,0.0426410568430781,0,0.0273989823817601,0.0351828224573117,NA,NA,NA
2025-06-25,0.0123298892885524,-0.0117924542683372,-0.0169243642245254,-0.00225917394841918,-0.0351511787351557,-0.0367099636701992,-0.0238375332789184,-0.0204641897808484,NA,-0.00162835331163031,-0.0181895507674402,-0.00698132305784149,0,-0.0882536315524441,0,-0.041385228626428,-0.0445099990284236,NA,NA,NA
2025-06-26,-0.00374445620028651,-0.00130849044865059,-0.0314662728967861,-0.0372933144722823,-0.0232995121172701,-0.0196620159616962,-0.0177861339622306,-0.015884514347759,NA,-0.00450275788352722,-0.0266518292798134,-0.02829831855345,-0.0870114045500747,-0.0523677494178664,-0.07410799713984,-0.0285733813552103,-0.0250775137177718,NA,NA,NA
2025-06-27,0.00120000602760066,0.00319016511713374,0.0222701282922917,0.017307308547465,0.00852457357575886,0.0201398957950312,0.0189816241256081,0.0100381421953207,NA,0.00647328187204081,0.00773005822459267,0.00674034383033224,0,0.0237022591453295,0,0.0143887419713278,0.0190352313750781,NA,NA,NA
2025-06-28,0.002231861322037,0.00544847929008879,0.0589625824594189,0.0200646441207164,0.0123314572076973,0.0227203152496718,0.0129430479920597,0.0256147923286769,NA,0.0172044389620513,0.0177934647509105,0.0161599165012889,0.0870114045500747,0.0718558363662836,0.143100829648447,0.0555698680103104,0.0486298054006067,NA,NA,NA
2025-06-29,0.00980816480326664,0.0258619879088434,0.0166058294572457,0.00957368372694438,0.0216640541360738,0.0413928274848129,0.0412115782377937,0.0240566154551075,NA,0.0193536497990467,0.0514033364154167,0.0354679568930328,0,0.0485174117349928,0,0.0653826858311897,0.0524792841117405,NA,NA,NA
2025-06-30,-0.0116021078522049,-0.00581287869881822,0.00897292275401765,0.0142504746904802,-0.0103721289919705,-0.0417740152324551,-0.042581656182943,-0.0254314341018579,NA,-0.0230812013070591,-0.0269289305944547,-0.0266852112488787,-0.0870114045500747,-0.00909182526657216,0,-0.0519596615660991,-0.058268912375296,NA,NA,NA
2025-07-01,-0.0135042249937311,-0.0329822993784486,-0.051782566909171,-0.0301795082838877,-0.0537930637183847,-0.0495675881139076,-0.0346456930905392,-0.0368986826363366,NA,-0.0323687619433559,-0.0408623512562413,-0.0457515415400836,0,-0.0982152603943672,-0.0689928325086069,-0.0548082528915186,-0.0605036557793856,NA,NA,NA
2025-07-02,0.0294677772013571,0.0665459295236387,0.0354435848291135,0.0279521088689011,0.0745164635979445,0.0789640000585354,0.0757243081526625,0.0501487174239716,NA,0.0476218998926593,0.0598351146002668,0.067222775018063,0.0870114045500747,0.148706604533093,0.133531376383546,0.0940288839570735,0.102821259784669,NA,NA,NA
2025-07-03,0.00721861178924317,0.00762133437584583,0.00114344723795255,0.0106377284363097,0.0253345713019257,0.00151310242915383,-0.000669282954982712,0.00802565312928301,NA,0.019280566693665,0.00242506753427972,0.0194515275796068,0,0.0132856466386723,0.0606246418788178,0.0127390305005442,-0.00309688796328411,NA,NA,NA
2025-07-04,-0.0148259191473685,-0.0323544640519217,-0.0309064383653728,-0.0163078881558957,-0.0447130544415665,-0.0409597376842611,-0.0527944266878178,-0.0371706407164474,NA,-0.0242869395739965,-0.0442598408658865,-0.0547336091206551,-0.0870114045500747,-0.0858744522395478,0,-0.0653826858311898,-0.0861095125538665,NA,NA,NA
2025-07-05,0.00182039012359285,0.00348670083196457,-0.000827286961400954,-0.00117886595934015,0.00525246842154495,0.00739794142359949,-0.000599686196647253,0.00452892525222977,NA,0.00742408925955958,0.00245295227118202,0.00856506692882107,0,0.000689701228626827,0.111225573163216,0.0134230242650905,0.0020263586008641,NA,NA,NA
2025-07-06,0.00920521230696976,0.0212079745637534,0.0282575582796741,0.0240573682361561,0.0173940713875148,0.0205019887470017,0.011873407578959,0.0198028011524171,NA,-0.00138890516624718,0.0167487610723479,0.0458895081744256,0.0870114045500747,0.0380271762283052,0.146603526411668,0.13685913533887,0.0570459241973056,NA,NA,NA
2025-07-07,-0.00857092098247969,-0.0110372690174023,-0.0199550570682736,0.000676039157988382,-0.0099036684411689,-0.01622740382373,-0.00767507105244718,-0.00486714908424528,NA,-0.0150610472938367,-0.0084610127624547,-0.0236515328904223,0,-0.0424908983402243,0.0444517769501965,-0.0476280654973832,-0.0343631465445226,NA,NA,NA
2025-07-08,0.00598778774768872,0.0281078533818163,0.0195431426154421,0.0162069317122757,0.0140943664839731,0.0197058100750996,0.0231122930665131,0.0393761978755217,NA,0.0183818398974067,0.0197111579312353,0.0178377284778186,0,0.00805718609245927,-0.0444517769501965,0.104140294355046,0.0131063707026142,NA,NA,NA
2025-07-09,0.0215762452748819,0.0576704743790154,0.035404917064392,0.0400327677718266,0.0577984540755393,0.0605442088211137,0.048174879421314,0.0202605927622405,NA,0.0337875930506601,0.0443956026698727,0.0555432804198095,0,0.122649820240186,-0.0465200313837189,0.0109290740085197,0.0569413663319318,NA,NA,NA
2025-07-10,0.0410120507184265,0.0643182702671402,0.0422118736453501,0.056977409126848,0.0818200691207545,0.058701117078486,0.0705702185471346,0.0668347601759076,NA,0.0442321032093358,0.0678735115444881,0.0747949135774772,0.0800426610327831,0.0898090043721484,0.133531435933794,0.112940374324753,0.143018795874837,NA,NA,NA
2025-07-11,0.013103070357299,0.00102863318629121,-0.00721466022779221,0.0712899507986757,0.0488542986456506,0.000153587499127574,0.00866118377894319,0.00389103325541966,NA,-0.00583516166117115,0.00661218417671707,0.0323023241723139,0,-0.0888525359663314,-0.0870114045500747,-0.0703807467248748,-0.0155791431513431,NA,NA,NA
2025-07-12,-0.000696019205401959,-0.00507546331787147,-0.0135895047104035,0.00101309931944663,-0.00314200872673131,-0.000912283276116771,-0.00723871349402776,-0.0131477439470499,NA,-0.0157236549309684,-0.0136939951102395,-0.0193724594264671,0,-0.00397133037853979,0.12783333843735,0.0103627151510856,-0.0471131451932171,NA,NA,NA
2025-07-13,0.0142118737528841,0.0102928134837741,0.00316374275824959,0.0352790244990007,0.0400676134405083,0.0251203267910327,0.0249774407155776,0.0356129737495746,NA,0.0199466664844392,0.0216193474531784,0.00640026139679746,0,0.0404748777251881,0.0392207271455076,0,0.0224476065200981,NA,NA,NA
2025-07-14,0.00613969178492453,0.0133604400861749,0.00668509505122282,0.0411170480296799,-0.00396441598018939,0.00390898217723424,-0.00919952856763442,0.00837769381893292,NA,0.00960644097294555,-0.0279520067705596,-0.00587844008972533,0,0.014503119873591,0.037740340938612,-0.0103627151510856,-0.00389210211893177,NA,NA,NA
2025-07-15,-0.0174438858577923,0.0411349633319167,0.0102703839335275,-0.0122662357175803,0.0168615116259178,0.0563162025155547,0.0318647805006193,0.0197477550378961,NA,0.00794768037937875,0.0247870705889182,0.00872944940590667,0.0741079971398401,0.0575784617925016,0.105360488709835,0.0408219338872753,0.0568488546745248,NA,NA,NA
2025-07-16,0.00812906395094982,0.0711721212631773,0.0578143129698623,0.0410949236723474,0.0234579132246392,0.00688293985792439,0.0191982572342431,0.0355197468528085,NA,0.0121646820705075,0.0166467593898622,0.065985036091758,0,0.00970044862818646,0.26236425513934,0.270027112219312,0.0706055524123527,NA,NA,NA
2025-07-17,0.00463253154398558,0.030748073722898,0.0119289260498371,0.139050748512909,0.0746234423629502,0.0511837245805313,0.0259109220631361,0.0763991719372011,NA,0.0412909200637883,0.0253884310026962,0.024519835539597,0,-0.0100415136253147,-0.108213523340956,0,-0.00442361776281371,NA,NA,NA
2025-07-18,-0.0108442256179857,0.0205626321975604,0.00899802568597927,-0.0222527269981277,-0.00967049585845684,-0.0141453181673491,-0.00887305375680767,-0.00864834159698344,NA,0.000559959223179408,-0.00292730721566521,0.0797548016169103,0.0689928325086069,-0.0559853616328408,-0.089612187923445,0.0226425397522423,-0.0422598369321775,NA,NA,NA
2025-07-19,-0.000536145993420385,0.0129496340107203,-0.00175958303075775,0.00326945834306308,0.0175962027850758,0.0413682115195148,0.0430153805337077,0.0316418098157592,NA,0.109581540131745,0.0331139532178558,0.0224622245348903,0,0.0624779978975548,0.0307716690019207,0.0294138946494569,0.0298680102496909,NA,NA,NA
2025-07-20,-0.00543433933607363,0.0446582551804469,0.0249633967594969,0.00874538314483763,0.0336367075809015,0.0223889228420996,0.0171077631962209,0.0471184239105035,NA,0.0296988947075932,0.0319497777837591,0.122371241199646,0.0645385438749389,0.120982997720271,0,-0.00727281474735457,0.0367238854342668,NA,NA,NA
2025-07-21,0.00118215746963315,0.00103681621710412,0.0765761247084873,0.0274377752799767,0.0362269099653583,0.0150573522773506,0.00271668436409748,0.0116977997801584,NA,-0.00870759187595472,0.00219924521562564,-0.00444325889124996,0,0.0193608932851813,0.0588405189215243,0.0772314247289928,0.0340297868698736,NA,NA,NA
2025-07-22,0.0215298859239867,-0.00378723865088978,0.0483360654535629,-0.00115059108118359,0.0139616609144312,0.0160217970317659,0.00965892077756551,0.00667467697089038,NA,0.0328744960546806,-0.0161927560912043,-0.00494377220474018,-0.064538543874939,0.027183929744863,0.0555698680103104,0.0200675207260165,-0.0263669671025056,NA,NA,NA
2025-07-23,-0.0103913075480231,-0.0323769537244437,-0.0818058664589484,-0.108989276781858,-0.100963149156758,-0.076795046139753,-0.0997614633673749,-0.078142664668196,NA,-0.0649743567767529,-0.0830809185723262,-0.116485264273131,-0.0689928325086069,-0.0919877175038798,-0.0845574140549377,-0.134477907657851,-0.117842633637746,NA,NA,NA
2025-07-24,-0.00326380270789058,0.0213431663496259,-0.0372844098851304,-0.0129678891112571,-0.0131373942694057,-0.0125384698227177,-0.0284263478218566,-0.0153588637093985,NA,0.00107455395455008,-0.0165740767067785,-0.0367141185507526,0,-0.122014997569649,-0.0298529728768971,-0.0625203783184532,-0.0517736866857534,NA,NA,NA
2025-07-25,-0.00620430077034184,0.00518105386351426,0.0225984739294688,-0.000692010050457678,0.0129450299351463,0.0146937598134716,0.0219410505192865,0.0211676066230987,NA,0.0132974574708529,0.0180426167585833,0.0206412374370038,0,0.0426439740214641,0.0588405189215243,0.0472529010995824,0.045851748869284,NA,NA,NA
2025-07-26,0.0026443692962842,0.00378358684691784,-0.0100394499729172,0.00818296418161035,0.00455901295161076,0.0384231931738869,0.00875227991955017,0.00629303419682144,NA,0.00149324905879192,0.0122291418966672,-0.00549619850615363,0,-0.0122982159628474,0,-0.007722105099889,-0.0218349680116455,NA,NA,NA
2025-07-27,0.0126467665567652,0.0351504920838075,0.0204457141475452,0.0230155234846499,0.0147779943153982,0.0410285276199522,0.0274682893355837,0.0440049230066966,NA,0.00715091466198188,0.0223673192888183,0.022208825659767,0,0.0594368124775348,-0.0289875460446272,0.00772210509988898,0.061014135176609,NA,NA,NA
2025-07-28,-0.012840860304522,-0.0229227199194111,-0.0333580138586334,-0.0394694722560866,-0.0506819136843165,-0.0353378564414461,-0.0711719838757172,-0.0642821723713394,NA,-0.0556047240516026,-0.0525313403373077,-0.0668748432631646,-0.07410799713984,-0.0948229523587598,-0.0606246418788178,-0.0884109883856308,-0.0827722868975086,NA,NA,NA
2025-07-29,-0.0000197427035478798,0.00159059463181093,-0.00663003090988505,0.00403217299937867,-0.0107070937693328,-0.0296177736625954,-0.0115892204662397,-0.0119767822071569,NA,-0.000571413869181906,-0.00277683753568123,-0.00638282493090303,0,-0.0382208238633466,-0.0984400453716023,-0.0255332487690216,-0.0102041819593844,NA,NA,NA
2025-07-30,-0.000771661971627534,0.0038799029350239,-0.0202848122208911,-0.00965351227922997,-0.0246198279473914,-0.044113462459664,-0.0249609430213548,-0.00602721884808164,NA,0.0182772104443655,-0.0429322268839486,-0.0175486329435042,0,-0.019041984022016,-0.0350913310119436,-0.0350913310119436,-0.00743496858699308,NA,NA,NA
2025-07-31,-0.017749425967369,-0.0297144425540805,-0.0301044853489862,-0.0239107974953139,-0.0311019998927389,-0.0351268531187775,-0.0315234296811066,-0.0438330962221315,NA,-0.0397793721226336,-0.0476523378886903,-0.0466702711842506,-0.0800426610327831,-0.0494039031158301,-0.07410799713984,-0.018018511408488,0.124521296515741,NA,NA,NA
2025-08-01,-0.0212871264623786,-0.0580092077304171,-0.0569627016375727,-0.0202262175849873,-0.033516237853502,-0.0427571150173029,-0.0375941524870132,-0.0516745543961691,NA,0.00394832904497413,-0.0152959001492845,-0.0421236685589462,0,-0.0441881235851155,0,-0.056089485731352,-0.0546868198275085,NA,NA,NA
2025-08-02,-0.00702400418011523,-0.0277952107826008,-0.0273484309687843,-0.0692043977599262,-0.0254688009448236,-0.0324823639548543,-0.0130172481590501,-0.028335549936092,NA,-0.00382128058134448,-0.0137891736448149,-0.0509857500116735,0,-0.0286735593664697,-0.0392207271455078,-0.0194180927160361,-0.00429188478322722,NA,NA,NA
2025-08-03,0.0149136010719257,0.0303756623862349,0.021670902632469,0.0641138642442025,0.0411472464481503,0.0241214948439734,0.0273994813746108,0.0405833794793076,NA,0.0390684265466658,0.0435199735251174,0.0392279695380454,0,0.0492170377389603,0.0392207271455076,0.0478560378442049,-0.011898428513006,NA,NA,NA
2025-08-04,0.00745097080932314,0.0614371992457483,0.045096080084861,0.0409418649488587,0.0375699902098965,0.0770203294820023,0.0316717077679974,0.0480985803530348,NA,0.0927438406316195,0.00875410089515169,0.0564510734157751,0.0800426610327831,0.0300551215745478,0.037740340938612,0.0367013791026089,-0.0114912582930136,NA,NA,NA
2025-08-05,-0.00811857336682081,-0.0292172856111396,-0.0319601451910403,-0.0361377549024168,-0.0388638066215463,-0.0527665487111545,-0.0275798199618594,-0.0429028024935701,NA,-0.0077543521030051,-0.0199355879588205,-0.0520607521805101,-0.0800426610327831,-0.0598637936334216,-0.117783001971395,-0.0651393242307775,-0.0939901699580347,NA,NA,NA
2025-08-06,0.00773714933047947,0.0197437927850315,0.0245552005313553,0.00944996549540054,0.0214719461524149,0.0148056721538017,0.0151518689237073,0.0182302355126763,NA,-0.00813032338242033,0.0231704316241974,0.0272416318001488,0,0.0360522144509277,0,0.0284379451281688,0.0144059814107232,NA,NA,NA
2025-08-07,0.0212363599711319,0.0606655575551917,0.0425465301356867,0.103520230182271,0.0583876643883772,0.048985593531296,0.0502697581612077,0.101555966181018,NA,0.0283519763397153,0.0321542610091653,0.0801794623228701,0.0800426610327831,0.0535269327066383,0.0800426610327831,0.0893451293955093,0.0282039945043139,NA,NA,NA
2025-08-08,-0.00690200419673354,0.0241104162682457,0.00725548788884406,-0.00941303884407504,0.00606757343556247,0.0191422623754474,0.0293004855762484,0.0743267061896027,NA,0.00928812369553079,0.0302915813233591,0.0345767304428457,0,0.0223566997427193,0,0.016949502397127,0.0183702128938304,NA,NA,NA
2025-08-09,-0.0016155749975506,0.0613601136280399,0.0191578569989824,-0.0181852975224622,0.0161172695888807,0.0187302418224045,0.0396159584916086,0.0974011329234494,NA,-0.0282369174950202,0.0272780293963647,0.0429828799973354,0.0741079971398401,0.0347069610068079,0.037740340938612,0.016667058548931,0.037403212191346,NA,NA,NA
2025-08-10,0.0238036152710894,-0.00220275959573203,0.0149866882367815,-0.0124779578935715,-0.00217643027034026,-0.0159565960175295,-0.0184389855970565,0.00781805962771773,NA,0.0276145886992157,-0.014464246312808,-0.0262480842568142,0,-0.000975531031209844,0.0363676562012279,-0.0166670585489309,-0.0115735892265795,NA,NA,NA
2025-08-11,-0.00483379232958767,-0.00642624155093554,-0.0442968532785901,-0.0168744097010698,-0.0359255067690208,-0.0432914329514582,-0.050386622107263,-0.0454808575710726,NA,-0.0287155508590548,-0.0373754826360723,-0.050592289092885,-0.07410799713984,-0.0998793950023538,-0.113328724285348,-0.0877755777869031,-0.0570279618763192,NA,NA,NA
2025-08-12,0.0120674104129617,0.0825968197359646,0.0920902128696929,0.0412467309132952,0.0832920505222112,0.0764023317381986,0.0711483225943131,0.1077504942697,NA,0.081192237866622,0.0451046012325911,0.0572637605657768,0.0741079971398401,0.0802628053584548,0.0392207271455076,0.0535842635476465,0.0625558697304706,NA,NA,NA
2025-08-13,0.0260461153103014,0.0353834973642903,0.049488632988121,0.00430269360511722,0.0741212576312303,0.0344406114034877,0.0315867091016386,0.0201268469260199,NA,0.00392686742400653,0.0331511950109935,0.0396668034185248,0,0.0448833259145146,0.037740340938612,0.0341913142392566,0.0666380365819587,NA,NA,NA
2025-08-14,-0.0412504432416683,-0.0447407980688725,-0.0456954710946423,-0.061951115895632,0.0212522335390027,-0.0756931142347692,-0.070840874311487,-0.0654711630786822,NA,-0.0767588762942121,-0.0713633154836992,-0.0909141140151572,-0.07410799713984,-0.118399063445317,-0.117783001971395,-0.125163122573172,-0.0271840732208161,NA,NA,NA
2025-08-15,-0.00815439709790627,-0.0240723385196407,-0.036187949601775,-0.00157578968906035,0.0197447190597525,0.00365225274808168,-0.0248422496453283,-0.0328637021454235,NA,-0.0187437562792985,-0.0151703263088006,0.0208623688759962,0,-0.0492429294024478,0,-0.00956945434763311,-0.0149496093181774,NA,NA,NA
2025-08-16,0.000791861061786004,-0.0031148977647721,0.0214423825158407,0.00952778701023977,-0.0241862232779178,0.0231596446585266,0.0193362004807336,0.0405068259879601,NA,0.0158319752297361,0.0257681871266283,0.0114514199361318,0,0.0120521792213714,0,0.037740340938612,0.0785934006187678,NA,NA,NA
2025-08-17,-0.000325941461445338,0.0105830673428572,0.00733902150154372,-0.00616378886653209,0.0431329179349501,0.0308600286803661,0.0223455780472904,0.125796067272653,NA,-0.000828653888808005,0.011747695524155,0.0142506995879538,0,0.0308425458036285,0,-0.0186921393678108,-0.0277305159748279,NA,NA,NA
2025-08-18,-0.0102758489477457,-0.0366011020309519,-0.0432681331012395,-0.00896127652402788,-0.0409935911740857,-0.0563840277666969,-0.0356017301733523,0.00274638162457755,NA,-0.0263544083874578,-0.0354083250635168,-0.0531427939500221,0,-0.049775175900433,-0.0425596275998782,-0.0287101158787096,0.0889692360907899,NA,NA,NA
2025-08-19,-0.0298702202052192,-0.0570251441525558,-0.038746170152328,-0.0705549372108303,-0.0885227058705171,-0.0595005368744631,-0.0522761015891066,-0.0910205536627684,NA,-0.0453427046532673,-0.0408492882920171,-0.0620260562739948,-0.0800426610327831,-0.0516407845015408,-0.0909718083339154,-0.0497615275795656,-0.0241431476682085,NA,NA,NA
2025-08-20,0.0127128516068693,0.0621126055258531,0.063117312896697,0.0337145381841388,0.0414727736396131,0.0479832272762278,0.0434313319064424,0.114361091289472,NA,0.0309930700137142,0.0419906345383604,0.0576329300721513,0.0800426610327831,0.0535458408395263,0.0465200313837188,0.0497615275795657,0.279503045570823,NA,NA,NA
2025-08-21,-0.0163723278465067,-0.026010882828823,-0.039724364709231,-0.0345736714137454,-0.0344187701815687,-0.0285163073473618,-0.0226002444611802,-0.0618942806235536,NA,-0.0120075656833725,-0.0102419397000682,-0.0307269608084609,-0.0800426610327831,-0.0238536495144998,-0.0465200313837189,-0.0295588128375994,-0.0721033175533798,NA,NA,NA
2025-08-22,0.0388639264247782,0.134530155586127,0.107034705138457,0.0760709139603479,0.0886628100536192,0.102919565505351,0.096010422999024,0.076155584186771,NA,0.06868599811455,0.0851443860186891,0.113624391243073,0.0800426610327831,0.0928940507092856,0.133531435933794,0.104360051376285,0.472968455176447,NA,NA,NA
2025-08-23,-0.012915297318543,-0.0115033590804906,0.0162604669023998,-0.00965670989377161,-0.0182180343875501,0.0380892922272587,0.0120159805298108,-0.0176702465962377,NA,-0.0118506070090197,0.0139590965765876,-0.0192243180957939,0,-0.0308014312570899,-0.0425596275998782,-0.0460911226599763,-0.139058446403598,NA,NA,NA
2025-08-24,-0.0167453578315027,0.000744501188212205,0.00934943399259643,-0.00670125463624722,-0.00386894053324986,-0.0189947912218089,-0.028119672453029,-0.0175216079953525,NA,-0.0263029960033336,-0.0207313736975058,-0.0180036738977586,0,-0.0447269142800714,-0.0444517769501965,-0.0287101158787096,0.0836826877745123,NA,NA,NA
2025-08-25,-0.0298263155288319,-0.0889203098693146,-0.094562761195975,-0.0559319725089817,-0.082432557172777,-0.0956133804030588,-0.0952199443955266,-0.0986582113958629,NA,-0.0769260150321889,-0.0802671175187533,-0.0995972091312183,-0.0800426610327831,-0.105602657165728,-0.0953102128768598,-0.102129454818968,-0.117141993966756,NA,NA,NA
2025-08-26,0.015125123339528,0.0507025916571376,0.0450338028542865,0.051410369004872,0.03409321512455,0.033677505970258,0.0399493155444165,0.042023790268217,NA,0.0363826815385845,0.0248224596695955,0.0403567562275222,0.0800426610327831,0.0436531074376113,0.0487901814931409,0.0421114232451785,-0.0355136326974012,NA,NA,NA
2025-08-27,-0.00520655346926939,-0.0213179452224538,0.0351981129192445,-0.0152540799548299,-0.0192534156964244,0.00997751752090902,-0.0140054026567074,-0.0266646406807811,NA,-0.0120600910009451,-0.00807258653383546,0.00207595086645336,-0.0800426610327831,0.00530856892733178,0,-0.0103627151510856,-0.0756950327276528,NA,NA,NA
2025-08-28,0.0118226403333177,0.000840050708216393,0.0550413113098323,0.00016072134344913,0.00889280719585458,0.0189578107154169,0.037451899790711,0.0581572904092939,NA,0.0143349659251005,0.0629462344388925,0.0244610168281689,0.0800426610327831,0.0416370604383358,0.0465200313837188,0.0307715943590477,-0.0377651761034728,NA,NA,NA
2025-08-29,-0.037423359714663,-0.0331640681503529,-0.0437871527987639,-0.0501526700130122,-0.0363423477280067,-0.054265172568027,-0.0524986740119814,-0.0718960472664289,NA,-0.0343765596728615,-0.0645841708229306,-0.0470232146207376,-0.0800426610327831,-0.0705518235759457,0,-0.0625203024531406,-0.0354260002949738,NA,NA,NA
2025-08-30,0.00365746080463544,0.00320586433036882,-0.011565814461068,-0.00133722394033386,-0.00573738141086833,0.00889345867275847,0.00876417670049667,0.00273376929200503,NA,0.00812122271094782,0.00450884306514255,0.00904620648167022,0,0.0156628089703015,0,0.0106952924459438,-0.016078681648156,NA,NA,NA
2025-08-31,-0.0052649106927604,0.0036205905886264,-0.00989099066239022,-0.0148515465305266,-0.0135198480935279,-0.0161128296056705,-0.0180442899256409,-0.0117194154747132,NA,-0.0173119500555222,-0.0084066052630218,-0.0100746078332483,0,-0.0265840305639712,0,-0.021506211951729,-0.0402642172941005,NA,NA,NA
2025-09-01,0.00932367209897638,-0.0173590254426441,-0.0188722616277906,-0.0082982346692711,-0.0138689291723592,-0.00956851858640035,-0.0142365357961147,-0.0324995526311284,NA,-0.00335163511088495,-0.0179918688826558,-0.0167948549900306,0,-0.0341726866682112,-0.0953102128768598,-0.0444517769501965,-0.0861447135830422,NA,NA,NA
2025-09-02,0.0176913822811821,0.00252215751944765,0.0608820923259236,0.0385277925211397,0.0420856497973293,0.0533204650107191,0.034075226962657,0.0435024554971599,NA,0.0284320796832562,0.00923012329104481,0.0214748445394139,0,0.0764197442576835,0.0487901814931409,0.0444517769501965,0.0131084375348305,NA,NA,NA
2025-09-03,0.00468883057640544,0.028494847114407,0.0060194694098796,-0.00594532275953252,0.00233259563020892,0.0292521800964978,0.0123387530348848,0.00896447940059259,NA,0.0113833105756063,0.0209596140497395,0.0263786020536,0,-0.00286779357929928,0,0.0108109195057853,0.00825311331085707,NA,NA,NA
2025-09-04,-0.00898746169776838,-0.0346686243531475,-0.0396180445075277,-0.0173977767448207,-0.0323676972372989,-0.0381210542369368,-0.0256090158116315,-0.0582694829270054,NA,-0.0165978758652369,-0.0282565742490054,-0.037336023282718,0,-0.0404384484460912,-0.100083495027949,-0.0439631374860333,-0.0464640866372723,NA,NA,NA
2025-09-05,-0.000656057151249527,0.00191607885458193,0.00462170076569385,0.00727713808502517,0.0258180931566781,0.00992266139127089,0.0163723200606307,-0.00268294194379862,NA,0.0090430867531297,0.0101370857952411,0.0252208651218269,0,0.0434442414373652,0.051293313534808,0.0222231439717284,0.0274987213422032,NA,NA,NA
2025-09-06,-0.0038599957441809,-0.00763217798304684,-0.0161105859312611,-0.00191680516687783,-0.0152993010710541,-0.00394439670318077,-0.000970245065777106,-0.00387353900665049,NA,0.000566346899474893,-0.0063851530850194,-0.00930412974686983,0,-0.00441156505426582,0,-0.0110498397401662,0.00318600859986933,NA,NA,NA
2025-09-07,0.00851816005537941,0.00725107041363027,0.0305981890985093,0.0238021785661619,0.0200888516960472,0.0126473781156678,0.043413433373422,0.0116410996034167,NA,0.0251485515621986,0.016546073071703,0.0565362361466985,0,0.0203407012762661,0.0487901814931409,0.0219789137486859,0.0405197078205111,NA,NA,NA
2025-09-08,0.00809730601303834,0.000632642896918289,0.036700335525319,0.031406122200672,0.0352884088574282,0.0232240382975368,0.0124927151863098,0.0257331223990427,NA,-0.0202792773067686,0.0128028025194255,0.0571591494804593,0.0800426610327831,0.0449069475547244,0.0909718083339153,0.0631788467451872,-0.00191087587695363,NA,NA,NA
2025-09-09,-0.00483791669269965,0.00022495659480887,0.0142052544466313,-0.0080402532278749,-0.0000242541086437222,0.0259381257984335,0.0229540542970238,0.000201795200234354,NA,-0.00686332083000918,0.0099996634896028,-0.00493609251855963,0,0.00522445291235019,0,-0.0206192191453091,-0.0310825885592148,NA,NA,NA
2025-09-10,0.0215082708918206,0.00926401259097193,0.0305356787710452,0.0118395836931579,0.0224685424177165,0.126271420549613,0.0178726837262507,0.0215165075079199,NA,0.0490411970007735,0.0193642954364382,0.0193594075702789,0,0.0226380032367861,0,0.0103627151510856,0.00668640808253108,NA,NA,NA
2025-09-11,0.0135290138245721,0.0254457714451457,0.0210691158163869,0.0196684259201108,0.0107033631688402,-0.0086037403810426,0.00664924991417289,0.0378950508966416,NA,-0.0146039049547802,0.00327210758609626,0.0409714400625627,0,0.01479606973727,0.0425596275998782,0.0304592187361898,0.0995419484709194,NA,NA,NA
2025-09-12,0.00512968031934926,0.0553758339849282,0.0575334605515092,0.0216994851489061,0.0252639365354004,-0.00677652587049458,0.0183393442210617,0.0269935933643906,NA,0.0195683696167912,0.0119735726563004,0.074485624352361,0.0741079971398401,0.0461340012303878,0.0800426610327831,0.0487901814931409,-0.0295303862356966,NA,NA,NA
2025-09-13,-0.00130203814572203,-0.0100319013701589,0.00120692235547053,0.00443890153109063,0.0138134013439941,0.0359983127126475,0.0409441424003543,-0.0103586389125494,NA,0.00957090540539333,0.0158762760336033,0.0497046852556816,0,0.0264931271912877,0,0.0188684907805355,0.00945804222471706,NA,NA,NA
2025-09-14,-0.00469274607979696,-0.0126286302513669,-0.00843715174604649,-0.0289074935275994,-0.044928654072701,-0.0184592577526773,-0.0405330911068973,-0.0304396464079228,NA,-0.0348724034898506,-0.0388046589161054,-0.0382897818073916,0,-0.0492661243451597,-0.0392207271455078,-0.0478560378442048,-0.0512552279817215,NA,NA,NA
2025-09-15,0.000322446109825618,-0.018120801633332,-0.0261119706193019,-0.0117474903295236,-0.0290839637487941,0.0119198821307584,-0.0399384293590933,-0.0229042410882586,NA,-0.0124236681895822,-0.0292287744195543,-0.0364061838518504,-0.07410799713984,-0.0554226649948632,-0.0833815614871534,-0.0710958713752517,-0.0188503013358321,NA,NA,NA
2025-09-16,0.0120396147406812,-0.00515059134038269,0.0111681866338973,0.0137138980446121,0.0197025208118164,0.00788938638333068,0.0244038801194785,-0.00383604845241736,NA,0.0109686882992386,0.00893969891463326,0.0042385263285812,0,0.0894092723341042,0.0425596275998782,0.0310905222038138,0.0347296848936334,NA,NA,NA
2025-09-17,-0.00321184078745193,0.0196061745433915,0.0326600477214558,0.0151870079211899,0.0361309941868702,0.0544870843162126,0.0335133028611297,0.0207575758978675,NA,0.0171948537073068,0.0133748223466978,0.0459776134851373,0,-0.000710324841833631,0.0408219338872753,0.0400053491714378,0.0262831501968055,NA,NA,NA
2025-09-18,0.00572500677512241,-0.000612993524696759,0.0112882779085949,-0.00283157184990532,0.0133418358148247,0.103566302674713,0.030666756575864,0.0268521578102587,NA,0.0104768255197681,0.014016738263183,-0.0131317469551102,0,-0.00589955077301859,0,0,-0.0136105894981018,NA,NA,NA
2025-09-19,-0.0124415833621796,-0.0262688336907205,-0.0373742257072018,-0.0278248615327739,-0.0379070195571739,-0.0424659481432878,-0.0402515501477176,-0.0475252264634468,NA,-0.0355933989056048,-0.0430320718804516,-0.049230220438082,0,-0.061649468081597,-0.0408219338872753,-0.0606245683167469,-0.0606940853691932,NA,NA,NA
2025-09-20,0.000286084831133253,0.00253510720727029,0.00434922834969142,-0.00433211586538331,0.00335934897043075,-0.0173525982379558,-0.0000938734346090558,-0.00648130890596415,NA,-0.00140616956887612,-0.00582976348969075,0.00886088454949165,0,0.000640941569319712,-0.0425596275998782,0.0103627151510856,0.0401133078998548,NA,NA,NA
2025-09-21,-0.0036001483649768,-0.0069259123675464,-0.0126722903448924,-0.00185140784794386,-0.00973248794477744,-0.00416483041121929,-0.0201770577069385,-0.0150002475079992,NA,0.00127867900255413,-0.01039963446352,-0.0249205896170255,0,-0.0232676124003332,-0.0444517769501965,-0.0208340182095904,0.0120257037986338,NA,NA,NA
2025-09-22,-0.0224305333197482,-0.057433330283538,-0.0703856334977263,-0.0413345290008918,-0.0696038279269633,0.020406538592046,-0.0563837412884911,-0.0598967367536634,NA,-0.0754614095778087,-0.0571944355052623,-0.0790221268007707,-0.0800426610327831,-0.0994147760968245,-0.0465200313837189,-0.111225671152119,-0.157893184213293,NA,NA,NA
2025-09-23,-0.00653141661524412,-0.00893214161372529,-0.0312274553574104,-0.00874931159014739,-0.0222041278895726,-0.002246005403912,-0.0159195415298886,-0.00535084699437597,NA,0.00320031024430578,-0.00708042838963813,-0.0164113682433431,0,-0.0152029687908986,-0.0487901814931408,0,0.0322817381558993,NA,NA,NA
2025-09-24,0.0116635256971231,-0.00289330814154066,-0.00921823774122854,0.0347063122885053,0.00686947069879738,-0.0396322412105061,0.00543059801565683,0.00352206797679096,NA,-0.00512171110205342,0.00516903189231037,0.0161129497664063,0,0.00604524489869419,0,0,-0.00169564703589077,NA,NA,NA
2025-09-25,-0.0384918796436156,-0.0711200266948419,-0.0959593039668873,-0.0655276048421257,-0.0639783857061672,-0.120977559416318,-0.0498344643994921,-0.072508609583167,NA,-0.0332220811582251,-0.0355642233009512,-0.0799563442876547,0,-0.0784563121277124,-0.0512933135348081,-0.0606246432163104,-0.0942500635148254,NA,NA,NA
2025-09-26,0.00606632543055882,0.0424024174978493,0.0652517053003608,0.0157354054674864,0.0378235758874773,0.0154320555776286,0.0329107398421402,0.0474642199321317,NA,0.0239882407673666,0.0268392729812546,0.0435923764502702,0,0.0348146466512533,0.051293313534808,0.0368139862720375,0.109408265618195,NA,NA,NA
2025-09-27,-0.000281527332853905,-0.00427827025971039,-0.00865288270591586,0.00783873916211054,-0.0133326926249053,-0.0109096132474776,-0.00897924799492228,-0.00751403552131306,NA,-0.000925259491502205,-0.000473403166534154,-0.00773739569114728,0,-0.0241985124892856,-0.0512933135348081,-0.0121213648085469,-0.0151582021033697,NA,NA,NA
2025-09-28,0.022008506441889,0.0301043152619957,0.034539059642348,0.0207436676885513,0.0332951657072174,0.0414158586237865,0.0264585271111032,0.0353422613496553,NA,0.0217556243470667,0.0160068698810245,0.0279884137621255,0,0.0130549084969544,0.051293313534808,0.0121213648085468,0.023066635293666,NA,NA,NA
2025-09-29,0.0201111474090779,0.0181526417613101,0.0109284094288695,0.00560284983057777,-0.00169539458524485,0.0147031655644127,-0.00332102919644546,0.00314608331425689,NA,-0.0000834039494395503,-0.0155766625559304,-0.00986791046787241,0,-0.023325172737412,-0.0512933135348081,-0.0121213648085469,-0.0120960758468886,NA,NA,NA
2025-09-30,-0.00301411588423991,-0.017071255792248,-0.0204384686636768,-0.0124830488206755,0.000503057296765234,-0.0148409762887205,-0.0192632819359202,-0.0194932056595853,NA,0.00055648973573901,-0.00479403926356768,-0.00919737535142283,0,-0.00145979805411976,0,-0.0122700969736016,0.00293319014766976,NA,NA,NA
2025-10-01,0.039478652767795,0.048297746813587,0.060111885672655,0.0346404750722904,0.0517082498625704,0.0230898587708069,0.0531662181020926,0.057081188692477,NA,0.0741454359929204,0.00818138498204802,0.0642687908930737,0,0.0489586972550027,0.100083495027949,0.0482021187264215,0.0194743641676805,NA,NA,NA
2025-10-02,0.0169838748585951,0.0309586810920872,0.0577599930876736,0.0307530968839842,0.0235775564797118,0.0103333779642107,0.0445605409980582,0.00846785503559543,NA,0.0384540282406762,0.0427308792108548,0.0532045499238658,0.0800426610327831,0.0316161323168089,0,0.0346855696605493,0.0620477427828218,NA,NA,NA
2025-10-03,0.0130505072164265,0.00598633191392021,-0.00792937412480754,0.000512112129396195,-0.00461239342644101,0.0108224320824974,0.00261885854956827,-0.0110353317460091,NA,0.00736272925424445,-0.00694975638339322,-0.0128098951172441,0,-0.0036020511111392,0,0.0973741197011603,-0.0214391191856435,NA,NA,NA
2025-10-04,0.00129876322235384,-0.00570262458832152,-0.0216872185256082,-0.0238045435566371,-0.0309395487277074,-0.0396225484283314,-0.0278552496249116,-0.0221032667812135,NA,-0.000707593109929477,-0.0344371824838023,-0.0301719347596741,-0.0800426610327831,-0.0405193372908092,-0.0487901814931408,0.0696799458816974,-0.0422513470047299,NA,NA,NA
2025-10-05,0.00884816469408489,0.00582493425567981,0.00261930145402432,0.000435014315812569,-0.00306453817569781,-0.00188819538480062,-0.0157603800025944,-0.00134492987633556,NA,-0.0132093313958671,0.00334680055182718,0.00808552053989208,0,0.0108681776338168,0,-0.0392207271455078,-0.00742573734817094,NA,NA,NA
2025-10-06,0.00998175292871313,0.0374584689713631,0.0169802144806114,0.00673541596270003,0.0403338637498458,0.0205966724776207,0.0590818228672168,0.0604963150118022,NA,-0.00440913947259611,0.0290569859947094,0.0514645799757802,0.0800426610327831,0.0510577927273965,0.0953102128768598,0.0198026344294717,0.0508584283883907,NA,NA,NA
2025-10-07,-0.0268179837651983,-0.051794399676689,-0.0531399116965011,-0.0461012113270084,-0.0601746454899515,-0.0941492448207826,-0.0565966168586935,-0.0671730900879931,NA,-0.0107037580382706,-0.0513124993406671,-0.0740053757938918,-0.0800426610327831,-0.0859705311501821,-0.0953102128768598,-0.0400053491714379,-0.0591744510173051,NA,NA,NA
2025-10-08,0.0155512593053873,0.0170396815379719,0.038344590496503,0.00865751867883717,0.0217068632378165,0.030396959903137,0.0123577366952584,0.0343908042999923,NA,0.0132558995300063,0.0272677788895584,0.0328020363113943,0,0.0114829156235233,0,0.0202027147419662,0.0484918677816454,NA,NA,NA
2025-10-09,-0.0134604023670506,-0.0356355811560734,-0.036041567948347,-0.026698010214314,-0.0281301582561359,-0.0150710262668069,-0.0296295888863597,-0.0272639585660324,NA,0.0596936561654195,-0.0271907263828178,-0.027772558234685,0,-0.0528566440770534,-0.0512933135348081,-0.0725706419813683,-0.0551949183218932,NA,NA,NA
2025-10-10,-0.0723218218469905,-0.128311408379592,-0.158155374769242,-0.173304465357945,-0.250615298245227,-0.314078006779908,-0.318889207471916,-0.237734195548061,NA,-0.264896903353328,-0.314625665418767,-0.252203356511578,-0.182321617426934,-0.427858963818187,-0.37948958856542,-0.327906886607023,-0.406095828807849,NA,NA,NA
2025-10-11,-0.0214851600334071,-0.024336685988954,-0.0578791124780541,0.0115438272102458,-0.00419100519617418,0.0350180017107608,0.0127121375875981,-0.00817397403255181,NA,-0.0337601824148003,0.0590865565505585,-0.0407454524164846,0,0.0414039895085496,0.0741079971398401,0,0.0328916120456214,NA,NA,NA
2025-10-12,0.0386093463438997,0.104659954846501,0.103694026289972,0.0605662288094857,0.104053909757876,0.0504393460860033,0.0790111359005917,0.101253465309659,NA,0.0555985581742785,0.104026613662986,0.113804436624565,0.0953102128768598,0.14079022397676,0.0689928325086069,0.0993725046310951,0.123329964672253,NA,NA,NA
2025-10-13,0.000879292966289005,0.019273140201355,0.0535205116460085,0.0278312670473165,0.0387995452879138,0.0541045733467725,0.0392909949874896,0.0420094071268911,NA,0.00816656335600091,0.0437807584476975,0.0293819754356439,0,0.0897600853189217,0.125163185753757,0.0526436553306454,0.0181823326670437,NA,NA,NA
2025-10-14,-0.0188491634455942,-0.0286860875711376,-0.028758333075348,-0.0394560951696361,-0.0413873262649847,-0.0458559504639363,-0.0381367191904296,-0.0385668784942039,NA,-0.0223918267699955,-0.0478164321963343,-0.0452095339429411,0,-0.0376369203346445,-0.0606246418788178,-0.0392206310655549,-0.046091142121022,NA,NA,NA
2025-10-15,-0.0208625782908984,-0.0340116156373376,-0.0425731641513305,-0.0378198013636844,-0.0451521672762612,-0.038237580746233,-0.0350784560798844,-0.0565007946774418,NA,-0.0203826018039808,-0.0411474437044141,-0.0409427891926982,-0.0953102128768598,-0.0709433019472567,-0.064538543874939,-0.0548082528915186,-0.0518191614820211,NA,NA,NA
2025-10-16,-0.0237224847831797,-0.0235236837305909,-0.0492978068296045,-0.0352642301517776,-0.0363245763044133,-0.0446489353134325,-0.0401784994516738,-0.0371191536657503,NA,-0.0386027359204616,-0.0252163012262165,-0.041389483659526,0,-0.0369078002588984,-0.0689928325086069,-0.0579872760046671,-0.0326729108437804,NA,NA,NA
2025-10-17,-0.0160098398053488,-0.0160979367331442,-0.0144752335522268,-0.015066946776555,-0.0316630898173297,-0.0490134473794355,-0.0417272279638575,-0.0466899180622729,NA,-0.0183919751966612,-0.0308631592851845,-0.0188907219260024,0,-0.0319488177872164,0,-0.0303053595196104,-0.00302391401812216,NA,NA,NA
2025-10-18,0.00683758034970593,0.0149654648922314,0.0304355564109475,0.0284765269768195,0.0152753765773122,0.0124615349763526,0.0139537593283464,0.0125326984510201,NA,0.0174527033513764,0.00988626163914455,0.025409919231598,0,0.0190505418078453,0,0,0.013237287623303,NA,NA,NA
2025-10-19,0.013605430464268,0.023951244355826,0.000734616172938726,0.0126799858691804,0.0281134929926091,0.0190229209791236,0.0253682670494978,0.0266650631284049,NA,0.017097874053799,0.0138639981093684,0.029743271308849,0,0.0290249170375365,0.0689928325086069,0.0303053595196103,0.034080839315691,NA,NA,NA
2025-10-20,0.0175344907383395,-0.000976573622424939,0.010342959085552,0.042097103512048,0.016264184816797,-0.0116409085092629,0.0261528716979898,0.0769698165739903,NA,0.00886067409632274,0.0144365971923168,0.0242325627698166,0,0.0192060602088116,0,0.177333977274182,0.0171825505702912,NA,NA,NA
2025-10-21,-0.0192828301734961,-0.0264719932842645,-0.0217601126662239,-0.0281239290700085,-0.0311425119128452,-0.0400375477464045,-0.0265924181350125,-0.056734689263009,NA,-0.015241305817524,-0.0266695591463389,-0.0290258796699866,0,-0.0279939551361182,-0.0689928325086069,-0.0779614726430864,-0.0724058463836358,NA,NA,NA
2025-10-22,-0.00729356227081873,-0.0178645895343952,-0.0301713720699372,-0.0252341665229847,-0.0299054693690456,-0.0279726852084662,-0.0285205182038848,-0.0241836328969186,NA,-0.00833747297886814,-0.0235224475437435,-0.022826740018465,0,-0.0691311844265801,0,-0.041385228626428,-0.0328916120456214,NA,NA,NA
2025-10-23,0.0218704444247777,0.0125009778831115,0.0605247489614121,0.0131490987886981,0.0297981052670478,0.00619988267683762,0.0273786502225143,0.0120651013262078,NA,0.0228305087051628,0.0215028232632882,0.0251646315701436,0,0.0656285320410512,0.0689928325086069,0.0277795725299474,0.037763695104123,NA,NA,NA
2025-10-24,0.00872171428526193,0.0201637203014952,0.0112844930318029,0.0458300132936741,0.0200910197307183,0.0185289563032298,0.0247617793820567,0.0261819964434603,NA,0.0248861566708299,0.000681520729535813,0.0145413987170907,0,0.0379929360604054,0,0.0136056560964805,0.0269719643992093,NA,NA,NA
2025-10-25,0.005459116892619,0.0047929789006658,0.00247754291171036,0.0348681183028565,-0.0018739788291183,0.0117864762837963,0.00450098285122963,0.007738986929971,NA,0.0059408038530224,-0.0107911923987673,-0.00561514659258593,0,0.0041268375659604,0,-0.0136056560964806,-0.00831358145125824,NA,NA,NA
2025-10-26,0.0250392677448033,0.0504376920431622,0.0303942290395162,0.0185822533381416,0.0395341679401334,0.0547656382855355,0.0330028148674419,0.0286316406454076,NA,0.0301928675082276,0.0328777022009756,0.0451474858037081,0.0953102128768598,0.03719349761726,0,0.0270286803615711,0.0380274132029639,NA,NA,NA
2025-10-27,-0.00308950285538263,-0.00914881429466716,-0.00645441924554773,-0.00398348053291267,-0.0203176631441787,-0.0247554190245791,-0.0176223237971183,-0.0175984019685497,NA,-0.00583707131103767,-0.0240345169257622,-0.0260474221860536,-0.0953102128768598,-0.0280255970276774,0,-0.0270286803615712,-0.0512328480384802,NA,NA,NA
2025-10-28,-0.0102448240868119,-0.0340326787838609,-0.0218680588435069,-0.0109350660357048,-0.0321151031083483,-0.0418328974732431,-0.0281363360443101,-0.0208914477956966,NA,-0.0270783399768348,-0.0248466763841776,-0.033620731958811,0,-0.0355615515267923,-0.0689928325086069,-0.0277795725299475,-0.0444792792977266,NA,NA,NA
2025-10-29,-0.0260168054657663,-0.0200141784925665,-0.000164182001610892,-0.0209220705748027,-0.00949613045285211,0.00827911640465081,0.00867346685566506,0.0150236036151854,NA,0.0187900988182385,-0.00172412880579273,-0.00708024903980922,0,0.00936356042774489,0.0689928325086069,0.0139862462446679,0.0175333839638215,NA,NA,NA
2025-10-30,-0.0160266389546195,-0.0256841499230136,-0.0516502234142525,-0.0450044129754278,-0.0629263793845104,-0.0806916340286742,-0.0694310434912305,-0.0748189466295498,NA,-0.0539360035541598,-0.0473297831127025,-0.0516243012886781,0,-0.0885461397347898,-0.143100829648447,-0.0870114045500747,-0.0760676395081541,NA,NA,NA
2025-10-31,0.0114809611962852,0.0111627183081316,0.0139045643167014,0.0278966666875433,0.0132896565564607,0.00334552593829305,0.00321193290118269,0.0255737503262193,NA,0.0223479969726788,0.00291891509442344,0.0201717040061824,0,0.0434917695002877,0.0741079971398401,0.0588405189215243,0.0277429198832314,NA,NA,NA
2025-11-01,0.0046248251724931,0.00702158668722516,-0.00444029239612002,-0.00141969652730087,0.00497308690325574,0.027256541107501,0.0288734160847293,-0.00688833699338438,NA,0.0600253001986551,0.0227799111886997,0.00453821230485028,0,0.0393182133356841,0,0.0141846393838825,0.0238182693064402,NA,NA,NA
2025-11-02,0.00521614123331979,0.00947317404753042,0.00772798915173896,0.00950334342275386,-0.00228611787010314,0.00873910488870635,0.00707929460776592,0.0274941560144444,NA,-0.0188241027597489,0.0138464776316107,-0.00378757335764134,0,0.0189731739172813,0,-0.0141846393838824,-0.0508916159213327,NA,NA,NA
2025-11-03,-0.03768718290101,-0.0822344830552395,-0.122981847214058,-0.0908833206491407,-0.100659461933227,-0.124516325556531,-0.145482719319779,-0.143729602561071,NA,-0.129804023604466,-0.203698603761883,-0.109374709163913,-0.105360455024847,-0.214078656189068,-0.154150658172623,-0.154150731798384,-0.0772019735159854,NA,NA,NA
2025-11-04,-0.0476408575376078,-0.0899050101356721,-0.0665110938585974,-0.0437069243983403,-0.0574150949327519,-0.038377080964157,-0.0273504502813492,-0.0346043294221289,NA,-0.0221379526206346,0.00148956816571688,-0.027570551238911,0,-0.0894005021574965,-0.0870114045500747,-0.0512932497106177,-0.0308395120328934,NA,NA,NA
2025-11-05,0.0224000613217487,0.0394816688100728,0.0450615869337035,0.0591101266734603,0.0461829481677413,0.0381682430649671,0.0611275630604361,0.0285137930064487,NA,0.0465290176472403,0.0624228180014904,0.0283893908285394,0,0.0832982983028001,0.0870114045500747,0.0512932497106177,0.0621587866962318,NA,NA,NA
2025-11-06,-0.0252511824918508,-0.0335213636698542,-0.047234203443875,-0.0590051925308623,-0.028156393028818,-0.0334683486422868,-0.00303975096800028,-0.0290407567294108,NA,-0.0289459464233216,-0.00888445879964707,-0.0363438052884041,0,-0.0313064159560308,0,-0.0339015014966633,0.00210004028454817,NA,NA,NA
2025-11-07,0.020238925968734,0.0364744811598152,0.0419430222354814,0.0456718595256087,0.0813986059663158,0.0948291032850406,0.196388825257031,0.0690677327191171,NA,0.156962794795098,0.13852693233421,0.101634412829761,0.105360455024846,0.122732869397306,0.0800426610327831,0.113944237154652,0.17412964605147,NA,NA,NA
2025-11-08,-0.0106032122142002,-0.0102185497413462,-0.0225497150538945,-0.0127280073568482,-0.013260948678107,-0.0128347183398512,0.00231229448137576,-0.016217070077204,NA,0.0419988442987335,-0.02927188604624,-0.0140397527168192,0,-0.00870572789449655,0,-0.0312525541648482,-0.0419978139278728,NA,NA,NA
2025-11-09,0.0235518396996801,0.0522087429098387,0.0393863251642263,0.0355807892391141,0.017806029752083,0.0170649866825005,-0.00513949300942938,0.0262459463990088,NA,0.0371295899379788,0.00581549733564317,0.0173197071753546,0,0.0102787340406043,0,0,0.0097561784081278,NA,NA,NA
2025-11-10,0.0121202693364623,-0.00396063053217471,0.0175590961844788,0.0648806914103845,0.0244719880727398,0.021761502070138,0.00865961272860398,0.0257973632017596,NA,-0.0556818729085662,0.0431184280015848,0.0141469173358525,0,0.0353647439875446,0,0.0312525541648482,0.0468233796210871,NA,NA,NA
2025-11-11,-0.0287025464768418,-0.0438739864099317,-0.0795527757151489,-0.0547670365761766,-0.0634263964641919,-0.0656014178740393,-0.0661162355723447,-0.0661320430669414,NA,-0.0444946694425736,-0.0524433025007912,-0.0553443999989967,0,-0.0777112129085284,-0.0800426610327831,-0.0800427356579891,-0.113305531935873,NA,NA,NA
2025-11-12,-0.013039146642677,-0.000640851706814088,-0.00848712570040854,-0.00202075757589802,-0.0204528082549135,-0.0114410788966651,-0.0431773477994463,-0.0102889315350295,NA,-0.021544708816288,-0.018309438702706,-0.0113649659152103,-0.105360455024847,-0.0304732902910442,0,-0.0168070628217894,-0.0137122140645388,NA,NA,NA
2025-11-13,-0.0195247429765854,-0.0542839228098472,-0.0546675665187662,-0.023636297036418,-0.0262860639591815,-0.0399777918007238,-0.0214313287857949,-0.0374898893494012,NA,-0.00770818240062982,-0.00490497839465057,-0.0346051343059256,0,-0.00974271696789573,0,-0.0344861868888283,-0.049184779730553,NA,NA,NA
2025-11-14,-0.0546228711365915,-0.0407128161836018,-0.0453369230105578,-0.0381054356551571,-0.063535466554919,-0.0672172698299881,-0.0182028358456581,-0.0552886660749501,NA,0.00742710967412589,-0.0256382574571551,-0.0424601602004515,0,-0.0916614150560141,-0.0870114045500747,-0.0540672389992171,-0.0202308877968786,NA,NA,NA
2025-11-15,0.0121231064987472,0.0200458143866449,0.00617227238531889,-0.00390073674044709,0.00994204259807545,0.0270093396133189,0.00764106774057928,0.0229847467276183,NA,0.0426966045425242,0.0176232156082563,0.0353808356404861,0,0.0497270398016304,0,0.0183491447927399,0.0257405855734832,NA,NA,NA
2025-11-16,-0.0144639384619225,-0.0235761973164414,-0.0163982183043194,-0.00837271250637623,-0.0375558599709893,-0.0238836656766544,-0.0156408977626777,-0.0272044308065999,NA,-0.0594348325987023,-0.0301595779976785,-0.02782055536224,0,-0.0336941697732725,0,-0.01834914479274,-0.0557857430926133,NA,NA,NA
2025-11-17,-0.0223683827163435,-0.0223335360686421,-0.0478803137279745,-0.0248995365133935,-0.0406484298358478,-0.0443706135374238,-0.0460518207459294,-0.0322341702549775,NA,-0.0497651831022563,-0.0242248560964045,-0.0436000222904592,0,-0.055210669739512,-0.0953102128768598,-0.0571584336546481,0.00795661876602589,NA,NA,NA
2025-11-18,0.00924117356330554,0.0320287321061959,0.0726938230390179,0.0248409145669011,0.0200918428744733,0.00500372960660707,0.0339405689474329,0.0360808864292742,NA,0.0472497729351813,0.0210602422902637,0.0625977429076147,0,0.0707528527989984,0,0.0571584336546483,0.0367792845864211,NA,NA,NA
2025-11-19,-0.0160823776998089,-0.0325142190008237,-0.0284538038905701,-0.0503614850053782,-0.0250295407491937,-0.0212875602443988,-0.0241674556941907,-0.0200427495623339,NA,-0.0295221692180612,-0.0122299453824441,-0.0467068009078687,0,-0.0473580264996976,0,-0.0377403409386121,-0.0253178370052034,NA,NA,NA
2025-11-20,-0.0542991431316112,-0.0653684988267086,-0.0240484602274917,-0.0530179248773327,-0.0688943661951946,-0.0326193819120851,-0.0568196140380722,-0.045089069738407,NA,-0.0622269085788222,0.00536871011836786,-0.03449713619978,-0.117783073551995,-0.0490593995291346,0,-0.0800426610327831,-0.0165173896279549,NA,NA,NA
2025-11-21,-0.0179504904722895,-0.0236111523857896,-0.0382971176645321,-0.0245045142035401,-0.0552742930846447,-0.0373359475380464,-0.0795513394977863,-0.0643638976029376,NA,-0.0549552598980807,-0.0852527997280128,-0.0616219874597132,0,-0.141391431524587,-0.105360455024847,-0.0425596275998782,-0.065069738607724,NA,NA,NA
2025-11-22,-0.00521187239368071,0.000689715327408676,-0.00741496351338096,-0.000334323009570965,-0.0111557659215576,-0.0056192571413662,-0.0154176984983049,0.00441051518722671,NA,-0.00519270359890042,-0.002429471276169,0.00086988878782953,0,0.0121452311476792,0,-0.0219789137486859,-0.00309591117252268,NA,NA,NA
2025-11-23,0.0251585865790004,0.0122346182602879,0.0244254970095065,0.0483144427615108,0.00969315952119245,0.00377309325440437,-0.023563916141219,0.0272401969271432,NA,0.00972335011140328,-0.00701393812863953,0.0317560663458225,0,0.00743731461442061,0,0,-0.027506671676683,NA,NA,NA
2025-11-24,0.0167423578108395,0.0525067184643922,0.0569976794211419,0.0841353197735194,0.0461420634782276,0.0451562747868923,0.0364047197854626,0.0357412989468106,NA,0.0296822548389459,0.00354195461210246,0.0469567905294506,0,0.116589034316909,0.105360455024846,0.0851577604938731,0.0512534804828563,NA,NA,NA
2025-11-25,-0.0105764769567545,0.00176728517237191,0.00374945233550798,-0.0123561099927082,-0.0146566258800627,0.0198888822802334,-0.0193725122724354,0.0077881000631845,NA,-0.00228685906882005,-0.0141582467333187,0.00773053599279753,0.117783073551995,-0.0270727264261693,0,0,-0.00531314585238922,NA,NA,NA
2025-11-26,0.0357225879133364,0.023348428095094,0.0292393955959014,0.0116401303515759,0.032677588043796,0.0526746457135333,0.0215450469244072,0.0294097321139717,NA,0.0184530474606959,0.0241100329391151,0.0117369719500429,0,0.0543168022550466,0,0.0202027147419662,-0.00381246223804701,NA,NA,NA
2025-11-27,0.00843780610849543,-0.00439226042671351,-0.0152599131778186,-0.0106036191748125,-0.0044564351235403,0.0058327132901513,-0.00281522221723071,-0.00797917641316915,NA,-0.00280431403727088,-0.0021288520482026,-0.013588715815767,0,-0.00823039274830467,0,0,0.0528200683087825,NA,NA,NA
2025-11-28,-0.00401866677441968,0.00587488291321304,-0.0248449343014433,-0.00920972492181091,-0.031513880422653,-0.0114329554317112,-0.0228692199781512,-0.0157597879825389,NA,-0.0270900155085955,-0.0323037552603758,-0.0159029276516276,0,-0.00549680019870051,0,-0.0202027147419662,0.00433835047197449,NA,NA,NA
2025-11-29,-0.00074277862694653,-0.0134859978052361,-0.00956951615811206,0.0103690663838175,-0.0116035816410405,-0.0418002188890427,-0.0108561364995195,-0.010481774114508,NA,-0.00284189223325256,-0.00514717212264414,-0.0114506972969199,0,-0.00248901842838836,0,-0.0206192191453091,-0.051065436488022,NA,NA,NA
2025-11-30,-0.00504779257313277,0.000142800978600709,-0.0186686220366921,-0.0194353289476949,0.00120777022995458,-0.0335691738402491,-0.018640299906498,-0.00164967130976468,NA,-0.0182086578687333,-0.020712518011215,-0.01287116543753,-0.117783073551995,-0.0341894933533376,-0.105360455024847,-0.0210534156481492,-0.0277154317264663,NA,NA,NA
2025-12-01,-0.046101838054076,-0.0662927736435053,-0.0526936016133665,-0.0620689475601791,-0.0753126352084471,-0.0751278347953398,-0.0824887339897832,-0.0715267818326324,NA,-0.0620495682336429,-0.0475812937619818,-0.0785574355915653,0,-0.0618172963786403,0,-0.0889475148179114,-0.0686583258981594,NA,NA,NA
2025-12-02,0.0566209938703038,0.068238382808925,0.0902340697411882,0.0595460609639077,0.117865465790174,0.0656010924766241,0.0956213414094406,0.111468494489447,NA,0.0651553397475069,0.0427135368449611,0.0737938984569271,0,0.155422674096426,0.105360455024846,0.110000930466061,0.0377403279828471,NA,NA,NA
2025-12-03,0.0235582620118317,0.0625882304633783,0.0439061209671785,0.0212903616529292,0.0380821370038398,0.0822643203369242,0.0515971756743711,0.0835414207722158,NA,0.0376913519488498,0.0137646148857673,0.0400971964815119,0.117783073551995,-0.0106437021409191,0,0.0408219338872753,-0.0285850686535413,NA,NA,NA
2025-12-04,-0.0257526958512183,-0.0372426755365892,-0.041548027709078,-0.0561056689602945,-0.0251053339978249,-0.0348301066253269,-0.0435294940263181,-0.0407746235925312,NA,-0.0382654773587669,-0.0428599592823248,-0.0361330408216861,-0.0411262372900113,-0.00924895681986274,-0.0364766143129279,-0.0433267850804977,0.0122636492310252,Inf,Inf,NA
