month,cost_usd_low,cost_usd_avg,cost_usd_median,cost_usd_high,daily_total_usd_low,monthly_total_usd_low,pct_of_payment_low,daily_total_usd_avg,monthly_total_usd_avg,pct_of_payment_avg,daily_total_usd_median,monthly_total_usd_median,pct_of_payment_median,daily_total_usd_high,monthly_total_usd_high,pct_of_payment_high,network,chain_type
2021-05,0.0595105456150379,0.06452879795751174,0.0650241125625,0.0683101102395833,5.95105456150379,178.5316368451137,59.5105456150379,6.452879795751174,193.5863938725352,64.52879795751173,6.50241125625,195.0723376875,65.0241125625,6.831011023958331,204.93033071874993,68.3101102395833,Arbitrum One,L2
2021-06,0.01672973632694,0.02969748197430056,0.027441570524091352,0.058546337121836,1.6729736326940001,50.189208980820005,16.72973632694,2.9697481974300564,89.09244592290169,29.697481974300562,2.744157052409135,82.32471157227405,27.441570524091354,5.8546337121836,175.639011365508,58.54633712183599,Arbitrum One,L2
2021-07,0.0180349924963486,0.02987506898675848,0.0275664630597162,0.0604092523571735,1.80349924963486,54.1049774890458,18.0349924963486,2.987506898675848,89.62520696027545,29.875068986758478,2.75664630597162,82.6993891791486,27.566463059716202,6.04092523571735,181.2277570715205,60.40925235717351,Arbitrum One,L2
2021-08,0.0426563001101656,0.10311339560231474,0.0877958456737513,0.2530231042178213,4.26563001101656,127.9689003304968,42.656300110165596,10.311339560231474,309.3401868069442,103.11339560231474,8.77958456737513,263.3875370212539,87.79584567375129,25.30231042178213,759.069312653464,253.0231042178213,Arbitrum One,L2
2021-09,0.101551153141945,0.25405229033369253,0.151491960563121,65.19928388663091,10.1551153141945,304.653459425835,101.55115314194501,25.405229033369253,762.1568710010775,254.0522903336925,15.1491960563121,454.475881689363,151.49196056312098,6519.928388663091,195597.85165989274,65199.2838866309,Arbitrum One,L2
2021-10,0.1343059128132174,0.23686038522085712,0.2012481584542593,0.4615941128887277,13.43059128132174,402.9177384396522,134.3059128132174,23.686038522085713,710.5811556625714,236.8603852208571,20.124815845425932,603.744475362778,201.24815845425928,46.15941128887277,1384.782338666183,461.5941128887277,Arbitrum One,L2
2021-11,0.2390944936469567,0.3565193828168192,0.3492761209482169,0.4835855492784511,23.90944936469567,717.2834809408702,239.0944936469567,35.65193828168192,1069.5581484504576,356.5193828168192,34.92761209482169,1047.8283628446507,349.27612094821694,48.35855492784511,1450.7566478353533,483.585549278451,Arbitrum One,L2
2021-12,0.1454721992741064,0.21915341502077576,0.1952373483019142,1.5644267287533524,14.54721992741064,436.4165978223192,145.4721992741064,21.915341502077577,657.4602450623273,219.15341502077575,19.52373483019142,585.7120449057426,195.23734830191418,156.44267287533523,4693.280186260057,1564.4267287533523,Arbitrum One,L2
2022-01,0.1654572782372618,0.27200704962813715,0.2425113143647527,10.907357344657568,16.545727823726182,496.3718347117855,165.4572782372618,27.200704962813717,816.0211488844116,272.0070496281371,24.25113143647527,727.5339430942581,242.51131436475268,1090.7357344657567,32722.072033972698,10907.357344657567,Arbitrum One,L2
2022-02,0.0778988880902352,0.14308084762159218,0.12864765243967258,0.2565734813648472,7.78988880902352,233.69666427070558,77.89888809023519,14.308084762159218,429.24254286477657,143.08084762159217,12.864765243967257,385.9429573190177,128.64765243967258,25.65734813648472,769.7204440945417,256.57348136484717,Arbitrum One,L2
2022-03,0.0395632747206595,0.11218358021701079,0.0724727309641609,55.25393402274023,3.95632747206595,118.68982416197849,39.5632747206595,11.218358021701079,336.55074065103236,112.18358021701079,7.24727309641609,217.4181928924827,72.4727309641609,5525.393402274023,165761.80206822068,55253.93402274023,Arbitrum One,L2
2022-04,0.0558752002178765,0.10075356356942604,0.09093117729260819,0.2512650249216874,5.58752002178765,167.6256006536295,55.8752002178765,10.075356356942605,302.26069070827816,100.75356356942603,9.093117729260818,272.79353187782453,90.93117729260818,25.12650249216874,753.7950747650622,251.26502492168737,Arbitrum One,L2
2022-05,0.0183931445397951,0.09235196653042406,0.0473698505600012,9.146823299974026,1.83931445397951,55.1794336193853,18.3931445397951,9.235196653042406,277.0558995912722,92.35196653042405,4.736985056000121,142.10955168000362,47.369850560001204,914.6823299974026,27440.46989992208,9146.823299974025,Arbitrum One,L2
2022-06,0.0162508533744443,0.2004725585387788,0.0437775255161668,18.72104185298656,1.62508533744443,48.7525601233329,16.2508533744443,20.04725585387788,601.4176756163364,200.47255853877877,4.37775255161668,131.3325765485004,43.7775255161668,1872.104185298656,56163.12555895968,18721.04185298656,Arbitrum One,L2
2022-07,0.0072643235640812,0.02285023140576733,0.0177514138178086,1.8538839759100816,0.72643235640812,21.7929706922436,7.264323564081199,2.285023140576733,68.550694217302,22.850231405767328,1.77514138178086,53.2542414534258,17.751413817808597,185.38839759100816,5561.651927730245,1853.8839759100813,Arbitrum One,L2
2022-08,0.0057163094536921,0.03575627907838001,0.0142328571383299,23.185627438808663,0.57163094536921,17.1489283610763,5.716309453692099,3.575627907838001,107.26883723514004,35.75627907838001,1.42328571383299,42.6985714149897,14.2328571383299,2318.562743880866,69556.88231642598,23185.62743880866,Arbitrum One,L2
2022-09,0.0083592550347222,0.00971713223131632,0.0097614169791666,0.0718208822272048,0.83592550347222,25.077765104166602,8.3592550347222,0.971713223131632,29.15139669394896,9.71713223131632,0.9761416979166601,29.284250937499802,9.761416979166599,7.18208822272048,215.4626466816144,71.82088222720479,Arbitrum One,L2
2022-10,0.0082792251388888,0.008887500684895385,0.0085801290972222,0.0254933900476666,0.8279225138888799,24.8376754166664,8.2792251388888,0.8887500684895385,26.662502054686154,8.887500684895384,0.85801290972222,25.7403872916666,8.580129097222198,2.54933900476666,76.48017014299981,25.493390047666598,Arbitrum One,L2
2022-11,0.0072190595659722,0.008525617617091441,0.00799819651041665,0.0280808645961458,0.72190595659722,21.6571786979166,7.219059565972199,0.8525617617091441,25.576852851274325,8.525617617091442,0.7998196510416651,23.994589531249954,7.9981965104166495,2.80808645961458,84.2425937884374,28.080864596145798,Arbitrum One,L2
2022-12,0.0076644996006944,0.008068524375020316,0.0079909968576388,0.0266342483376441,0.76644996006944,22.9934988020832,7.664499600694399,0.8068524375020316,24.205573125060948,8.068524375020315,0.79909968576388,23.9729905729164,7.990996857638801,2.66342483376441,79.9027450129323,26.634248337644095,Arbitrum One,L2
2023-01,0.0077833940798611,0.009549758109523602,0.0099916607465277,0.0775745215102812,0.77833940798611,23.3501822395833,7.7833940798611,0.9549758109523602,28.649274328570804,9.549758109523601,0.99916607465277,29.9749822395831,9.9916607465277,7.75745215102812,232.7235645308436,77.57452151028119,Arbitrum One,L2
2023-02,0.0097408469618055,0.013821755680089767,0.01063872423611105,1.278256654337542,0.97408469618055,29.2225408854165,9.7408469618055,1.3821755680089767,41.4652670402693,13.821755680089767,1.063872423611105,31.91617270833315,10.638724236111049,127.8256654337542,3834.769963012626,1278.256654337542,Arbitrum One,L2
2023-03,0.0091876861284722,0.024570463034268658,0.0110837340972222,1.7186680613411562,0.91876861284722,27.5630583854166,9.1876861284722,2.457046303426866,73.71138910280598,24.57046303426866,1.10837340972222,33.2512022916666,11.0837340972222,171.86680613411562,5156.004184023469,1718.668061341156,Arbitrum One,L2
2023-04,0.0116913863715277,0.02736086344221995,0.0123384846180555,4.318829692385565,1.16913863715277,35.074159114583104,11.691386371527699,2.736086344221995,82.08259032665985,27.36086344221995,1.2338484618055499,37.015453854166495,12.3384846180555,431.8829692385565,12956.489077156695,4318.829692385564,Arbitrum One,L2
2023-05,0.0115501248958333,0.01512744181789068,0.0118939096701388,0.8203572349171874,1.15501248958333,34.6503746874999,11.5501248958333,1.512744181789068,45.382325453672046,15.12744181789068,1.18939096701388,35.681729010416404,11.8939096701388,82.03572349171874,2461.0717047515623,820.3572349171873,Arbitrum One,L2
2023-06,0.0107238245833333,0.014298864796231247,0.0120189739583333,1.4579715157200095,1.07238245833333,32.1714737499999,10.7238245833333,1.4298864796231248,42.89659438869374,14.298864796231248,1.20189739583333,36.0569218749999,12.0189739583333,145.79715157200096,4373.914547160029,1457.9715157200094,Arbitrum One,L2
2023-07,0.0120678444791666,0.012447925404612115,0.0122910808854166,0.1005063139765208,1.20678444791666,36.2035334374998,12.067844479166599,1.2447925404612115,37.34377621383634,12.447925404612114,1.22910808854166,36.8732426562498,12.2910808854166,10.05063139765208,301.5189419295624,100.50631397652079,Arbitrum One,L2
2023-08,0.0107139111805555,0.013743139824052284,0.0118463120659722,1.6765589997298598,1.07139111805555,32.1417335416665,10.7139111805555,1.3743139824052284,41.22941947215685,13.743139824052284,1.18463120659722,35.5389361979166,11.8463120659722,167.655899972986,5029.67699918958,1676.5589997298598,Arbitrum One,L2
2023-09,0.0102861339930555,0.010644731860184907,0.010595011397569399,0.0543527954622656,1.02861339930555,30.858401979166498,10.286133993055499,1.0644731860184906,31.934195580554718,10.644731860184907,1.0595011397569398,31.785034192708196,10.595011397569397,5.43527954622656,163.05838638679683,54.352795462265604,Arbitrum One,L2
2023-10,0.0100543527951388,0.011784396780225847,0.0106256876736111,0.5826854526826666,1.00543527951388,30.1630583854164,10.054352795138799,1.1784396780225848,35.35319034067754,11.784396780225846,1.06256876736111,31.877063020833297,10.625687673611099,58.26854526826666,1748.0563580479998,582.6854526826666,Arbitrum One,L2
2023-11,0.0117356299305555,0.01318008763250583,0.0131368613368055,0.2923823318639844,1.17356299305555,35.2068897916665,11.735629930555499,1.318008763250583,39.54026289751749,13.18008763250583,1.3136861336805499,39.4105840104165,13.1368613368055,29.23823318639844,877.1469955919532,292.38233186398435,Arbitrum One,L2
2023-12,0.0135787414930555,0.0197256608265184,0.0147606297222222,1.2574314262318385,1.35787414930555,40.736224479166495,13.5787414930555,1.97256608265184,59.1769824795552,19.7256608265184,1.47606297222222,44.2818891666666,14.760629722222198,125.74314262318384,3772.2942786955155,1257.4314262318383,Arbitrum One,L2
2024-01,0.0144125637499999,0.017370844992793483,0.0150893401388888,3.3163694149159846,1.44125637499999,43.2376912499997,14.412563749999899,1.7370844992793484,52.11253497838045,17.370844992793483,1.50893401388888,45.2680204166664,15.089340138888799,331.63694149159846,9949.108244747953,3316.3694149159846,Arbitrum One,L2
2024-02,0.0148238769791666,0.018284378959888697,0.0180712517013889,0.9298895693047188,1.48238769791666,44.471630937499796,14.8238769791666,1.8284378959888696,54.85313687966609,18.284378959888695,1.8071251701388897,54.213755104166694,18.071251701388896,92.98895693047187,2789.668707914156,929.8895693047187,Arbitrum One,L2
2024-03,0.0021379235763888,0.017366491455547462,0.0223573999999999,1.735309881704254,0.21379235763888,6.4137707291664,2.1379235763887996,1.7366491455547461,52.09947436664238,17.36649145554746,2.23573999999999,67.0721999999997,22.357399999999895,173.53098817042542,5205.929645112763,1735.309881704254,Arbitrum One,L2
2024-04,0.0019709267951388,0.009117016646198264,0.0020826346501345502,3.948004713387326,0.19709267951388,5.9127803854164,1.9709267951387999,0.9117016646198264,27.35104993859479,9.117016646198262,0.20826346501345502,6.247903950403651,2.0826346501345503,394.8004713387326,11844.014140161979,3948.004713387326,Arbitrum One,L2
2024-05,0.0018932245538194,0.0041909120282543995,0.002024325855851,0.6270950261206539,0.18932245538194,5.6796736614582,1.8932245538194,0.41909120282543993,12.572736084763198,4.190912028254399,0.2024325855851,6.072977567553,2.024325855851,62.70950261206539,1881.2850783619617,627.0950261206539,Arbitrum One,L2
2024-06,0.0021759965815972,0.021806896346157265,0.0023066048055555,8.070046700322319,0.21759965815972,6.5279897447916,2.1759965815971998,2.1806896346157267,65.4206890384718,21.806896346157263,0.23066048055555002,6.919814416666501,2.3066048055555,807.0046700322318,24210.140100966957,8070.046700322318,Arbitrum One,L2
2024-07,0.0019232587743055,0.004262064139894136,0.0021415705277777,1.2239059171377231,0.19232587743055002,5.769776322916501,1.9232587743054999,0.42620641398941356,12.786192419682406,4.262064139894135,0.21415705277777003,6.424711583333101,2.1415705277777,122.39059171377231,3671.7177514131695,1223.905917137723,Arbitrum One,L2
2024-08,0.0015427114444444,0.00854865312313382,0.001706436934447,5.345461832432799,0.15427114444443998,4.6281343333331995,1.5427114444443997,0.854865312313382,25.64595936940146,8.548653123133821,0.1706436934447,5.119310803341,1.706436934447,534.54618324328,16036.385497298399,5345.4618324327985,Arbitrum One,L2
2024-09,0.0014780757152777,0.002861564025012517,0.00159815574479165,0.9298888812203996,0.14780757152777,4.4342271458331,1.4780757152777,0.2861564025012517,8.58469207503755,2.861564025012517,0.159815574479165,4.79446723437495,1.59815574479165,92.98888812203995,2789.6666436611986,929.8888812203994,Arbitrum One,L2
2024-10,0.0015340015572916,0.0029982082664611292,0.0016334995173611,0.5650123027420266,0.15340015572916,4.6020046718748,1.5340015572915997,0.2998208266461129,8.994624799383388,2.998208266461129,0.16334995173611,4.9004985520833,1.6334995173610998,56.50123027420266,1695.03690822608,565.0123027420266,Arbitrum One,L2
2024-11,0.0015820687864583,0.0051352434337890865,0.00205110565806565,0.3788403724997667,0.15820687864583,4.7462063593748995,1.5820687864582998,0.5135243433789086,15.405730301367258,5.135243433789086,0.20511056580656498,6.153316974196949,2.0511056580656497,37.88403724997667,1136.5211174993,378.8403724997667,Arbitrum One,L2
2024-12,0.0021653489947916,0.011726344222836778,0.0025289934131944,4.312877026854356,0.21653489947916,6.4960469843748,2.1653489947915996,1.1726344222836778,35.17903266851033,11.726344222836778,0.25289934131944,7.586980239583199,2.5289934131944,431.28770268543565,12938.63108056307,4312.877026854356,Arbitrum One,L2
2025-01,0.0020302658142361,0.007596809871206406,0.0021594888161463,0.765930751746469,0.20302658142361,6.0907974427083,2.0302658142360994,0.7596809871206406,22.790429613619217,7.596809871206406,0.21594888161463,6.478466448438899,2.1594888161463,76.5930751746469,2297.792255239407,765.9307517464689,Arbitrum One,L2
2025-02,0.0014169751284722,0.011284297302859117,0.00176736269531245,3.7452956897445375,0.14169751284722,4.2509253854166,1.4169751284721999,1.1284297302859116,33.85289190857735,11.284297302859116,0.176736269531245,5.30208808593735,1.7673626953124497,374.52956897445375,11235.887069233613,3745.2956897445374,Arbitrum One,L2
2025-03,0.0011817623593749,0.006087591338565467,0.0013089958999693,0.8466603981830586,0.11817623593748999,3.5452870781246997,1.1817623593748998,0.6087591338565467,18.2627740156964,6.087591338565467,0.13089958999693,3.9269876999078996,1.3089958999692999,84.66603981830586,2539.981194549176,846.6603981830585,Arbitrum One,L2
2025-04,0.0009851806249999,0.006451407785812469,0.00116162917141265,1.168108029724612,0.09851806249999,2.9555418749997,0.9851806249998998,0.6451407785812469,19.354223357437405,6.451407785812469,0.116162917141265,3.48488751423795,1.16162917141265,116.8108029724612,3504.324089173836,1168.108029724612,Arbitrum One,L2
2025-05,0.0011647582916666,0.004399697764776013,0.0016817413159541,0.2499203616190306,0.11647582916666001,3.4942748749998,1.1647582916666,0.43996977647760127,13.199093294328039,4.399697764776012,0.16817413159541,5.0452239478623,1.6817413159541,24.992036161903062,749.7610848570919,249.9203616190306,Arbitrum One,L2
2025-06,0.0014568587222222,0.004496108850022134,0.00163823360503465,0.4310843202294281,0.14568587222222,4.370576166666599,1.4568587222221998,0.44961088500221336,13.4883265500664,4.496108850022133,0.163823360503465,4.9147008151039495,1.6382336050346498,43.10843202294281,1293.2529606882842,431.0843202294281,Arbitrum One,L2
2025-07,0.0015917825624999,0.00439445274310789,0.0023416730471519,0.598567100473532,0.15917825624999002,4.775347687499701,1.5917825624999,0.43944527431078906,13.183358229323671,4.39445274310789,0.23416730471518998,7.025019141455699,2.3416730471519,59.856710047353204,1795.701301420596,598.5671004735319,Arbitrum One,L2
2025-08,0.0022562236892361,0.006792782087429264,0.0028532282870738,1.2324264920483636,0.22562236892360998,6.7686710677083,2.2562236892360996,0.6792782087429264,20.378346262287792,6.792782087429264,0.28532282870737996,8.559684861221399,2.8532282870738,123.24264920483637,3697.279476145091,1232.4264920483636,Arbitrum One,L2
2025-09,0.0025764949843749,0.007457332345676817,0.0028909943585069,2.9981884913275434,0.25764949843749,7.7294849531247,2.5764949843749,0.7457332345676817,22.37199703703045,7.457332345676816,0.28909943585069,8.6729830755207,2.8909943585069,299.81884913275434,8994.56547398263,2998.1884913275435,Arbitrum One,L2
2025-10,0.0024719486684027,0.01030302212705173,0.0029230829116679,11.385209974264813,0.24719486684026998,7.415846005208099,2.4719486684026997,1.030302212705173,30.909066381155192,10.30302212705173,0.29230829116679,8.7692487350037,2.9230829116679,1138.5209974264812,34155.62992279444,11385.209974264812,Arbitrum One,L2
2025-11,0.0017849561979166,0.007431974425366134,0.00225154472584105,1.9632987774191244,0.17849561979166,5.3548685937498,1.7849561979165998,0.7431974425366134,22.2959232760984,7.431974425366134,0.22515447258410498,6.754634177523149,2.25154472584105,196.32987774191244,5889.896332257374,1963.2987774191242,Arbitrum One,L2
2025-12,0.0018274435607638,0.0048345384557730645,0.0019854959583333,0.4062498869352218,0.18274435607638,5.4823306822914,1.8274435607637998,0.4834538455773064,14.503615367319192,4.834538455773065,0.19854959583333,5.9564878749999,1.9854959583333003,40.62498869352218,1218.7496608056654,406.24988693522175,Arbitrum One,L2
2026-01,0.0019386618107638,0.004050644093194077,0.0038547770786661,0.3625497149089111,0.19386618107638,5.8159854322914,1.9386618107638,0.40506440931940774,12.151932279582232,4.0506440931940775,0.38547770786661,11.564331235998301,3.8547770786660998,36.25497149089111,1087.6491447267333,362.5497149089111,Arbitrum One,L2
2026-02,0.0023920683402777,0.0029219506016054824,0.0025904550012795,0.09304213292725,0.23920683402777,7.1762050208331,2.3920683402777,0.29219506016054825,8.765851804816448,2.921950601605482,0.25904550012795,7.7713650038385005,2.5904550012795,9.304213292725,279.12639878175,93.04213292725,Arbitrum One,L2
2026-03,0.0025370287222222,0.0027693710049713645,0.00269436613996,0.0512589836624531,0.25370287222222004,7.611086166666602,2.5370287222222,0.27693710049713643,8.308113014914094,2.7693710049713642,0.269436613996,8.08309841988,2.6943661399599996,5.12589836624531,153.7769509873593,51.2589836624531,Arbitrum One,L2
2026-04,0.0026699101631944,0.00295736427900111,0.0029805427442765,0.0122455925806499,0.26699101631944,8.0097304895832,2.6699101631944,0.295736427900111,8.872092837003331,2.95736427900111,0.29805427442765,8.9416282328295,2.9805427442765,1.22455925806499,36.7367777419497,12.245592580649898,Arbitrum One,L2
2026-05,0.0025986142361111,0.002899915492617703,0.0029248277288773,0.025419363037268,0.25986142361111,7.795842708333299,2.5986142361110995,0.2899915492617703,8.69974647785311,2.899915492617703,0.29248277288773,8.7744831866319,2.9248277288773004,2.5419363037268004,76.25808911180401,25.419363037268,Arbitrum One,L2
2023-06,0.1037945500426793,0.5935607383960588,0.30084473936294776,10.798605973182594,10.37945500426793,311.3836501280379,103.7945500426793,59.356073839605884,1780.6822151881765,593.5607383960588,30.084473936294774,902.5342180888432,300.84473936294773,1079.8605973182594,32395.81791954778,10798.605973182594,Base,L2
2023-07,0.0001348429192588,0.32058833313539087,0.22899689094446624,366.0684914895023,0.01348429192588,0.4045287577764,0.1348429192588,32.05883331353909,961.7649994061727,320.5883331353908,22.899689094446625,686.9906728333988,228.99689094446623,36606.849148950234,1098205.474468507,366068.4914895023,Base,L2
2023-08,5.852769809138547e-05,0.18398531978835883,0.1224823337528168,1271.6957513583038,0.005852769809138547,0.17558309427415641,0.058527698091385465,18.398531978835884,551.9559593650765,183.98531978835882,12.248233375281679,367.44700125845037,122.48233375281679,127169.57513583038,3815087.2540749116,1271695.7513583037,Base,L2
2023-09,5.05732184473739e-05,0.0960872088560376,0.06357653431724256,841.6215343252178,0.0050573218447373895,0.15171965534212167,0.0505732184473739,9.60872088560376,288.2616265681128,96.08720885603759,6.3576534317242555,190.72960295172766,63.57653431724255,84162.15343252178,2524864.6029756535,841621.5343252177,Base,L2
2023-10,3.0249996753197925e-05,0.07356202812407045,0.0388942028810114,1277.7775402203902,0.0030249996753197927,0.09074999025959378,0.030249996753197925,7.356202812407045,220.68608437221135,73.56202812407045,3.8894202881011397,116.68260864303419,38.894202881011395,127777.75402203902,3833332.6206611707,1277777.54022039,Base,L2
2023-11,6.245582496936143e-05,0.1420683353120777,0.09805039631121851,1129.136626393192,0.006245582496936143,0.18736747490808428,0.06245582496936143,14.206833531207769,426.2050059362331,142.06833531207766,9.80503963112185,294.15118893365553,98.0503963112185,112913.6626393192,3387409.879179576,1129136.626393192,Base,L2
2023-12,8.395155047608783e-05,0.21711018792438586,0.142214362850309,747.1403090336464,0.008395155047608783,0.25185465142826347,0.08395155047608782,21.711018792438587,651.3305637731576,217.11018792438583,14.2214362850309,426.643088550927,142.214362850309,74714.03090336465,2241420.9271009397,747140.3090336464,Base,L2
2024-01,5.8110635541866913e-05,0.16442603683865845,0.1058490526501341,569.1198421645882,0.005811063554186691,0.17433190662560075,0.058110635541866906,16.442603683865844,493.2781105159753,164.42603683865843,10.58490526501341,317.54715795040227,105.84905265013408,56911.984216458826,1707359.5264937647,569119.8421645883,Base,L2
2024-02,8.210825312953551e-05,0.24049910094163773,0.1433737055576938,594.1019194208194,0.008210825312953552,0.24632475938860654,0.08210825312953551,24.049910094163774,721.4973028249133,240.49910094163772,14.337370555769379,430.12111667308136,143.3737055576938,59410.19194208194,1782305.7582624583,594101.9194208194,Base,L2
2024-03,3.467375488961334e-06,0.3894839746495144,0.2431913518432236,5038.714838690436,0.0003467375488961334,0.010402126466884003,0.003467375488961334,38.94839746495144,1168.4519239485433,389.4839746495144,24.31913518432236,729.5740555296708,243.1913518432236,503871.48386904364,15116144.516071308,5038714.8386904355,Base,L2
2024-04,0.0001475279969781,0.07327450351616892,0.0162112933607403,3235.7745617336323,0.014752799697810001,0.4425839909343,0.1475279969781,7.327450351616892,219.82351054850676,73.2745035161689,1.62112933607403,48.6338800822209,16.2112933607403,323577.4561733632,9707323.685200896,3235774.561733632,Base,L2
2024-05,5.143551516273776e-05,0.042816793856486866,0.0158170116055339,1548.4756137471202,0.005143551516273776,0.1543065454882133,0.051435515162737755,4.281679385648687,128.4503815694606,42.81679385648686,1.58170116055339,47.4510348166017,15.817011605533898,154847.561374712,4645426.841241361,1548475.6137471201,Base,L2
2024-06,4.851072919420563e-05,0.021833376955565816,0.00198473217645865,1724.846115573732,0.004851072919420563,0.14553218758261688,0.048510729194205626,2.1833376955565815,65.50013086669745,21.833376955565814,0.198473217645865,5.954196529375951,1.9847321764586499,172484.6115573732,5174538.346721196,1724846.1155737322,Base,L2
2024-07,0.0001222875064795,0.012105790243833736,0.001853656636192,1344.4154026345395,0.01222875064795,0.36686251943849996,0.12228750647949999,1.2105790243833736,36.31737073150121,12.105790243833736,0.1853656636192,5.560969908576,1.853656636192,134441.54026345396,4033246.207903619,1344415.4026345396,Base,L2
2024-08,8.020066746323607e-05,0.008246234388929376,0.0011829853430175,990.602777532388,0.008020066746323608,0.24060200238970825,0.08020066746323606,0.8246234388929377,24.73870316678813,8.246234388929375,0.11829853430175,3.5489560290525,1.1829853430175,99060.2777532388,2971808.332597164,990602.7775323879,Base,L2
2024-09,5.814855387270559e-05,0.0056617732929905035,0.00098113315733115,1224.5170086240162,0.005814855387270559,0.17444566161811678,0.05814855387270559,0.5661773292990504,16.985319878971513,5.661773292990503,0.09811331573311499,2.94339947199345,0.9811331573311498,122451.70086240162,3673551.0258720485,1224517.008624016,Base,L2
2024-10,0.0002073001647419,0.010985107631390883,0.0013215515642201,1091.9831857313784,0.02073001647419,0.6219004942257,0.2073001647419,1.0985107631390882,32.955322894172646,10.985107631390882,0.13215515642200998,3.9646546926602992,1.3215515642201,109198.31857313783,3275949.557194135,1091983.1857313784,Base,L2
2024-11,7.592050551127077e-05,0.02562838475539745,0.004535521311767651,3074.908165481904,0.0075920505511270775,0.22776151653381232,0.07592050551127077,2.562838475539745,76.88515426619236,25.628384755397448,0.45355213117676507,13.606563935302953,4.535521311767651,307490.81654819037,9224724.496445712,3074908.1654819036,Base,L2
2024-12,0.0002140290991185,0.030049551837319437,0.0061404076574807,8032.184262767689,0.02140290991185,0.6420872973555,0.2140290991185,3.0049551837319437,90.14865551195831,30.049551837319434,0.61404076574807,18.4212229724421,6.1404076574807,803218.4262767689,24096552.788303066,8032184.262767688,Base,L2
2025-01,7.311552755711771e-05,0.02578620134595914,0.0062078929025856,2915.566912933484,0.007311552755711771,0.21934658267135312,0.0731155275571177,2.5786201345959143,77.35860403787743,25.786201345959142,0.62078929025856,18.6236787077568,6.207892902585599,291556.69129334844,8746700.738800453,2915566.912933484,Base,L2
2025-02,0.0001524939640009,0.014468872038016506,0.00123510343872875,1548.9818412801662,0.015249396400090001,0.45748189200270006,0.1524939640009,1.4468872038016505,43.40661611404951,14.468872038016507,0.12351034387287499,3.7053103161862495,1.2351034387287498,154898.1841280166,4646945.523840498,1548981.8412801663,Base,L2
2025-03,0.0001072552707435,0.009129280932476377,0.0005126026770425,2891.086614522937,0.01072552707435,0.3217658122305,0.1072552707435,0.9129280932476378,27.387842797429133,9.129280932476377,0.05126026770425,1.5378080311275,0.5126026770425,289108.6614522937,8673259.843568811,2891086.6145229368,Base,L2
2025-04,5.8128589102025855e-08,0.008377102348789184,0.000337900776186,35930.719245904285,5.812858910202586e-06,0.00017438576730607758,5.812858910202585e-05,0.8377102348789184,25.131307046367553,8.377102348789183,0.0337900776186,1.013702328558,0.337900776186,3593071.9245904284,107792157.73771285,35930719.24590428,Base,L2
2025-05,1.4441069849764043e-06,0.008400114309424143,0.0005054847896148,3815.048101855547,0.00014441069849764043,0.004332320954929213,0.0014441069849764042,0.8400114309424143,25.200342928272427,8.400114309424142,0.05054847896148,1.5164543688444,0.5054847896148,381504.81018555467,11445144.30556664,3815048.1018555467,Base,L2
2025-06,1.5657653161714476e-05,0.006741626961190017,0.0005276546972224,3784.249547613927,0.0015657653161714475,0.04697295948514343,0.015657653161714476,0.6741626961190017,20.22488088357005,6.741626961190017,0.052765469722240006,1.5829640916672,0.5276546972224,378424.9547613927,11352748.642841782,3784249.5476139267,Base,L2
2025-07,1.1537622186443617e-05,0.007102215756718587,0.0012813657327553,3309.545820721468,0.0011537622186443617,0.03461286655933085,0.011537622186443617,0.7102215756718587,21.30664727015576,7.102215756718587,0.12813657327553,3.8440971982659,1.2813657327552999,330954.58207214676,9928637.462164402,3309545.8207214675,Base,L2
2025-08,7.832644449733262e-08,0.008557401587872883,0.0012592170838151,10330.404335881636,7.832644449733262e-06,0.00023497933349199787,7.832644449733261e-05,0.8557401587872884,25.67220476361865,8.557401587872883,0.12592170838151,3.7776512514453002,1.2592170838151,1033040.4335881636,30991213.007644907,10330404.335881636,Base,L2
2025-09,2.3793030976909545e-05,0.006059433950269514,0.00097301466457425,3144.1309892373024,0.0023793030976909544,0.07137909293072864,0.023793030976909543,0.6059433950269514,18.17830185080854,6.059433950269513,0.097301466457425,2.91904399372275,0.97301466457425,314413.09892373026,9432392.967711907,3144130.989237302,Base,L2
2025-10,7.290315234998988e-08,0.012051787881173445,0.0023026635995508,8905.302125963919,7.2903152349989884e-06,0.00021870945704996966,7.290315234998987e-05,1.2051787881173444,36.15536364352033,12.051787881173444,0.23026635995508,6.9079907986524,2.3026635995508,890530.2125963919,26715906.377891757,8905302.125963919,Base,L2
2025-11,2.3027369262301523e-06,0.0064237788065490565,0.00072305369196485,6089.883184337615,0.00023027369262301523,0.006908210778690456,0.002302736926230152,0.6423778806549056,19.27133641964717,6.423778806549056,0.072305369196485,2.16916107589455,0.72305369196485,608988.3184337615,18269649.553012844,6089883.184337614,Base,L2
2025-12,2.8015903741598216e-07,0.003082219186993358,0.0003240138326789,12074.379190085368,2.8015903741598215e-05,0.0008404771122479465,0.00028015903741598214,0.3082219186993358,9.246657560980074,3.082219186993358,0.03240138326789,0.9720414980367,0.3240138326789,1207437.9190085367,36223137.5702561,12074379.190085368,Base,L2
2026-01,9.694063158166414e-05,0.006556543620717978,0.0009316353341096,1787.675645425542,0.009694063158166413,0.2908218947449924,0.09694063158166415,0.6556543620717977,19.66963086215393,6.556543620717978,0.09316353341096,2.7949060023288,0.9316353341096,178767.5645425542,5363026.936276626,1787675.6454255418,Base,L2
2026-02,0.0001626995897804,0.009234289742518624,0.0010821460842304,1914.8182494601008,0.01626995897804,0.4880987693412,0.1626995897804,0.9234289742518624,27.702869227555873,9.234289742518625,0.10821460842304,3.2464382526912,1.0821460842303998,191481.82494601008,5744454.748380302,1914818.2494601007,Base,L2
2026-03,0.0006342595636242,0.004940990432948616,0.0008618306257379,1029.6479762660497,0.06342595636242,1.9027786908726,0.6342595636242,0.49409904329486165,14.82297129884585,4.940990432948616,0.08618306257379,2.5854918772137,0.8618306257378999,102964.79762660497,3088943.928798149,1029647.9762660495,Base,L2
2026-04,0.0006674916623521,0.005331712591833743,0.0009321336931497,1452.1674160686175,0.06674916623521,2.0024749870563,0.6674916623521,0.5331712591833743,15.995137775501227,5.3317125918337425,0.09321336931497,2.7964010794491,0.9321336931496998,145216.74160686176,4356502.248205853,1452167.4160686175,Base,L2
2026-05,0.0006496783465575,0.006115597659917887,0.0009235263373423,3053.169188511978,0.06496783465575,1.9490350396725,0.6496783465575,0.6115597659917887,18.346792979753662,6.115597659917887,0.09235263373423,2.7705790120269,0.9235263373422999,305316.9188511978,9159507.565535935,3053169.188511978,Base,L2
2021-11,3.163113008827781e-10,2.33335510057666,1.6288017701329824,109.18112572307636,3.163113008827781e-08,9.489339026483342e-07,3.1631130088277806e-07,233.335510057666,7000.06530172998,2333.35510057666,162.88017701329824,4886.405310398947,1628.8017701329825,10918.112572307637,327543.3771692291,109181.12572307637,Optimism,L2
2021-12,0.004763499835668,1.4984767337884577,1.0330874812507571,132.43187956541396,0.47634998356680003,14.290499507004,4.763499835667999,149.84767337884577,4495.430201365373,1498.4767337884578,103.30874812507571,3099.2624437522713,1033.087481250757,13243.187956541396,397295.6386962419,132431.87956541395,Optimism,L2
2022-01,0.0047502320947717,1.2746125240678883,0.9098420335577644,155.6734166626046,0.47502320947717,14.2506962843151,4.750232094771699,127.46125240678883,3823.837572203665,1274.6125240678882,90.98420335577644,2729.5261006732935,909.8420335577644,15567.341666260461,467020.2499878138,155673.4166626046,Optimism,L2
2022-02,0.0022443604492517,0.5499319990716544,0.2986693207242831,189.161645456198,0.22443604492517,6.7330813477551,2.2443604492516998,54.99319990716543,1649.7959972149629,549.9319990716543,29.86693207242831,896.0079621728493,298.66932072428307,18916.1645456198,567484.936368594,189161.64545619796,Optimism,L2
2022-03,0.0018605120243558,0.29356820700156594,0.082230011860841,336.68790257651773,0.18605120243558002,5.581536073067401,1.8605120243558,29.356820700156593,880.7046210046977,293.56820700156595,8.223001186084101,246.69003558252302,82.230011860841,33668.79025765177,1010063.7077295532,336687.9025765177,Optimism,L2
2022-04,0.0014602328026072,0.35447881354407806,0.110447201033745,268.8172499200864,0.14602328026072,4.3806984078216,1.4602328026072,35.447881354407805,1063.436440632234,354.47881354407804,11.0447201033745,331.341603101235,110.44720103374499,26881.72499200864,806451.7497602592,268817.2499200864,Optimism,L2
2022-05,0.0004337559038954,0.3993827242400653,0.0843165091474358,539.1232099782189,0.04337559038954,1.3012677116862001,0.43375590389540003,39.938272424006534,1198.148172720196,399.3827242400653,8.43165091474358,252.94952744230739,84.3165091474358,53912.320997821895,1617369.629934657,539123.2099782189,Optimism,L2
2022-06,0.0002266453433638,0.2594511902336653,0.09342714475914776,30.595836412985896,0.02266453433638,0.6799360300914,0.2266453433638,25.94511902336653,778.3535707009959,259.4511902336653,9.342714475914777,280.2814342774433,93.42714475914777,3059.5836412985896,91787.50923895769,30595.836412985893,Optimism,L2
2022-07,0.0001445895767885,0.08413079213079817,0.0442616240584444,18.28475108392765,0.01445895767885,0.4337687303655,0.14458957678849998,8.413079213079817,252.3923763923945,84.13079213079817,4.42616240584444,132.78487217533322,44.2616240584444,1828.475108392765,54854.253251782946,18284.751083927647,Optimism,L2
2022-08,0.0001358943846513,0.0628446030035544,0.0303756856123917,53.761736744986656,0.01358943846513,0.4076831539539,0.1358943846513,6.28446030035544,188.53380901066322,62.8446030035544,3.03756856123917,91.1270568371751,30.375685612391695,5376.173674498666,161285.21023495996,53761.73674498665,Optimism,L2
2022-09,0.000131228057832,0.05188286705212763,0.02619914865481225,20.336003337317727,0.013122805783200001,0.39368417349600004,0.131228057832,5.188286705212763,155.64860115638288,51.88286705212762,2.619914865481225,78.59744596443674,26.199148654812248,2033.6003337317727,61008.01001195318,20336.003337317725,Optimism,L2
2022-10,0.0001414062984627,0.07711923577108248,0.0463638581711777,124.42278963251032,0.01414062984627,0.4242188953881,0.1414062984627,7.711923577108248,231.35770731324743,77.11923577108249,4.63638581711777,139.0915745135331,46.3638581711777,12442.278963251032,373268.36889753095,124422.7896325103,Optimism,L2
2022-11,0.0002268540371859,0.07242496533575674,0.045269830401045,27.636163545262104,0.02268540371859,0.6805621115577,0.22685403718589997,7.2424965335756735,217.2748960072702,72.42496533575672,4.5269830401045,135.809491203135,45.269830401045,2763.61635452621,82908.49063578631,27636.163545262105,Optimism,L2
2022-12,0.0002564264174037,0.06607241336936857,0.0515606373188577,86.48973957160237,0.025642641740370002,0.7692792522111,0.2564264174037,6.607241336936857,198.21724010810573,66.07241336936856,5.156063731885769,154.6819119565731,51.560637318857694,8648.973957160237,259469.2187148071,86489.73957160236,Optimism,L2
2023-01,0.0003067431341613,0.09811838774120679,0.0622027658418611,16.738944123006668,0.03067431341613,0.9202294024839,0.3067431341613,9.811838774120679,294.35516322362037,98.11838774120679,6.22027658418611,186.6082975255833,62.202765841861094,1673.8944123006668,50216.832369020005,16738.944123006666,Optimism,L2
2023-02,0.0004046842122083,0.16088574299148725,0.09991709611309635,40.53619350037096,0.040468421220830005,1.2140526366249,0.40468421220830003,16.088574299148725,482.65722897446176,160.88574299148723,9.991709611309634,299.75128833928903,99.91709611309635,4053.6193500370964,121608.5805011129,40536.19350037096,Optimism,L2
2023-03,0.0004048559670293,0.16492264775834975,0.0951603502212073,22.502695908679108,0.04048559670293,1.2145679010879,0.40485596702929993,16.492264775834975,494.7679432750493,164.92264775834974,9.516035022120729,285.4810506636219,95.1603502212073,2250.2695908679107,67508.08772603732,22502.695908679107,Optimism,L2
2023-04,0.0005813929948907,0.2560551688890686,0.1975251131529515,40.4685076264504,0.05813929948907,1.7441789846720999,0.5813929948907,25.60551688890686,768.1655066672058,256.05516888906857,19.75251131529515,592.5753394588545,197.52511315295146,4046.8507626450405,121405.52287935122,40468.5076264504,Optimism,L2
2023-05,0.0007623258974264,0.4851754279185483,0.2673201634797312,120.07055874533832,0.07623258974264,2.2869776922792,0.7623258974264,48.51754279185483,1455.526283755645,485.1754279185482,26.73201634797312,801.9604904391936,267.32016347973115,12007.055874533831,360211.67623601493,120070.5587453383,Optimism,L2
2023-06,6.77884625132185e-05,0.10430187909021685,0.050043302154272246,808.6545977104022,0.00677884625132185,0.2033653875396555,0.0677884625132185,10.430187909021685,312.9056372706505,104.30187909021684,5.004330215427225,150.12990646281673,50.04330215427224,80865.45977104022,2425963.7931312067,808654.5977104021,Optimism,L2
2023-07,7.779730871191733e-05,0.09938977128773399,0.0602348748775439,799.3306304290735,0.007779730871191733,0.233391926135752,0.07779730871191733,9.938977128773399,298.169313863202,99.38977128773399,6.02348748775439,180.7046246326317,60.234874877543895,79933.06304290735,2397991.8912872206,799330.6304290735,Optimism,L2
2023-08,6.150430120599358e-05,0.08962977963135997,0.0613108502484548,194.871393923939,0.006150430120599358,0.18451290361798073,0.061504301205993574,8.962977963135996,268.8893388940799,89.62977963135997,6.13108502484548,183.9325507453644,61.3108502484548,19487.1393923939,584614.181771817,194871.393923939,Optimism,L2
2023-09,4.596387430759716e-05,0.05674809651001734,0.03768773488484395,148.22326273288903,0.004596387430759716,0.13789162292279147,0.04596387430759716,5.674809651001734,170.24428953005201,56.748096510017334,3.7687734884843946,113.06320465453184,37.68773488484395,14822.326273288903,444669.7881986671,148223.262732889,Optimism,L2
2023-10,0.0005525534543762,0.056290963015703195,0.0284618987226558,244.45547613265117,0.05525534543762,1.6576603631286,0.5525534543762,5.6290963015703195,168.8728890471096,56.29096301570319,2.84618987226558,85.3856961679674,28.4618987226558,24445.547613265117,733366.4283979535,244455.47613265115,Optimism,L2
2023-11,0.0005577977379342,0.1633338816359739,0.13000327003611925,360.9046671290853,0.05577977379342,1.6733932138026,0.5577977379342001,16.33338816359739,490.00164490792173,163.33388163597388,13.000327003611925,390.0098101083578,130.00327003611923,36090.46671290853,1082714.0013872557,360904.6671290853,Optimism,L2
2023-12,0.0003039039579616,0.2250722846724831,0.1626688333223718,219.88431643581407,0.030390395796160003,0.9117118738848001,0.3039039579616,22.50722846724831,675.2168540174494,225.07228467248308,16.26688333223718,488.0064999671155,162.6688333223718,21988.431643581407,659652.9493074422,219884.31643581408,Optimism,L2
2024-01,0.000347430219493,0.15642616135058363,0.1151752131447205,310.7285031538956,0.0347430219493,1.042290658479,0.34743021949299996,15.642616135058363,469.27848405175087,156.4261613505836,11.51752131447205,345.5256394341615,115.1752131447205,31072.850315389558,932185.5094616867,310728.50315389555,Optimism,L2
2024-02,0.0002932201188228,0.2607038804953344,0.1917888139576963,556.6578734388831,0.029322011882279998,0.8796603564683999,0.29322011882279997,26.070388049533438,782.1116414860031,260.7038804953344,19.178881395769633,575.366441873089,191.7888139576963,55665.78734388831,1669973.6203166493,556657.8734388831,Optimism,L2
2024-03,1.8836409309239373e-06,0.28988749625153887,0.0208355221325407,1456.6378475692793,0.00018836409309239374,0.005650922792771812,0.0018836409309239371,28.988749625153886,869.6624887546166,289.88749625153883,2.08355221325407,62.5065663976221,20.8355221325407,145663.78475692793,4369913.542707838,1456637.8475692794,Optimism,L2
2024-04,0.0010171892066172,0.038511129142066246,0.0142549068170429,646.4526833242724,0.10171892066172,3.0515676198516,1.0171892066172,3.8511129142066247,115.53338742619874,38.51112914206624,1.42549068170429,42.7647204511287,14.254906817042897,64645.26833242724,1939358.049972817,646452.6833242723,Optimism,L2
2024-05,0.0002455099352272,0.03331108167192386,0.012423286781066,800.0705816854975,0.024550993522719996,0.7365298056815999,0.24550993522719994,3.331108167192386,99.93324501577159,33.31108167192386,1.2423286781066,37.269860343198005,12.423286781065999,80007.05816854975,2400211.7450564923,800070.5816854974,Optimism,L2
2024-06,8.651025256872359e-07,0.03511141736367548,0.014130375352398951,1259.4971675993145,8.651025256872358e-05,0.0025953075770617073,0.0008651025256872358,3.5111417363675477,105.33425209102643,35.11141736367547,1.4130375352398952,42.39112605719686,14.13037535239895,125949.71675993144,3778491.502797943,1259497.1675993144,Optimism,L2
2024-07,9.919078013345164e-07,0.0281844007101174,0.0124642328134859,538.9430306738301,9.919078013345164e-05,0.0029757234040035494,0.0009919078013345163,2.81844007101174,84.55320213035219,28.184400710117398,1.24642328134859,37.3926984404577,12.4642328134859,53894.30306738301,1616829.0920214902,538943.0306738301,Optimism,L2
2024-08,1.9239924872010607e-07,0.01727911685307829,0.0004410509802305,854.8664871548093,1.9239924872010608e-05,0.0005771977461603182,0.00019239924872010606,1.727911685307829,51.837350559234864,17.27911685307829,0.044105098023049995,1.3231529406915,0.44105098023049993,85486.64871548093,2564599.461464428,854866.4871548093,Optimism,L2
2024-09,8.89837371222111e-06,0.011010264746735526,0.0009225030863688,805.5098357611591,0.000889837371222111,0.02669512113666333,0.00889837371222111,1.1010264746735525,33.030794240206575,11.010264746735526,0.09225030863688,2.7675092591064,0.9225030863688,80550.98357611592,2416529.5072834776,805509.8357611592,Optimism,L2
2024-10,2.084257495557549e-07,0.008213290248926867,0.0007049803723093,472.1517198882769,2.0842574955575488e-05,0.0006252772486672647,0.00020842574955575485,0.8213290248926867,24.6398707467806,8.213290248926866,0.07049803723093001,2.1149411169279,0.7049803723093,47215.171988827686,1416455.1596648307,472151.7198882769,Optimism,L2
2024-11,2.255116953947189e-07,0.014772643809337481,0.00086015262134215,517.483571928557,2.255116953947189e-05,0.0006765350861841567,0.00022551169539471888,1.477264380933748,44.31793142801244,14.77264380933748,0.08601526213421501,2.5804578640264504,0.8601526213421499,51748.3571928557,1552450.715785671,517483.571928557,Optimism,L2
2024-12,8.317011241120794e-07,0.018282696183157667,0.0014622427402689,817.5624905311786,8.317011241120794e-05,0.002495103372336238,0.0008317011241120793,1.8282696183157667,54.848088549473005,18.282696183157665,0.14622427402689,4.3867282208067,1.4622427402689,81756.24905311786,2452687.471593536,817562.4905311785,Optimism,L2
2025-01,1.8873181700388385e-07,0.01791598247409943,0.0006943935465946,501.8055419251227,1.8873181700388385e-05,0.0005661954510116516,0.00018873181700388385,1.791598247409943,53.74794742229829,17.91598247409943,0.06943935465946,2.0831806397837997,0.6943935465945998,50180.554192512274,1505416.6257753682,501805.5419251227,Optimism,L2
2025-02,1.1988937186368918e-07,0.010919204220815769,0.00041402370557215,1161.115643124906,1.1988937186368918e-05,0.00035966811559106753,0.00011988937186368916,1.0919204220815768,32.7576126624473,10.919204220815768,0.041402370557215,1.24207111671645,0.4140237055721499,116111.5643124906,3483346.929374718,1161115.6431249059,Optimism,L2
2025-03,1.2209457089784874e-07,0.004146623818276436,0.0001596267279026,479.1821869686901,1.2209457089784874e-05,0.00036628371269354623,0.00012209457089784874,0.4146623818276436,12.439871454829309,4.146623818276436,0.01596267279026,0.4788801837078,0.15962672790259996,47918.21869686901,1437546.5609060703,479182.1869686901,Optimism,L2
2025-04,9.675781142137263e-08,0.004728257122913587,0.000314798323601,503.6376186529824,9.675781142137263e-06,0.0002902734342641179,9.675781142137262e-05,0.47282571229135867,14.18477136874076,4.728257122913586,0.0314798323601,0.944394970803,0.31479832360099996,50363.761865298235,1510912.855958947,503637.6186529824,Optimism,L2
2025-05,8.583124315622717e-08,0.003832889483303348,0.0001946004991351,628.1669161559789,8.583124315622718e-06,0.00025749372946868155,8.583124315622717e-05,0.38328894833033483,11.498668449910046,3.8328894833033478,0.01946004991351,0.5838014974053,0.1946004991351,62816.69161559789,1884500.7484679366,628166.9161559789,Optimism,L2
2025-06,7.484600292820872e-08,0.00258031552433491,0.000169958400086,4651.222866868991,7.4846002928208724e-06,0.00022453800878462617,7.484600292820871e-05,0.25803155243349096,7.740946573004729,2.5803155243349094,0.0169958400086,0.509875200258,0.169958400086,465122.28668689914,13953668.600606974,4651222.866868991,Optimism,L2
2025-07,1.0229455175998553e-07,0.003160961598559471,0.0001953835595143,255.00497828961505,1.0229455175998553e-05,0.0003068836552799566,0.00010229455175998553,0.3160961598559471,9.482884795678412,3.1609615985594712,0.01953835595143,0.5861506785429,0.19538355951429998,25500.497828961506,765014.9348688452,255004.978289615,Optimism,L2
2025-08,8.573677817580478e-08,0.004670972802903504,0.0002759930703517,688.2523396213585,8.573677817580478e-06,0.00025721033452741435,8.573677817580478e-05,0.4670972802903504,14.012918408710512,4.670972802903504,0.02759930703517,0.8279792110551,0.27599307035169995,68825.23396213586,2064757.0188640757,688252.3396213584,Optimism,L2
2025-09,1.0319999080251009e-07,0.00349227407284959,7.931825360890147e-05,404.74090369220175,1.0319999080251008e-05,0.00030959997240753023,0.00010319999080251009,0.349227407284959,10.47682221854877,3.4922740728495896,0.007931825360890148,0.23795476082670441,0.07931825360890146,40474.090369220175,1214222.7110766054,404740.90369220177,Optimism,L2
2025-10,9.827327112287253e-08,0.0033062495635295067,3.218454322936188e-05,818.107477303661,9.827327112287253e-06,0.0002948198133686176,9.827327112287252e-05,0.3306249563529507,9.91874869058852,3.3062495635295064,0.003218454322936188,0.09655362968808565,0.03218454322936188,81810.7477303661,2454322.431910983,818107.4773036609,Optimism,L2
2025-11,5.4512890197094665e-08,0.0013586347894694235,3.343910622909653e-05,396.6758253753927,5.451289019709466e-06,0.000163538670591284,5.4512890197094664e-05,0.13586347894694234,4.0759043684082705,1.3586347894694235,0.0033439106229096534,0.1003173186872896,0.03343910622909653,39667.582537539274,1190027.4761261782,396675.8253753927,Optimism,L2
2025-12,6.330554471243087e-08,0.0008022717007323743,1.8906897692687863e-05,289.45219101550896,6.330554471243087e-06,0.0001899166341372926,6.330554471243087e-05,0.08022717007323743,2.4068151021971227,0.8022717007323743,0.0018906897692687863,0.05672069307806359,0.01890689769268786,28945.219101550894,868356.5730465269,289452.1910155089,Optimism,L2
2026-01,7.481470574311962e-08,0.0006574858059699742,1.730516357002547e-05,133.98623511409374,7.481470574311962e-06,0.00022444411722935886,7.481470574311962e-05,0.06574858059699742,1.9724574179099228,0.6574858059699742,0.001730516357002547,0.05191549071007641,0.01730516357002547,13398.623511409374,401958.7053422812,133986.23511409372,Optimism,L2
2026-02,6.183724565754935e-08,0.0006179518905875144,1.2790661214872866e-05,194.6075942175401,6.183724565754935e-06,0.00018551173697264805,6.183724565754934e-05,0.061795189058751435,1.853855671762543,0.6179518905875143,0.0012790661214872865,0.03837198364461859,0.012790661214872866,19460.75942175401,583822.7826526203,194607.5942175401,Optimism,L2
2026-03,4.7022324739116595e-08,0.0004398452460553936,8.443567245104777e-06,126.35674543619156,4.70223247391166e-06,0.0001410669742173498,4.702232473911659e-05,0.04398452460553936,1.3195357381661807,0.4398452460553936,0.0008443567245104776,0.02533070173531433,0.008443567245104778,12635.674543619156,379070.2363085747,126356.74543619154,Optimism,L2
2026-04,5.924152650849762e-08,0.0005635651477634266,1.3863720467227411e-05,66.0226416932181,5.924152650849762e-06,0.00017772457952549287,5.924152650849762e-05,0.05635651477634266,1.6906954432902799,0.5635651477634266,0.0013863720467227412,0.04159116140168224,0.01386372046722741,6602.26416932181,198067.92507965432,66022.6416932181,Optimism,L2
2026-05,5.129730737222608e-08,0.0004489764865214161,1.0799697591450569e-05,76.97077238750192,5.129730737222608e-06,0.00015389192211667823,5.129730737222608e-05,0.04489764865214161,1.3469294595642483,0.4489764865214161,0.0010799697591450568,0.032399092774351705,0.010799697591450568,7697.077238750192,230912.31716250576,76970.77238750191,Optimism,L2
2020-05,1.5860286631944462e-06,5.246094809027786e-06,1.5860286631944464e-06,4.916688855902783e-05,0.00015860286631944463,0.004758085989583339,0.0015860286631944462,0.0005246094809027786,0.01573828442708336,0.0052460948090277855,0.00015860286631944463,0.004758085989583339,0.0015860286631944464,0.004916688855902783,0.1475006656770835,0.04916688855902783,Polygon PoS,L2
2020-06,1.2939757638888883e-06,2.381701010092246e-05,1.937883501127986e-05,6.1050071875e-05,0.00012939757638888883,0.003881927291666665,0.0012939757638888883,0.002381701010092246,0.07145103030276738,0.023817010100922457,0.001937883501127986,0.058136505033839575,0.01937883501127986,0.006105007187500001,0.18315021562500003,0.061050071875,Polygon PoS,L2
2020-07,1.3157877777777785e-06,1.8120632909745134e-05,1.391009930555555e-05,0.000150214155,0.00013157877777777784,0.0039473633333333355,0.0013157877777777783,0.0018120632909745134,0.0543618987292354,0.018120632909745134,0.001391009930555555,0.04173029791666665,0.013910099305555548,0.0150214155,0.450642465,0.150214155,Polygon PoS,L2
2020-08,1.3055475694444444e-06,1.0249186496856938e-05,1.7019200520833343e-06,0.0006174363144444,0.00013055475694444445,0.0039166427083333335,0.0013055475694444443,0.0010249186496856938,0.030747559490570814,0.010249186496856938,0.00017019200520833344,0.005105760156250003,0.0017019200520833344,0.06174363144443999,1.8523089433331998,0.6174363144443998,Polygon PoS,L2
2020-09,1.1723855902777777e-06,4.6225943474276995e-06,1.326188680555556e-06,0.0008304667535937,0.00011723855902777777,0.003517156770833333,0.0011723855902777776,0.00046225943474276996,0.013867783042283099,0.004622594347427699,0.0001326188680555556,0.003978566041666668,0.001326188680555556,0.08304667535937,2.4914002607811003,0.8304667535936999,Polygon PoS,L2
2020-10,8.818371701388892e-07,2.5661280676490785e-06,1.1177151736111112e-06,0.0062610439079861,8.818371701388891e-05,0.0026455115104166674,0.0008818371701388891,0.00025661280676490784,0.007698384202947235,0.0025661280676490786,0.00011177151736111112,0.0033531455208333336,0.0011177151736111112,0.62610439079861,18.783131723958302,6.2610439079860996,Polygon PoS,L2
2020-11,7.98186232638889e-07,2.2413093475462043e-06,1.1431503732638897e-06,0.0111840151041666,7.981862326388889e-05,0.002394558697916667,0.0007981862326388889,0.00022413093475462042,0.006723928042638613,0.002241309347546204,0.00011431503732638897,0.0034294511197916692,0.0011431503732638897,1.11840151041666,33.5520453124998,11.1840151041666,Polygon PoS,L2
2020-12,1.006566076388889e-06,1.5895677463123958e-06,1.1992048611111109e-06,0.0252725371527777,0.00010065660763888889,0.003019698229166667,0.001006566076388889,0.00015895677463123958,0.004768703238937188,0.0015895677463123956,0.00011992048611111108,0.0035976145833333324,0.0011992048611111107,2.5272537152777703,75.8176114583331,25.2725371527777,Polygon PoS,L2
2021-01,1.2205474305555553e-06,5.999859056876362e-06,2.1227070927365404e-06,0.0335741090665169,0.00012205474305555553,0.0036616422916666658,0.0012205474305555552,0.0005999859056876361,0.017999577170629083,0.005999859056876361,0.00021227070927365405,0.006368121278209621,0.0021227070927365404,3.35741090665169,100.7223271995507,33.5741090665169,Polygon PoS,L2
2021-02,2.472954114583332e-06,5.626217822375335e-05,7.606017092013888e-06,0.2430383041666664,0.0002472954114583332,0.0074188623437499955,0.002472954114583332,0.0056262178223753356,0.16878653467126006,0.056262178223753345,0.0007606017092013889,0.022818051276041668,0.007606017092013888,24.303830416666642,729.1149124999993,243.0383041666664,Polygon PoS,L2
2021-03,1.3271743784722223e-05,0.0005515549489409936,2.239829244791666e-05,0.7744911086936113,0.0013271743784722223,0.03981523135416667,0.013271743784722224,0.05515549489409936,1.654664846822981,0.5515549489409936,0.002239829244791666,0.06719487734374999,0.02239829244791666,77.44911086936112,2323.4733260808334,774.4911086936113,Polygon PoS,L2
2021-04,2.1443166875e-05,0.0005359894718408866,2.4027193291706736e-05,1.091886469289688,0.0021443166875,0.064329500625,0.021443166874999996,0.05359894718408866,1.60796841552266,0.5359894718408866,0.0024027193291706736,0.0720815798751202,0.024027193291706734,109.1886469289688,3275.6594078690637,1091.886469289688,Polygon PoS,L2
2021-05,4.915780142361111e-05,0.000538886242767342,9.806541824563998e-05,29.12918382291668,0.004915780142361111,0.14747340427083333,0.04915780142361111,0.053888624276734194,1.6166587283020257,0.538886242767342,0.009806541824563997,0.2941962547369199,0.09806541824563997,2912.918382291668,87387.55146875004,29129.18382291668,Polygon PoS,L2
2021-06,6.828836805555547e-05,0.0011691925244363467,0.0001363229752197,538.7078125000003,0.006828836805555547,0.20486510416666642,0.06828836805555547,0.11691925244363467,3.50757757330904,1.1691925244363466,0.01363229752197,0.4089689256591,0.1363229752197,53870.78125000003,1616123.437500001,538707.8125000002,Polygon PoS,L2
2021-07,6.75726726909722e-14,0.0021194768227274065,0.0002494218306327,330.9927750527085,6.75726726909722e-12,2.027180180729166e-10,6.757267269097219e-11,0.21194768227274066,6.3584304681822195,2.1194768227274063,0.02494218306327,0.7482654918981,0.24942183063269996,33099.27750527085,992978.3251581256,330992.77505270846,Polygon PoS,L2
2021-08,6.668151321180542e-05,0.003613584173136113,0.0004426723288891,1317.3787807496444,0.006668151321180542,0.20004453963541627,0.0666815132118054,0.3613584173136113,10.840752519408339,3.6135841731361125,0.04426723288891,1.3280169866673,0.4426723288891,131737.87807496445,3952136.3422489334,1317378.7807496444,Polygon PoS,L2
2021-09,7.012284590277777e-05,0.0034450600316493166,0.00046562874706985,88.75659722222228,0.007012284590277777,0.2103685377083333,0.07012284590277777,0.3445060031649317,10.335180094947951,3.4450600316493163,0.046562874706984995,1.39688624120955,0.46562874706984997,8875.659722222228,266269.79166666686,88756.59722222228,Polygon PoS,L2
2021-10,7.835269248263888e-05,0.006730896464095393,0.003107703310883,653.189945452778,0.007835269248263887,0.23505807744791662,0.07835269248263887,0.6730896464095393,20.192689392286177,6.730896464095393,0.31077033108830004,9.323109932649002,3.107703310883,65318.994545277805,1959569.8363583342,653189.945452778,Polygon PoS,L2
2021-11,0.0001019100694444,0.00956768111490979,0.00433064322489195,576.1403158627603,0.01019100694444,0.30573020833319997,0.1019100694444,0.956768111490979,28.70304334472937,9.567681114909789,0.433064322489195,12.99192967467585,4.33064322489195,57614.03158627603,1728420.947588281,576140.3158627602,Polygon PoS,L2
2021-12,0.0001196,0.015516123500611516,0.0067445010725584,1294.2003349553572,0.01196,0.3588,0.11959999999999998,1.5516123500611516,46.54837050183455,15.516123500611515,0.67445010725584,20.2335032176752,6.7445010725584,129420.03349553572,3882601.004866072,1294200.3349553572,Polygon PoS,L2
2022-01,0.0001027000031836,0.030823805239294684,0.0084626118307976,478.2742430555552,0.010270000318360001,0.3081000095508,0.1027000031836,3.0823805239294684,92.47141571788406,30.823805239294682,0.84626118307976,25.3878354923928,8.462611830797599,47827.42430555552,1434822.7291666656,478274.24305555515,Polygon PoS,L2
2022-02,2.916130208333337e-11,0.00978901813744706,0.00414487722491105,5241.1892361111,2.9161302083333368e-09,8.74839062500001e-08,2.9161302083333364e-08,0.9789018137447061,29.367054412341183,9.78901813744706,0.414487722491105,12.43463167473315,4.14487722491105,524118.92361111,15723567.7083333,5241189.2361111,Polygon PoS,L2
2022-03,3.1227591145833406e-11,0.007887605648054252,0.0043460427222826,3428.971754411661,3.122759114583341e-09,9.368277343750022e-08,3.12275911458334e-08,0.7887605648054251,23.662816944162753,7.887605648054251,0.43460427222826,13.0381281668478,4.3460427222826,342897.1754411661,10286915.263234982,3428971.754411661,Polygon PoS,L2
2022-04,8.972708351278733e-05,0.00788609047052694,0.0044549774781338005,341.2704308277934,0.008972708351278733,0.269181250538362,0.08972708351278733,0.7886090470526941,23.658271411580824,7.8860904705269395,0.44549774781338003,13.364932434401402,4.4549774781338005,34127.04308277934,1023811.2924833802,341270.4308277934,Polygon PoS,L2
2022-05,4.103431250946241e-05,0.010397733248587898,0.0023431815284066,44079.87774305552,0.004103431250946241,0.12310293752838722,0.041034312509462406,1.0397733248587897,31.193199745763692,10.397733248587897,0.23431815284066,7.029544585219799,2.3431815284065998,4407987.774305552,132239633.22916657,44079877.74305552,Polygon PoS,L2
2022-06,2.2857732717584087e-05,0.006879693614271287,0.00182294094498905,345.65497474942106,0.002285773271758409,0.06857319815275226,0.022857732717584085,0.6879693614271287,20.63908084281386,6.879693614271286,0.182294094498905,5.46882283496715,1.82294094498905,34565.49747494211,1036964.9242482632,345654.97474942106,Polygon PoS,L2
2022-07,3.0410857740329848e-05,0.006831343451874651,0.002512220635385,126.71632441919964,0.0030410857740329846,0.09123257322098954,0.030410857740329846,0.6831343451874651,20.494030355623952,6.83134345187465,0.2512220635385,7.536661906155,2.512220635385,12671.632441919965,380148.97325759893,126716.32441919962,Polygon PoS,L2
2022-08,5.1229080651179705e-05,0.007942105494995052,0.0026930694968506,200.80694396365013,0.005122908065117971,0.1536872419535391,0.051229080651179704,0.7942105494995052,23.826316484985156,7.942105494995051,0.26930694968505997,8.0792084905518,2.6930694968505997,20080.694396365012,602420.8318909503,200806.94396365012,Polygon PoS,L2
2022-09,4.75632670381326e-05,0.006411356617466607,0.00242776272117225,132.1199409483157,0.00475632670381326,0.1426898011143978,0.047563267038132594,0.6411356617466607,19.23406985239982,6.411356617466607,0.242776272117225,7.28328816351675,2.4277627211722494,13211.99409483157,396359.8228449471,132119.9409483157,Polygon PoS,L2
2022-10,5.0225660243697606e-05,0.008428832124661908,0.0044859361695904,402.04089430555575,0.0050225660243697606,0.1506769807310928,0.0502256602436976,0.8428832124661908,25.286496373985724,8.428832124661907,0.44859361695904,13.4578085087712,4.4859361695904,40204.08943055558,1206122.6829166673,402040.89430555573,Polygon PoS,L2
2022-11,5.191598979113199e-05,0.014731300724060774,0.0032098635821729,892.3682201973485,0.005191598979113199,0.15574796937339597,0.05191598979113199,1.4731300724060774,44.19390217218232,14.731300724060773,0.32098635821729,9.6295907465187,3.2098635821728996,89236.82201973484,2677104.660592045,892368.2201973485,Polygon PoS,L2
2022-12,5.8131818244401e-05,0.006156036406248749,0.003125487023971,322.6128781082935,0.0058131818244401,0.174395454733203,0.058131818244401,0.6156036406248749,18.46810921874625,6.156036406248749,0.3125487023971,9.376461071912999,3.125487023971,32261.28781082935,967838.6343248805,322612.8781082935,Polygon PoS,L2
2023-01,9.40791903306698e-05,0.007911006567830958,0.0040924943761847,4280.671133628462,0.00940791903306698,0.2822375709920094,0.09407919033066979,0.7911006567830957,23.73301970349287,7.911006567830957,0.40924943761847,12.277483128554099,4.0924943761847,428067.11336284614,12842013.400885385,4280671.1336284615,Polygon PoS,L2
2023-02,0.0028822272555555,0.026677306548353506,0.01757404458793725,1777.977891142191,0.28822272555555,8.6466817666665,2.8822272555555,2.6677306548353505,80.03191964506051,26.677306548353503,1.7574044587937252,52.722133763811755,17.57404458793725,177797.7891142191,5333933.673426573,1777977.891142191,Polygon PoS,L2
2023-03,0.0012333369877968,0.017601477122137745,0.0111045945117901,2652.939886737906,0.12333369877967999,3.7000109633903997,1.2333369877968,1.7601477122137745,52.80443136641323,17.601477122137744,1.11045945117901,33.3137835353703,11.1045945117901,265293.9886737906,7958819.660213718,2652939.886737906,Polygon PoS,L2
2023-04,0.0021396563770833,0.02177168688197131,0.01588409094501335,319.4664740620992,0.21396563770833002,6.4189691312499,2.1396563770832997,2.177168688197131,65.31506064591393,21.77168688197131,1.588409094501335,47.65227283504005,15.884090945013348,31946.647406209922,958399.4221862977,319466.47406209924,Polygon PoS,L2
2023-05,0.0040146651404896,0.014504335520273687,0.0102659507210889,507.3283641420635,0.40146651404895994,12.043995421468798,4.014665140489599,1.4504335520273688,43.51300656082106,14.504335520273687,1.02659507210889,30.797852163266697,10.265950721088899,50732.83641420635,1521985.0924261906,507328.3641420635,Polygon PoS,L2
2023-06,0.0034449605666666,0.01221965780190515,0.008609423601042651,474.64700388289685,0.34449605666666,10.3348816999998,3.4449605666665994,1.221965780190515,36.65897340571545,12.21965780190515,0.8609423601042652,25.828270803127957,8.609423601042652,47464.70038828968,1423941.0116486906,474647.00388289685,Polygon PoS,L2
2023-07,0.0009675003960489,0.008989533881092242,0.0065314221215783,570.9879979652686,0.09675003960489,2.9025011881467,0.9675003960488999,0.8989533881092242,26.968601643276727,8.989533881092242,0.65314221215783,19.5942663647349,6.5314221215782995,57098.79979652686,1712963.9938958057,570987.9979652686,Polygon PoS,L2
2023-08,0.0007709716318338,0.006534571412248148,0.0044964910414072,2685.7006364087306,0.07709716318338,2.3129148955014003,0.7709716318337999,0.6534571412248148,19.603714236744445,6.534571412248148,0.44964910414071996,13.489473124221599,4.496491041407199,268570.06364087306,8057101.909226192,2685700.6364087304,Polygon PoS,L2
2023-09,0.0002426975239044,0.005632305845027003,0.0042476156032434,721.9863601475691,0.024269752390440002,0.7280925717132001,0.2426975239044,0.5632305845027002,16.89691753508101,5.632305845027003,0.42476156032434004,12.742846809730201,4.2476156032434,72198.63601475692,2165959.0804427075,721986.3601475691,Polygon PoS,L2
2023-10,0.0001016712905789,0.005773663861532168,0.0033837029666657,664.548761702748,0.010167129057889999,0.30501387173669997,0.1016712905789,0.5773663861532168,17.320991584596502,5.773663861532167,0.33837029666657,10.1511088999971,3.3837029666657,66454.8761702748,1993646.285108244,664548.761702748,Polygon PoS,L2
2023-11,1.4818590177083328e-12,0.01574289427072219,0.00571786378985075,3060.952678358503,1.481859017708333e-10,4.445577053124999e-09,1.4818590177083328e-09,1.5742894270722192,47.228682812166575,15.742894270722191,0.571786378985075,17.15359136955225,5.71786378985075,306095.2678358503,9182858.03507551,3060952.6783585027,Polygon PoS,L2
2023-12,1.3141816853298611e-05,0.01377899438235899,0.0066227148272124,3450.448325802652,0.0013141816853298612,0.03942545055989584,0.013141816853298611,1.3778994382358989,41.336983147076964,13.778994382358988,0.66227148272124,19.868144481637202,6.6227148272124,345044.83258026524,10351344.977407956,3450448.325802652,Polygon PoS,L2
2024-01,4.735581495467677e-05,0.007146270736902115,0.002951171578825,2634.821784047667,0.004735581495467677,0.1420674448640303,0.047355814954676764,0.7146270736902115,21.438812210706345,7.146270736902115,0.2951171578825,8.853514736474999,2.951171578825,263482.17840476666,7904465.352143,2634821.784047667,Polygon PoS,L2
2024-02,5.16788459272456e-05,0.007974054370329987,0.0038814494736654,12001.68449411821,0.00516788459272456,0.1550365377817368,0.051678845927245594,0.7974054370329987,23.92216311098996,7.974054370329986,0.38814494736654,11.644348420996199,3.8814494736653993,1200168.449411821,36005053.48235463,12001684.49411821,Polygon PoS,L2
2024-03,6.478474835931189e-05,0.012232781930850544,0.0069439347540865,2911.72383055915,0.006478474835931189,0.1943542450779357,0.06478474835931189,1.2232781930850545,36.698345792551635,12.232781930850543,0.69439347540865,20.831804262259503,6.9439347540865,291172.383055915,8735171.49167745,2911723.83055915,Polygon PoS,L2
2024-04,4.543784054424383e-05,0.010785680745664005,0.0065883997991907,15902.283138186116,0.004543784054424383,0.1363135216327315,0.04543784054424383,1.0785680745664006,32.357042236992015,10.785680745664004,0.65883997991907,19.765199397572097,6.588399799190698,1590228.3138186117,47706849.41455835,15902283.138186116,Polygon PoS,L2
2024-05,1.0419512911979165e-12,0.003221450426855916,0.0015364673666565,514.571924490934,1.0419512911979165e-10,3.1258538735937494e-09,1.0419512911979164e-09,0.3221450426855916,9.664351280567747,3.221450426855916,0.15364673666564999,4.6094020999695,1.5364673666565,51457.192449093396,1543715.7734728018,514571.9244909339,Polygon PoS,L2
2024-06,7.163572225694443e-13,0.0028545266655357333,0.0013681898549945501,1462.6149768855794,7.163572225694442e-11,2.1490716677083326e-09,7.163572225694443e-10,0.2854526665535733,8.5635799966072,2.854526665535733,0.136818985499455,4.104569564983651,1.36818985499455,146261.49768855795,4387844.930656739,1462614.9768855793,Polygon PoS,L2
2024-07,9.011567590277776e-13,0.0026713874451714903,0.0011681563778736,454.5888276255322,9.011567590277776e-11,2.7034702770833326e-09,9.011567590277777e-10,0.26713874451714903,8.01416233551447,2.67138744517149,0.11681563778736001,3.5044691336208005,1.1681563778736,45458.88276255322,1363766.4828765967,454588.8276255321,Polygon PoS,L2
2024-08,2.732944237890146e-05,0.003303870174658729,0.0010103522660597,6961.909521573833,0.002732944237890146,0.08198832713670438,0.02732944237890146,0.3303870174658729,9.911610523976186,3.3038701746587287,0.10103522660597,3.0310567981791,1.0103522660597,696190.9521573833,20885728.5647215,6961909.521573833,Polygon PoS,L2
2024-09,3.8289446e-05,0.00213093303592391,0.0009457662396264,2990.363138618386,0.0038289445999999997,0.11486833799999999,0.038289446,0.21309330359239098,6.392799107771729,2.13093303592391,0.09457662396264,2.8372987188792,0.9457662396263999,299036.3138618386,8971089.415855158,2990363.138618386,Polygon PoS,L2
2024-10,7.351197005208332e-05,0.0021950849539212874,0.0011173689166765,223.882321903164,0.007351197005208332,0.22053591015624996,0.07351197005208332,0.21950849539212874,6.585254861763862,2.1950849539212873,0.11173689166765,3.3521067500295,1.1173689166765,22388.2321903164,671646.965709492,223882.32190316397,Polygon PoS,L2
2024-11,0.0004834777927195,0.0041112098609486,0.001866101994203,1031.063078504368,0.048347779271950005,1.4504333781585002,0.4834777927195,0.41112098609486,12.333629582845798,4.111209860948599,0.18661019942030002,5.598305982609,1.866101994203,103106.30785043679,3093189.2355131037,1031063.0785043678,Polygon PoS,L2
2024-12,0.0007454415098434,0.0056515835087182715,0.0020897224387211,1235.0538503814064,0.07454415098434,2.2363245295302,0.7454415098434001,0.5651583508718272,16.954750526154815,5.6515835087182715,0.20897224387211,6.2691673161632995,2.0897224387211,123505.38503814064,3705161.551144219,1235053.8503814063,Polygon PoS,L2
2025-01,9.0625136875e-05,0.0036569147210082677,0.0012900751916165,1089.8564271047526,0.0090625136875,0.27187541062500004,0.090625136875,0.36569147210082675,10.970744163024802,3.6569147210082678,0.12900751916164999,3.8702255748494996,1.2900751916164999,108985.64271047525,3269569.2813142575,1089856.4271047525,Polygon PoS,L2
2025-02,5.253163736979167e-05,0.0029563888017681604,0.00084237973266725,1267.735189103064,0.005253163736979167,0.157594912109375,0.05253163736979166,0.29563888017681605,8.869166405304481,2.9563888017681603,0.084237973266725,2.52713919800175,0.84237973266725,126773.51891030639,3803205.5673091915,1267735.189103064,Polygon PoS,L2
2025-03,4.404514129166667e-13,0.0015273972671573097,0.0005185530333563,585.4840526440258,4.404514129166667e-11,1.32135423875e-09,4.404514129166667e-10,0.15273972671573097,4.582191801471929,1.5273972671573095,0.051855303335629994,1.5556591000688997,0.5185530333562999,58548.40526440259,1756452.1579320775,585484.0526440258,Polygon PoS,L2
2025-04,4.696818208333333e-07,0.0014008117449077033,0.00047831589467265,1167.0429265261846,4.696818208333333e-05,0.0014090454625,0.0004696818208333333,0.14008117449077034,4.202435234723111,1.4008117449077033,0.047831589467265,1.43494768401795,0.47831589467264995,116704.29265261846,3501128.779578554,1167042.9265261847,Polygon PoS,L2
2025-05,1.9074229382812498e-07,0.0014112153401121387,0.000700834846534,863.4566158110994,1.90742293828125e-05,0.000572226881484375,0.00019074229382812498,0.14112153401121388,4.233646020336416,1.4112153401121386,0.0700834846534,2.102504539602,0.700834846534,86345.66158110993,2590369.847433298,863456.6158110993,Polygon PoS,L2
2025-06,1.6901730790422732e-09,0.0009816708373195833,0.0004772153060183,1228.6281127481177,1.6901730790422732e-07,5.07051923712682e-06,1.6901730790422729e-06,0.09816708373195833,2.94501251195875,0.9816708373195833,0.04772153060183,1.4316459180549,0.4772153060183,122862.81127481177,3685884.338244353,1228628.1127481177,Polygon PoS,L2
2025-07,0.0002938992782372,0.0008582710395999549,0.0004828353252323,139.3296047399822,0.02938992782372,0.8816978347116,0.2938992782372,0.08582710395999549,2.574813118799865,0.8582710395999548,0.04828353252323,1.4485059756968999,0.4828353252323,13932.960473998219,417988.81421994657,139329.6047399822,Polygon PoS,L2
2025-08,0.0003186775209468,0.0009664229112416452,0.0004961759870386,158.39383471327648,0.03186775209468,0.9560325628404,0.31867752094679996,0.09664229112416452,2.8992687337249357,0.9664229112416451,0.049617598703860004,1.4885279611158002,0.4961759870386,15839.383471327648,475181.5041398294,158393.83471327648,Polygon PoS,L2
2025-09,0.0003545950658246,0.0012353121274275365,0.0006760827917060999,209.066509736479,0.03545950658246,1.0637851974738,0.3545950658246,0.12353121274275365,3.7059363822826095,1.2353121274275365,0.06760827917060999,2.0282483751182996,0.6760827917060999,20906.6509736479,627199.529209437,209066.50973647897,Polygon PoS,L2
2025-10,0.0003012280858759,0.001656500451283629,0.0007583959218224,114.69566851202664,0.03012280858759,0.9036842576277,0.30122808587589994,0.1656500451283629,4.969501353850887,1.6565004512836288,0.07583959218224,2.2751877654672,0.7583959218224,11469.566851202664,344087.00553607993,114695.66851202665,Polygon PoS,L2
2025-11,0.0002173257793765,0.0022176979352539097,0.0011886647527261,165.69123915557543,0.021732577937650002,0.6519773381295001,0.2173257793765,0.22176979352539097,6.6530938057617295,2.2176979352539092,0.11886647527261,3.5659942581783,1.1886647527261,16569.123915557542,497073.71746672626,165691.23915557543,Polygon PoS,L2
2025-12,0.0001657481177512,0.0012391701898571514,0.0004387419989867,70.37351309055279,0.01657481177512,0.49724435325360006,0.1657481177512,0.12391701898571514,3.7175105695714543,1.2391701898571514,0.043874199898669995,1.3162259969600998,0.4387419989866999,7037.351309055279,211120.53927165837,70373.51309055279,Polygon PoS,L2
2026-01,0.0001645016365932,0.00586087423455639,0.0043391246874355,1372.2955316801863,0.01645016365932,0.49350490977960004,0.1645016365932,0.586087423455639,17.58262270366917,5.86087423455639,0.43391246874355,13.0173740623065,4.3391246874355,137229.55316801864,4116886.5950405593,1372295.5316801863,Polygon PoS,L2
2026-02,0.0001950982973031,0.006118620474081564,0.0045123722621043996,125.7361462108043,0.01950982973031,0.5852948919093,0.1950982973031,0.6118620474081564,18.355861422244693,6.118620474081564,0.45123722621043993,13.537116786313199,4.5123722621044,12573.61462108043,377208.43863241293,125736.1462108043,Polygon PoS,L2
2026-03,0.0001620991508351,0.0023979723698735354,0.0013322965950172,1723.667623157207,0.01620991508351,0.4862974525053,0.1620991508351,0.23979723698735353,7.193917109620606,2.397972369873535,0.13322965950172,3.9968897850516,1.3322965950171999,172366.7623157207,5171002.869471621,1723667.6231572067,Polygon PoS,L2
2026-04,0.0001434232394323,0.0018122467678541533,0.00134285400113395,93.21737682291663,0.01434232394323,0.4302697182969,0.14342323943229998,0.18122467678541532,5.436740303562459,1.8122467678541532,0.13428540011339501,4.02856200340185,1.34285400113395,9321.737682291663,279652.1304687499,93217.37682291663,Polygon PoS,L2
2026-05,0.0005338566034881,0.0030375869130364356,0.0024836573041407,413.5360315379391,0.053385660348809996,1.6015698104643,0.5338566034880999,0.3037586913036436,9.112760739109307,3.0375869130364355,0.24836573041406998,7.4509719124221,2.4836573041406997,41353.60315379391,1240608.0946138173,413536.0315379391,Polygon PoS,L2
2023-02,0.0256818182291666,0.027961528183903732,0.0270569677083333,0.0513636364583333,2.56818182291666,77.04545468749981,25.6818182291666,2.796152818390373,83.88458455171119,27.961528183903727,2.70569677083333,81.17090312499991,27.056967708333296,5.13636364583333,154.0909093749999,51.363636458333296,zkSync Era,L2
2023-03,0.0229692153211805,0.028258762841237534,0.0277093352430555,0.2530957012272136,2.29692153211805,68.9076459635415,22.9692153211805,2.8258762841237535,84.77628852371261,28.258762841237534,2.77093352430555,83.1280057291665,27.7093352430555,25.309570122721357,759.2871036816407,253.09570122721357,zkSync Era,L2
2023-04,0.0292284659288194,0.032914560723280605,0.0308462115451388,0.6127174264337539,2.92284659288194,87.6853977864582,29.228465928819396,3.2914560723280606,98.74368216984182,32.9145607232806,3.08462115451388,92.5386346354164,30.846211545138797,61.27174264337539,1838.1522793012616,612.7174264337539,zkSync Era,L2
2023-05,0.0288753122395833,0.031382322715825896,0.0297347741753472,0.7626822175041827,2.88753122395833,86.6259367187499,28.8753122395833,3.1382322715825897,94.1469681474777,31.382322715825893,2.97347741753472,89.20432252604161,29.7347741753472,76.26822175041828,2288.0466525125485,762.6822175041827,zkSync Era,L2
2023-06,0.0268095614583333,0.03024171231071486,0.03004743489583325,0.6136717601845596,2.68095614583333,80.4286843749999,26.8095614583333,3.024171231071486,90.72513693214458,30.241712310714856,3.004743489583325,90.14230468749975,30.04743489583325,61.36717601845596,1841.0152805536786,613.6717601845595,zkSync Era,L2
2023-07,0.0301696111979166,0.03130881020012974,0.0307277022135416,0.5094762026499776,3.01696111979166,90.5088335937498,30.169611197916595,3.130881020012974,93.92643060038922,31.308810200129738,3.07277022135416,92.1831066406248,30.727702213541598,50.94762026499776,1528.4286079499327,509.4762026499776,zkSync Era,L2
2023-08,0.0267847779513889,0.028913141639269273,0.0296157801649305,0.372351617415936,2.6784777951388903,80.35433385416671,26.7847779513889,2.891314163926927,86.73942491780781,28.91314163926927,2.9615780164930503,88.84734049479151,29.6157801649305,37.2351617415936,1117.054852247808,372.35161741593595,zkSync Era,L2
2023-09,0.0257153349826388,0.026683781262687056,0.02648752849392355,0.5863010750610212,2.57153349826388,77.1460049479164,25.715334982638797,2.6683781262687054,80.05134378806116,26.683781262687056,2.648752849392355,79.46258548177066,26.487528493923552,58.63010750610213,1758.9032251830638,586.3010750610213,zkSync Era,L2
2023-10,0.0251358819878472,0.027174729061178047,0.0265642191840277,0.252536863142055,2.5135881987847197,75.4076459635416,25.1358819878472,2.7174729061178047,81.52418718353414,27.174729061178045,2.6564219184027698,79.69265755208309,26.5642191840277,25.2536863142055,757.610589426165,252.53686314205495,zkSync Era,L2
2023-11,0.0293390748263888,0.032436768823999755,0.03284215334201385,0.975249246786121,2.93390748263888,88.0172244791664,29.3390748263888,3.2436768823999755,97.31030647199927,32.43676882399975,3.2842153342013845,98.52646002604153,32.842153342013845,97.5249246786121,2925.747740358363,975.2492467861209,zkSync Era,L2
2023-12,0.02186707046875,0.029801263707874268,0.0277321419826388,0.6708012652142892,2.186707046875,65.60121140625,21.86707046875,2.980126370787427,89.40379112362281,29.801263707874266,2.77321419826388,83.1964259479164,27.732141982638797,67.08012652142892,2012.4037956428676,670.8012652142892,zkSync Era,L2
2024-01,0.0144125637499999,0.01655324536430279,0.0160838807638888,0.7196171084873734,1.44125637499999,43.2376912499997,14.412563749999899,1.655324536430279,49.659736092908375,16.55324536430279,1.60838807638888,48.2516422916664,16.0838807638888,71.96171084873734,2158.8513254621203,719.6171084873733,zkSync Era,L2
2024-02,0.0148238769791666,0.0181021145121153,0.0180712517013888,1.8886415916964372,1.48238769791666,44.471630937499796,14.8238769791666,1.8102114512115302,54.306343536345906,18.1021145121153,1.8071251701388802,54.2137551041664,18.0712517013888,188.86415916964373,5665.924775089312,1888.641591696437,zkSync Era,L2
2024-03,0.0053448089409722,0.014815036914351622,0.0119615019965277,1.818693665339024,0.53448089409722,16.0344268229166,5.344808940972199,1.4815036914351623,44.44511074305487,14.81503691435162,1.19615019965277,35.8845059895831,11.9615019965277,181.8693665339024,5456.080996017072,1818.6936653390237,zkSync Era,L2
2024-04,0.0049273169878472,0.0055358153793041,0.00520647596354165,1.536517049971805,0.49273169878472,14.7819509635416,4.9273169878472,0.55358153793041,16.607446137912298,5.5358153793041,0.5206475963541649,15.619427890624948,5.206475963541649,153.6517049971805,4609.551149915415,1536.517049971805,zkSync Era,L2
2024-05,0.0047330613845486,0.005527089681513391,0.0050608125434027,0.4778885412882821,0.47330613845485997,14.199184153645799,4.733061384548599,0.5527089681513391,16.58126904454017,5.527089681513391,0.50608125434027,15.1824376302081,5.0608125434027,47.78885412882821,1433.6656238648463,477.8885412882821,zkSync Era,L2
2024-06,0.005439991453993,0.008391947717197477,0.0057571160720486,488.5956210207044,0.5439991453993,16.319974361979,5.439991453993,0.8391947717197477,25.17584315159243,8.391947717197477,0.57571160720486,17.2713482161458,5.7571160720486,48859.56210207044,1465786.8630621133,488595.6210207044,zkSync Era,L2
2024-07,0.0048081469357638,0.010218964068677464,0.0095582656050781,13.604086692533407,0.48081469357638,14.4244408072914,4.8081469357638,1.0218964068677463,30.65689220603239,10.218964068677463,0.95582656050781,28.674796815234302,9.5582656050781,1360.4086692533408,40812.26007760022,13604.086692533405,zkSync Era,L2
2024-08,0.0069807692861111,0.00909700692654256,0.0077189138626302,12.92293479000219,0.6980769286111099,20.942307858333297,6.9807692861111,0.9097006926542559,27.291020779627676,9.097006926542559,0.77189138626302,23.1567415878906,7.7189138626302,1292.293479000219,38768.80437000657,12922.934790002188,zkSync Era,L2
2024-09,0.0066882926116319,0.00851773893909392,0.00714156691297735,5.110216989583332,0.66882926116319,20.0648778348957,6.6882926116318995,0.851773893909392,25.553216817281758,8.517738939093919,0.7141566912977351,21.424700738932053,7.14156691297735,511.0216989583332,15330.650968749997,5110.216989583332,zkSync Era,L2
2024-10,0.0069413570467447,0.008806586224560663,0.007391585316059,5.195715010416667,0.6941357046744699,20.8240711402341,6.941357046744699,0.8806586224560663,26.41975867368199,8.806586224560663,0.7391585316059001,22.174755948177,7.391585316059,519.5715010416667,15587.14503125,5195.715010416668,zkSync Era,L2
2024-11,0.0071588612587239,0.011114715182699374,0.009285005121091351,7.155076296875004,0.71588612587239,21.4765837761717,7.158861258723899,1.1114715182699373,33.34414554809812,11.114715182699374,0.9285005121091351,27.855015363274052,9.285005121091352,715.5076296875004,21465.22889062501,7155.076296875003,zkSync Era,L2
2024-12,0.0097982042014322,0.020421159316215572,0.0108906806548177,10.354757923869972,0.97982042014322,29.3946126042966,9.798204201432199,2.042115931621557,61.26347794864672,20.42115931621557,1.08906806548177,32.6720419644531,10.8906806548177,1035.4757923869972,31064.27377160992,10354.75792386997,zkSync Era,L2
2025-01,0.0091869528094184,0.012160818471519903,0.0097115472097711,9.501750790277786,0.91869528094184,27.5608584282552,9.1869528094184,1.2160818471519903,36.48245541455971,12.160818471519903,0.9711547209771101,29.134641629313304,9.7115472097711,950.1750790277786,28505.252370833357,9501.750790277785,zkSync Era,L2
2025-02,0.0064118124563368,0.009724368743308879,0.00794162388285585,12.894473669097222,0.6411812456336801,19.235437369010402,6.411812456336801,0.9724368743308879,29.173106229926635,9.724368743308878,0.7941623882855849,23.824871648567548,7.941623882855849,1289.4473669097222,38683.42100729167,12894.47366909722,zkSync Era,L2
2025-03,0.0053474746761718,0.007520434121418226,0.0058805218051215,4.164451854513889,0.53474746761718,16.0424240285154,5.3474746761717995,0.7520434121418226,22.561302364254676,7.520434121418225,0.58805218051215,17.6415654153645,5.8805218051215,416.44518545138885,12493.355563541665,4164.451854513889,zkSync Era,L2
2025-04,0.0044579423281249,0.008033964689091974,0.00498259739678815,17.325983553124992,0.44579423281249,13.373826984374698,4.4579423281249,0.8033964689091974,24.10189406727592,8.033964689091972,0.49825973967881504,14.947792190364451,4.98259739678815,1732.5983553124993,51977.950659374976,17325.983553124992,zkSync Era,L2
2025-05,0.0052705312697916,0.00870170938891498,0.0073959762550781,6.1513274875,0.52705312697916,15.811593809374799,5.270531269791599,0.870170938891498,26.10512816674494,8.70170938891498,0.73959762550781,22.1879287652343,7.3959762550781,615.13274875,18453.9824625,6151.3274875,zkSync Era,L2
2025-06,0.0065922857180555,0.010322134670346542,0.0074111407477429996,6.99572184313889,0.6592285718055501,19.776857154166503,6.5922857180555,1.0322134670346543,30.96640401103963,10.322134670346541,0.7411140747742999,22.233422243228997,7.411140747742999,699.572184313889,20987.16552941667,6995.721843138889,zkSync Era,L2
2025-07,0.0072028160953124,0.012254134847574887,0.0094627488177083,2.38767384375,0.72028160953124,21.6084482859372,7.2028160953124,1.2254134847574887,36.76240454272466,12.254134847574887,0.9462748817708301,28.388246453124903,9.462748817708299,238.767384375,7163.02153125,2387.67384375,zkSync Era,L2
2025-08,0.0102094121937934,0.01760129475665267,0.0128422268891493,7.506568116666667,1.0209412193793401,30.628236581380204,10.209412193793401,1.760129475665267,52.80388426995801,17.60129475665267,1.28422268891493,38.5266806674479,12.8422268891493,750.6568116666667,22519.70435,7506.568116666666,zkSync Era,L2
2025-09,0.0116586398042968,0.017393832725944636,0.0127985197365327,16.39069212083333,1.16586398042968,34.9759194128904,11.658639804296799,1.7393832725944636,52.18149817783391,17.393832725944634,1.27985197365327,38.395559209598105,12.798519736532699,1639.0692120833328,49172.07636249998,16390.692120833326,zkSync Era,L2
2025-10,0.0111855677245225,0.032807443469940745,0.012053931663018,6.942099036640624,1.11855677245225,33.5567031735675,11.1855677245225,3.2807443469940747,98.42233040982224,32.80744346994074,1.2053931663018,36.161794989054,12.053931663018,694.2099036640624,20826.29710992187,6942.099036640623,zkSync Era,L2
2025-11,0.0080769267955729,0.01405706412472887,0.0093155826117404,4.359597350694444,0.8076926795572901,24.230780386718703,8.0769267955729,1.405706412472887,42.17119237418661,14.057064124728868,0.9315582611740401,27.946747835221203,9.3155826117404,435.95973506944443,13078.792052083332,4359.597350694444,zkSync Era,L2
2025-12,0.0082691821124565,0.0378882963902253,0.0091215973152777,2.4818699479166675,0.82691821124565,24.8075463373695,8.2691821124565,3.78882963902253,113.66488917067589,37.88829639022529,0.91215973152777,27.364791945833097,9.121597315277699,248.18699479166673,7445.609843750002,2481.8699479166676,zkSync Era,L2
2026-01,0.0075832565701388,0.026756731403296423,0.0091370328286846,1.475686347642361,0.75832565701388,22.7497697104164,7.5832565701388,2.6756731403296423,80.27019420988927,26.75673140329642,0.91370328286846,27.411098486053803,9.1370328286846,147.5686347642361,4427.059042927083,1475.686347642361,zkSync Era,L2
2026-02,0.0054120546198784,0.009872182321902354,0.005984436201334899,14.431417130720826,0.54120546198784,16.2361638596352,5.4120546198784,0.9872182321902354,29.616546965707062,9.872182321902354,0.59844362013349,17.953308604004697,5.9844362013348995,1443.1417130720827,43294.25139216248,14431.417130720825,zkSync Era,L2
2026-03,0.0057400274840277,0.00859366014537129,0.0060801539946563,1.7964085256852569,0.57400274840277,17.2200824520831,5.740027484027699,0.8593660145371289,25.780980436113868,8.593660145371288,0.60801539946563,18.2404619839689,6.0801539946563,179.6408525685257,5389.225577055771,1796.4085256852566,zkSync Era,L2
2026-04,0.0060406717442274,0.009930637439531192,0.00673493055363235,1.3151940164999998,0.60406717442274,18.1220152326822,6.0406717442274,0.9930637439531191,29.791912318593575,9.930637439531191,0.673493055363235,20.20479166089705,6.73493055363235,131.51940165,3945.5820495,1315.1940164999996,zkSync Era,L2
2026-05,0.0058793647092013,0.00978478494526309,0.006451243282769,3.9212908854166657,0.58793647092013,17.6380941276039,5.8793647092013,0.978478494526309,29.35435483578927,9.78478494526309,0.6451243282769,19.353729848307,6.451243282768999,392.1290885416666,11763.872656249998,3921.290885416666,zkSync Era,L2
2021-01,7.500000000000001e-06,1.6471975355212336e-05,1.7157802660196086e-05,0.0001603,0.0007500000000000001,0.022500000000000003,0.007500000000000001,0.0016471975355212335,0.049415926065637,0.016471975355212335,0.0017157802660196086,0.051473407980588255,0.017157802660196085,0.01603,0.4809,0.16029999999999997,Solana,Solana
2021-02,2.0600000000000003e-05,4.769801779843654e-05,4.350757059597135e-05,0.0005757499999999,0.00206,0.06180000000000001,0.0206,0.004769801779843654,0.14309405339530962,0.04769801779843654,0.004350757059597136,0.13052271178791408,0.04350757059597135,0.05757499999999,1.7272499999997,0.5757499999999,Solana,Solana
2021-03,5.945000000000001e-05,7.649116653847333e-05,7.154440094660058e-05,0.0007049,0.005945000000000001,0.17835,0.05945000000000001,0.007649116653847333,0.22947349961542,0.07649116653847332,0.007154440094660058,0.21463320283980175,0.07154440094660057,0.07049,2.1147,0.7048999999999999,Solana,Solana
2021-04,9.285e-05,0.0001826194569277611,0.00013729460316439998,0.00165095,0.009285,0.27855,0.09284999999999999,0.018261945692776112,0.5478583707832834,0.1826194569277611,0.013729460316439998,0.4118838094931999,0.13729460316439998,0.165095,4.95285,1.65095,Solana,Solana
2021-05,9.835000000000002e-05,0.0002220044586533387,0.0002154926930293,0.0018287499999999,0.009835000000000002,0.29505000000000003,0.09835000000000002,0.02220044586533387,0.6660133759600161,0.2220044586533387,0.02154926930293,0.6464780790879,0.2154926930293,0.18287499999999,5.4862499999997,1.8287499999999,Solana,Solana
2021-06,0.00010405,0.00020126361745488,0.0001817568333613,0.0015389499999999,0.010405,0.31215,0.10405,0.020126361745488,0.60379085236464,0.20126361745487997,0.01817568333613,0.5452705000839,0.1817568333613,0.15389499999998998,4.616849999999699,1.5389499999998997,Solana,Solana
2021-07,0.0001113,0.00015965488331949032,0.0001501515996987,0.00132475,0.01113,0.3339,0.11129999999999998,0.01596548833194903,0.47896464995847093,0.15965488331949032,0.015015159969869999,0.4504547990961,0.15015159969869998,0.132475,3.9742500000000005,1.3247499999999999,Solana,Solana
2021-08,0.0001626,0.00031520133848386456,0.0003133253582047,0.0058475,0.01626,0.4878,0.1626,0.03152013384838646,0.9456040154515937,0.3152013384838645,0.03133253582047,0.9399760746140999,0.3133253582047,0.58475,17.5425,5.8475,Solana,Solana
2021-09,0.0005365,0.00078741451158858,0.00071909851623275,0.00768555,0.053649999999999996,1.6095,0.5364999999999999,0.078741451158858,2.36224353476574,0.78741451158858,0.071909851623275,2.15729554869825,0.7190985162327499,0.768555,23.05665,7.685549999999999,Solana,Solana
2021-10,0.00069225,0.0008819792709887677,0.0008066465265806,0.010512,0.06922500000000001,2.07675,0.69225,0.08819792709887678,2.645937812966303,0.8819792709887676,0.08066465265806,2.4199395797417997,0.8066465265806001,1.0512000000000001,31.536000000000005,10.512,Solana,Solana
2021-11,0.0009181,0.0011354886464053533,0.0010962210929475,0.0117845,0.09181,2.7543,0.9181,0.11354886464053533,3.40646593921606,1.1354886464053533,0.10962210929475,3.2886632788425,1.0962210929475,1.17845,35.3535,11.7845,Solana,Solana
2021-12,0.00075025,0.0009522446076676322,0.0009113564332212,0.0109305,0.07502500000000001,2.25075,0.7502500000000001,0.09522446076676322,2.8567338230028967,0.9522446076676322,0.09113564332212,2.7340692996636,0.9113564332212001,1.0930499999999999,32.7915,10.930499999999999,Solana,Solana
2022-01,0.00040615,0.0006736508808619323,0.0007011877235857,0.00806985,0.040615,1.21845,0.4061499999999999,0.06736508808619322,2.020952642585797,0.6736508808619323,0.07011877235857,2.1035631707571003,0.7011877235856999,0.806985,24.20955,8.069849999999999,Solana,Solana
2022-02,0.00038505,0.0005138249788012214,0.00048562051030030004,0.006052,0.038505,1.15515,0.38505,0.051382497880122134,1.541474936403664,0.5138249788012212,0.04856205103003,1.4568615309009,0.4856205103003,0.6052,18.156,6.052,Solana,Solana
2022-03,0.00039215,0.0004867136010518968,0.0004522122040511,0.006238,0.039215,1.17645,0.39214999999999994,0.04867136010518968,1.4601408031556904,0.48671360105189676,0.04522122040511,1.3566366121533,0.45221220405109996,0.6237999999999999,18.714,6.2379999999999995,Solana,Solana
2022-04,0.000417,0.0006424135776314833,0.0005200958944061,0.006819,0.0417,1.2510000000000001,0.41700000000000004,0.06424135776314834,1.92724073289445,0.6424135776314833,0.05200958944061,1.5602876832183001,0.5200958944060999,0.6819000000000001,20.457,6.819,Solana,Solana
2022-05,0.00019145,0.00034093536861689997,0.0002641864294816,0.004461,0.019145,0.5743499999999999,0.19144999999999998,0.03409353686169,1.0228061058506999,0.34093536861689994,0.026418642948159998,0.7925592884448,0.2641864294816,0.44609999999999994,13.383,4.460999999999999,Solana,Solana
2022-06,0.0001307,0.00019690217783909,0.00018699312871865,0.0392452499999999,0.01307,0.3921,0.1307,0.019690217783909,0.59070653351727,0.19690217783909,0.018699312871865,0.56097938615595,0.18699312871864998,3.92452499999999,117.7357499999997,39.2452499999999,Solana,Solana
2022-07,0.00015995,0.00021186327715683547,0.0001888020883623,90.46022614999998,0.015995000000000002,0.47985000000000005,0.15995,0.02118632771568355,0.6355898314705064,0.21186327715683545,0.01888020883623,0.5664062650869001,0.18880208836229997,9046.022614999998,271380.67844999995,90460.22614999999,Solana,Solana
2022-08,0.000151,0.00022993075105156452,0.0002007133921974,42.02450704016,0.0151,0.453,0.151,0.02299307510515645,0.6897922531546935,0.2299307510515645,0.02007133921974,0.6021401765922,0.2007133921974,4202.450704016001,126073.52112048001,42024.50704016,Solana,Solana
2022-09,0.0001513,0.00020419049296818332,0.00016486565389215,68.65910358615001,0.01513,0.45389999999999997,0.1513,0.020419049296818332,0.61257147890455,0.2041904929681833,0.016486565389215,0.49459696167644995,0.16486565389215,6865.910358615001,205977.31075845004,68659.10358615,Solana,Solana
2022-10,0.0001349,0.00019576957806049033,0.0001566947601047,9.36946066911,0.01349,0.4047,0.1349,0.019576957806049032,0.587308734181471,0.19576957806049033,0.015669476010469998,0.47008428031409993,0.1566947601047,936.946066911,28108.38200733,9369.46066911,Solana,Solana
2022-11,5.525000000000001e-05,0.0001580529155085539,7.218718275912396e-05,196.70007025,0.005525,0.16575,0.05525000000000001,0.015805291550855388,0.47415874652566165,0.15805291550855388,0.007218718275912396,0.2165615482773719,0.07218718275912396,19670.007025000003,590100.2107500001,196700.07025,Solana,Solana
2022-12,4.115e-05,7.865059501472013e-05,6.622398227019642e-05,52.15906065,0.004115,0.12344999999999999,0.04115,0.007865059501472012,0.23595178504416037,0.07865059501472012,0.0066223982270196425,0.19867194681058928,0.06622398227019642,5215.906065,156477.18195,52159.06064999999,Solana,Solana
2023-01,4.860000000000001e-05,0.0002114269053607785,0.0001149587487878,171.3602448,0.004860000000000001,0.1458,0.048600000000000004,0.02114269053607785,0.6342807160823355,0.21142690536077846,0.01149587487878,0.3448762463634,0.1149587487878,17136.02448,514080.7344,171360.2448,Solana,Solana
2023-02,9.915e-05,0.00020017329504130356,0.0001180717169605,57.9688363176,0.009915,0.29745,0.09915,0.020017329504130356,0.6005198851239106,0.20017329504130355,0.01180717169605,0.3542151508815,0.11807171696049999,5796.88363176,173906.5089528,57968.83631759999,Solana,Solana
2023-03,8.085000000000001e-05,0.00022020060621355482,0.000104996475901,41.2801032,0.008085000000000002,0.24255000000000004,0.08085,0.022020060621355482,0.6606018186406645,0.22020060621355478,0.0104996475901,0.314989427703,0.10499647590099999,4128.01032,123840.30960000001,41280.1032,Solana,Solana
2023-04,9.985e-05,0.00017964407405283,0.00011089541128245,8.80011,0.009985,0.29955000000000004,0.09985000000000001,0.017964407405283,0.53893222215849,0.17964407405282998,0.011089541128245001,0.33268623384735,0.11089541128245001,880.011,26400.329999999998,8800.109999999999,Solana,Solana
2023-05,9.475e-05,0.00022987881685523548,0.0001045881071495,156.48449220563998,0.009475,0.28425,0.09475,0.02298788168552355,0.6896364505657064,0.22987881685523548,0.010458810714950001,0.3137643214485,0.10458810714950001,15648.449220563998,469453.47661692,156484.49220563998,Solana,Solana
2023-06,6.825e-05,0.00016584825289433,8.504047453006005e-05,28.2802145846,0.006825,0.20475000000000002,0.06825,0.016584825289433,0.49754475868299,0.16584825289433,0.008504047453006005,0.25512142359018014,0.08504047453006004,2828.02145846,84840.64375379999,28280.2145846,Solana,Solana
2023-07,8.975e-05,0.00021755636281491612,0.0001227195222218,21.02629471,0.008975,0.26925,0.08975,0.021755636281491613,0.6526690884447484,0.21755636281491608,0.012271952222180001,0.36815856666540003,0.1227195222218,2102.6294709999997,63078.88412999999,21026.294709999995,Solana,Solana
2023-08,9.805e-05,0.0002090783856404613,0.0001149784815327,267.38081601957,0.009805,0.29414999999999997,0.09804999999999998,0.020907838564046127,0.6272351569213839,0.20907838564046127,0.011497848153269999,0.3449354445981,0.1149784815327,26738.081601956997,802142.44805871,267380.81601957,Solana,Solana
2023-09,8.735e-05,0.00016943816522310665,9.773963176196472e-05,1014.50010171377,0.008735,0.26205,0.08735,0.016943816522310664,0.50831449566932,0.16943816522310665,0.009773963176196472,0.2932188952858942,0.09773963176196471,101450.010171377,3043500.3051413097,1014500.10171377,Solana,Solana
2023-10,0.0001055,0.00024879426254970966,0.000120260510698,1196.9702347,0.01055,0.3165,0.1055,0.024879426254970968,0.746382787649129,0.24879426254970963,0.0120260510698,0.360781532094,0.12026051069799999,119697.02347,3590910.7041,1196970.2347,Solana,Solana
2023-11,0.00018975,0.00067187146183264,0.00028928140618414996,1670.70027845,0.018975,0.5692499999999999,0.18974999999999997,0.067187146183264,2.01561438549792,0.67187146183264,0.028928140618414998,0.86784421855245,0.28928140618414994,167070.027845,5012100.83535,1670700.27845,Solana,Solana
2023-12,0.0002937,0.0037069334983070032,0.0004270940315554,1597.6003994,0.029369999999999997,0.8810999999999999,0.29369999999999996,0.37069334983070035,11.12080049492101,3.706933498307003,0.04270940315554,1.2812820946662,0.42709403155539993,159760.03994,4792801.1981999995,1597600.3994,Solana,Solana
2024-01,0.00039575,0.006792732613518155,0.0005974637008119,5229.47780585,0.039575,1.18725,0.39575,0.6792732613518154,20.378197840554463,6.7927326135181545,0.05974637008118999,1.7923911024356998,0.5974637008118999,522947.78058499994,15688433.417549998,5229477.805849999,Solana,Solana
2024-02,0.0004667,0.0048696931032380965,0.0006768957937296,10081.05048062606,0.04667,1.4001000000000001,0.4667,0.48696931032380963,14.60907930971429,4.869693103238096,0.06768957937296,2.0306873811888,0.6768957937296,1008105.048062606,30243151.44187818,10081050.48062606,Solana,Solana
2024-03,0.0005795,0.02750281135415705,0.0027035398793266,22229.28600585,0.05795,1.7385000000000002,0.5795,2.750281135415705,82.50843406247115,27.502811354157046,0.27035398793265997,8.110619637979799,2.7035398793265997,2222928.600585,66687858.01755001,22229286.00585,Solana,Solana
2024-04,0.0006081,0.020296635840108775,0.00151652657162445,35950.00089875,0.060809999999999996,1.8242999999999998,0.6081,2.0296635840108777,60.88990752032633,20.296635840108774,0.151652657162445,4.54957971487335,1.51652657162445,3595000.0898749996,107850002.69624999,35950000.89874999,Solana,Solana
2024-05,0.00059845,0.01956230422445795,0.0016436980855871,3348.4008371,0.059845,1.79535,0.59845,1.9562304224457951,58.686912673373854,19.56230422445795,0.16436980855871,4.9310942567613,1.6436980855871,334840.08371,10045202.5113,3348400.8370999997,Solana,Solana
2024-06,0.00061995,0.02786024526273727,0.0013233990480697498,17530.24877705,0.061994999999999995,1.8598499999999998,0.6199499999999999,2.786024526273727,83.58073578821181,27.860245262737273,0.132339904806975,3.9701971442092496,1.32339904806975,1753024.877705,52590746.33115,17530248.77705,Solana,Solana
2024-07,0.00061295,0.023325492491815186,0.0012727672935081,57175.1807919,0.061295,1.83885,0.61295,2.3325492491815187,69.97647747544556,23.325492491815183,0.12727672935081,3.8183018805243,1.2727672935081,5717518.07919,171525542.3757,57175180.791899994,Solana,Solana
2024-08,0.0005544,0.014501252964921049,0.0011699897019364,13371.74473925804,0.05544,1.6632,0.5544,1.4501252964921048,43.503758894763145,14.501252964921047,0.11699897019364,3.5099691058092,1.1699897019363998,1337174.473925804,40115234.21777412,13371744.73925804,Solana,Solana
2024-09,0.00060645,0.011034899608160724,0.00098393152096155,12207.5036,0.060645000000000004,1.81935,0.6064499999999999,1.1034899608160724,33.10469882448217,11.034899608160725,0.09839315209615498,2.9517945628846496,0.9839315209615498,1220750.36,36622510.800000004,12207503.6,Solana,Solana
2024-10,0.0006673,0.034706032222783,0.0012763047950781,43658.8836714,0.06673,2.0019,0.6673,3.4706032222783,104.118096668349,34.706032222782994,0.12763047950781,3.8289143852343,1.2763047950781,4365888.36714,130976651.01419999,43658883.671399996,Solana,Solana
2024-11,0.00077725,0.0819390776493759,0.0020580650227085,56001.0011897667,0.07772499999999999,2.3317499999999995,0.7772499999999999,8.19390776493759,245.8172329481277,81.93907764937589,0.20580650227085,6.1741950681255,2.0580650227085,5600100.11897667,168003003.56930012,56001001.1897667,Solana,Solana
2024-12,0.0008809,0.03630833414311284,0.0015895944794214,51876.0022433488,0.08809,2.6427,0.8808999999999999,3.630833414311284,108.92500242933852,36.30833414311284,0.15895944794214,4.7687834382642,1.5895944794213999,5187600.22433488,155628006.7300464,51876002.24334879,Solana,Solana
2025-01,0.00086385,0.08091578769588008,0.0020166843701021,209103.72,0.086385,2.5915500000000002,0.8638499999999999,8.091578769588008,242.74736308764022,80.91578769588007,0.20166843701021,6.0500531103063,2.0166843701020998,20910372.0,627311160.0,209103720.0,Solana,Solana
2025-02,0.00063195,0.027996558764809557,0.0014068563672045998,30962.550000000003,0.063195,1.89585,0.63195,2.799655876480956,83.98967629442868,27.996558764809553,0.14068563672045997,4.220569101613799,1.4068563672045997,3096255.0000000005,92887650.00000001,30962550.0,Solana,Solana
2025-03,0.0005687,0.009612338158338415,0.0008109979675934,6964.49789624889,0.05687,1.7061,0.5687,0.9612338158338415,28.837014475015245,9.612338158338414,0.08109979675934,2.4329939027801997,0.8109979675933999,696449.789624889,20893493.688746672,6964497.896248889,Solana,Solana
2025-04,0.00048095,0.011278723226043473,0.0010151962960987001,3936.6,0.048095,1.44285,0.48094999999999993,1.1278723226043472,33.83616967813042,11.278723226043473,0.10151962960987002,3.0455888882961006,1.0151962960987,393660.0,11809800.0,3936600.0,Solana,Solana
2025-05,0.00070925,0.014510145192503935,0.0010672085092173,18414.0009207,0.070925,2.1277500000000003,0.7092499999999999,1.4510145192503936,43.53043557751181,14.510145192503934,0.10672085092173,3.2016255276519,1.0672085092173,1841400.09207,55242002.7621,18414000.9207,Solana,Solana
2025-06,0.00063455,0.0084441778658682,0.0008500571138755999,3002.4007506000003,0.063455,1.9036499999999998,0.63455,0.8444177865868201,25.332533597604602,8.4441778658682,0.08500571138756,2.5501713416268,0.8500571138755998,300240.07506,9007202.2518,3002400.7506000004,Solana,Solana
2025-07,0.00072605,0.01022642549356399,0.0010143616686843,2711.072,0.072605,2.17815,0.72605,1.022642549356399,30.67927648069197,10.22642549356399,0.10143616686843,3.0430850060529,1.0143616686843,271107.2,8133216.0,2711072.0,Solana,Solana
2025-08,0.00078175,0.01234220828754359,0.001185167820157,4537.25090745,0.078175,2.34525,0.78175,1.234220828754359,37.02662486263077,12.34220828754359,0.1185167820157,3.555503460471,1.185167820157,453725.09074500005,13611752.722350001,4537250.90745,Solana,Solana
2025-09,0.0009564,0.012758215321192786,0.00123990715210215,9277.03204000895,0.09564,2.8692,0.9563999999999999,1.2758215321192785,38.27464596357836,12.758215321192784,0.123990715210215,3.71972145630645,1.2399071521021499,927703.2040008949,27831096.12002685,9277032.04000895,Solana,Solana
2025-10,0.0008664,0.00903812120426358,0.0011411099505653,41909.40285176456,0.08664000000000001,2.5992,0.8664,0.903812120426358,27.11436361279074,9.038121204263579,0.11411099505653001,3.4233298516959003,1.1411099505653,4190940.2851764555,125728208.55529366,41909402.85176455,Solana,Solana
2025-11,0.0006098,0.006849339861552347,0.0007552288608688,7894.499999999999,0.06098,1.8294,0.6097999999999999,0.6849339861552347,20.54801958465704,6.849339861552346,0.07552288608688,2.2656865826064,0.7552288608688,789449.9999999999,23683499.999999996,7894499.999999998,Solana,Solana
2025-12,0.0005868,0.006521629412346416,0.000698357006974,2961.07168926951,0.058679999999999996,1.7604,0.5867999999999999,0.6521629412346416,19.56488823703925,6.521629412346415,0.0698357006974,2.095071020922,0.6983570069739999,296107.168926951,8883215.067808531,2961071.6892695096,Solana,Solana
2026-01,0.0004926,0.008643291435910562,0.0007608892526298,10252.079999999998,0.049260000000000005,1.4778000000000002,0.4926,0.8643291435910562,25.929874307731684,8.643291435910562,0.07608892526298,2.2826677578894,0.7608892526298,1025207.9999999998,30756239.999999993,10252079.999999998,Solana,Solana
2026-02,0.00034935,0.005503689916034993,0.0004864835901187,18555.1604198,0.034935,1.04805,0.34935,0.5503689916034993,16.51106974810498,5.503689916034992,0.04864835901187,1.4594507703561,0.48648359011869996,1855516.0419799997,55665481.259399995,18555160.4198,Solana,Solana
2026-03,0.00039745,0.004527593181919668,0.0004806535705729,10362.31250842425,0.039744999999999996,1.1923499999999998,0.39744999999999997,0.45275931819196674,13.582779545759003,4.527593181919667,0.04806535705729,1.4419607117187,0.48065357057290004,1036231.2508424249,31086937.52527275,10362312.508424249,Solana,Solana
2026-04,0.0003848,0.004437402797081973,0.00046491054339865,5178.0,0.03848,1.1544,0.3847999999999999,0.44374027970819735,13.312208391245921,4.437402797081973,0.046491054339865,1.39473163019595,0.4649105433986499,517800.0,15534000.0,5178000.0,Solana,Solana
2026-05,0.00040045,0.003955027770161664,0.0004583962189171,57001.5604378,0.040045,1.20135,0.4004499999999999,0.39550277701616643,11.865083310484993,3.955027770161664,0.04583962189171,1.3751886567513,0.4583962189171,5700156.04378,171004681.3134,57001560.43779999,Solana,Solana
