date,cost_usd_high,cost_usd_avg,cost_usd_median,cost_usd_low,tx_count
2021-01-01,5.28e-05,8.451388776428115e-06,8.125895662347951e-06,7.500000000000001e-06,26546785
2021-01-02,4.4250000000000005e-05,9.29614129816758e-06,9.003238716749381e-06,8.65e-06,27830811
2021-01-03,6.269999999999999e-05,1.0539510826907003e-05,1.0246854343074896e-05,9e-06,29339796
2021-01-04,7.664999999999999e-05,1.1421908174888317e-05,1.1262035509347563e-05,9.5e-06,35573349
2021-01-05,6.93e-05,1.1650179762251734e-05,1.1297467390954492e-05,1.045e-05,40480134
2021-01-06,7.455e-05,1.0463882562447728e-05,1.0250909119308819e-05,9.55e-06,42664883
2021-01-07,6.1e-05,1.1603354614071015e-05,1.1363747637156995e-05,9.7e-06,43338249
2021-01-08,6.840000000000001e-05,1.465058359244603e-05,1.5269633123154725e-05,1.1000000000000001e-05,38869679
2021-01-09,9.51e-05,1.6607584979270487e-05,1.5975627253696384e-05,1.5000000000000002e-05,36030949
2021-01-10,0.0001044,1.767980253551259e-05,1.7152173102167326e-05,1.5900000000000004e-05,36896864
2021-01-11,0.00011654999999999999,1.536645601764864e-05,1.5073854386817274e-05,1.305e-05,42150052
2021-01-12,0.00011829999999999999,1.735652041935251e-05,1.6961196420789612e-05,1.54e-05,39414819
2021-01-13,0.00012215,1.770520162595142e-05,1.737334851232449e-05,1.64e-05,30929454
2021-01-14,0.00012075,1.7187083812552655e-05,1.6965842186481694e-05,1.5900000000000004e-05,43407840
2021-01-15,5.1450000000000004e-05,1.7121514498199735e-05,1.696782238422714e-05,1.64e-05,6512534
2021-01-16,0.00010410000000000001,1.7457993020578485e-05,1.7163254973166605e-05,1.645e-05,16727725
2021-01-17,0.0001246,1.8395908932634825e-05,1.7763307042517953e-05,1.67e-05,39784874
2021-01-18,8.180000000000001e-05,1.9788837263636583e-05,1.945226615941649e-05,1.83e-05,39134262
2021-01-19,7.860000000000001e-05,1.9464277871343243e-05,1.912978805054944e-05,1.8e-05,39027607
2021-01-20,7.400000000000001e-05,1.8316281461546468e-05,1.7998635333804954e-05,1.675e-05,40153932
2021-01-21,9.99e-05,1.7400295226610044e-05,1.7157802660196086e-05,1.5000000000000002e-05,40200644
2021-01-22,9.69e-05,1.6413849964019506e-05,1.6095817522170915e-05,1.27e-05,39810858
2021-01-23,0.0001062,1.7768435212399847e-05,1.7488428215288064e-05,1.66e-05,37846472
2021-01-24,7.52e-05,1.8536405637840625e-05,1.809189828758245e-05,1.7450000000000004e-05,38304048
2021-01-25,0.0001225,1.861467012756969e-05,1.8009935628906663e-05,1.7250000000000003e-05,39233384
2021-01-26,0.0001215,1.982624456238922e-05,1.9386588470532452e-05,1.855e-05,41743089
2021-01-27,0.0001116,1.9272758468760672e-05,1.870359494049253e-05,1.7650000000000002e-05,37157067
2021-01-28,0.0001358,1.9715642629556502e-05,1.9038756342903556e-05,1.805e-05,37601600
2021-01-29,0.0001281,1.9994672258629554e-05,1.881662844419326e-05,1.8200000000000002e-05,40684304
2021-01-30,8.1e-05,2.0183640395880252e-05,1.95877167916274e-05,1.8900000000000002e-05,33651890
2021-01-31,0.0001603,2.2380209482091337e-05,2.172497934799968e-05,2.0850000000000002e-05,35409038
2021-02-01,0.000138,2.1820631220173608e-05,2.1184031399172978e-05,2.0600000000000003e-05,37090511
2021-02-02,0.00018654999999999998,2.5595016490430418e-05,2.5661256843411306e-05,2.235e-05,38775696
2021-02-03,0.00018724999999999997,2.705871152812087e-05,2.61818867401119e-05,2.5300000000000002e-05,39229363
2021-02-04,0.0002051,3.0010752377180644e-05,2.943537144690257e-05,2.8100000000000002e-05,43790414
2021-02-05,0.00023449999999999998,3.425401031512921e-05,3.3726486019277804e-05,3.21e-05,48839191
2021-02-06,0.00020370000000000002,3.1008125688035024e-05,3.0274844528247663e-05,2.8550000000000003e-05,45268148
2021-02-07,0.0002055,3.210048581113182e-05,3.209464018273995e-05,2.8800000000000002e-05,42460843
2021-02-08,0.00027719999999999996,3.756485344684519e-05,3.7561602050783625e-05,3.245e-05,39887614
2021-02-09,0.00027965,4.0228285101543246e-05,3.9402354571144296e-05,3.8e-05,44472637
2021-02-10,0.0002619,4.153672147824289e-05,4.098151804328765e-05,3.83e-05,47515692
2021-02-11,0.0002703,4.6565961375842675e-05,4.579682445831318e-05,4.38e-05,46134109
2021-02-12,0.0003283,4.804856511992011e-05,4.71567516275139e-05,4.5400000000000006e-05,42960174
2021-02-13,0.0003297,4.614373229177977e-05,4.538265459168268e-05,4.325000000000001e-05,45115103
2021-02-14,0.0002757,4.4658796229293265e-05,4.371312451129108e-05,4.27e-05,45804132
2021-02-15,0.00032444999999999994,4.370730906128976e-05,4.3036192318793085e-05,3.9450000000000003e-05,46726021
2021-02-16,0.0002544,4.3375588469182906e-05,4.294729400315561e-05,3.990000000000001e-05,41225735
2021-02-17,0.00029330000000000003,4.122120351546886e-05,4.0718759989880786e-05,3.7800000000000004e-05,38364426
2021-02-18,0.00031604999999999996,4.447100162465846e-05,4.330201668065163e-05,4.110000000000001e-05,42157636
2021-02-19,0.00039969999999999996,5.193268328327768e-05,5.266707227438051e-05,4.2800000000000004e-05,55508106
2021-02-20,0.00039059999999999995,5.457330118333144e-05,5.413094598432374e-05,4.92e-05,64584810
2021-02-21,0.00038815,5.368545611536185e-05,5.239233802994241e-05,4.9600000000000006e-05,57939070
2021-02-22,0.00034264999999999995,5.2655743358940466e-05,5.26257665168906e-05,4.610000000000001e-05,37313426
2021-02-23,0.00045900000000000004,7.498597788660364e-05,7.437001375447368e-05,6.610000000000001e-05,27450598
2021-02-24,0.0005582499999999999,8.299733669290139e-05,8.117839572320101e-05,7.450000000000001e-05,50267916
2021-02-25,0.0005757499999999999,8.079975401489654e-05,8.047770841030361e-05,6.915e-05,55654563
2021-02-26,0.0004608,7.142926825448735e-05,7.010489428805224e-05,6.56e-05,50801429
2021-02-27,0.0004990999999999999,6.997278103795351e-05,6.908739280447803e-05,6.55e-05,54697284
2021-02-28,0.00042664999999999994,6.314244538420051e-05,6.164280010467558e-05,5.75e-05,52982833
2021-03-01,0.0004548,7.385078660310112e-05,7.343231151382503e-05,6.535e-05,50915256
2021-03-02,0.0005011999999999999,7.288861432950775e-05,7.235669016668769e-05,6.740000000000001e-05,45380186
2021-03-03,0.0004969999999999999,7.208710361120493e-05,7.088778824484968e-05,6.865e-05,33730392
2021-03-04,0.0004697,6.878719381801138e-05,6.755549240304648e-05,6.400000000000001e-05,30850639
2021-03-05,0.00037650000000000004,6.413331006206286e-05,6.268079369198715e-05,6.1e-05,27330732
2021-03-06,0.00043469999999999994,6.396280767102424e-05,6.202294465636149e-05,5.945000000000001e-05,28733620
2021-03-07,0.0004718,6.857429409649195e-05,6.737162657546956e-05,6.35e-05,28230770
2021-03-08,0.00048019999999999996,6.902173061102317e-05,6.759156826946371e-05,6.53e-05,31288646
2021-03-09,0.00051835,7.292608134970651e-05,7.154440094660058e-05,6.645e-05,33351514
2021-03-10,0.0005145,7.433044801433353e-05,7.295635841180289e-05,7.045e-05,30419905
2021-03-11,0.0005061,7.513251586475748e-05,7.087965268357286e-05,6.85e-05,22995910
2021-03-12,0.0005561499999999999,7.995109181748796e-05,7.786186241196564e-05,7.09e-05,22234942
2021-03-13,0.0005011999999999999,7.622784900340129e-05,7.39188064289736e-05,6.965e-05,20183794
2021-03-14,0.0005319999999999999,7.633132165820673e-05,7.333756419829472e-05,7.190000000000001e-05,20254314
2021-03-15,0.0004386,7.351829199388947e-05,7.121279306832567e-05,6.87e-05,21735673
2021-03-16,0.00042720000000000003,7.10858614224703e-05,6.825287872464274e-05,6.615000000000001e-05,20878483
2021-03-17,0.00042720000000000003,7.157686377898629e-05,6.7644389970481e-05,6.55e-05,14158129
2021-03-18,0.0004401,7.611942415123457e-05,7.116971448615043e-05,7.000000000000001e-05,10383200
2021-03-19,0.0004910499999999999,7.508510993919244e-05,7.090381794421473e-05,6.97e-05,12528693
2021-03-20,0.0004437,7.71730151361599e-05,7.271778345040434e-05,7.065000000000001e-05,12593571
2021-03-21,0.0004278,7.442301435980085e-05,6.999849255190073e-05,6.840000000000001e-05,13042016
2021-03-22,0.0004956,8.090486130450914e-05,7.850925390899419e-05,7.085e-05,18598701
2021-03-23,0.0004401,7.5571688234691e-05,7.276979745905965e-05,7.05e-05,18820529
2021-03-24,0.0004578,7.515290680627399e-05,7.281272988026946e-05,6.83e-05,17878557
2021-03-25,0.00047564999999999993,6.773557523642247e-05,6.567218368682816e-05,6.295e-05,21060470
2021-03-26,0.0004969999999999999,7.135272267791328e-05,6.996096962976465e-05,6.185e-05,18779011
2021-03-27,0.00055125,8.110895545377581e-05,7.88336351909126e-05,7.37e-05,17314544
2021-03-28,0.00067165,9.360757942613103e-05,9.047416300993282e-05,8.175000000000001e-05,16370362
2021-03-29,0.0005658,9.573817239618662e-05,9.210684190027918e-05,8.825e-05,16119085
2021-03-30,0.0007049,0.00010329407274144045,9.911056071404219e-05,9.43e-05,15270508
2021-03-31,0.0006811,9.957289912331518e-05,9.608811021759467e-05,9.130000000000001e-05,16390147
2021-04-01,0.0007038499999999999,0.00010104084905871444,9.675923893494517e-05,9.410000000000001e-05,15143688
2021-04-02,0.0006632499999999999,9.99617671885339e-05,9.572347898282816e-05,9.285000000000001e-05,13462311
2021-04-03,0.000687,0.00011263334982763323,0.00010850685791982219,9.865000000000001e-05,15225509
2021-04-04,0.0007494,0.00012461200476916696,0.0001193797824569912,0.00011190000000000001,17171238
2021-04-05,0.0007338000000000001,0.0001229351519546271,0.00011851060537655185,0.0001144,17040371
2021-04-06,0.0007383,0.0001224747482968545,0.0001170183551339356,0.00011225,18226515
2021-04-07,0.0008897,0.00013274158165676252,0.00012907726591555714,0.00011710000000000001,20132013
2021-04-08,0.0009331,0.00013796273291546092,0.00013317631499115698,0.00012875,17692464
2021-04-09,0.0008619000000000001,0.00014577427093027487,0.000141226755721755,0.00013435,17187489
2021-04-10,0.0009624999999999999,0.00014203639613166329,0.00013665897294722247,0.00013050000000000003,17323808
2021-04-11,0.0008586,0.00014080148220934954,0.00013320091018887236,0.0001284,16506608
2021-04-12,0.0008823,0.0001473922489875692,0.00014112845535744703,0.00013460000000000002,16340646
2021-04-13,0.00099015,0.00014267939167341955,0.00013793023338164984,0.000132,16804664
2021-04-14,0.0009323999999999999,0.00013638074426410875,0.0001312152252621561,0.00012575,17953892
2021-04-15,0.0009016,0.00013885838960822486,0.00013417130587740816,0.00012780000000000002,16886164
2021-04-16,0.0008496,0.0001378875791313567,0.00013285347095507113,0.00012695000000000002,17432424
2021-04-17,0.0008079,0.00013595714417310374,0.00013166149025001868,0.00012770000000000001,16603720
2021-04-18,0.0009657,0.00014005909423197167,0.00013509530272013938,0.00010935000000000002,19425780
2021-04-19,0.0011913999999999998,0.00016864827660283835,0.0001621315863605978,0.0001507,17901533
2021-04-20,0.0009494999999999999,0.00015903901184370248,0.0001537567421368187,0.0001466,19176834
2021-04-21,0.001032,0.00018985620229521508,0.00016385748697568135,0.00015150000000000002,20989222
2021-04-22,0.00138215,0.00024833081184783327,0.00018706083720183972,0.00015965,23847494
2021-04-23,0.0013079499999999998,0.000238410514644441,0.00017899205852688201,0.00015970000000000003,23421040
2021-04-24,0.0014707,0.0002533829143488806,0.00018537828955863937,0.0001749,19697379
2021-04-25,0.0015757,0.00030406646941590944,0.00022096399838586768,0.00020240000000000001,20039670
2021-04-26,0.00165095,0.00032085393720158366,0.00023437902841078734,0.00021855000000000003,20983713
2021-04-27,0.0015945999999999998,0.00032016505089395644,0.0002261916447559472,0.0002134,17944825
2021-04-28,0.0016243499999999997,0.00032005098504631974,0.00022630234495951286,0.0002057,18004330
2021-04-29,0.0015553999999999998,0.00028683539716840443,0.0002191772604164993,0.00020590000000000002,17025380
2021-04-30,0.0015232,0.00030675520951613575,0.00021635524391111553,0.00020760000000000003,17455797
2021-05-01,0.00170835,0.0003190537743632745,0.00023511349153385058,0.00021070000000000003,17582225
2021-05-02,0.0016817499999999997,0.00030700388171527157,0.0002376959322665878,0.0002308,19517825
2021-05-03,0.0017030999999999997,0.00030236972674950994,0.00023977183839787804,0.00022585000000000001,19174223
2021-05-04,0.0016113999999999998,0.0002996536140927321,0.00022848091161275236,0.00021485000000000002,22011957
2021-05-05,0.0015903999999999998,0.0002549836721152566,0.00022440790039029968,0.00021425000000000003,19404341
2021-05-06,0.0015735999999999999,0.00023058385499408573,0.00021962057402290236,0.00021485000000000002,18386890
2021-05-07,0.00149765,0.0002265958656991888,0.00021684440615359453,0.0002097,17884851
2021-05-08,0.0015466499999999999,0.0002311141462572684,0.0002208826723038543,0.00021380000000000002,17291500
2021-05-09,0.0016229499999999997,0.00023606300023328624,0.00022443916986125006,0.0002172,16811325
2021-05-10,0.00159075,0.00023131517147064094,0.0002207521039070212,0.0002009,17906263
2021-05-11,0.0014451499999999999,0.00022037866921159003,0.00020902320119664744,0.00019910000000000001,16475938
2021-05-12,0.0015774499999999998,0.00023862915926196705,0.00022765995375079065,0.00021515000000000003,17417687
2021-05-13,0.0015799,0.0002193517740108839,0.0002111039432540399,0.00018930000000000002,18392954
2021-05-14,0.0015487499999999998,0.00022256779728809515,0.00021202965983549034,0.00020085000000000003,15484171
2021-05-15,0.0014696499999999999,0.0002186032646349969,0.00020789535579065997,0.0001977,16342594
2021-05-16,0.0017226999999999998,0.00024621623294001033,0.0002341033793721551,0.00021140000000000002,16026290
2021-05-17,0.0016646,0.0002523462010759851,0.00024309020467166062,0.0002208,17291962
2021-05-18,0.0017429999999999998,0.00027368455025845946,0.00026698286538095117,0.00023160000000000002,17217731
2021-05-19,0.0018287499999999999,0.00023760574292497485,0.000229318566213436,0.00017325,21483128
2021-05-20,0.0014730000000000001,0.0002189771241342246,0.00021549269302934804,0.00016590000000000002,19798315
2021-05-21,0.0014367499999999999,0.00021334509121136833,0.0002018969863049591,0.00017055,21780394
2021-05-22,0.0011963,0.0001818200964889741,0.00017990532974102833,0.00015685000000000002,34062151
2021-05-23,0.0009645,0.00013146710744083717,0.0001245085135056617,9.835000000000002e-05,36402099
2021-05-24,0.0009585,0.00014748122916778493,0.0001466833465106912,0.00012355000000000002,34296191
2021-05-25,0.0010156999999999998,0.00015276868837495715,0.00014630372951009103,0.00013195,18790037
2021-05-26,0.00118475,0.00017738736220818992,0.00017137830994875733,0.00014580000000000002,17411159
2021-05-27,0.00112525,0.00017862296911279676,0.00017090128449526228,0.00015655,15468582
2021-05-28,0.00110915,0.00016229074176983907,0.00015457888677220655,0.00014125000000000002,18699050
2021-05-29,0.0008934,0.0001475234478836327,0.00014149461433309564,0.00012935000000000003,17419250
2021-05-30,0.0009302999999999999,0.0001771144299572291,0.00014390424386435662,0.00012855,13856829
2021-05-31,0.0011283999999999999,0.00022521983120814488,0.00015885575085557995,0.00013820000000000003,16337797
2021-06-01,0.00114695,0.00022952674384577523,0.0001595268390595856,0.00015015000000000002,16517488
2021-06-02,0.00119945,0.00024171248053159593,0.000169347760281383,0.00015250000000000002,15418626
2021-06-03,0.0013730499999999998,0.0002475823496772942,0.00019232606636023,0.00016935,14067468
2021-06-04,0.0011772,0.0002741846961877508,0.00019002276841548817,0.00017325,15032702
2021-06-05,0.00148505,0.0002811262784072364,0.00020462860486500915,0.00018695000000000002,13300515
2021-06-06,0.00150885,0.0002219241819186256,0.00020602433475238566,0.00019525,9917321
2021-06-07,0.0015389499999999999,0.00022759739248151,0.00021408869492038266,0.00019100000000000003,10762684
2021-06-08,0.00146825,0.00020112233189093883,0.00018701740733305717,0.00016960000000000003,12496331
2021-06-09,0.0014784,0.000225756901073313,0.0002117801267925694,0.00019725000000000002,11222479
2021-06-10,0.0014994,0.00022280062026667672,0.00020722611653581813,0.0001988,10480573
2021-06-11,0.0014098,0.00020841252386191394,0.0001960255498306057,0.00017755,9909200
2021-06-12,0.0012795999999999999,0.00019444310284269715,0.00018219219056464693,0.00017205,10315417
2021-06-13,0.0013492499999999998,0.00019825244717589812,0.00018132147615805805,0.0001741,9413217
2021-06-14,0.0013915999999999998,0.00020674091857732872,0.00019278696538644097,0.00018425000000000003,9520452
2021-06-15,0.00143325,0.00021708572807727485,0.0002025501217771967,0.00019665,9645435
2021-06-16,0.00144865,0.00020823636070535658,0.00019649673140141328,0.00018795000000000004,9900523
2021-06-17,0.00144025,0.00021208881110364717,0.00020068189773069845,0.00019195000000000003,10414432
2021-06-18,0.0012967499999999997,0.00019809586018056967,0.00018949128880048745,0.00017585000000000002,11247241
2021-06-19,0.00129465,0.00019192710118607896,0.00018053108745996323,0.00017605000000000002,10194934
2021-06-20,0.0012369,0.00018497534590206156,0.0001747824468523112,0.00015735,10866589
2021-06-21,0.00119735,0.0001617442985360556,0.00015314971125076414,0.00013055,13314668
2021-06-22,0.0009439499999999998,0.00013779876578664445,0.00013348736264735665,0.00010405000000000001,14063693
2021-06-23,0.0010839499999999998,0.00016174425675975104,0.0001511651527887864,0.00013005000000000002,12605481
2021-06-24,0.000972,0.00016347137067831548,0.00015254006258974098,0.00014335000000000001,11427646
2021-06-25,0.00108955,0.00016223199108504266,0.00015148403082955504,0.00014095,12652403
2021-06-26,0.0010443999999999998,0.000155888853969399,0.00014232418467632175,0.00013480000000000002,12704339
2021-06-27,0.0010545499999999998,0.00016601408871006436,0.00015213695314709406,0.00014730000000000003,12086827
2021-06-28,0.0011955999999999998,0.0001755147419613845,0.00016103955195196352,0.00015545,11561152
2021-06-29,0.001246,0.00018339909414239415,0.00017211476664589817,0.000164,11695270
2021-06-30,0.001232,0.0001765088861255624,0.00016513273552332293,0.00015915,12489403
2021-07-01,0.0012012,0.00017915414146949085,0.00016891944365489108,0.00016225000000000004,11524472
2021-07-02,0.0011500999999999998,0.00017331268628165613,0.00016377673522267468,0.0001577,10952508
2021-07-03,0.001225,0.00018390180039941283,0.0001737549160141997,0.00016655000000000004,10349369
2021-07-04,0.00123865,0.00018421949996879524,0.00017484613919688708,0.00016850000000000003,10295932
2021-07-05,0.0011984,0.00017663160472122842,0.00016793286009376789,0.00016285000000000003,11006756
2021-07-06,0.0012138,0.0001766940638925543,0.00016865780290108322,0.00016500000000000003,11544661
2021-07-07,0.00132475,0.00018925560390973596,0.0001817821476349916,0.0001697,11505904
2021-07-08,0.0012747,0.00018278424336928484,0.00017299192355747293,0.00016405000000000003,12296398
2021-07-09,0.0011777499999999998,0.00017489556887152438,0.00016600711106517837,0.00016035000000000002,11533981
2021-07-10,0.0011738999999999999,0.00017196262683026367,0.000165212885583965,0.00015670000000000001,10813890
2021-07-11,0.0011367999999999999,0.00016835321371901202,0.0001601962689765716,0.00015725,10850343
2021-07-12,0.0011280499999999998,0.00016462100112657027,0.0001578184354293523,0.00015085,11181931
2021-07-13,0.00107485,0.00015748135460826032,0.0001510137610385567,0.00014490000000000003,11130289
2021-07-14,0.0010773,0.00015419832460282238,0.0001467751685432095,0.00013775000000000001,11792755
2021-07-15,0.0010892,0.00015554335088879744,0.0001474510681529349,0.00014060000000000003,11946972
2021-07-16,0.0011108000000000001,0.00014769212611156357,0.0001396228547111025,0.00013140000000000002,11676271
2021-07-17,0.0009674,0.00014208779363442592,0.0001328712795745937,0.00013050000000000003,10886791
2021-07-18,0.00096985,0.00014411412779230135,0.00013547880026958185,0.00013205,11389706
2021-07-19,0.0009288999999999999,0.00013329125527486636,0.0001249881861530794,0.00012045000000000001,12227022
2021-07-20,0.0008714999999999999,0.00012370977261294352,0.00011670152649621652,0.00011130000000000002,13154839
2021-07-21,0.0009418499999999999,0.00013521255948979155,0.000129651443604686,0.00011475000000000001,13336947
2021-07-22,0.0009849,0.00014350945795155287,0.0001358308467013891,0.00013005000000000002,13649372
2021-07-23,0.0010017,0.00014625844963252215,0.0001382029785258109,0.00013245,13537985
2021-07-24,0.0010286499999999999,0.00015300235144949297,0.0001436890791851349,0.00014095,13282275
2021-07-25,0.00100555,0.00014704541476849372,0.0001399534026610045,0.00013315,12808121
2021-07-26,0.0010877999999999999,0.0001558338594741127,0.00015015159969876364,0.0001398,14763546
2021-07-27,0.00101045,0.00014605141379811482,0.00013918623273719423,0.00013545,14096425
2021-07-28,0.0010048499999999998,0.0001465378252298084,0.00014030454693494593,0.0001374,15131998
2021-07-29,0.0011129999999999998,0.00015198685926083954,0.00014249019916820702,0.00013710000000000003,14967499
2021-07-30,0.0011473,0.00016405507832605745,0.00015816406754854732,0.0001507,17770501
2021-07-31,0.00127295,0.0001759039534394414,0.00016932897570647235,0.00015930000000000002,17552111
2021-08-01,0.0012634999999999999,0.00018583840737374093,0.00017718499578051812,0.00016790000000000002,18038514
2021-08-02,0.0012432,0.00017969089636622485,0.00017069412786584236,0.0001655,18728615
2021-08-03,0.0012442499999999997,0.0001786644204521417,0.00017127994532063596,0.00016260000000000002,20068244
2021-08-04,0.00128065,0.00018148508480303493,0.00017360027906803107,0.00016670000000000004,18967031
2021-08-05,0.0013272,0.00018969789760320822,0.00018435986829251614,0.00017800000000000002,18735926
2021-08-06,0.0014010499999999998,0.0001954477885288167,0.00018716482685460976,0.00017875,19308661
2021-08-07,0.00141155,0.0002031288322897263,0.00019669523302808342,0.00018870000000000003,20003786
2021-08-08,0.0013727,0.00019854757344846456,0.00019207020302237695,0.00018505,19267407
2021-08-09,0.0013915999999999998,0.00019946700062499384,0.00019402135855452925,0.00018315000000000003,19395822
2021-08-10,0.0014570499999999999,0.00020715677422506392,0.000200894424394803,0.0001915,21705235
2021-08-11,0.0015217999999999998,0.00021932265595223883,0.00021224024536795869,0.00020325,21892260
2021-08-12,0.0018697499999999999,0.00021345182293177673,0.000205277202667469,0.00019725000000000002,21551686
2021-08-13,0.0015473499999999999,0.000224587211496921,0.0002184313038460744,0.00020385000000000002,21422839
2021-08-14,0.0015630999999999998,0.00022786465955125206,0.00021988877214422454,0.00021585000000000002,20331250
2021-08-15,0.0019019,0.00024898752382520857,0.00023214803967762222,0.00021805000000000001,19236301
2021-08-16,0.00240415,0.0003253178776848635,0.00031332535820479405,0.00026295,21156783
2021-08-17,0.0025913999999999998,0.0003606832848590374,0.00034651233552823995,0.00030095,20263117
2021-08-18,0.0028063,0.00037848992120156303,0.00036385086149590677,0.00030185,20834179
2021-08-19,0.0026071499999999995,0.0003770155693471561,0.0003604963210887641,0.00034475000000000006,20282074
2021-08-20,0.0027908999999999994,0.0003837295672682081,0.0003648154317368773,0.00035535,23961013
2021-08-21,0.0028409499999999996,0.00039760481819395375,0.0003837600739988495,0.00036475000000000006,24764705
2021-08-22,0.00270305,0.0003869349440532785,0.0003738455478518126,0.0003579,26427833
2021-08-23,0.00266525,0.00038641775969631905,0.0003668755521358762,0.0003596,24292291
2021-08-24,0.00274785,0.0003940178552180475,0.00037727999792056097,0.00034810000000000006,25128301
2021-08-25,0.0025283999999999997,0.00036420670018401716,0.0003545820339156695,0.0003333,24049683
2021-08-26,0.0026536999999999997,0.00037918350325259693,0.0003639874558423752,0.00033265000000000004,23606402
2021-08-27,0.00309575,0.000431875759086887,0.00041238352357654843,0.0003664,22199983
2021-08-28,0.0033824,0.0004859827462458774,0.0004600502057913696,0.0004295000000000001,20968712
2021-08-29,0.00340305,0.0004963108495569703,0.00046886384981509907,0.00045625000000000006,20355549
2021-08-30,0.00401765,0.0005498835976459916,0.0005066451726497907,0.00047125000000000004,24243231
2021-08-31,0.0058475,0.0006202481900337321,0.0005815073389810002,0.00051805,24269379
2021-09-01,0.00531765,0.0005937645003042797,0.0005667369749416372,0.0005365,25193961
2021-09-02,0.0045930499999999996,0.000621627453732612,0.0005841643430246237,0.0005498,23769255
2021-09-03,0.0051369499999999995,0.000727828759662869,0.0007061326869719224,0.0006416500000000001,28540708
2021-09-04,0.0052534999999999995,0.0007458357212678812,0.0007166810453228594,0.0006843500000000001,28022264
2021-09-05,0.0050389499999999995,0.0007261266691931031,0.0007004093785765295,0.00067765,28296952
2021-09-06,0.005788649999999999,0.0007821272739559048,0.00072614390571628,0.0006993000000000001,28050986
2021-09-07,0.006801199999999999,0.0009316855052299618,0.0008878975729691188,0.0007213500000000002,30977379
2021-09-08,0.0068876499999999995,0.0008936348789761404,0.0008531356513570863,0.0007430000000000001,30760328
2021-09-09,0.007466199999999999,0.0010541099620931316,0.0010181644426939898,0.0009166,31672469
2021-09-10,0.0068743499999999996,0.000960073150205453,0.0009082805501861179,0.0008502000000000001,32024652
2021-09-11,0.0067228,0.0009732119223038137,0.0009160697669946666,0.0008815000000000001,31204112
2021-09-12,0.006345849999999999,0.0009393150778942241,0.000889022676247941,0.0008577500000000001,30689157
2021-09-13,0.007271100000000001,0.0008463371773068874,0.0008017971386853679,0.0007585,34091698
2021-09-14,0.00755505,0.0008678268410035155,0.0008348033228235277,0.0007716500000000001,16671497
2021-09-15,0.007303500000000001,0.0008225586153045221,0.0008000069216702032,0.00077445,23418859
2021-09-16,0.007161750000000001,0.0008107551823706787,0.0007812580589397555,0.0007401000000000002,36433802
2021-09-17,0.006719850000000001,0.0007551839122280086,0.0007215159871427043,0.0006779000000000002,35059990
2021-09-18,0.00768555,0.000831582415728113,0.0008044074261778824,0.00072365,30355460
2021-09-19,0.007653600000000001,0.0008353905330234393,0.0008029097251338299,0.0007573000000000001,31567334
2021-09-20,0.0068787000000000015,0.0007387721205663543,0.0007130934356470503,0.0006601,37796024
2021-09-21,0.00647055,0.0007042583893983284,0.0006861606629374878,0.0005908,39375433
2021-09-22,0.0067221,0.0007048113841853146,0.0006638523049765178,0.0006150500000000001,39891537
2021-09-23,0.006828300000000001,0.0007654840409406189,0.000741657352523094,0.0007192,42487457
2021-09-24,0.006756750000000001,0.0007480997618857139,0.0007048010292873176,0.0006478,45342857
2021-09-25,0.006417450000000001,0.0007098195403698769,0.0006959815257708365,0.0006718000000000002,39273839
2021-09-26,0.0062991,0.0006879202544662129,0.0006767125248396496,0.0006278000000000001,41325425
2021-09-27,0.00664875,0.0007326119333280997,0.0007104227695031572,0.0006722000000000001,43772702
2021-09-28,0.006258600000000001,0.0006940511163173987,0.0006722319956979208,0.0006442500000000001,42660001
2021-09-29,0.0062847,0.0007051326322525659,0.0006866154614174473,0.00065925,43960630
2021-09-30,0.0063891,0.0007124986221636473,0.0006927670497883738,0.0006738500000000001,43075368
2021-10-01,0.007405200000000001,0.0007804853610582604,0.0007597042888130924,0.0006937000000000001,40456253
2021-10-02,0.007835400000000001,0.0008486412905550612,0.0008093435595582258,0.0007827500000000001,39467147
2021-10-03,0.0079614,0.0008879024893067119,0.0008596413244244833,0.0008349500000000001,40479137
2021-10-04,0.007763850000000001,0.000867656342348784,0.0008408941000943163,0.0008216500000000002,43057390
2021-10-05,0.0076266,0.0008544606439820103,0.0008315698011872165,0.0008046,41306524
2021-10-06,0.007428600000000001,0.0008099746855305335,0.0007921270908117029,0.0007547000000000001,41346523
2021-10-07,0.007752500000000001,0.0008004785463616874,0.0007785244128751192,0.0007552,40119700
2021-10-08,0.008232,0.0008269910676995573,0.0008066465265806292,0.0007641,41989225
2021-10-09,0.007257150000000001,0.0008158606828271531,0.0007932816139703738,0.000776,38177346
2021-10-10,0.00706545,0.0007927418966428134,0.0007713767015690187,0.0007385500000000001,37281737
2021-10-11,0.006932250000000001,0.0007593501007387177,0.0007441135127736703,0.0007045,44958638
2021-10-12,0.00687825,0.0007435063586876547,0.0007207725849662707,0.00069225,48196553
2021-10-13,0.006883200000000001,0.0007531848153819845,0.0007336769673294846,0.00072335,50484011
2021-10-14,0.006983100000000001,0.0007717650876764404,0.0007535960871799966,0.000738,51791889
2021-10-15,0.008057,0.0008084378996546778,0.000798522730447795,0.0007365000000000001,54448172
2021-10-16,0.007403400000000001,0.0008144519941611748,0.0007965121753014666,0.0007846500000000001,48485178
2021-10-17,0.0074952000000000005,0.0008244842633209842,0.0008058971557544644,0.0007759,48688612
2021-10-18,0.00788,0.000811769663249383,0.0007895052097650797,0.0007766500000000001,53275211
2021-10-19,0.0071568000000000005,0.0007974359258311251,0.0007843732122552732,0.00076815,52475644
2021-10-20,0.0078714,0.000834092481157468,0.0008032084550603943,0.0007773000000000001,51651689
2021-10-21,0.008698500000000001,0.0009533381588100584,0.0009278193277733608,0.0008819,47710741
2021-10-22,0.00959535,0.0010388611717861295,0.0010151887449925414,0.0009442000000000001,48469426
2021-10-23,0.009884500000000001,0.001019559391618188,0.0009964935290211732,0.00096675,42076850
2021-10-24,0.009893500000000001,0.0009944685939098357,0.0009738730870576313,0.0009332,44272987
2021-10-25,0.00982035,0.00106764837218605,0.0010451403508803226,0.0009946,49671744
2021-10-26,0.010512,0.0010665942460730106,0.0010473023739078048,0.0010216000000000001,54376434
2021-10-27,0.009470000000000001,0.0009964421078735737,0.0009551460667772282,0.0009149000000000001,52063470
2021-10-28,0.00901845,0.000993791450812733,0.000980281949515574,0.0009140500000000001,56863852
2021-10-29,0.0092169,0.0010198254213916063,0.0010010255582400083,0.0009737500000000001,61721526
2021-10-30,0.00901845,0.0009977540423173402,0.0009814719658766183,0.0009453,56166899
2021-10-31,0.00922005,0.0009894028477026619,0.0009647987850494751,0.00093325,57821571
2021-11-01,0.00950265,0.0010439572512695235,0.0010204217523373288,0.0009922000000000002,60290863
2021-11-02,0.0098235,0.0010578659072583592,0.0010280047482784881,0.0010084000000000002,60257571
2021-11-03,0.011547,0.0011760956609543813,0.0011430017501072212,0.0010837000000000002,62037905
2021-11-04,0.01125045,0.0012351059828128218,0.0012056184592319922,0.00118195,62006564
2021-11-05,0.0117845,0.0012161630161947796,0.0011921619407453848,0.00115945,61972222
2021-11-06,0.0116865,0.001262236753699981,0.0012312245909670543,0.0011779000000000002,55662302
2021-11-07,0.01164915,0.0012899646978368714,0.0012627748901397602,0.0012315000000000002,55109639
2021-11-08,0.0113913,0.0012559053938773791,0.0012301340573521377,0.0012071,60784273
2021-11-09,0.011364750000000002,0.0012459370655656147,0.0012278305937885512,0.00119505,61603897
2021-11-10,0.011146950000000001,0.001230548386171525,0.0012030840158539435,0.0011087000000000002,59246747
2021-11-11,0.011084850000000002,0.0012192416707523376,0.0011958823947134205,0.0011510000000000001,63674524
2021-11-12,0.011406000000000001,0.0011689785963704255,0.0011482769343691092,0.0011109000000000002,69041641
2021-11-13,0.010868850000000001,0.001176444397445544,0.0011498277426686444,0.0011279000000000003,68735381
2021-11-14,0.01087515,0.0012009765212096805,0.0011835701360696498,0.0011556000000000001,68453149
2021-11-15,0.011060100000000002,0.0012239380364764403,0.001207641811128733,0.0011785,74659728
2021-11-16,0.010620000000000001,0.0011491383724066997,0.0011288785197290378,0.0010876500000000001,73328053
2021-11-17,0.0099576,0.0010942760379068848,0.0010778802335693822,0.00105315,74520023
2021-11-18,0.010017900000000001,0.0010558054907977377,0.001046860986839374,0.0009455500000000002,69637063
2021-11-19,0.00984555,0.0010481746651882365,0.0010281578214433845,0.0009515000000000001,72973533
2021-11-20,0.0099297,0.0010934929049981551,0.001076808928896305,0.0010351000000000002,66241108
2021-11-21,0.0105786,0.0011122052261991662,0.001070276341182593,0.001056,65502744
2021-11-22,0.010391850000000001,0.0011254357255991265,0.0011033649374532664,0.0010662500000000001,69262720
2021-11-23,0.01015425,0.0011407635638538635,0.001089077248441814,0.00105685,62085176
2021-11-24,0.009997200000000001,0.0010879667229273114,0.00107335721677673,0.0010066,66527089
2021-11-25,0.009718200000000001,0.0010692212109981317,0.0010502427842630755,0.00101475,67440630
2021-11-26,0.00946575,0.0010116341266277224,0.00098713537605164,0.0009224,62080005
2021-11-27,0.0089766,0.0009977897915171112,0.0009826704551507321,0.0009564,65067691
2021-11-28,0.009063000000000002,0.0009682683173676217,0.0009474287853215643,0.0009181000000000001,65157530
2021-11-29,0.009538650000000001,0.0010447393010672352,0.0010246075758213223,0.00100225,65887666
2021-11-30,0.0097839,0.0010623885968113688,0.001034867657274092,0.0010012,64860337
2021-12-01,0.010404,0.001126579695856054,0.0011104054477480846,0.0010417,62999514
2021-12-02,0.010930500000000001,0.0011743006301153437,0.0011405239806321782,0.0011088500000000002,59657396
2021-12-03,0.01075095,0.0011644416257080795,0.0011541594061986451,0.0010477000000000002,63867420
2021-12-04,0.009532800000000001,0.0010339068513834434,0.001013089259705058,0.00089515,42772177
2021-12-05,0.0091467,0.001000670056769721,0.0009800215916939239,0.0009196500000000002,54948366
2021-12-06,0.008892450000000001,0.000960481061582347,0.0009471200191211871,0.0008890500000000001,59863188
2021-12-07,0.00916515,0.0010098612193734065,0.0009842776811776217,0.00094395,57908615
2021-12-08,0.0087795,0.0009733995102808015,0.0009541740524479367,0.0009269,61168066
2021-12-09,0.00881325,0.0009592291601712272,0.0009432035727173298,0.0008978000000000001,55455239
2021-12-10,0.008251650000000001,0.0009143034097698676,0.0008883526221393641,0.0008529500000000001,57289325
2021-12-11,0.007787700000000001,0.0008810292860251628,0.0008509928304623993,0.00081565,53145180
2021-12-12,0.007938,0.0008904552839202783,0.0008521148654272065,0.00084,50771131
2021-12-13,0.007759350000000001,0.0008520075295870952,0.0008346428852496392,0.0007502500000000002,39812145
2021-12-14,0.0072972,0.0007961865946499014,0.0007801139062568124,0.00075155,55454605
2021-12-15,0.00815535,0.0008503599443400504,0.0008230881035535219,0.0007925,68145946
2021-12-16,0.00850005,0.0009246584851063843,0.0009085726673681834,0.0008752,69568751
2021-12-17,0.0081936,0.0009046121900179359,0.0008874117881378089,0.0008461,63108693
2021-12-18,0.0082746,0.0009122070552728684,0.000899702787384559,0.0008588500000000001,63370250
2021-12-19,0.008483850000000001,0.0009389367747859928,0.0009205200762205842,0.0008965500000000001,62533241
2021-12-20,0.0081387,0.0008964313371347342,0.0008783257007206555,0.0008471500000000001,57652378
2021-12-21,0.0082026,0.0009088100421094874,0.0008942141988308497,0.00085335,67158308
2021-12-22,0.0084366,0.000929750854374864,0.0009113564332212745,0.0008895000000000001,70711472
2021-12-23,0.0086949,0.0009265430638080738,0.0009006477599392823,0.0008829500000000001,74023672
2021-12-24,0.00886545,0.0009703492616464027,0.0009512311671064282,0.0009339000000000001,73816376
2021-12-25,0.00877635,0.0009810157849532387,0.000962601617509231,0.0009492000000000001,71410966
2021-12-26,0.00901035,0.000999613921546845,0.0009852585275397982,0.0009579500000000001,70315940
2021-12-27,0.0091944,0.001018659153315724,0.0009992689487232057,0.00098035,69437670
2021-12-28,0.00881145,0.0009571305012884968,0.0009479353188079253,0.0008867500000000001,64225101
2021-12-29,0.0081252,0.0009022094326352232,0.0008838049242377563,0.0008548000000000001,58831769
2021-12-30,0.007897050000000001,0.0008800810821920872,0.0008658340396056256,0.0008455500000000001,68120828
2021-12-31,0.0079731,0.0008813620379770297,0.000862346888856629,0.00084195,66581034
2022-01-01,0.0080424,0.0008854089996875351,0.0008650444091084738,0.0008513500000000001,66716623
2022-01-02,0.008069850000000002,0.0008979040774302274,0.0008810347980866213,0.0008751500000000001,65461696
2022-01-03,0.00794205,0.0008835959719537109,0.0008674755947229939,0.0008382500000000001,53870849
2022-01-04,0.007810200000000001,0.0008643706629664034,0.0008443605152560307,0.00083445,63930999
2022-01-05,0.007693650000000001,0.0008558488126545305,0.000843490083534507,0.0007353,59196455
2022-01-06,0.0069696,0.0007755952133642141,0.0007539349708672797,0.00073335,51023268
2022-01-07,0.0067698,0.000732307759668134,0.0007011877235857917,0.0006768500000000001,28384984
2022-01-08,0.0066573000000000005,0.0007354954019803194,0.0007166496487112769,0.00066755,44577818
2022-01-09,0.006542549999999999,0.0007251390585701831,0.0007083253368625886,0.0006923500000000001,56250596
2022-01-10,0.00646425,0.0007107531001155227,0.00070349387949838,0.0006535500000000001,55075076
2022-01-11,0.006444450000000001,0.0007036149499470636,0.0006845566637360371,0.0006717000000000001,66553681
2022-01-12,0.00687555,0.0007378482309986429,0.0007091402731847887,0.00069335,64119527
2022-01-13,0.00709515,0.0007703579550037294,0.0007535721349739268,0.00073035,65677617
2022-01-14,0.006766200000000001,0.0007518329286442378,0.0007360562339265463,0.00071235,63174868
2022-01-15,0.006719850000000001,0.000748836482449589,0.0007314329025618255,0.0007224,61669529
2022-01-16,0.0068364,0.0007601740352307537,0.0007423111888025318,0.0007321,60730874
2022-01-17,0.006674850000000001,0.0007306460943001929,0.000716132495105879,0.0006875000000000001,55667549
2022-01-18,0.0063918,0.0007114854410258118,0.0006948714517891498,0.0006757500000000001,54497104
2022-01-19,0.006811,0.0007072464034049024,0.0006847623938600426,0.0006670500000000001,50843762
2022-01-20,0.00645885,0.0007087140170963854,0.0006863658432317577,0.0006364000000000001,44843547
2022-01-21,0.0057865500000000005,0.0006440204986117221,0.0006217544221032601,0.00054055,19406188
2022-01-22,0.0050832,0.0005179798134165893,0.00048625175125180056,0.00044715000000000005,18837024
2022-01-23,0.00470115,0.0005040778034615547,0.0004900841724373928,0.00046850000000000006,57025704
2022-01-24,0.004492800000000001,0.0004597307479486313,0.00044712463391881807,0.00040615000000000003,59202219
2022-01-25,0.0044838000000000005,0.000472992046838385,0.00046117794745292894,0.00043880000000000004,66172372
2022-01-26,0.004626450000000001,0.0004900756528637946,0.0004793481177685157,0.0004491,64241368
2022-01-27,0.004243950000000001,0.0004639503323739468,0.0004507170539734819,0.0004301,62434540
2022-01-28,0.00420165,0.00046612134899773637,0.0004551141809865333,0.00043795000000000005,62797143
2022-01-29,0.004449150000000001,0.0004912823292264265,0.0004780385615141607,0.0004555,59023313
2022-01-30,0.00437355,0.0004892917038962538,0.0004755216000772002,0.0004593500000000001,59285952
2022-01-31,0.00453105,0.00048647943259417365,0.0004571863318085433,0.0004486,61453228
2022-02-01,0.0050935500000000005,0.0005558625125844837,0.0005340995461989354,0.00049805,59295416
2022-02-02,0.0055445,0.0005611401662176394,0.0005467059085535164,0.0004883,53981724
2022-02-03,0.00455085,0.0005030734622641109,0.0004907355427287201,0.00047345000000000004,61905587
2022-02-04,0.005531,0.0005480247983608375,0.0005284905624319082,0.0005031500000000001,61510819
2022-02-05,0.0057365,0.0005878731968006777,0.0005733652789126003,0.0005519,60157219
2022-02-06,0.0056435,0.000585570538068968,0.0005696096801657702,0.00056055,60641036
2022-02-07,0.006052000000000001,0.0006032311882274563,0.0005907686037811569,0.0005659,63054819
2022-02-08,0.005665,0.0005873148580012353,0.0005693448114591047,0.00055205,60564480
2022-02-09,0.0052686,0.0005796223776892114,0.000569419390881816,0.0005506500000000001,58028980
2022-02-10,0.0051709500000000005,0.0005711421869462322,0.0005593646843590844,0.0005307500000000001,55958764
2022-02-11,0.0048519,0.0005318735594389319,0.0005269568711569951,0.00047875000000000006,56066198
2022-02-12,0.0044802,0.0004968165427176446,0.000480505477871907,0.00046805,51050470
2022-02-13,0.0043749,0.0005000936281473845,0.0004804275057134221,0.00045865000000000006,51814873
2022-02-14,0.0044055000000000006,0.0004942144436672269,0.00047282967815848707,0.00045635,57136406
2022-02-15,0.0047331000000000005,0.0005263394139081249,0.0005100453630337554,0.00048315,52852542
2022-02-16,0.00473085,0.0005238335787785685,0.0005136179425634115,0.00049295,56042695
2022-02-17,0.0046179,0.0005048335998528887,0.0004946606583457573,0.00046445000000000004,55385142
2022-02-18,0.004329,0.00048021117724229243,0.00047072091672846895,0.0004487,53655145
2022-02-19,0.0041625,0.00048299925501112676,0.00045525444141710376,0.00044500000000000003,46040378
2022-02-20,0.004645000000000001,0.00047032048356662195,0.00044870692941048244,0.0004305,37792109
2022-02-21,0.004368500000000001,0.00047151225716436716,0.00046180890847286423,0.00041635,45982269
2022-02-22,0.003926700000000001,0.0004358455452934232,0.00042428893054132465,0.0004067000000000001,48492854
2022-02-23,0.004185,0.0004656295907344814,0.00044614630177329344,0.00042475000000000005,50311255
2022-02-24,0.00414135,0.0004382946985540215,0.0004187716105153427,0.00038505000000000006,40541507
2022-02-25,0.004490500000000001,0.0004671510638343934,0.0004486150891927841,0.00043710000000000005,46492163
2022-02-26,0.00425295,0.00047284165757819035,0.0004570049191629933,0.0004492000000000001,51311374
2022-02-27,0.0041409,0.0004562912849691848,0.000442726829266737,0.00042335,49545412
2022-02-28,0.0049305,0.0004851423408159834,0.00045323651602131534,0.0004227000000000001,48122047
2022-03-01,0.004563,0.0005042635700308704,0.0004874728335136919,0.00047585000000000005,50937988
2022-03-02,0.00476955,0.0005238666355638298,0.0005097568923914953,0.00048580000000000004,49261805
2022-03-03,0.0045621,0.0005043502280148156,0.0004951434884747731,0.00047205,51116397
2022-03-04,0.0043119,0.00047489930243179893,0.0004596688243864295,0.0004373,49261536
2022-03-05,0.0044855,0.0004627615149849426,0.00044459860004024046,0.00043235,47761716
2022-03-06,0.004404,0.0004530687036827248,0.00043806324629419086,0.0004225,48459853
2022-03-07,0.004157500000000001,0.00043264441737849704,0.00041484458091994587,0.0004014500000000001,48610725
2022-03-08,0.0042155000000000005,0.0004252803288308441,0.0004161364012793365,0.00040835000000000003,51397234
2022-03-09,0.0043595000000000005,0.0004506849965042356,0.00043967988822586477,0.00041075000000000004,47317364
2022-03-10,0.003987900000000001,0.00044871551387488533,0.00041377483021852386,0.0004055,36195064
2022-03-11,0.0037777500000000003,0.0004336977941830977,0.00040859591894971167,0.00040155000000000003,42633799
2022-03-12,0.0037242000000000004,0.00044215689150734025,0.0004090259495701378,0.0004043,46926124
2022-03-13,0.004027,0.000441749005453948,0.00040681186687821594,0.00039215000000000007,44963630
2022-03-14,0.0039645,0.0004126568688863551,0.00040219194383681934,0.0003926,48010237
2022-03-15,0.0038443500000000007,0.0004190677309624732,0.00040261435210980353,0.00039520000000000007,45386303
2022-03-16,0.0039518999999999995,0.0004330505382582602,0.0004185993157204919,0.0004079500000000001,43755493
2022-03-17,0.004518,0.0004542413963536503,0.00044213246092648955,0.00043405000000000006,42875141
2022-03-18,0.00413055,0.000451829259470658,0.00043263444168768625,0.00042355,41012510
2022-03-19,0.0042417,0.0004757101000252657,0.00045561907499035533,0.00044655000000000004,36319473
2022-03-20,0.0044665,0.00047095590035823155,0.000452212204051162,0.0004416,35739922
2022-03-21,0.0040959,0.00046569514468721877,0.00044431002443935083,0.00043695,36706211
2022-03-22,0.00421965,0.0004757245882231097,0.0004582040255493638,0.00044140000000000005,36123401
2022-03-23,0.0043245,0.0004785110781805971,0.0004586423594820657,0.00044805,39185822
2022-03-24,0.0051535,0.0005190776172071151,0.0004986575924556386,0.00046965000000000006,32765785
2022-03-25,0.0047106000000000006,0.0005444118453977404,0.0005139230741986382,0.0004864500000000001,35320161
2022-03-26,0.005145,0.0005349463645872353,0.00050257569124369,0.0004895500000000001,35067314
2022-03-27,0.0051365000000000004,0.0005651010985473684,0.0005100968323257757,0.0004961500000000001,27824073
2022-03-28,0.005615,0.0005672633778766362,0.000549565750561472,0.00052725,34772451
2022-03-29,0.005671000000000001,0.0005749017314594611,0.0005548042718772193,0.0005290500000000001,36256071
2022-03-30,0.005597550000000001,0.0005994556157026466,0.0005659797721415462,0.00053885,35425917
2022-03-31,0.0062380000000000005,0.0006473824739845804,0.0006181016266658479,0.0006011,34720138
2022-04-01,0.006803,0.000687417415571673,0.0006449248805023995,0.00059455,25981998
2022-04-02,0.006410700000000001,0.000720866271684761,0.0006807245344015743,0.00066195,24567081
2022-04-03,0.006805,0.00073762734147086,0.0006848919420819481,0.0006573000000000001,21785780
2022-04-04,0.006819,0.0007668027483227552,0.0006704538123218394,0.0006344,22088366
2022-04-05,0.006476000000000001,0.0007001735135824565,0.0006630968698318299,0.0006328000000000001,26994969
2022-04-06,0.0057285,0.0006721280099718408,0.0006222030326034357,0.0005639000000000001,18596700
2022-04-07,0.0059375,0.0006318663391335292,0.000577641639741618,0.0005588,18215146
2022-04-08,0.0055125,0.0006723309231252237,0.0005924124152346515,0.0005433,14882024
2022-04-09,0.0050922,0.0007081604577169282,0.0005533449766539752,0.0005434000000000001,10060652
2022-04-10,0.005687,0.0006525316555320985,0.0005629922300551746,0.00055095,17137216
2022-04-11,0.005592000000000001,0.0006054550360681308,0.0005306390330114315,0.00049335,19996720
2022-04-12,0.0054295,0.0006776215291735858,0.0005170684100357472,0.00049395,20698939
2022-04-13,0.004765500000000001,0.0006248978954457868,0.0005207664934433206,0.0005024000000000001,26527197
2022-04-14,0.0049785,0.0006003300455994979,0.0005269447337045445,0.0004959000000000001,31427909
2022-04-15,0.0046296,0.000585183487921907,0.0005081546297995719,0.0005008,32042587
2022-04-16,0.0051195,0.0006315044474433328,0.0005100567522427244,0.0005052500000000001,28264010
2022-04-17,0.0052380000000000005,0.0006558183297924243,0.0005133611728181488,0.0005001000000000001,23038444
2022-04-18,0.005073,0.0006355755801339859,0.000499960870503901,0.00047775000000000004,19145824
2022-04-19,0.0053095,0.000612691407410146,0.0005194252953689469,0.00050655,26419329
2022-04-20,0.0049779,0.0006147974802142991,0.0005395065191894852,0.0005220000000000001,27576466
2022-04-21,0.00495,0.0005976510841311586,0.0005335032554302764,0.0005041500000000001,29906578
2022-04-22,0.00465795,0.0005821912853625338,0.0005103282396298453,0.0004982500000000001,29618795
2022-04-23,0.005054,0.0005854545264093368,0.0005091104303385291,0.0004945,29208653
2022-04-24,0.0046134,0.0006253546814272602,0.0005068718164835662,0.0004954,24402379
2022-04-25,0.0049595,0.0006098496427803821,0.0004889348637348056,0.00047410000000000003,22631313
2022-04-26,0.0048445,0.0005970210873410383,0.0005037233466451857,0.00047545000000000004,20973975
2022-04-27,0.0049175,0.0006047882636775074,0.000492167585580024,0.00047695,26800875
2022-04-28,0.0049715,0.0005865070856932788,0.0004970121918405502,0.00048390000000000005,26190178
2022-04-29,0.004801,0.0006502769629604799,0.00048582183597821536,0.0004644,19405501
2022-04-30,0.004572,0.0006395327938479439,0.0004712988467125051,0.00041700000000000005,15705052
2022-05-01,0.0044610000000000006,0.0005351501202188175,0.00044560727817753455,0.00042515000000000006,16817780
2022-05-02,0.0040954500000000005,0.0004992911762019789,0.00044234698349397944,0.00042740000000000003,27350764
2022-05-03,0.0040032,0.0004852214658978558,0.0004382122501965017,0.00042495,32976009
2022-05-04,0.00417915,0.0004831987787159378,0.00043839263785729114,0.00042850000000000006,36030908
2022-05-05,0.00427635,0.0004945784178630154,0.0004640365276450052,0.00041030000000000005,34300145
2022-05-06,0.0038061,0.00046281979000169796,0.00041265042614077607,0.00040170000000000006,31346470
2022-05-07,0.0036976500000000002,0.00045414221047029645,0.0004072555308828879,0.00038909999999999997,35109282
2022-05-08,0.0038090000000000003,0.00045649826160695236,0.0003897304685081226,0.00037225,34282970
2022-05-09,0.0034695,0.0004146881736144685,0.0003712848681328378,0.00031815000000000006,29665070
2022-05-10,0.003461,0.0003845156608753586,0.00034776620230385206,0.00030485,27069215
2022-05-11,0.0030640500000000005,0.0003350271215001186,0.00032191084783372414,0.00021735000000000002,24361488
2022-05-12,0.00241965,0.00026684111009480564,0.00022422931290673242,0.00019145000000000002,20686913
2022-05-13,0.002565,0.00031199201969941536,0.000257629848458932,0.00022040000000000002,20799561
2022-05-14,0.00238635,0.00028098463450004085,0.00025362449760486436,0.00023190000000000003,30850118
2022-05-15,0.0026613,0.0002923289041453647,0.00026430641206496707,0.00024960000000000005,29857790
2022-05-16,0.002768,0.00031444351970393497,0.0002734985197910734,0.0002615,28528149
2022-05-17,0.0028235,0.0003271625632152678,0.00028089771050053314,0.00026845,20778820
2022-05-18,0.0025987500000000004,0.0002999696871190236,0.0002728677863047593,0.00024905,28110080
2022-05-19,0.002659,0.000288090738045111,0.00025666477627337835,0.00024285000000000002,28640914
2022-05-20,0.0028649500000000002,0.0002756901158753738,0.0002569457953003893,0.00023985,27251862
2022-05-21,0.0022977,0.00026825799799729645,0.00024968239846805037,0.00024370000000000004,36263010
2022-05-22,0.002604,0.0002851632777085248,0.00025728805532857456,0.00024890000000000003,35824096
2022-05-23,0.0024552000000000003,0.0002821422646098537,0.00026418642948162634,0.00024390000000000002,34796856
2022-05-24,0.0024605,0.0002743352093774879,0.0002478171385366734,0.00023800000000000004,32754396
2022-05-25,0.0022671,0.00032049697400692777,0.00024369147562918787,0.00023855000000000003,26998080
2022-05-26,0.0026934000000000003,0.00025661004503303936,0.00022817247208477018,0.00021145000000000002,30771973
2022-05-27,0.0025776,0.00023230429427197557,0.00020931394910744995,0.00020075,30399401
2022-05-28,0.0025128000000000004,0.00023455117026707642,0.00021054970123495487,0.00020245000000000001,31602244
2022-05-29,0.0027198,0.00024291846124577997,0.00022187822167240613,0.00021045000000000005,29760652
2022-05-30,0.0028355999999999998,0.00025347417156081043,0.0002307074496889722,0.00022225000000000004,32853570
2022-05-31,0.0028332,0.00025610809168183975,0.0002319122049460083,0.0002245,38609217
2022-06-01,0.0026934000000000003,0.00023374503279913571,0.0002239303473406251,0.00020020000000000001,35117483
2022-06-02,0.0024672,0.0002166797063736061,0.0002017975902165088,0.00019160000000000002,41463704
2022-06-03,0.0022979999999999997,0.0002124436426675683,0.00019421542086046247,0.00018915000000000002,43127254
2022-06-04,0.002235,0.0002026490994747489,0.00018748772026376095,0.0001798,42578850
2022-06-05,0.0023022,0.00021552507417130258,0.00019665513452286654,0.00019015000000000001,36775146
2022-06-06,0.0026268000000000003,0.00023158812410863303,0.00021336623728622207,0.00020300000000000003,34290644
2022-06-07,0.0023766,0.00020984696943900864,0.00019636568124315203,0.00018885000000000004,41808599
2022-06-08,0.039245249999999995,0.00021335273447323685,0.00019644058436020333,0.00019260000000000002,41368905
2022-06-09,0.0018774,0.0002283506093001524,0.00020062169918802194,0.00019265000000000002,39012237
2022-06-10,0.0023706,0.00021701531605463497,0.00019705894362573894,0.00018530000000000003,44218557
2022-06-11,0.00397425,0.0001946321999288543,0.00018159523119321718,0.00016730000000000003,43333380
2022-06-12,0.00357315,0.00017494725067845413,0.00016340977177337014,0.000154,42298792
2022-06-13,0.0032466000000000005,0.00015547540041961587,0.00014080539295173377,0.0001312,33877899
2022-06-14,0.00334005,0.0001597920254380303,0.0001472179620290438,0.0001307,35481522
2022-06-15,0.00357525,0.00015905139689495568,0.00014625753431690372,0.00013435,40165722
2022-06-16,0.0036361500000000003,0.0001717417378057588,0.00016012861965866005,0.0001486,47003390
2022-06-17,0.0018780000000000001,0.00016655208706564895,0.0001566381755450008,0.00014705000000000002,49548578
2022-06-18,0.00313845,0.000160249836332015,0.00015010509743120225,0.0001374,47821914
2022-06-19,0.00517132,0.00017116202654232263,0.00016021862671439338,0.00014450000000000002,51464810
2022-06-20,0.00383985,0.00018566903538501289,0.00017282052213921456,0.00015920000000000002,47261817
2022-06-21,0.003044,0.000201012688576304,0.00018649853717368425,0.00017175000000000003,50832829
2022-06-22,0.0028832000000000003,0.00018883006846738128,0.0001749878046201925,0.00016870000000000003,51778966
2022-06-23,0.0029672000000000006,0.00019713896166886815,0.00018353576023151554,0.00017055,49087729
2022-06-24,0.0033338,0.00021553340308654392,0.00019973360815104112,0.00018935,48386163
2022-06-25,0.0055159,0.00022468286760964808,0.00020767015115138115,0.00019940000000000002,45788015
2022-06-26,0.0208264062,0.000220525981190346,0.00020545028302842324,0.00019685000000000001,44808512
2022-06-27,0.0051700999999999995,0.00021306292144126582,0.0001983605682933975,0.00019050000000000002,48869373
2022-06-28,0.005099899999999999,0.00020295544623895125,0.00018991953620270567,0.00017640000000000003,48330429
2022-06-29,0.0046007,0.00018890276201358368,0.00017482485690611274,0.0001665,49929896
2022-06-30,0.0043355,0.0001739509295283215,0.00016065910972251388,0.0001554,51109778
2022-07-01,0.0167256,0.00017983024265438383,0.00016508695765792374,0.00015995,48990743
2022-07-02,0.0042471,0.00017899504256946094,0.00016456075353560513,0.00016015000000000002,43362661
2022-07-03,0.00204624,0.0001845881393565918,0.000164703941407463,0.00016135000000000002,40116201
2022-07-04,0.004574699999999999,0.0001844274765736624,0.00017051885089394163,0.00016260000000000002,46203741
2022-07-05,0.0055478079,0.00019043767151211624,0.00017767943037531834,0.00016655000000000004,47683202
2022-07-06,0.0095253705,0.00019380727714144632,0.00018040199447444974,0.00017475000000000002,47923346
2022-07-07,37.600188,0.0002018596691399799,0.0001874769418828881,0.0001824,50387017
2022-07-08,0.0097906017,0.0002035795420984794,0.00019197868002178472,0.00018295000000000003,52788097
2022-07-09,0.009895164,0.00020942760451525956,0.0001920435651144734,0.00018955,49594101
2022-07-10,0.009640134,0.0002055000001287918,0.00018609104524649426,0.000182,43244798
2022-07-11,0.0090663165,0.00019048002419024844,0.00017672175904759048,0.00016680000000000002,50783184
2022-07-12,0.008780063159999999,0.00017902410652442037,0.0001689180143853634,0.00016360000000000002,52922760
2022-07-13,0.55414877232,0.00017701009935733856,0.00016762922862506428,0.00016015000000000002,50054850
2022-07-14,0.033593599999999994,0.00018975261204884103,0.0001735421466303577,0.0001684,50915062
2022-07-15,0.10508925,0.00020578152401675418,0.00018880208836236242,0.0001832,47318106
2022-07-16,77.80019449999999,0.0002108377170379324,0.0001863332305088004,0.00018210000000000004,50226603
2022-07-17,45.05943355227,0.00021858650161814798,0.00019795510212103234,0.00019305,47962402
2022-07-18,20.64863174692,0.0002237970479490605,0.00020802570865673388,0.00019315000000000003,43324082
2022-07-19,86.66021665,0.00025147849402155995,0.00022606522288931975,0.00021385000000000002,47991458
2022-07-20,90.46022614999998,0.0002484239055993294,0.0002247086963830699,0.00020835000000000002,46297315
2022-07-21,82.29205625088,0.0002364088456279374,0.00020889365361364406,0.00019940000000000002,48770676
2022-07-22,10.562680196879999,0.0002363659935434302,0.00021460110069828584,0.00020115,49525733
2022-07-23,14.344925757119999,0.00023540472120066775,0.0002029054380957344,0.00019360000000000002,48734178
2022-07-24,15.32725780299,0.00022730010084618242,0.00020436417319049936,0.00019795000000000004,47262544
2022-07-25,17.286797270730002,0.00022565480369426765,0.00019372720760777248,0.000184,46402347
2022-07-26,12.13900280875,0.00019982312373122748,0.00017898422529956167,0.0001741,51747633
2022-07-27,14.96101588872,0.00020929222053266215,0.00018472849004001407,0.0001788,50225272
2022-07-28,1.14624838792,0.00023539186050466394,0.00020163820607546466,0.0001956,47234207
2022-07-29,0.5307122,0.00024557678935644914,0.00021441200228978474,0.00020670000000000004,49259883
2022-07-30,1.5790595553599998,0.00024525345933561036,0.00021677128469805041,0.00020825000000000002,47945844
2022-07-31,1.01710954682,0.00024366497543663103,0.00021991651451437722,0.000212,47086588
2022-08-01,2.7502156548300003,0.00024041550484346993,0.00021282348001180995,0.00020410000000000003,48175147
2022-08-02,0.5084533,0.00023078883470656903,0.00020463182972978684,0.00019975000000000003,49386916
2022-08-03,0.75203611796,0.00022934240676949106,0.00019816535158296653,0.0001895,49964686
2022-08-04,0.31394530002,0.00021902140768905655,0.00019459997216301507,0.00019045000000000002,46181473
2022-08-05,0.8170503314399999,0.00022695558560801958,0.00020071339219748525,0.00019425000000000003,49808321
2022-08-06,1.2242448816,0.00023014740585682684,0.00020260168343002745,0.00020040000000000002,46971913
2022-08-07,1.22304464152,0.00022440355453988084,0.00020155320750822465,0.00019710000000000002,44756516
2022-08-08,1.30106024672,0.00023812634114305393,0.00021253271904963033,0.00020315000000000003,52867180
2022-08-09,0.26125917828999995,0.00022960193671263954,0.00020732211813680155,0.00020005,50068031
2022-08-10,0.50107535,0.00025766375220247694,0.0002059425284035591,0.0001966,48103620
2022-08-11,0.5587234,0.0002588340348382329,0.00022037073280938162,0.00021225000000000004,51010276
2022-08-12,0.45368173535999995,0.0002473395375119587,0.00021660703141994055,0.0002115,49268607
2022-08-13,0.11491686843,0.0002653476599785795,0.00023513354376686308,0.00022705,42040391
2022-08-14,0.5887354,0.00025542613820274645,0.00023318013349689313,0.00022360000000000001,41561687
2022-08-15,5.7114784499999995,0.00026118168638675676,0.00022099319104949461,0.00021510000000000002,42021116
2022-08-16,0.2036768266,0.0002587479851735098,0.00021686665977115114,0.00021405000000000003,46067808
2022-08-17,0.5544717,0.0002491146373405238,0.0002140740805496566,0.00020160000000000002,44767860
2022-08-18,0.51007895,0.00023508730994857097,0.0002047491894053464,0.0001979,41665818
2022-08-19,2.89875510314,0.00023229300817688458,0.00018556309564325923,0.0001788,42869865
2022-08-20,3.6721836,0.00022119827124723605,0.00018317458544829922,0.00017235000000000002,39248554
2022-08-21,0.7281819999999999,0.0002243694773837286,0.00018004495948758023,0.00017365,38227900
2022-08-22,0.7277819,0.00021290491926588082,0.0001740843550615348,0.00017025,46754153
2022-08-23,0.7077769,0.00020955806474368802,0.0001771166897423864,0.0001718,45528642
2022-08-24,1.8271447629600002,0.00022024179733116649,0.00017711647202004713,0.00017255,45192334
2022-08-25,0.71157785,0.0002170689191719671,0.0001790309400571243,0.00017480000000000002,45966640
2022-08-26,0.7043760499999999,0.00023809959755518982,0.00017351312712494225,0.00015810000000000002,43177876
2022-08-27,42.024507040159996,0.0001984688375744174,0.00015925182698987094,0.000155,40482879
2022-08-28,3.1523152,0.00020197580902307996,0.00015860255390257665,0.0001529,36110291
2022-08-29,3.1603160000000003,0.00019569869566700364,0.00015592101725241412,0.000151,42942058
2022-08-30,0.6267566499999999,0.00020346829780387758,0.00016152449982141906,0.000154,41806984
2022-08-31,0.6513628,0.00019496186820372675,0.00016150247268198633,0.00015630000000000003,43965411
2022-09-01,3.080308,0.00019148848027885482,0.0001564278274407909,0.0001529,42782354
2022-09-02,0.63195795,0.00018009353703961993,0.00015767264492839544,0.00015445000000000001,40641866
2022-09-03,0.6237558999999999,0.0001821859232166518,0.00015576123192217656,0.00015465000000000002,36790594
2022-09-04,1.58265825,0.00019109467725113448,0.00015850082211992683,0.00015555,41987250
2022-09-05,0.64676165,0.00018812402926982616,0.00015937553920785438,0.00015625,43060136
2022-09-06,0.41416559999999997,0.00019725634390894352,0.00016468570772457873,0.00015365000000000002,47258912
2022-09-07,68.65910358615001,0.00021628352081185128,0.00015696671988887142,0.00015285,41104350
2022-09-08,0.6689671999999999,0.00021123165567902636,0.00016524232400154973,0.0001604,43813333
2022-09-09,0.7019754500000001,0.0002174222283392213,0.00017509198126997242,0.0001681,44667787
2022-09-10,0.43855035000000003,0.00023974531215607554,0.00017405454824863316,0.00017185,41595216
2022-09-11,0.44242690000000007,0.00021423525481165283,0.00017488339122018296,0.00017075,42450177
2022-09-12,0.86112499148,0.00022421485129484652,0.00018692124808829974,0.00017280000000000003,45953291
2022-09-13,5.9414419802000005,0.00023788760704374624,0.0001872539874943891,0.0001652,45254788
2022-09-14,0.6665331000000001,0.00020087673687159521,0.00016763046410765353,0.00016435,43880655
2022-09-15,1.07064699659,0.00020363057888136507,0.0001683869602870313,0.00016435,42003272
2022-09-16,1.0174156573100002,0.00019677806062383602,0.00016369813595524662,0.00015830000000000003,42271575
2022-09-17,0.6687342000000001,0.000193351549131008,0.00016504560005983058,0.00016120000000000002,39621616
2022-09-18,22.86453489072,0.00020324987817026043,0.00016696165248082214,0.00015475000000000002,40090873
2022-09-19,5.0105955893,0.00022105442041073077,0.00015836187600419755,0.00015365000000000002,42933294
2022-09-20,1.13367023664,0.00019503252068456763,0.00016124789288787531,0.00015720000000000003,40765420
2022-09-21,1.14007917642,0.00020061890021707028,0.00015915626908885174,0.00015130000000000002,39186276
2022-09-22,1.0285055196600001,0.00018580952686895848,0.000160363451144275,0.0001532,40571968
2022-09-23,0.5737986,0.00020797433297637638,0.00016215030518612307,0.00015690000000000002,39025721
2022-09-24,0.37802185304999997,0.00020975368164869335,0.00016947078054192722,0.00016680000000000002,36407804
2022-09-25,2.31796074349,0.00020382005924368237,0.00016784401246860438,0.00016100000000000004,35110891
2022-09-26,1.0478335654700002,0.00019593707796965258,0.00016448283113199735,0.0001599,42234429
2022-09-27,1.09536154697,0.0002087801270023755,0.00017324528304619346,0.00016095,40404735
2022-09-28,0.56211977247,0.0002028029404661799,0.00016409350263808038,0.00015885,36844062
2022-09-29,0.4072096,0.00020085784143440366,0.00016865800903346283,0.00016435,37150214
2022-09-30,0.4274209,0.00020412313534481482,0.00017075959319532314,0.00016605000000000002,34359835
2022-10-01,1.02945607929,0.0002768926674146907,0.00016467954250111287,0.00016195,22960272
2022-10-02,0.36206459869999996,0.00018580988829517146,0.0001635073321727401,0.00015995,36111794
2022-10-03,1.17390413637,0.00019323748664397378,0.0001635868416201003,0.00015975,38168449
2022-10-04,1.1753283452099998,0.00019725469300866587,0.00016898738277085795,0.00016440000000000004,41182507
2022-10-05,0.37681130272,0.00020822705927820928,0.00016969494595961632,0.00016655000000000004,36316280
2022-10-06,1.0101365999999998,0.00020712213871686467,0.0001701184311378497,0.00016680000000000002,39267737
2022-10-07,1.1678512488,0.00019291974199969162,0.0001663980251005262,0.0001632,39503039
2022-10-08,0.3642655993,0.00019571521464663573,0.00016453010397916387,0.00016230000000000001,34174024
2022-10-09,5.6222307,0.0002241923149719132,0.0001643381592973032,0.0001624,38480149
2022-10-10,0.36624649984,0.00020035503737507557,0.00016375490247361882,0.00015995,41992667
2022-10-11,1.5768153,0.00020919497128548794,0.0001575934662860394,0.00015275000000000003,42790546
2022-10-12,0.9911168408800001,0.00022979906408537363,0.00015607174819151238,0.00015385,37269272
2022-10-13,4.503699039800001,0.00019351585078217266,0.0001526115302338288,0.00014155,34688979
2022-10-14,4.826269571300001,0.00019990215893174468,0.00015669476010472355,0.0001488,31170545
2022-10-15,0.9435888593800001,0.00017890487771286918,0.0001498168697260268,0.00014785000000000002,24383663
2022-10-16,9.369460669110001,0.00017482380082055243,0.00014966861804834128,0.00014805000000000002,24891759
2022-10-17,0.9584809602500001,0.00017572816398189227,0.00015354365739529956,0.00014945000000000003,27114790
2022-10-18,0.34478674399,0.0001780870330577276,0.0001540297571299526,0.00014955,28396084
2022-10-19,4.4537969,0.00019161851478009798,0.00014958882208850903,0.00014425,28535200
2022-10-20,0.92742934567,0.00017568066729360077,0.00014548165712449868,0.00014025000000000002,31723324
2022-10-21,0.8729305935500001,0.00016935649318169387,0.00013989792189925368,0.00013490000000000003,28909506
2022-10-22,0.8847703416300001,0.00017434266684918876,0.00013950766047419574,0.00013765,22977591
2022-10-23,0.30957073439,0.00016184016289327372,0.00014192805811044654,0.00013945,25033247
2022-10-24,0.32035560822,0.00016016599224295664,0.00014303146033759452,0.00014105,28917032
2022-10-25,4.499090889350001,0.00018973802243342437,0.000145166370596229,0.00014060000000000003,29799809
2022-10-26,0.38139885,0.00018113192745340394,0.00015624529300975918,0.00015380000000000003,30328582
2022-10-27,0.38331965,0.0001889867567578013,0.00015720196558671737,0.00015300000000000003,32066712
2022-10-28,0.3880016,0.0001825022390644399,0.00015443884071188654,0.000151,31037023
2022-10-29,6.0151604,0.00020551842374576948,0.00016505050871559615,0.00015945000000000003,25781266
2022-10-30,1.0269212536099999,0.0001906637263487604,0.00016363199491264187,0.00016050000000000003,28357430
2022-10-31,1.78051185,0.0002756291638238125,0.00016508371080407348,0.0001615,33013198
2022-11-01,0.54927227396,0.00019252765043525073,0.0001636805223663256,0.00016100000000000004,31624994
2022-11-02,0.3875214,0.0002026379239357456,0.00015840941978372087,0.00015155,30388049
2022-11-03,0.38428005,0.000222163573010335,0.0001568534744092949,0.00015335000000000001,30976292
2022-11-04,0.4064893,0.00020591951558610974,0.00016393671300332608,0.00015385,32275299
2022-11-05,0.4619524,0.00025404218862945944,0.00017747436100186287,0.00016870000000000003,31144466
2022-11-06,0.44214414999999996,0.00021562625070133546,0.00017908959773880136,0.0001627,30656276
2022-11-07,0.39376399999999995,0.00020415467782585996,0.00016086380590023765,0.00014415,35425465
2022-11-08,0.36771315,0.00031861494637791223,0.00014061491644054404,0.00010730000000000002,38051230
2022-11-09,196.70007025,0.0005227381226186565,0.0001062625533074559,6.275000000000001e-05,34517732
2022-11-10,2.6143573553,0.00027397425000791944,8.633566348053259e-05,6.695000000000001e-05,37094969
2022-11-11,2.672727261,0.000208480252214519,8.727130589654912e-05,7.77e-05,40412059
2022-11-12,0.5037966039,0.00013113117878519578,7.763739484922266e-05,7.265e-05,39552912
2022-11-13,0.20531334398,0.0001057300356857759,7.13748135111811e-05,6.58e-05,36151092
2022-11-14,2.1335736583500005,0.00011390144501329276,7.115323295445366e-05,6.170000000000001e-05,32970396
2022-11-15,0.44359449400000006,0.00010067003939166746,7.291078233315849e-05,6.965e-05,30599093
2022-11-16,0.45024841141000005,0.00011740307289631534,7.168519908671901e-05,6.895e-05,28067174
2022-11-17,2.0813479532500003,0.00012196282970321277,7.113037542518465e-05,6.535e-05,29379272
2022-11-18,0.19242874122,8.748956993232136e-05,6.818428414475804e-05,6.525000000000001e-05,27235775
2022-11-19,0.32431487593999997,8.391750554310528e-05,6.460062336886495e-05,6.330000000000001e-05,24443313
2022-11-20,0.39163056756000003,0.00010086497148939205,6.458241109217801e-05,6.125000000000001e-05,24403714
2022-11-21,0.37040140249000003,0.00013163710212636247,5.9621302423526547e-05,5.7e-05,31387194
2022-11-22,0.31131228735,9.59552019895282e-05,5.931430458362808e-05,5.525000000000001e-05,30996990
2022-11-23,0.3525705423,0.00011511085563827676,6.679232045631916e-05,6.220000000000001e-05,31210238
2022-11-24,0.36807364416000005,9.929446678632852e-05,7.269291807240042e-05,6.975e-05,28584673
2022-11-25,0.35257052819999996,8.641870460039952e-05,7.117363484036327e-05,7.000000000000001e-05,27483081
2022-11-26,0.36107222887999996,9.921292988282508e-05,7.254940933322743e-05,7.02e-05,25870933
2022-11-27,0.35907182872,8.396886515817087e-05,7.18249561850205e-05,7.05e-05,24309557
2022-11-28,0.34156832732,8.42222444909244e-05,6.723404239414845e-05,6.42e-05,28295277
2022-11-29,0.33581717685999996,7.940925019915451e-05,6.825342158664291e-05,6.605e-05,26706108
2022-11-30,0.34456892755999996,8.240784460225883e-05,6.872278085597181e-05,6.655e-05,27605130
2022-12-01,0.3475695278,8.158459422702557e-05,6.945334461133563e-05,6.725000000000001e-05,26554065
2022-12-02,0.3388177771,8.032602990167509e-05,6.825896010445732e-05,6.690000000000001e-05,25893696
2022-12-03,0.33806762704,8.335093842010811e-05,6.80568798780737e-05,6.645e-05,23854096
2022-12-04,0.24594832732,8.901658134748086e-05,6.770003525426953e-05,6.66e-05,22684227
2022-12-05,0.34231847738,8.901686598671412e-05,6.997798353009734e-05,6.825e-05,25431382
2022-12-06,1.40007,8.6915240291623e-05,7.05566942914016e-05,6.92e-05,25776542
2022-12-07,0.33956792716,7.9708736755067e-05,6.936194401592327e-05,6.755e-05,26621559
2022-12-08,0.24612837733999998,7.7346583889033e-05,6.798091230642876e-05,6.665000000000001e-05,26257235
2022-12-09,0.25152987794,8.033487222673435e-05,6.901553498767587e-05,6.77e-05,27211645
2022-12-10,0.34081817726,7.815599139731537e-05,6.830956115582398e-05,6.790000000000001e-05,24135657
2022-12-11,0.34206842736,7.88200084778704e-05,6.839700995689246e-05,6.71e-05,24585401
2022-12-12,0.30576062664,7.670818862548357e-05,6.622398227019642e-05,6.465e-05,28164389
2022-12-13,0.33181637653999996,8.195082912033395e-05,6.865390505427844e-05,6.42e-05,30116193
2022-12-14,0.36532307921999996,8.756691401982403e-05,7.15772869206146e-05,6.915e-05,29614134
2022-12-15,0.25621117846,9.007670699495475e-05,7.089819565674157e-05,6.955000000000001e-05,31537460
2022-12-16,13.1800659,0.00010761586811557604,6.906287351127767e-05,6.0750000000000006e-05,31226014
2022-12-17,0.30681137453999996,8.137490728916644e-05,6.178811698730496e-05,5.995000000000001e-05,28259163
2022-12-18,2.4034701999999997,7.141460363709363e-05,6.233669360621437e-05,6.16e-05,26473753
2022-12-19,1.8031202,8.585371600293559e-05,6.154004353654904e-05,5.885e-05,29969633
2022-12-20,0.22254182471999998,7.1183612543393e-05,6.176641360554782e-05,5.945000000000001e-05,30036187
2022-12-21,0.22002112444,7.108362942581108e-05,6.054754090666376e-05,5.97e-05,30038948
2022-12-22,52.15906065,7.682672283200332e-05,6.0566079237790804e-05,5.860000000000001e-05,30158766
2022-12-23,0.21624005,7.170984851801402e-05,5.959039795258834e-05,5.8750000000000005e-05,29929938
2022-12-24,0.21155875,7.140704111629926e-05,5.742238853457334e-05,5.6200000000000004e-05,33110598
2022-12-25,0.2074176,6.798631052069741e-05,5.7347383409061835e-05,5.650000000000001e-05,30016173
2022-12-26,0.20543705,6.70221801844885e-05,5.674860256582521e-05,5.580000000000001e-05,27958003
2022-12-27,0.20363655,6.727880815388801e-05,5.611767425965792e-05,5.395e-05,29074845
2022-12-28,10.120050599999999,7.545626654654924e-05,5.0791266632767415e-05,4.7850000000000004e-05,32108099
2022-12-29,9.600048,8.042283195463815e-05,4.796231530159243e-05,4.1150000000000004e-05,33572005
2022-12-30,10.00005,6.644361648202693e-05,4.8841580909165784e-05,4.53e-05,35893905
2022-12-31,9.95004975,6.420940045257585e-05,4.993555580871705e-05,4.845e-05,29817299
2023-01-01,0.18113030000000002,6.582516223925949e-05,4.993824971902403e-05,4.860000000000001e-05,28357766
2023-01-02,11.35005675,9.54149786022741e-05,5.6084373303994115e-05,4.935e-05,36306915
2023-01-03,13.13006565,0.00011608377256075373,6.38459449907423e-05,5.530000000000001e-05,46236493
2023-01-04,14.000070000000001,0.00014895766286470154,6.897029332437697e-05,6.455000000000001e-05,41533295
2023-01-05,13.600068,0.0003062857120657557,6.707534532942153e-05,6.495e-05,36460736
2023-01-06,13.2600663,0.0001751581618955764,6.680413514269877e-05,6.390000000000001e-05,42350683
2023-01-07,1.320066,0.00010026877041371946,6.67430509765752e-05,6.53e-05,45636050
2023-01-08,13.9400697,0.00014561854652162865,6.880276989105311e-05,6.465e-05,41422487
2023-01-09,16.400081999999998,0.0002457273475252076,8.335891216472185e-05,7.155e-05,40552846
2023-01-10,16.030080150000003,0.0001809912386748024,8.21407168024033e-05,7.87e-05,41462252
2023-01-11,16.440082200000003,0.00016966031633627377,8.072898082376576e-05,7.690000000000001e-05,40694501
2023-01-12,16.75008375,0.00021279473121716232,8.270105293712481e-05,7.905000000000001e-05,38930848
2023-01-13,18.17009085,0.00027610627421176503,8.532566648659915e-05,8.185000000000001e-05,39335317
2023-01-14,23.010115050000003,0.0003588576759555288,0.00011606357033962697,9.130000000000001e-05,37646524
2023-01-15,24.33012165,0.00030409165168540533,0.0001167880866942575,0.00011055,38342589
2023-01-16,23.670118350000003,0.00025810468089147633,0.00011781803799064466,0.0001127,38727076
2023-01-17,11.72511725,0.0002190928701916007,0.00011765293127586433,0.00011485,37894645
2023-01-18,11.46511465,0.00024770015922692456,0.00011495874878782258,0.0001036,40752686
2023-01-19,30.030107249999997,0.00025458577793941427,0.00010705411282078377,0.00010295000000000001,40605200
2023-01-20,10.71510715,0.0001780998000185022,0.00010899104039033252,0.00010510000000000001,40768153
2023-01-21,12.700127,0.0002176604132380138,0.00012735510443061414,0.00012315,38871906
2023-01-22,101.93412135,0.00021477299017173249,0.0001256341115348528,0.00011915,37022887
2023-01-23,90.65118025,0.00030646386799660025,0.00012307472712066436,0.00012015000000000002,39308272
2023-01-24,171.3602448,0.00030494648207972223,0.00012330534613245447,0.00011365000000000001,38078072
2023-01-25,2.42112105,0.00021451530485396315,0.00011808985608240334,0.00011205000000000001,38499781
2023-01-26,24.79012395,0.0002209730206888318,0.00012354804777162147,0.00012035000000000001,36338844
2023-01-27,23.6202362,0.00019865123749257294,0.00012085605956678347,0.00011755000000000001,38201863
2023-01-28,12.250122500000002,0.00019225045157740894,0.00012217995389949245,0.00011935000000000001,36106870
2023-01-29,24.960124800000003,0.00023441270164982969,0.00012422023711265156,0.00011915,37231150
2023-01-30,7.311121850000001,0.0002199685952864239,0.0001248115499333558,0.00011750000000000001,40163335
2023-01-31,3.62862095,0.0001701937101122474,0.00012054443874407775,0.00011805000000000001,43612259
2023-02-01,7.0561176,0.0001897369022096152,0.00011992039674676033,0.00011330000000000002,38296594
2023-02-02,25.400126999999998,0.00020275132107859935,0.00012684081135872684,0.00012150000000000001,39152883
2023-02-03,7.29912165,0.00018406533780252192,0.00012351478974636382,0.00012075000000000001,41884340
2023-02-04,24.5601228,0.0001833707734487289,0.00012358341819014045,0.00012160000000000001,35725732
2023-02-05,24.120120600000003,0.00018001409335203703,0.00012186612639997344,0.00011575000000000001,33453105
2023-02-06,22.660113300000003,0.0001699388395872377,0.00011785484099232386,0.00011315,35141462
2023-02-07,4.598114949999999,0.00018664050610872865,0.00011767275793672577,0.00011315,29933868
2023-02-08,4.73411835,0.00017164948164720688,0.00011935898512522836,0.0001144,35276259
2023-02-09,6.7621127,0.0002017103809578965,0.0001148505643664418,0.00010125000000000001,39184996
2023-02-10,20.79010395,0.0005695107906173687,0.0001049489361592398,9.915e-05,38410950
2023-02-11,57.9688363176,0.0001537389399505036,0.00010320373742722949,0.00010070000000000001,31677031
2023-02-12,6.2131035500000005,0.0001388665959410441,0.0001080614098723741,0.0001033,35748408
2023-02-13,4.25410635,0.00014926878266757139,0.00010497880794597538,9.94e-05,34551565
2023-02-14,6.4981083,0.0001605344162964314,0.00010880972039192399,0.00010365000000000001,35393311
2023-02-15,4.4881122,0.0001597405592109189,0.00011311583545339942,0.00010750000000000001,37195152
2023-02-16,7.13111885,0.0001791397312724933,0.0001195817063200364,0.00011160000000000002,42139262
2023-02-17,7.032117200000001,0.00016120779197120288,0.00011593137863835335,0.0001029897,39583060
2023-02-18,7.1161186,0.00016778485922248302,0.00011828859292878542,0.00011490000000000001,34712036
2023-02-19,8.84462635,0.000205098650220021,0.00012313383622787431,0.00011635000000000001,37408818
2023-02-20,25.79012895,0.00020751788886718951,0.00013243489760289675,0.00012160000000000001,37675524
2023-02-21,7.482124700000001,0.0001971802232775321,0.0001299601802432863,0.00012365000000000002,35701247
2023-02-22,4.7801195,0.00019907728107629427,0.00012187780711602751,0.0001168,39775887
2023-02-23,2.4581228999999998,0.00021231482365060677,0.00012294550792933212,0.00011850000000000001,36729479
2023-02-24,23.0201151,0.000340286568629087,0.00011999678668242345,0.00011325,38621749
2023-02-25,6.9061151,0.0001814653679385709,0.00011702959338634411,0.0001144,8533164
2023-02-26,20.2103433519,0.00019499806011208566,0.00011618921517242813,0.0001117,27522595
2023-02-27,6.861114350000001,0.00017780065756196423,0.00011548439271057502,0.00011190000000000001,35441382
2023-02-28,21.980109900000002,0.00017944263648196317,0.00011292225772373107,0.0001093,34723028
2023-03-01,4.5521138,0.00017593140053695164,0.00011349028530066635,0.00010880000000000002,36087633
2023-03-02,22.1401107,0.00019431219360646753,0.00011079734020322856,0.00010875000000000001,34684190
2023-03-03,41.2801032,0.00020471653682455141,0.00010689455740417286,0.00010300000000000001,37330983
2023-03-04,2.4968867,0.00016899235846687185,0.00010665067691366746,0.00010195000000000001,32240757
2023-03-05,21.31010655,0.00017926424614042108,0.00010719172837525925,0.0001045,34321814
2023-03-06,10.400104,0.00016587034630065006,0.00010499647590105097,0.00010265000000000001,34608945
2023-03-07,10.2501025,0.00017238233469116658,0.00010384626925372496,9.910000000000001e-05,34675785
2023-03-08,19.21009605,0.00018237851174899577,9.798761932887991e-05,9.165e-05,36534757
2023-03-09,9.200092,0.00024169557932932092,9.291264537410227e-05,8.510000000000001e-05,35787869
2023-03-10,16.77008385,0.00023019196034889416,8.833502821818517e-05,8.085000000000001e-05,36903092
2023-03-11,17.51008755,0.0008232035509109631,9.164870046558828e-05,8.595000000000002e-05,35250377
2023-03-12,18.2200911,0.0002503830006008864,9.315785576387785e-05,8.945e-05,36121178
2023-03-13,6.17710295,0.00024446264617256454,0.00010260944516500424,9.485e-05,36530277
2023-03-14,8.7121089,0.00021617646343798905,0.00010690503467334241,9.955000000000001e-05,35643283
2023-03-15,2.1151057499999997,0.00020368054847295849,0.00010550200544064687,9.425000000000001e-05,37218154
2023-03-16,5.8380973,0.0001951990985872367,9.866948013848602e-05,9.520000000000001e-05,36239176
2023-03-17,20.45010225,0.00028550232596629706,0.00010257999372792492,9.745e-05,35651293
2023-03-18,2.2491124499999997,0.00023053353227774344,0.00011225885604146178,0.00010585000000000001,33352278
2023-03-19,22.3601118,0.0002144491422602007,0.00011031888386523095,0.00010615,29800346
2023-03-20,22.3401117,0.0002466140571956723,0.00011644358192754978,0.00010810000000000001,37084480
2023-03-21,4.486112149999999,0.00024867196898125006,0.00011464431289474334,0.00010845000000000002,38249654
2023-03-22,6.8041134,0.00023336535522181702,0.00011320444223744798,0.00010590000000000001,37137991
2023-03-23,8.936111677660001,0.00020115368611312031,0.00011058055845150532,0.00010630000000000002,37232993
2023-03-24,22.00011,0.00016455293476492307,0.00010958333953021809,0.0001019,37646600
2023-03-25,8.24410302939,0.00017077737994671566,0.00010398072163324057,0.00010095000000000001,35164296
2023-03-26,6.330105500000001,0.00019571859710109605,0.00010473240635962672,0.00010185000000000001,32225999
2023-03-27,1.9690984500000002,0.00015601456276275065,0.00010314340614192739,9.805000000000001e-05,36082157
2023-03-28,4.03410085,0.00014732883435259213,0.00010143668164810743,9.84e-05,35861324
2023-03-29,2.1451072499999997,0.00015289060493698815,0.00010600367420962946,0.00010235000000000001,34713551
2023-03-30,2.1451072499999997,0.00017032851493409902,0.00010480501668076424,0.00010150000000000001,35988055
2023-03-31,2.12110605,0.00015947651962983477,0.00010422869459016714,0.000101,36340403
2023-04-01,2.12510625,0.0001698637864623347,0.0001055835520999769,0.0001043,33286102
2023-04-02,4.1251764945,0.00015634634707251615,0.00010525012049823353,0.00010175000000000002,33916096
2023-04-03,2.0361018,0.00015532888187051085,0.00010248466291017333,0.00010015000000000001,37042304
2023-04-04,2.0781039,0.00014787967327821235,0.00010474235013716077,0.00010175000000000002,33954732
2023-04-05,4.14610365,0.00015356608590656395,0.00010596353891731701,0.00010350000000000001,34694195
2023-04-06,2.07510375,0.00016703069865414106,0.00010394314841159453,0.00010255000000000001,33216161
2023-04-07,2.05710285,0.00015137126452322635,0.00010268713636856316,0.00010145,31820897
2023-04-08,1.9991998999999998,0.0001347054759694386,0.00010271838614446458,9.985e-05,32753023
2023-04-09,8.08410102979,0.00014736337903314845,0.00010123245027242709,9.995e-05,32539577
2023-04-10,2.09310465,0.0001717439545563059,0.00010241905885824274,0.00010070000000000001,32814271
2023-04-11,2.3441172,0.0001744419955689022,0.00011543413995555765,0.0001043,35710178
2023-04-12,4.716117876419999,0.00019497166614941067,0.00011940334331226486,0.00011225,37568988
2023-04-13,2.5081254,0.00019183714092225841,0.00012332744187572463,0.0001187,37793508
2023-04-14,4.0354944014,0.00019216502491690133,0.00012492239662569149,0.00011925000000000001,36511769
2023-04-15,2.4322432000000003,0.00017073016856852626,0.0001221086492423753,0.00011945000000000002,31618109
2023-04-16,1.5745884985599998,0.00016989131883022964,0.0001223885540770541,0.00011990000000000001,33372403
2023-04-17,4.14895723529,0.0002067928413103603,0.0001266508089722524,0.00012215000000000001,37574139
2023-04-18,4.8633431279999995,0.00020181912876296158,0.00012521948397467542,0.00012095000000000001,35885717
2023-04-19,4.60211505,0.00023212425941285337,0.0001195670937996222,0.00011275000000000002,33994183
2023-04-20,4.40211005,0.00021014421615932996,0.0001141772958630618,0.0001083,34655148
2023-04-21,2.1781089000000002,0.00021456734484901976,0.00011102565378183028,0.00010590000000000001,32210968
2023-04-22,4.3501087499999995,0.00024271966256840912,0.00010871571948186068,0.00010570000000000001,30631071
2023-04-23,8.80011,0.00018085503305678008,0.00010987498750697817,0.00010550000000000002,31048009
2023-04-24,3.76235509665,0.00019913043381564869,0.00010823463679971626,0.00010595000000000001,32448485
2023-04-25,8.66928559812,0.00018062901405018188,0.00010612963350912033,0.00010410000000000001,31441914
2023-04-26,2.2741136999999996,0.0001657055027062994,0.00011224457800389098,0.00010385,33169291
2023-04-27,2.2292229,0.00018021420534943238,0.00011076516878315427,0.00010630000000000002,33258539
2023-04-28,2.3251162499999998,0.0001637370878533323,0.00011458658171324211,0.00011125000000000001,33308449
2023-04-29,2.6740203964000004,0.00018475886798039238,0.00011682318001597035,0.0001151,30615519
2023-04-30,2.3701185,0.00017688776142843344,0.00011777014825609588,0.00011505000000000002,32430525
2023-05-01,4.43411085,0.00019862624234315924,0.00011139744235168826,0.00010845000000000002,33036554
2023-05-02,3.3733062587699996,0.000163407033941182,0.00011107837561843491,0.000109,31775943
2023-05-03,10.8601086,0.00015458556987523424,0.00010950484842484717,0.00010655,33430628
2023-05-04,4.3801095,0.00018899786236347535,0.00011138908782910583,0.00010835000000000002,32839012
2023-05-05,37.519293721349996,0.00021983177613935282,0.00011279587704259363,0.00010865000000000001,35837071
2023-05-06,10.84463367,0.0003970008514167648,0.00011367580520315964,0.000109,35194574
2023-05-07,21.870109350000003,0.000302192758239724,0.00011206735643509486,0.00010915,32030418
2023-05-08,16.528103382639998,0.00032197068201612064,0.0001067300492164993,0.00010155,38201931
2023-05-09,34.839999059099995,0.000280356754273736,0.00010400812335220003,0.00010245,40707237
2023-05-10,55.0713995092,0.00025193394805301324,0.00010566914269753212,0.00010165,42736465
2023-05-11,20.13010065,0.00022906372961967408,0.00010340658604103859,9.955000000000001e-05,41267852
2023-05-12,156.48449220563998,0.0003795541077316761,0.00010271367069311489,9.94e-05,39980689
2023-05-13,8.3521044,0.00021763317898013926,0.00010547808992170029,0.00010415,33359958
2023-05-14,5.478305349999999,0.00014761441880269208,0.00010543072782711937,0.0001033,32729901
2023-05-15,6.39910665,0.00020295441600661702,0.00010699234660203869,0.0001033,35104811
2023-05-16,6.210103914,0.00022010547510146818,0.00010458810714952083,0.00010250000000000001,32413121
2023-05-17,20.6801034,0.00019354380488246112,0.00010488825866260402,0.00010265000000000001,32413264
2023-05-18,2.50930455,0.00022691065936370243,0.00010467904137175373,0.00010140000000000001,32258554
2023-05-19,2.0501025,0.00015259667027999848,0.00010231733467256295,0.0001017,29450031
2023-05-20,8.084101050000001,0.0001753775180937054,0.00010144012267590484,0.00010085000000000001,27111870
2023-05-21,2.16115982,0.00014102834994726495,0.00010150959527011818,9.785e-05,27345622
2023-05-22,3.72349251362,0.00015252382711765727,9.89239893353584e-05,9.725e-05,27415400
2023-05-23,3.9960999,0.00015186789165765917,0.0001002760361612368,9.750000000000001e-05,27648189
2023-05-24,3.8520963,0.00029270196423758266,9.815265200686158e-05,9.505000000000002e-05,32591209
2023-05-25,3.8600965,0.00017374613120408044,9.744356502267659e-05,9.475e-05,34592416
2023-05-26,7.1684190052000005,0.00017410263925064662,9.731232933208152e-05,9.570000000000001e-05,28840651
2023-05-27,2.65041011537,0.00015683175157839323,9.834454702087744e-05,9.69e-05,27735203
2023-05-28,83.88010485,0.00024219181793977242,0.00010352485383205478,0.00010175000000000002,26741137
2023-05-29,83.0401038,0.0003233856039321038,0.00010379570969146336,0.00010155,26402874
2023-05-30,82.96010369999999,0.00047724019969309635,0.000106296395611287,0.00010255000000000001,29263394
2023-05-31,82.5601032,0.0002163656884318794,0.00010432218642723286,0.00010250000000000001,31763348
2023-06-01,6.1891035626,0.00022154643039065704,0.00010392840541828274,0.00010245,31785975
2023-06-02,21.09010545,0.00016178095229358425,0.00010614492700346869,0.00010220000000000002,27487149
2023-06-03,4.232105799999999,0.00017657313149796567,0.00010603550224322399,0.00010520000000000001,28450449
2023-06-04,2.2241112,0.00018587243370069562,0.00011018815184014644,0.0001054,28252848
2023-06-05,8.62475058192,0.00022096722087754648,0.00010804180629171862,9.84e-05,33428452
2023-06-06,28.2802145846,0.00017819148143932129,0.00010075533905660059,9.680000000000001e-05,30440941
2023-06-07,3.3077376772000004,0.00017139981156802093,0.00010027974793680534,9.29e-05,32461955
2023-06-08,2.6968907356200003,0.00017779099874378292,9.436104066571953e-05,9.16e-05,30780898
2023-06-09,19.120095600000003,0.0002442553778699111,9.423738537278842e-05,8.605000000000002e-05,33830008
2023-06-10,3.0900772499999998,0.0002333608339556515,7.894338324075977e-05,6.825e-05,38615810
2023-06-11,7.800078,0.00012788382825572163,7.861705770451187e-05,7.615000000000001e-05,35457482
2023-06-12,8.50007916,0.00013657976244234635,7.697495564600195e-05,7.410000000000001e-05,35460760
2023-06-13,6.03607545,0.00012702916670756742,7.699881633638065e-05,7.425e-05,31824319
2023-06-14,7.5993138112,0.00013608175097269427,7.596903475196956e-05,7.125000000000001e-05,32208306
2023-06-15,4.485531111039999,0.00012514634288090295,7.39374331946269e-05,7.120000000000001e-05,34601781
2023-06-16,13.320074000000002,0.00012650534821715382,7.537729270329383e-05,7.280000000000001e-05,34038091
2023-06-17,3.9349294171199998,0.00011409224004505822,7.898032614470279e-05,7.6e-05,33705103
2023-06-18,2.48468978472,0.0001224064678039422,7.853614217660948e-05,7.695000000000001e-05,32343852
2023-06-19,4.492871436080001,0.0001793696557608664,7.835565075068018e-05,7.71e-05,32710321
2023-06-20,9.36373651752,0.00011565117121451892,8.103328674917986e-05,7.885e-05,34890968
2023-06-21,19.90119073908,0.00014507244171361636,8.511458798660157e-05,8.300000000000001e-05,36856853
2023-06-22,11.73908385,0.00016562484805019993,8.661188575804257e-05,8.310000000000001e-05,35325360
2023-06-23,17.262082200000002,0.0001558139663892403,8.496636107351852e-05,8.125000000000001e-05,35836128
2023-06-24,12.068086199999998,0.0001573340867818416,8.628734566464123e-05,8.255000000000001e-05,33125354
2023-06-25,22.508085,0.00013905323860485773,8.573011521211873e-05,8.310000000000001e-05,32102485
2023-06-26,11.79508425,0.0001381008189522873,8.441530409625706e-05,8.02e-05,34328572
2023-06-27,17.16506365,0.00023518790947153084,8.354455755314437e-05,8.1e-05,31337786
2023-06-28,11.20708005,0.00017294581330758147,8.147396534687791e-05,7.890000000000001e-05,30903891
2023-06-29,12.2663402952,0.0001639833519920054,8.859374742906529e-05,7.955000000000001e-05,30159338
2023-06-30,11.237967708000001,0.00021984670493034554,9.557732964637638e-05,8.795000000000001e-05,33652618
2023-07-01,12.915092249999999,0.00016709333280113227,9.230728548107584e-05,8.975e-05,27826696
2023-07-02,19.5556553,0.00016566186455667733,9.683716321548013e-05,9.305e-05,31028486
2023-07-03,13.58709705,0.00017209405754561654,9.719535010804101e-05,9.495e-05,30335205
2023-07-04,13.8040986,0.00018339531764778583,9.73630045148162e-05,9.56e-05,27198745
2023-07-05,13.659633049999998,0.00017505806015870467,9.57149306583711e-05,9.28e-05,26324956
2023-07-06,13.818098699999998,0.00019543477682536648,0.00010066945233507362,9.480000000000001e-05,30953113
2023-07-07,15.4237923,0.0002870026398526806,0.00010639955973663601,9.7e-05,31613174
2023-07-08,15.56111115,0.00023327361735834399,0.00010955912702280692,0.00010690000000000001,26241574
2023-07-09,15.51911085,0.00017051146759900415,0.00010860366153908733,0.00010560000000000002,24814065
2023-07-10,14.97310695,0.00017956614675132532,0.00010622252400189315,0.00010310000000000001,27409539
2023-07-11,15.56111115,0.00019025184987516986,0.00011039186460998253,0.00010635000000000001,26224142
2023-07-12,15.743112449999998,0.00020145395604715123,0.00011117432447120634,0.00010925000000000001,25623838
2023-07-13,18.1721298,0.0002973054449897882,0.0001227195222218341,0.00010760000000000001,30755878
2023-07-14,20.05514325,0.0003750746640229504,0.00014273174878212403,0.00012685000000000002,35081410
2023-07-15,21.026294710000002,0.00024263120394054562,0.00014106845270300282,0.00013345000000000002,28143451
2023-07-16,19.880142,0.0002569275889647048,0.0001399236135407654,0.00013470000000000002,25734237
2023-07-17,18.75313395,0.00029108299271398764,0.0001379477072582098,0.0001296,29470750
2023-07-18,18.71113365,0.0002080401470740265,0.00012938276397627644,0.00012435000000000001,29789157
2023-07-19,19.93782176,0.00024811944934415394,0.0001324276287309613,0.00012720000000000003,28619573
2023-07-20,19.117136549999998,0.00019862534977396225,0.00013393089760018235,0.00012595000000000003,29088411
2023-07-21,18.10912935,0.00019566962207332174,0.00012784724424090544,0.00012575,27952806
2023-07-22,18.10912935,0.00024478409129491695,0.0001286619903731512,0.00012165,24729275
2023-07-23,15.8018469,0.00019655312845090196,0.00012402464310003284,0.00012140000000000001,24299339
2023-07-24,16.2961164,0.00022831959677652695,0.00012133326593638809,0.0001154,27554187
2023-07-25,18.6162327,0.00019045814300626504,0.00011662573509320666,0.00011460000000000002,24565419
2023-07-26,19.11208366,0.00025734688632318405,0.00012417719657662585,0.0001162,26772368
2023-07-27,17.7661269,0.00021545020835979202,0.00012630192536728678,0.00012365000000000002,23566437
2023-07-28,17.54912535,0.00019567772740368276,0.0001252711269242029,0.00012285,21971002
2023-07-29,17.5841256,0.00019337257295374145,0.00012591471302447028,0.00012395,20493640
2023-07-30,17.5701255,0.0001932837739106389,0.0001250639770029445,0.00011935000000000001,20216503
2023-07-31,5.168186374469999,0.00019472756886784634,0.00012232539046182572,0.00011825,23107396
2023-08-01,15.254790071320002,0.0002223667141993472,0.00011776652975624794,0.00011545000000000001,24168032
2023-08-02,16.62511875,0.00017573949208447718,0.00011817713753610593,0.00011465000000000001,23960622
2023-08-03,6.93116587296,0.00023242012109833077,0.0001149861334750061,0.00011275000000000002,23735265
2023-08-04,4.94008497339,0.00021903664723075476,0.00011497848153271093,0.00011260000000000001,23874868
2023-08-05,15.806112899999999,0.00018508473811881595,0.00011363606543196476,0.00011180000000000001,22903990
2023-08-06,13.129405285200002,0.0001948789636716346,0.00011581814007243411,0.00011315,23372971
2023-08-07,7.198970751839999,0.00019297511983919574,0.00011557662590095146,0.00011250000000000001,25566112
2023-08-08,16.9261209,0.0002656502813067113,0.00011855183535528871,0.0001151,25578831
2023-08-09,17.01712155,0.00023186918609867418,0.00012265288997985067,0.00012090000000000001,25073291
2023-08-10,17.1641226,0.00021138730862494128,0.0001226121845573998,0.0001207,23121102
2023-08-11,17.2901235,0.00021603061520908412,0.00012310578528140613,0.0001218,23384856
2023-08-12,17.3321238,0.00019385230624756602,0.00012335344514758777,0.0001221,20613379
2023-08-13,18.458999889999998,0.0001921131479616152,0.00012375312564949167,0.0001212,21031370
2023-08-14,8.78162545,0.00021739176445318846,0.00012345030773978552,0.0001207,22920711
2023-08-15,240.40012068079997,0.0002256473965830278,0.0001245213657995853,0.00011880000000000001,23175507
2023-08-16,267.38081601957,0.00030598930614004756,0.00011742791870299134,0.00011240000000000001,28415457
2023-08-17,8.0991157,0.0002681936868634802,0.0001161585574308563,0.00010220000000000002,27411480
2023-08-18,16.48473516,0.00020624112569804024,0.00010959322002235815,0.00010565,26212809
2023-08-19,8.73685036656,0.0001602130745646109,0.00010907540101571657,0.00010685000000000001,22522166
2023-08-20,5.09491787416,0.00017135266698926674,0.00010935642427407608,0.00010825,21791370
2023-08-21,4.4944424212800005,0.00016344080205476626,0.00010694686787658367,0.00010325,23084823
2023-08-22,4.6140224526,0.00024786841356832075,0.00010528710809069398,9.900000000000001e-05,24633402
2023-08-23,8.584107300000001,0.00020426536696674223,0.00010576164332381611,0.00010240000000000001,25886095
2023-08-24,17.34361845543,0.000245466186372388,0.00010848182925360791,0.00010400000000000001,24157713
2023-08-25,7.0658233,0.00018544220016129356,0.00010347007952811189,0.00010095000000000001,23117175
2023-08-26,4.30224587037,0.00016561143141332626,0.00010176520188047605,0.00010115,20078279
2023-08-27,4.59434255,0.0001841128183990058,0.00010345958270164911,0.00010135000000000001,20735470
2023-08-28,13.3480443139,0.00018830440670925664,0.00010280120325182163,0.00010080000000000001,22741697
2023-08-29,54.708970799999996,0.00019121791754969286,0.00010676887762245354,0.00010070000000000001,23940909
2023-08-30,46.300903350000006,0.0002402604995567125,0.00010774059231378409,0.00010325,22437671
2023-08-31,19.81849545,0.00017700624912152626,0.00010353567776090586,9.805000000000001e-05,24221434
2023-09-01,15.88638977455,0.0001844969540601762,9.915191443807046e-05,9.550000000000002e-05,23164615
2023-09-02,8.16858081675,0.00014292372705462214,9.772902147281887e-05,9.575e-05,20951690
2023-09-03,14.94908084778,0.00013379773471345805,9.761804665269729e-05,9.640000000000001e-05,21602541
2023-09-04,92.10259700817001,0.00016050256855349462,9.839730205028307e-05,9.630000000000001e-05,23342423
2023-09-05,9.598480300440002,0.00014513626850396562,0.00010025612211687089,9.555e-05,24770571
2023-09-06,3.6333939887400004,0.00016656352576069903,9.903934652355651e-05,9.630000000000001e-05,24537289
2023-09-07,5.63056770609,0.00031869971602880795,9.848077789180581e-05,9.69e-05,24269203
2023-09-08,18.339595139020002,0.0001546015452458072,9.87737916711024e-05,9.725e-05,22577857
2023-09-09,4.12905776955,0.00012915549937132258,9.775024205111054e-05,9.710000000000002e-05,21941576
2023-09-10,5.55838533882,0.00014746222334906313,9.233146022141962e-05,8.95e-05,24685723
2023-09-11,5.20655163435,0.00015553976362437085,9.006073199925093e-05,8.735e-05,26851484
2023-09-12,39.072089155200004,0.00014471540811825342,9.022087866453818e-05,8.800000000000001e-05,25793267
2023-09-13,32.35759276433,0.0001507845607144735,9.116498388807114e-05,8.875e-05,27571545
2023-09-14,11.352094600000001,0.00015082425665295773,9.479006219692826e-05,9.205000000000001e-05,24471957
2023-09-15,2.71737561429,0.0001345813125856216,9.535694903469684e-05,9.295000000000001e-05,23139899
2023-09-16,5.37030067418,0.00017048214854438077,9.580835467890119e-05,9.455000000000001e-05,20894910
2023-09-17,3.4645071936000003,0.00012615873473824938,9.507641300236825e-05,9.36e-05,21789631
2023-09-18,4.2114277199400005,0.00013990544064707027,9.853240871096312e-05,9.33e-05,24483339
2023-09-19,12.84169482981,0.0003907295739991723,0.00010009533361198887,9.805000000000001e-05,24377680
2023-09-20,1014.5001017137699,0.00037123164062888075,0.0001010000895516347,9.925000000000001e-05,25151871
2023-09-21,6.46270695648,0.00018284875228979125,9.916648486440961e-05,9.680000000000001e-05,23836153
2023-09-22,5.243050043279999,0.00015000430175367548,9.813638492306387e-05,9.615e-05,21613967
2023-09-23,4.11638546949,0.00013170233864801933,9.748236404507837e-05,9.665e-05,20145923
2023-09-24,9.36726670947,0.0001349681970493698,9.806803756319855e-05,9.66e-05,21668824
2023-09-25,4.15737944778,0.00013741708407493178,9.768765568217141e-05,9.625000000000001e-05,23449110
2023-09-26,2.7471055695100004,0.00012815496331337976,9.67126142959686e-05,9.470000000000001e-05,23288741
2023-09-27,10.080486040519999,0.00012638121839945868,9.51974014064162e-05,9.395000000000001e-05,23014261
2023-09-28,16.770598945950002,0.0001548121689717244,9.748447669792925e-05,9.565000000000001e-05,22887512
2023-09-29,10.515362299440001,0.00014969722203451733,0.0001012247358922686,9.935000000000002e-05,24472265
2023-09-30,21.390213900000003,0.00016886610726512177,0.00010563886477118465,0.00010060000000000002,23341617
2023-10-01,4.857715023,0.00025415696562920806,0.00011453004121065998,0.00010590000000000001,24580064
2023-10-02,140.22011685,0.0002085434270638725,0.00012054698246431042,0.00011480000000000001,26338699
2023-10-03,4.8370104452,0.00018155708679580302,0.00012026051069802,0.00011640000000000001,25194136
2023-10-04,68.75624861484,0.00020983309901955656,0.00011624305621109904,0.0001137,25376253
2023-10-05,65.7769541,0.00016166652794911355,0.00011610021805805821,0.00011320000000000001,23928186
2023-10-06,1196.9702347,0.00031056213240244053,0.00011716363868272162,0.00011355000000000001,24713851
2023-10-07,1194.4202342,0.00023240070292225974,0.00011785139716696016,0.00011570000000000001,23324501
2023-10-08,51.792716649999996,0.00020383620841211164,0.00011712354776893218,0.00011580000000000001,24012581
2023-10-09,13.4041117,0.0002053541026410463,0.00011321729087867172,0.00010910000000000001,27783194
2023-10-10,438.60010965000004,0.00042185145037400046,0.00011095996817640644,0.00010875000000000001,27719122
2023-10-11,872.0001090000001,0.00039738761440172613,0.00011085048386450698,0.0001084,29004632
2023-10-12,4.53034727145,0.00022975342822454845,0.00010768513699009838,0.00010550000000000002,25305627
2023-10-13,38.30570766456,0.00015949035139814225,0.00010772421363003902,0.00010575,24238218
2023-10-14,22.0102201,0.00016968329298318042,0.00011025511578746128,0.00010920000000000001,23234453
2023-10-15,4.61060517183,0.00013916926577353553,0.00010983267633829414,0.00010865000000000001,24629709
2023-10-16,4.6591823220599995,0.00018322591673210835,0.00011683140205042994,0.00010975000000000001,27419027
2023-10-17,16.46352694124,0.00020022335295145262,0.00012063701652497215,0.00011820000000000001,27821700
2023-10-18,16.6570414633,0.00017219753724192276,0.00011970911271411232,0.00011725,28262267
2023-10-19,12.69010293304,0.00017369608656921982,0.00012235908097182942,0.00011650000000000001,29444449
2023-10-20,90.8481336,0.00020633344414740335,0.00013428491581126106,0.00012380000000000003,29848770
2023-10-21,15.888393752520003,0.0002522293958881132,0.0001453405799682386,0.00013350000000000002,31249482
2023-10-22,6.28968492978,0.00021268866401869967,0.00014500012735519255,0.00014105,29135132
2023-10-23,17.66518606656,0.0002810500166537428,0.00015023638384863364,0.00014385,36272104
2023-10-24,15.579207639739998,0.00030510936855278223,0.00015805012711655087,0.00014835000000000003,33689438
2023-10-25,6.9093981624,0.00037396731644517015,0.000163230749663429,0.00015025000000000002,32496525
2023-10-26,17.708956859039997,0.00028188003775082626,0.0001620560999242493,0.0001541,31540659
2023-10-27,56.870260907040006,0.0003466101793719774,0.00016225780657611117,0.0001577,29344393
2023-10-28,6.74377568193,0.0002253865643260963,0.00016048540709006075,0.0001576,26015653
2023-10-29,3.7556851842,0.00022698595679510384,0.00016256056162749463,0.00015725,26591203
2023-10-30,15.933670724899997,0.00037489180051156396,0.0001742986041981302,0.0001622,29976813
2023-10-31,214.1113629,0.0004109008450955392,0.00018186997997582467,0.00017465000000000002,30561241
2023-11-01,62.310415400000004,0.0006543917749862314,0.00020577206262681295,0.00018975000000000003,38098220
2023-11-02,70.700404,0.0005141690448378978,0.0002139772528886031,0.00019555,38705828
2023-11-03,284.61619765,0.00037240372431322153,0.00019695320640274874,0.0001909,35860042
2023-11-04,82.600413,0.0003919321084670642,0.00020899529473872574,0.00019610000000000002,33920388
2023-11-05,104.040204,0.0003536424340946208,0.00020848582166621308,0.000202,32351332
2023-11-06,48.360201499999995,0.00033620961716992846,0.0002024815875190406,0.00019905000000000004,31841767
2023-11-07,41.9804198,0.00041490648315205877,0.0002100698038498521,0.00020175000000000003,32783647
2023-11-08,21.555431099999996,0.00039412775382942773,0.0002166640637960035,0.00021215,31220171
2023-11-09,6.356217825630001,0.0006062338527436958,0.00022923595386872624,0.0002133,39877620
2023-11-10,1527.3005090999998,0.0009071059548888117,0.00025866767979919715,0.00022620000000000002,42841299
2023-11-11,206.72671164160002,0.0008211432444331332,0.00029408810206791507,0.0002705,43340897
2023-11-12,171.15028524999997,0.0006720883580321395,0.00029592324113084166,0.00027455,39634454
2023-11-13,157.800263,0.0006873067143305467,0.0002908449684073914,0.00026010000000000003,40655515
2023-11-14,658.6286742,0.000656264545564406,0.00027962916346782135,0.0002588,38660652
2023-11-15,332.22845564999994,0.0007540373549472394,0.0003171309282208292,0.0002818,40881028
2023-11-16,471.1205889,0.0008895734469610961,0.000328309758683343,0.00028460000000000003,42264279
2023-11-17,299.62529375,0.0006047707773704706,0.00029450420285794356,0.00027330000000000003,39754116
2023-11-18,17.74529575,0.0005124809003939819,0.00029132313293765737,0.0002752,34176623
2023-11-19,220.2991410555,0.0006664803236784188,0.00030404955090970964,0.00028440000000000003,33581763
2023-11-20,190.0039284,0.0009549244636979991,0.00030165559872719793,0.0002817,38740859
2023-11-21,1670.70027845,0.0009985060416067859,0.0002823602637582046,0.0002592,40687151
2023-11-22,272.52178095,0.0007354591684152008,0.00028054045200665386,0.00025955,42078935
2023-11-23,113.32028329999999,0.0007417025863447508,0.00029076758096254873,0.0002814,37609475
2023-11-24,75.1662891,0.0005030742300522097,0.0002900085265035408,0.0002819,67858724
2023-11-25,30.0344889,0.000691697033924245,0.0002952136003307525,0.0002813,36957206
2023-11-26,573.0002865,0.0010004643293275875,0.00029237728454654987,0.00028255,38657014
2023-11-27,136.2002724,0.0008478206503428586,0.00028393091234235265,0.00026865,41984473
2023-11-28,69.7202905,0.0007959990860820997,0.00028855428586485436,0.0002706,40459762
2023-11-29,122.08030519999998,0.0008216930811995092,0.0003037837060711515,0.00028930000000000004,44255891
2023-11-30,46.39469739999999,0.0008555347697930082,0.00030385797486763994,0.00029455000000000003,41994857
2023-12-01,60.730303649999996,0.0009137407889058907,0.0003053818921270772,0.00029370000000000004,43000409
2023-12-02,92.550309734,0.0007560701519094079,0.00031358794775791245,0.000299,41035108
2023-12-03,226.69231485,0.0007304589849272595,0.0003236491756778626,0.0003122,44433406
2023-12-04,18.288304800000002,0.0007517100110302341,0.0003217547006819671,0.00030145000000000004,44778721
2023-12-05,42.6723048,0.0007770308868092865,0.00031006068822257064,0.0002968,46000528
2023-12-06,25.272000000000002,0.0008613429531561135,0.00033301073710833125,0.00030485,49484956
2023-12-07,131.8806594,0.0011114208890030347,0.0003437060846690719,0.00030935,48634787
2023-12-08,62.22117910000001,0.0012396371705811573,0.00038653990199275504,0.00033890000000000005,55364084
2023-12-09,91.09237954999999,0.0014787822265128108,0.00040418486404008897,0.00036110000000000005,52376387
2023-12-10,103.68744305,0.001118553777210747,0.00039053904570627397,0.00035555000000000005,50090533
2023-12-11,674.2003371,0.001511589035320812,0.0003867729696140269,0.00033610000000000004,52838414
2023-12-12,59.64673984892,0.001496689538704188,0.0003841377745346714,0.0003304,55161059
2023-12-13,25.3659523,0.001386045638321,0.0003720613662005542,0.00032245,54553888
2023-12-14,87.90036625,0.0042568834074755,0.0004011863188430883,0.00034945,57009531
2023-12-15,88.36971332326,0.0022734353701306382,0.0004618755518840245,0.00036195000000000004,56974440
2023-12-16,104.65580461225001,0.0021075048354878747,0.0004477955445854517,0.00035785,60385933
2023-12-17,174.36036325000003,0.0020228493998088967,0.0003997569417227631,0.00035430000000000005,58508794
2023-12-18,1286.5283496,0.0022844100313063665,0.0004270940315554745,0.00033740000000000007,61918572
2023-12-19,88.29353127,0.0026135566332171605,0.00044877187368164715,0.00036040000000000003,63251749
2023-12-20,1597.6003994,0.00351239314885437,0.0004968263220687369,0.00036535,57939776
2023-12-21,551.7604597999999,0.005750758241519643,0.0005891553944565335,0.00040750000000000004,54630094
2023-12-22,472.25047225,0.006420849109922927,0.0006129169635727515,0.00045530000000000006,58416101
2023-12-23,580.1104755,0.005491191548517769,0.000631395355311419,0.00046665000000000004,65200095
2023-12-24,1139.2005696,0.006773640597408452,0.0007423850514996109,0.0005399000000000001,60236253
2023-12-25,446.5605582,0.008047101578086259,0.0007184504134902734,0.00054455,60162378
2023-12-26,567.000567,0.009854748019748841,0.0007028455817693262,0.0005232,58094692
2023-12-27,1186.7910789,0.01128995271867931,0.0007255768395328793,0.00052735,58651644
2023-12-28,797.2804983,0.007468843137189141,0.0006490640561383042,0.0004898,58592948
2023-12-29,778.7785057,0.007514197190733137,0.0006322469684088653,0.000501,60815863
2023-12-30,729.1025957500001,0.006982694451794234,0.0006041694064825537,0.0005056500000000001,60367000
2023-12-31,626.65351365,0.00611685697524603,0.0005854885294088092,0.0004994,57333867
2024-01-01,4068.40050855,0.006836979608147337,0.0005902661808846459,0.00050855,55091445
2024-01-02,2321.15499975,0.008200379542173437,0.0006507260176608536,0.00053315,59689031
2024-01-03,485.00048499999997,0.006325162541545762,0.0006198519002137945,0.00046960000000000003,57515046
2024-01-04,327.84051225,0.0055951650682808385,0.0005983730535305332,0.00048640000000000006,58005802
2024-01-05,490.8004908,0.006186197043764517,0.0005880267324843122,0.00048095,59459141
2024-01-06,306.900495,0.005310075625496173,0.0005677539900691753,0.00046175000000000003,58834058
2024-01-07,1133.4004722500001,0.005047488487840579,0.000526912737666824,0.00044175000000000003,61024587
2024-01-08,537.07548825,0.005409074971138265,0.000531675320345214,0.0004298,57607188
2024-01-09,298.83049804999996,0.005099162533098524,0.0005766469181542868,0.0004806000000000001,55685469
2024-01-10,629.9703459,0.004824286946396559,0.0005610941879480347,0.00046300000000000003,52236430
2024-01-11,403.48050435,0.005043392129635241,0.0006048639114149898,0.00049245,52404790
2024-01-12,197.56049389999998,0.00513405100312644,0.0005881329729641214,0.0004412,49424822
2024-01-13,378.36421425,0.0044948060112115894,0.0005591090576354139,0.00044970000000000003,51967446
2024-01-14,1230.46632099534,0.006072006690234879,0.0005987069920089595,0.00047165000000000005,49191864
2024-01-15,477.1004771,0.006620454774644889,0.0006047040776103609,0.0004671,54591231
2024-01-16,1166.1604859000001,0.007671462198536354,0.0006337324997137529,0.00047245,58893112
2024-01-17,505.55050554999997,0.00708776946332334,0.0006300738778007552,0.00048625000000000003,56361931
2024-01-18,1997.8004994500002,0.007791114502852315,0.0006334236919910471,0.0004606000000000001,56966480
2024-01-19,463.05046304999996,0.007166180711706841,0.0005938460573878978,0.00043860000000000004,59566575
2024-01-20,913.2004565999999,0.007047121013877662,0.0006064215142830836,0.000453,62772408
2024-01-21,904.91346075,0.007183128954636549,0.0005854466678448525,0.0004559000000000001,62192433
2024-01-22,425.5444172,0.006269754347633725,0.0005849193643889624,0.0004146500000000001,59534909
2024-01-23,404.10040409999993,0.005815944984388815,0.0005353414343870032,0.00039575000000000005,63041197
2024-01-24,439.2004392,0.005952406156934489,0.0005830324430031524,0.0004175,77512673
2024-01-25,438.05043804999997,0.00574388775909517,0.0005834139108384841,0.0004264500000000001,74655559
2024-01-26,906.5004532500001,0.00824859042332497,0.0006190056622979206,0.0004312,72909602
2024-01-27,1965.3904679500001,0.006261536279731578,0.0005974637008119562,0.0004546500000000001,69278013
2024-01-28,487.65048765,0.008126131786536771,0.0006365143149886954,0.00046815,68679639
2024-01-29,581.58048465,0.007823451811156396,0.0006591316308629523,0.00047640000000000003,68328899
2024-01-30,1548.3005160999999,0.008564724828909872,0.0007521032132910243,0.0005057500000000001,70607158
2024-01-31,5229.47780585,0.017622822819684646,0.000837937996829705,0.00048175000000000003,64282073
2024-02-01,1881.602352,0.011647099413030843,0.000928825054003244,0.00046670000000000007,67850533
2024-02-02,1156.00041147639,0.009267212693688652,0.0007520868508791763,0.00048785,72816879
2024-02-03,417.6904914,0.005808342126845322,0.0006671377556847105,0.0004849000000000001,82863743
2024-02-04,1105.9217885380501,0.006156450568531315,0.0007401742749163116,0.00047750000000000006,79332872
2024-02-05,1439.40048152728,0.0063344154115987815,0.0006766432107681063,0.00047250000000000005,79706595
2024-02-06,10081.05048062606,0.0065812767384354365,0.00069209083082356,0.0004714,64417557
2024-02-07,955.4004777,0.005835649347021578,0.0006631462125199245,0.00047450000000000004,83536800
2024-02-08,2068.6925146,0.005431968930179388,0.0006687621565487791,0.0005031500000000001,80739298
2024-02-09,2367.67552615,0.004693296543875091,0.0006887232285655312,0.0005141,77721940
2024-02-10,1680.0078580499999,0.004349918869561262,0.000696816741379833,0.00053495,75195418
2024-02-11,759.3605424,0.00432202007407044,0.0007171701262612836,0.000537,80765448
2024-02-12,888.6755227499999,0.00550825149749582,0.0007062765966756997,0.0005192,77782651
2024-02-13,1183.03556335,0.005060073334264899,0.0007229852076260004,0.00054345,80844727
2024-02-14,2011.42048275,0.004342272972334372,0.0007350767789527082,0.0005548500000000001,86141249
2024-02-15,560.4191592999999,0.005003452311078494,0.0007379428323966837,0.00055915,83454344
2024-02-16,252.05107025,0.004391083637919213,0.0006963861044572788,0.00054195,79912439
2024-02-17,262.9345366,0.0037490046539545747,0.0006760677994698777,0.00053145,75733239
2024-02-18,411.31907595859,0.0038971465769680053,0.0006768957937296908,0.0005387500000000001,73897715
2024-02-19,470.15762466232,0.004004425577075694,0.0007000504023561863,0.0005563,78854130
2024-02-20,327.32952795,0.003966981890484549,0.0006621361293193174,0.0005259500000000001,76622872
2024-02-21,670.560508,0.003480692813935074,0.0006245095424497391,0.00050255,76944975
2024-02-22,1055.34952245,0.0029449659052422964,0.0006403948668575842,0.00050915,82806846
2024-02-23,348.94251315,0.0030807827828701084,0.0006106054757886247,0.0004961500000000001,75180690
2024-02-24,235.805121,0.0028117010932196423,0.0006056517419702706,0.0004939,69284383
2024-02-25,285.108510302,0.003058267965530915,0.0006031936480841966,0.0005114500000000001,62687861
2024-02-26,437.3605467,0.0030736565673129814,0.0005985352157576625,0.0005031,64842501
2024-02-27,354.0485532,0.0036212496737937213,0.00065614776841393,0.00053135,65234099
2024-02-28,245.88958545,0.004276789826979185,0.0006741375099328648,0.00053795,61173681
2024-02-29,249.86062464999998,0.004522650196608777,0.0007854185237088856,0.0005881500000000001,59450753
2024-03-01,281.23266959999995,0.004706385929320708,0.0008175174721901455,0.0006287,57836152
2024-03-02,320.40064079999996,0.004721907895491207,0.0007844218598940349,0.000639,62635867
2024-03-03,214.20065624999998,0.005622540223783055,0.0007922730734038529,0.0006292000000000001,59349238
2024-03-04,488.06765955,0.008261891518356818,0.0008765822870388002,0.00064035,52076517
2024-03-05,411.92863144575995,0.011478347715442296,0.0010222641799493928,0.0005795,45616444
2024-03-06,472.71665392380004,0.01337180043527772,0.0011191217516672456,0.0006038500000000001,50723920
2024-03-07,2177.71470705,0.01924016524199544,0.0013283175916144613,0.00065505,52727961
2024-03-08,587.5207343999999,0.014090230038929672,0.0012414322642679838,0.0007137500000000001,55634898
2024-03-09,1018.9907278499999,0.01448490797856711,0.0016397756210452074,0.0007224,68945535
2024-03-10,293.98073495,0.016072651500938447,0.001633393034493786,0.0007065000000000001,77597930
2024-03-11,706.7007067,0.017846428806293065,0.0015097288134132583,0.0006910500000000001,81264423
2024-03-12,1553.64273285,0.018632024803053534,0.0015271211645145537,0.00072,79737998
2024-03-13,14041.06741881652,0.017772015178110747,0.0017162036453509397,0.00074545,85748570
2024-03-14,1652.000826,0.025009516428992237,0.002454259237011587,0.0008025,83471573
2024-03-15,16246.821902099999,0.036806614141395966,0.0027537476730254964,0.0008302500000000002,88087849
2024-03-16,3825.4009563500003,0.04376165558242884,0.002792022907662291,0.00089005,84722981
2024-03-17,20626.10093755,0.048336362371522404,0.0029205343970510646,0.0008994000000000001,83307067
2024-03-18,22229.286005849997,0.06076413044917282,0.0039346042948215695,0.0009785500000000001,81681068
2024-03-19,21718.80090495,0.04586045841676682,0.0032978889944538857,0.000835,75268592
2024-03-20,21013.99587195,0.049639498133356094,0.003484023719365135,0.0008199500000000001,72914204
2024-03-21,3824.79784326804,0.060412489564347895,0.003836666354511885,0.0008826000000000001,78070184
2024-03-22,1723.6008618,0.03170309257018253,0.003379349303147985,0.0008413500000000001,77341978
2024-03-23,1138.21587555,0.02693703905772749,0.0026651300171988005,0.0008560500000000001,75986307
2024-03-24,2805.8226452999997,0.02460385016089245,0.0028329197201993157,0.0008591,78789555
2024-03-25,2229.40496095,0.0319789886491858,0.003522452553833093,0.0009073000000000001,79589994
2024-03-26,2660.8409503,0.035354696577555786,0.003549029227893191,0.0009346000000000001,79173849
2024-03-27,7388.0009235,0.029455375073658932,0.0033313080235914953,0.00090435,80738814
2024-03-28,6526.8009323999995,0.03382043390133572,0.002777463210050801,0.00090615,80997519
2024-03-29,5659.50094325,0.031578248174747414,0.0031166652561297574,0.0009194,82656638
2024-03-30,6837.951953700001,0.03682868016048021,0.0033614896174048794,0.0009577,81015354
2024-03-31,19010.568372432,0.03343472529956067,0.002703539879326642,0.0009718000000000001,79242792
2024-04-01,1772.73098485,0.03719216163275129,0.0028178113482654078,0.0009408000000000001,78248599
2024-04-02,381.7419087,0.03570569168902084,0.0025996929318069487,0.00088475,76760427
2024-04-03,1091.1648523404301,0.03246482580489079,0.002040020150143518,0.0008906500000000001,78996969
2024-04-04,1917.4989399500002,0.03380310387451848,0.0018916103262064555,0.0009044000000000001,82049601
2024-04-05,1976.8815001,0.02484839852979,0.0019536042500141594,0.0008442500000000001,87638138
2024-04-06,2450.8408753,0.023797896732731152,0.0028989629850645956,0.0008702500000000001,91036023
2024-04-07,2113.3026684,0.027841389771778222,0.003756047208751806,0.0008873000000000002,87190103
2024-04-08,35950.00089875,0.030501057290136382,0.003738534757070402,0.0008801500000000001,83878049
2024-04-09,810.31091622921,0.025838336060217248,0.0027644249030102626,0.0008504500000000001,89473023
2024-04-10,34492.000862299996,0.021836100012967527,0.002237571810578384,0.0008190000000000002,87230518
2024-04-11,2592.45086415,0.024560143071207602,0.001886547523757888,0.0008531000000000001,85155703
2024-04-12,1557.45086525,0.02118086532181274,0.0017344512518291898,0.0007443000000000001,78013960
2024-04-13,705.9007059,0.01703545197225083,0.0014269325252401599,0.0006081000000000001,71060244
2024-04-14,294.1267003,0.013807207116340703,0.0013515894196744632,0.0006583,72504397
2024-04-15,435.28877730000005,0.018595911822868436,0.0014924844754035313,0.0006743000000000001,75929014
2024-04-16,1319.4006597,0.016642578342138135,0.0013469658412663594,0.0006353000000000001,69025801
2024-04-17,969.99069285,0.012941585390022475,0.0014795728664410497,0.0006418000000000001,71349391
2024-04-18,285.7607144,0.013731116684919007,0.0014588871532116052,0.0006419,71067122
2024-04-19,269.76067439999997,0.015401706405964553,0.0015405686678454445,0.00064515,66632914
2024-04-20,212.56570855,0.012970165795388122,0.0014290553404109126,0.0007016500000000002,70330197
2024-04-21,445.71074285,0.011988206761393854,0.0013412937404541465,0.0007369000000000001,71409485
2024-04-22,3653.0407610500006,0.01843532515853354,0.0016077107280855411,0.0007360500000000001,70819224
2024-04-23,3105.2007763,0.019430523082573786,0.0017439851282164984,0.0007673000000000001,72084040
2024-04-24,2321.3167586,0.017972349150115745,0.001437817922832565,0.0007304500000000001,79991833
2024-04-25,741.65074179833,0.02032094872369857,0.0012694680969677343,0.0007144499999999999,81704348
2024-04-26,613.1858394000001,0.013323250440454803,0.0013071360174402185,0.0006957500000000001,79928727
2024-04-27,386.2687815,0.010463853571990644,0.0011200926850671639,0.0006739000000000001,75478221
2024-04-28,288.00072,0.011211873211072778,0.0012520518006593991,0.00068785,70437046
2024-04-29,2019.3008509330202,0.01458562770428544,0.001396781575034598,0.00066845,71674560
2024-04-30,333.93739139999997,0.010471424077430937,0.0012614338428845904,0.0006094000000000001,73926425
2024-05-01,528.9174943145699,0.009085392950190981,0.0011739566187682006,0.00059845,72481180
2024-05-02,273.5206838,0.012852312081117593,0.0013172361433933246,0.0006427500000000001,72044020
2024-05-03,370.11668540000005,0.017154027005813546,0.0013386423459287326,0.0006818500000000001,71999692
2024-05-04,249.40773355000002,0.01435534876443383,0.001345252606527968,0.0007135500000000001,74225253
2024-05-05,247.53772805000003,0.01315123574129749,0.0012370112905865306,0.0007188500000000002,74058049
2024-05-06,772.65077265,0.017943790653136785,0.0013303187507016682,0.0007285500000000001,73958664
2024-05-07,774.15079536171,0.020387228630037085,0.0014409426760165676,0.0007418500000000001,75634794
2024-05-08,586.0807326,0.015794693033061528,0.001267336224658557,0.0007024,76586488
2024-05-09,2451.91072115,0.017609979422246298,0.0013232224085296467,0.00070485,76743356
2024-05-10,884.6473270500001,0.016333150738834692,0.001299420760544405,0.0007252000000000001,78436696
2024-05-11,264.18728905,0.014220747717135622,0.0011677845166620919,0.00071785,81386198
2024-05-12,293.18073295,0.01499918586694276,0.0011549235879040642,0.0007174500000000001,79350656
2024-05-13,2545.2407486,0.02207475095118937,0.0013564617536033117,0.0006912000000000001,73504349
2024-05-14,1144.4807153,0.02139746611055712,0.0014521592464204845,0.0007106,72108810
2024-05-15,877.9127838500001,0.020965962904886934,0.0016436980855871618,0.0007081500000000001,73384117
2024-05-16,808.1508083116299,0.021824663341590406,0.0017248788558258325,0.00078615,73099183
2024-05-17,339.40084866969994,0.019149131488081127,0.00176871276139512,0.00079655,74745844
2024-05-18,856.9008568999999,0.016875889034740466,0.0016503306483075934,0.0008457500000000001,74810414
2024-05-19,1732.6008662999998,0.016160416243967395,0.0014867453511713937,0.00083405,75126930
2024-05-20,359.18089795,0.022894146395036678,0.0017514542142394534,0.0008407500000000001,71282321
2024-05-21,884.35088435,0.01980430117042237,0.0020529570456916824,0.0008767000000000001,76531087
2024-05-22,304.09770505,0.0191924254192751,0.0020007022582801386,0.0008800500000000001,76992653
2024-05-23,350.10087525,0.018733549461066975,0.001995345953994953,0.0008380500000000001,77351420
2024-05-24,340.52170259999997,0.02098379942360134,0.0017618504449722695,0.0008176000000000001,77976562
2024-05-25,338.68169340000003,0.01498066164150761,0.0016465274848599773,0.0008318000000000002,73668869
2024-05-26,325.4608136499999,0.018775234544834707,0.0017038070219411534,0.0008069,73614598
2024-05-27,2105.62585892655,0.025718409273205605,0.0020056740085457165,0.00081755,72141201
2024-05-28,1695.50084775,0.02566401389141694,0.001818636540727458,0.0008266500000000002,73720457
2024-05-29,2669.7946821,0.03665093422844077,0.002368698441733049,0.00083735,56373012
2024-05-30,1667.0008336667,0.03327655541010442,0.002220101088938902,0.0008202,58263207
2024-05-31,3348.4008371,0.02742202742002452,0.002005634807291155,0.00082115,57810079
2024-06-01,918.3908349,0.024814496626431766,0.0016368230315925607,0.0008285500000000001,57212904
2024-06-02,826.1508299502899,0.025099409578446228,0.0016283629792849257,0.0008091500000000001,54942666
2024-06-03,1242.0758280500002,0.03050729761925339,0.001943384552129684,0.0008108000000000001,55517862
2024-06-04,972.1775733000001,0.024004497922875997,0.0019927683996758994,0.00082255,58842330
2024-06-05,1091.4758662499999,0.029295196732284534,0.00189091844565023,0.0008573500000000001,59100700
2024-06-06,1893.634848,0.04389044732064073,0.002070056925763925,0.0008405,59964510
2024-06-07,4433.78085265,0.04565619574119196,0.0021916481068865673,0.0007910500000000001,57088179
2024-06-08,720.8283964,0.037503332715359015,0.0019138686681010172,0.0007889,55080335
2024-06-09,1948.0808117,0.030061611880349344,0.001915496942180497,0.00078605,55853912
2024-06-10,1937.64080735,0.03359262403300354,0.0017591200102198225,0.0007902,60352182
2024-06-11,1575.63077641044,0.03247372820551384,0.0017895638655138092,0.0007300000000000001,57657927
2024-06-12,17530.24877705,0.039630348991654185,0.001767618502684523,0.00072975,55642273
2024-06-13,11069.25073795,0.03618021453854807,0.001796734853519522,0.0007317000000000001,59404972
2024-06-14,1853.64700435,0.024480546893566334,0.0015718115325645636,0.00070195,58930497
2024-06-15,1479.61274604358,0.017446015217310405,0.001324137651173997,0.0007162500000000001,60073236
2024-06-16,1669.91696145,0.01852626677732022,0.0012161422155627937,0.0007172000000000001,59706123
2024-06-17,6416.2690210499995,0.03194180852958735,0.0013115125384849373,0.0007032500000000001,59771730
2024-06-18,1532.82668675,0.030974772189415363,0.001197089811195129,0.0006557500000000001,53177272
2024-06-19,1538.38866,0.02947823629035847,0.0012890730748760376,0.0006744499999999999,57783128
2024-06-20,2312.9506925,0.028096732018574024,0.00132266044496563,0.00066175,57776519
2024-06-21,5295.59440665,0.02422951672568258,0.0012363363213891657,0.0006452500000000001,61636090
2024-06-22,1475.5043521500002,0.01818931392679369,0.0012756054821009642,0.0006671,61863935
2024-06-23,2506.6846850728,0.016269465209879753,0.001167452274811186,0.0006433000000000001,63217232
2024-06-24,3352.7311977568897,0.019427345822370944,0.0012303010087063421,0.00061995,60815412
2024-06-25,803.6410857,0.019091023811364207,0.0012692996387901514,0.0006574500000000001,61510843
2024-06-26,5490.00068625,0.02148539260520245,0.001274771860240513,0.00067615,68202497
2024-06-27,3157.82676985104,0.04109238722256072,0.0012924056980434646,0.0006779000000000002,63238755
2024-06-28,2000.66742083469,0.02596552128836299,0.00123270955701951,0.0006985,64020824
2024-06-29,5954.7607089,0.01780092713495332,0.0012773995946939035,0.0006994000000000001,67079360
2024-06-30,3138.7386575500004,0.018602684313264145,0.001245891133122445,0.0006867500000000001,64658855
2024-07-01,4586.5181168482295,0.024530900542461917,0.0013532257136063164,0.0007301000000000001,65198677
2024-07-02,8971.7087642,0.02126558744605985,0.001272767293508147,0.0007315000000000002,67305523
2024-07-03,6940.5232246848,0.02652953540529529,0.001132721208319026,0.00069925,62553607
2024-07-04,1010.1006734,0.017127834132590704,0.0008995749496526907,0.0006402000000000001,60108114
2024-07-05,1514.3707309499998,0.01735185329721026,0.0008909462692959115,0.00061295,58927854
2024-07-06,2014.7974242146101,0.01843532726622142,0.0009654537559412561,0.00066405,62943906
2024-07-07,5856.74846970015,0.019273950112251297,0.0010211244310329166,0.0006604000000000001,64086821
2024-07-08,4487.2763223,0.02020426378340834,0.0011809487276259192,0.00064435,64880352
2024-07-09,11425.4647132,0.01900809169887991,0.0011664456399959084,0.0006843000000000001,68720694
2024-07-10,4947.9507167459005,0.01560802989884805,0.0012005864458375741,0.0006949,72999561
2024-07-11,2115.6007150728,0.01688105805815503,0.0011755374613177853,0.0006804000000000002,74296126
2024-07-12,7046.26570713804,0.018400527188486372,0.0010489376696716849,0.0006716500000000001,71421001
2024-07-13,4195.20069947968,0.018153095730783584,0.0010121639357606215,0.0006914000000000001,74084567
2024-07-14,1570.49855855,0.023218799938498437,0.0010219116017014386,0.0007099,69789664
2024-07-15,3184.6008071368697,0.029886154357995635,0.0011019176472565869,0.000736,68907495
2024-07-16,3231.20081797828,0.026371914078162095,0.0013160112555768045,0.00076515,70979528
2024-07-17,8644.9007921872,0.02524741094977206,0.001612520635750113,0.0007751500000000001,67013682
2024-07-18,57175.1807919,0.024865188130271446,0.0013375419537844696,0.0007781999999999999,68659501
2024-07-19,4473.91324605,0.024853154035528673,0.0013334825861596792,0.00078315,65619219
2024-07-20,5229.30087155,0.018040934804378676,0.0013279303927986252,0.0008388,74068576
2024-07-21,2793.43704532849,0.02561518002780287,0.0012883913410934402,0.00085705,69579921
2024-07-22,2522.69630415,0.027619288008258937,0.0014296524501045632,0.00088585,65730196
2024-07-23,21247.2008853,0.027585520495945585,0.0014213412045185059,0.0008578500000000001,67993162
2024-07-24,4665.1212366,0.022461631371125692,0.0013915628631760732,0.0008563,72033540
2024-07-25,1717.8008588999999,0.020489223490643894,0.001090694508358832,0.0008302,70147451
2024-07-26,2819.12487996942,0.022055887493844076,0.0013363595877716775,0.0008599500000000002,72760857
2024-07-27,1791.4008956999999,0.027734858185039776,0.0013097066465164082,0.0008957,70604000
2024-07-28,5504.16791675,0.03401823357247186,0.001292720975038851,0.0009085500000000002,61639630
2024-07-29,15226.645934150001,0.028782422337611743,0.0013966058932569228,0.0009105500000000001,68412176
2024-07-30,1781.5008911063,0.028757577123598742,0.0012633041651551368,0.0008825500000000001,68547024
2024-07-31,4506.72577355,0.03271683428467039,0.0016381977094253655,0.0008607,63639241
2024-08-01,4882.8428262,0.024010744591030295,0.0014388070733757487,0.00079085,61664296
2024-08-02,1202.66378126238,0.02118388179433631,0.0013577837063329377,0.0007537000000000002,60540827
2024-08-03,2121.1407578530197,0.013833049638965622,0.0011368939986973069,0.00070285,63766103
2024-08-04,309.02023733489995,0.012462751076185009,0.0010226159543602388,0.0006633499999999999,66581415
2024-08-05,986.8939106633999,0.022609741469226553,0.001067873784368228,0.0005544,47391112
2024-08-06,1470.80073569416,0.031225977983628334,0.0013652602159814973,0.00064935,49294758
2024-08-07,1192.4447271000001,0.03060345258376961,0.0016643500136258034,0.0007144499999999999,50189250
2024-08-08,2182.18077935,0.02986473492778276,0.0016560336953860212,0.0007108,55169309
2024-08-09,3063.84126405,0.020556608688043678,0.0012557768909193226,0.0007563,60213732
2024-08-10,453.59182965456006,0.01641725150539316,0.0011707303406725293,0.0007654500000000001,64780349
2024-08-11,1422.2215104000002,0.013957841422195827,0.0011232090803784053,0.0007076500000000001,59848359
2024-08-12,4604.41655315,0.01718740934516767,0.0011893562985145,0.0007080000000000001,60835957
2024-08-13,13371.74473925804,0.01914722996402719,0.0011975818506931265,0.0007168000000000001,61104818
2024-08-14,872.8142242495,0.014755930922471516,0.0011279571511359362,0.00071425,64250986
2024-08-15,558.4006982792,0.01333232080022343,0.001115714525112066,0.00069225,63781692
2024-08-16,281.8814094,0.010550314347778951,0.0010567856453276522,0.0006823,64119595
2024-08-17,163.041734,0.008560017168477062,0.0010007147112986636,0.00068975,66481703
2024-08-18,478.92972565,0.011142234562355111,0.0011699897019364228,0.0007058499999999999,64840049
2024-08-19,2041.785732615,0.01088707834956825,0.001080873111909364,0.0007046500000000001,65615398
2024-08-20,428.49071415000003,0.008248599423742937,0.0011716076471422153,0.0007088500000000001,66689671
2024-08-21,175.198044006,0.00802213646229168,0.0012009602777446685,0.0006963500000000001,67748456
2024-08-22,722.8136848296001,0.008191875424129936,0.0012059890702116151,0.00070505,64281853
2024-08-23,1105.0739999999998,0.009687043678549593,0.001247700123994978,0.000716,62892834
2024-08-24,2249.793,0.009389689819686426,0.0012526075626954733,0.000761,60735448
2024-08-25,2406.0348078538,0.008132761968266521,0.0010457700151256,0.00077895,57861710
2024-08-26,1052.5813845500002,0.011031701615820145,0.0011940798795864356,0.0007818000000000001,59370555
2024-08-27,906.7337012221601,0.010187196455313172,0.0011155880699958054,0.0007304500000000001,59136710
2024-08-28,892.242,0.010051864505767345,0.0010059553030427493,0.0007052500000000001,57815571
2024-08-29,910.47,0.009978730135800813,0.0009696209178869943,0.0006922,59671397
2024-08-30,872.2357013876999,0.007131769354722504,0.0009572384087032355,0.0006635500000000001,59655252
2024-08-31,1945.7403,0.007196901927836483,0.0008603200826890701,0.00067405,51076836
2024-09-01,331.575,0.007720622034417516,0.0008682394776466941,0.0006424,50570055
2024-09-02,395.52,0.007506678887598768,0.0008688895541556122,0.00063725,58186815
2024-09-03,1824.0348,0.009421210886635542,0.0008883032052232502,0.0006389500000000001,58211605
2024-09-04,838.9086751212,0.008214741622363856,0.0008399520818825942,0.0006197,57030794
2024-09-05,1578.1206575499998,0.007609570850393395,0.0008622557009203241,0.0006410500000000001,56222631
2024-09-06,616.0005738656,0.006965839953027466,0.0008613236537672595,0.0006064500000000001,55392852
2024-09-07,250.06,0.005310059582110568,0.0008295072924336554,0.00062155,51068704
2024-09-08,322.84999999999997,0.006162280367039362,0.000834938246803865,0.0006352500000000001,48997535
2024-09-09,271.14,0.007431883966602749,0.0010234512345889811,0.0006365,60860093
2024-09-10,12207.5036,0.00832744045998874,0.0010395027503343915,0.0006637000000000001,58919318
2024-09-11,950.8326789743999,0.007598864647418237,0.0009426336938181687,0.00064325,57861588
2024-09-12,450.82224745284,0.007889980455112492,0.000964046066863997,0.0006627500000000001,57840671
2024-09-13,3232.8006756551995,0.009632024577884507,0.0009902277388430833,0.0006604000000000001,56561413
2024-09-14,139.1,0.0064416851747188105,0.0010010698698939668,0.0006805500000000001,54931675
2024-09-15,264.0,0.007345815425431529,0.00088991875777064,0.00065625,53319257
2024-09-16,593.0662353,0.0076318166317754284,0.0008550241599695621,0.0006467,51478225
2024-09-17,1114.53237272661,0.008435321724736556,0.0009221228041488953,0.0006531000000000001,54373612
2024-09-18,656.2006562,0.008390383184259486,0.0009383660115225871,0.00063705,59332082
2024-09-19,582.0423168000001,0.009827349575648847,0.0010018153005290193,0.0006710500000000001,60040342
2024-09-20,265.19246234999997,0.008632272551818544,0.0010272610895320654,0.0007071,58958515
2024-09-21,375.9727475208,0.008202877957460955,0.0009776353030801765,0.0007249500000000001,58028550
2024-09-22,1303.02676089,0.008866761156319373,0.0009925330115223036,0.0007082500000000001,59552490
2024-09-23,1429.2904236900001,0.009921266586127485,0.0010005615983007812,0.0007144,60005111
2024-09-24,2544.8311500278,0.0121279833908532,0.0010112843864072973,0.0007177500000000001,58541020
2024-09-25,1046.71,0.014384806540898543,0.0010939664585080998,0.00073755,58071497
2024-09-26,468.66075876054,0.023467026299880893,0.0012431556372370625,0.0007357500000000001,58795256
2024-09-27,3124.2007810500004,0.026867047534711027,0.0014612268217021832,0.0007709500000000001,59752833
2024-09-28,3157.7999999999997,0.02373617965710456,0.0014054674050500353,0.0007779000000000001,61376014
2024-09-29,996.4718017637299,0.023612927500598454,0.0013742208706409146,0.0007775000000000001,63518424
2024-09-30,6233.6,0.023364269061886385,0.0013065548055994942,0.00076095,61611854
2024-10-01,628.0342753499999,0.017556283391241947,0.0013606751858680852,0.00071675,64717444
2024-10-02,2116.5007404928,0.022389500680087937,0.0012546480274678751,0.0006963500000000001,63980562
2024-10-03,1774.0007098838398,0.01818505032234977,0.0011387014735810956,0.0006673000000000001,67368902
2024-10-04,2861.6007154000004,0.01770076557479762,0.0011262211334546618,0.00068145,67100555
2024-10-05,570.12071079711,0.019393117008684214,0.0012112335728376557,0.00070675,65723704
2024-10-06,588.74922685,0.01629972078246894,0.0010917735660898305,0.0007112000000000002,65061685
2024-10-07,2079.84074294856,0.019699985604316267,0.001084166198695656,0.00072,64996063
2024-10-08,573.600750699,0.01745823762192947,0.0011207233289339603,0.00070865,65971425
2024-10-09,1091.3766551054398,0.020852347791813886,0.0011022049131603642,0.0006952,64042509
2024-10-10,563.7606959999999,0.01690465056891585,0.0010805448356932784,0.00067895,64047060
2024-10-11,919.04483195364,0.01829512485311343,0.001253294644618136,0.0006941,66932431
2024-10-12,598.0677649422801,0.017478999816491408,0.0012405083215401382,0.0007240000000000001,67517546
2024-10-13,1031.66069548622,0.021610060002020644,0.0012029404767978675,0.0007242500000000001,67316967
2024-10-14,2406.37578572025,0.03110573072223045,0.0012993383950921245,0.0007353,66869076
2024-10-15,3840.0,0.029159676147631007,0.0012899456502793952,0.0007541500000000001,67541200
2024-10-16,1702.47,0.03470609857848921,0.0012736876452450272,0.00076475,65523953
2024-10-17,4346.2308134943605,0.032503611690011945,0.0012419711098193883,0.0007395000000000001,65894287
2024-10-18,1079.2607709000001,0.03261398792392788,0.0013121036824765633,0.0007484000000000001,65849032
2024-10-19,7734.155453400001,0.045428687624978835,0.0011890971570070684,0.00077005,62745420
2024-10-20,1146.0967959,0.03437014949704344,0.0012864500304188133,0.00078865,63615422
2024-10-21,9366.293046958119,0.05809578066895938,0.0014989725948671919,0.0008100000000000001,61141344
2024-10-22,15401.23583734712,0.06309939750353646,0.0013823430349189285,0.00081835,62517234
2024-10-23,4821.5409360438,0.0685038671044909,0.0013229358050799883,0.00082195,61351774
2024-10-24,43658.8836714,0.08059775623138396,0.0016707129689510253,0.0008523000000000001,59283761
2024-10-25,2554.35,0.051158234129098576,0.0014656808346858972,0.00080175,61108058
2024-10-26,1413.1994503,0.03583211252186095,0.0013876516701248254,0.0008135500000000001,65274598
2024-10-27,2725.8308793,0.041597453458271635,0.0014675930836784347,0.0008521000000000001,65119182
2024-10-28,2117.1610568157002,0.04959068892942055,0.0013066741897398827,0.0008664500000000001,64669931
2024-10-29,2876.76360302849,0.05773720633549744,0.0013129784335833461,0.0008846,63846060
2024-10-30,2816.6732846903997,0.04366971905078993,0.0012763047950781093,0.0008675000000000001,68326512
2024-10-31,20725.120848,0.042292996770420435,0.001359601305398515,0.0008387000000000002,68782218
2024-11-01,2831.0108326500003,0.032093928313391085,0.0012314437173634363,0.0008227,70649107
2024-11-02,1502.37083465,0.030856341871889046,0.0012299281367976458,0.0008135500000000001,69550934
2024-11-03,1556.60250552768,0.03592324048757821,0.0013469706234557728,0.0007915000000000001,63935546
2024-11-04,2048.91415240663,0.03398567285524832,0.0011552565831330806,0.0007772500000000001,67748127
2024-11-05,2695.3568319,0.03173264190471263,0.0011841084805862816,0.0007864500000000001,69529801
2024-11-06,3166.42,0.05700371147915203,0.001272527297451514,0.00083365,62301048
2024-11-07,6913.20046357944,0.05672925732612728,0.0014852626962119158,0.0009299,64819080
2024-11-08,15903.201006871348,0.06101028110727847,0.001558280257184286,0.00097925,64291740
2024-11-09,8521.74100358352,0.04319050618088674,0.0016455722485966939,0.0009793000000000002,69123433
2024-11-10,9021.4006501702,0.04884229360661421,0.0016442622185287078,0.000994,79478584
2024-11-11,5251.50096606594,0.07298849381036233,0.0021611900443617577,0.00102235,73528459
2024-11-12,3442.3858810071197,0.06781439521408711,0.002000741457094832,0.0010291,76075109
2024-11-13,7571.77272007336,0.09675268693141253,0.002752934300963342,0.0010098000000000002,70767863
2024-11-14,27699.101224513288,0.13066486377681366,0.003645507921514298,0.0010387500000000002,69852292
2024-11-15,11851.41767638609,0.12764415869621074,0.0027214130943406275,0.0010259000000000002,72385363
2024-11-16,1341.68864784049,0.08229077906294176,0.0020654696163644962,0.0010705500000000002,80371945
2024-11-17,2351.3611639232,0.13620790752834536,0.003669425382917547,0.0010663,73069416
2024-11-18,4030.3612126642,0.15219897977228283,0.003270925350489205,0.00117315,75673931
2024-11-19,13057.74128425291,0.13881092921478294,0.0024440723384639286,0.0011735500000000002,78721721
2024-11-20,12405.17741750122,0.16384294101312177,0.0028459161323430193,0.00115615,79144319
2024-11-21,56001.0011897667,0.1573848771603674,0.002910774412525265,0.0011537000000000001,80873394
2024-11-22,7807.20115650656,0.1257923253815932,0.002811861620124051,0.0012604,83662444
2024-11-23,15967.481362644141,0.10095609104089295,0.0026807867501931768,0.0012656000000000002,83380025
2024-11-24,18011.60258615718,0.0778300706506286,0.002279558497777701,0.00121195,89642800
2024-11-25,18927.00120325248,0.08175439111532591,0.00232178228900165,0.0011581,90049086
2024-11-26,8995.740707203558,0.071992953696135,0.002297675155454042,0.0011176500000000002,90713292
2024-11-27,7767.9246504,0.07495429302321525,0.002023280768930161,0.0011431500000000001,91619202
2024-11-28,14352.93030506058,0.06393435487308409,0.0020506604290526885,0.001166,95587383
2024-11-29,8574.9312373795,0.05637442708547558,0.0019640358468856626,0.00118425,92673287
2024-11-30,12111.67622446375,0.046614535301321446,0.0016094033563491684,0.0011882,92181685
2024-12-01,5952.21526324478,0.0457154214298429,0.0015090318005928241,0.0011727,94284460
2024-12-02,51876.0022433488,0.04917477479330193,0.001702254683075977,0.0011024000000000001,92673614
2024-12-03,11438.0011438,0.046818956513194225,0.0016614325998850774,0.00108325,97068693
2024-12-04,11698.00101936372,0.045326384512994145,0.00189350794717225,0.00112845,93331706
2024-12-05,6354.47499163239,0.04410844037184576,0.0018736595706991422,0.0011180500000000002,92526301
2024-12-06,14298.60068085167,0.043716185752581224,0.0019151227632058499,0.00115605,92617049
2024-12-07,10667.201196048001,0.03448951161462229,0.001879876259947982,0.00117215,93203684
2024-12-08,14571.8384392248,0.03584780310328735,0.0015674712977280193,0.0011684000000000002,86583444
2024-12-09,1948.2412555592398,0.04094338640226518,0.0016249638871655898,0.0010622000000000001,93357304
2024-12-10,6272.8410555460005,0.04228407386658979,0.0021138352793020486,0.0010202,100395675
2024-12-11,8093.290870199659,0.04634967026897195,0.0018508495572295714,0.0010591,100418996
2024-12-12,6168.5412759138,0.04588466019323889,0.0019462306670250077,0.0011293000000000002,102644640
2024-12-13,9583.22415271832,0.04428565358510376,0.0019291950544908486,0.0011047000000000001,103805471
2024-12-14,2617.6712116265003,0.03757119647609799,0.0019333738343039761,0.00107785,100778530
2024-12-15,4013.8571185574397,0.028420630686446367,0.001356421452232629,0.00108,103070403
2024-12-16,2023.9323653749898,0.03374937358649055,0.0014354339689340704,0.0010701500000000002,103689032
2024-12-17,7888.295717779999,0.05159660184787732,0.0015610503417549555,0.0010613500000000002,103523713
2024-12-18,5669.18209929981,0.04088156054393402,0.0017000249738039549,0.0010268000000000002,103370603
2024-12-19,3634.369060024,0.03871139036482888,0.0016804827843404013,0.0009405500000000002,99810010
2024-12-20,20309.10202646134,0.0415158402873499,0.0017528271543758693,0.0008809000000000001,98686005
2024-12-21,4957.37390485296,0.03216533164810041,0.0015837073016352638,0.0008954000000000002,105074642
2024-12-22,2733.60182258224,0.02628248872923759,0.0013437588097163506,0.0008874500000000001,108923534
2024-12-23,2951.19182749097,0.02409548117420301,0.0015895944794214753,0.0008856000000000001,122272830
2024-12-24,10531.4,0.018226684440637592,0.001550283623384484,0.0009318500000000001,138443921
2024-12-25,1776.4209869,0.01983922134650076,0.0013707665883885682,0.0009781000000000002,102197828
2024-12-26,7933.79037618944,0.030037055866596225,0.0014502640999215837,0.00093515,108639505
2024-12-27,2303.9708313177,0.02751582807451919,0.0014665330179704512,0.0009152500000000002,108779166
2024-12-28,1850.7570419052602,0.024419066458712373,0.0013744993051954734,0.0009201000000000001,107613627
2024-12-29,6138.56,0.02885544454742573,0.001384314219427346,0.0009438000000000001,104116892
2024-12-30,6114.56,0.028019411879407652,0.0013631788344094006,0.0009298500000000001,102373793
2024-12-31,8180.872978595519,0.028710828070294778,0.001474014629784643,0.0009404500000000001,99747677
2025-01-01,8174.67962035185,0.028425163530505802,0.0013431460579552508,0.00094005,102312888
2025-01-02,2259.6210271,0.039919732572211014,0.0016565273898037707,0.00096785,104538041
2025-01-03,7674.74589416184,0.04913077539605084,0.0018028284714811384,0.00102865,104086306
2025-01-04,8636.73909046894,0.03900707416865316,0.0017804459830461881,0.00106955,106395737
2025-01-05,14017.08,0.04321768142094669,0.0017660079721050917,0.0010596,106533980
2025-01-06,5446.5,0.047418245549128414,0.002099464718779324,0.0010596,100735121
2025-01-07,62463.0,0.05108792591368886,0.0019591371987381463,0.0010126500000000001,103775702
2025-01-08,209103.72,0.0498167941419289,0.002025218667080958,0.00094865,100307242
2025-01-09,13750.414299808412,0.04311296213217291,0.001801949805973469,0.0009118500000000001,102386290
2025-01-10,12799.92927517355,0.039230761627290535,0.0017201719502614626,0.00092,103629088
2025-01-11,10009.31593545,0.03836909529001412,0.0016391399945728012,0.0009232,104699100
2025-01-12,189610.2,0.04202573392659999,0.0018219505432210395,0.0009284000000000001,103118371
2025-01-13,7143.629999999999,0.03284965382083012,0.0018358484017396018,0.0008638500000000001,97859102
2025-01-14,12059.45,0.03825267695207711,0.0018260403086516528,0.0009102,103229614
2025-01-15,3578.22,0.03598468860191193,0.0015728725643607976,0.0009307,104927283
2025-01-16,31851.0,0.04063703355970514,0.0016965249767660119,0.00099525,105890037
2025-01-17,5467.251093450001,0.04021184479705324,0.0020166843701021177,0.0010510500000000002,107783204
2025-01-18,15416.96136849609,0.1512169987335514,0.0037953788901906775,0.0010882,74015577
2025-01-19,20128.739999999998,0.4034256678272368,0.003130811642961331,0.0011991500000000002,80067050
2025-01-20,9870.4,0.27106619223305223,0.002496964786649551,0.0011633000000000001,89691833
2025-01-21,23129.960000000003,0.11335140909876067,0.0023424992587594957,0.0011616500000000002,98983542
2025-01-22,23353.6,0.09041614856957629,0.002343905769027614,0.0012449,107632429
2025-01-23,38918.8272462,0.13044310941770793,0.0027641373781132363,0.0012130500000000002,108186522
2025-01-24,24619.249999999996,0.10591006241144219,0.003056913078764045,0.00123985,107946340
2025-01-25,89503.58125004999,0.08082145965677777,0.002807945161265811,0.0012329,109550479
2025-01-26,92492.8812918,0.08235555274861987,0.002698828313846476,0.00120665,107591429
2025-01-27,11697.0011697,0.0811187966689198,0.002445325921080179,0.0011098000000000002,106621286
2025-01-28,7222.200000000001,0.0638911395192377,0.0021122131930327113,0.00112625,109003204
2025-01-29,83578.72,0.06402260340797086,0.0019157200605621765,0.00111595,104762027
2025-01-30,6963.191200550001,0.09971879070698701,0.003202549046357169,0.0011367,103887131
2025-01-31,26419.11,0.07193364417167425,0.002390516989856421,0.0011431000000000002,104907502
2025-02-01,18081.37195875452,0.04930727952788791,0.0020180439368998842,0.0010686,101994019
2025-02-02,1698.03018,0.032608486070395876,0.0015586899591683314,0.00098265,104378223
2025-02-03,21816.0,0.03649370194103635,0.0015546546697933331,0.0009063000000000001,105817140
2025-02-04,16171.746929416282,0.04128150978241082,0.0015481620987862746,0.0010116,106164803
2025-02-05,30962.550000000003,0.03886947620103286,0.0016873511238717912,0.0009783,111521314
2025-02-06,4210.5844359,0.029999667260968317,0.0014805514246435318,0.00094365,109389768
2025-02-07,11426.0,0.035346224325468904,0.001545142329839794,0.0009424500000000002,104398597
2025-02-08,5503.566,0.029427750638161193,0.0013382769977966086,0.0009509000000000001,97258770
2025-02-09,6772.92,0.043389001356848575,0.0021965513169632986,0.0009724,105028218
2025-02-10,4456.10101275,0.0568516653551199,0.0030610939963760593,0.00098445,105592164
2025-02-11,6671.616,0.047699798870535944,0.0022410399783649435,0.0009771,106628390
2025-02-12,6474.93,0.03472623512153667,0.001957784124490969,0.0009499500000000001,107701583
2025-02-13,5875.80073760876,0.030822116381664173,0.0016639047410736553,0.0009482500000000001,104226761
2025-02-14,15324.66,0.03440054664659888,0.0015334860569697756,0.0009724,100410295
2025-02-15,17643.289232030882,0.022759791873829687,0.0014754357366126923,0.0009655000000000001,98088189
2025-02-16,5246.639999999999,0.018955706658486598,0.00129804945812695,0.0009356000000000001,96270762
2025-02-17,1255.800897,0.018999199488633035,0.001245378356241124,0.0008771500000000002,93705909
2025-02-18,4232.25085542237,0.019907102383506875,0.0012446989844312137,0.00080835,90717509
2025-02-19,4245.25,0.030261492410115037,0.0011205500791050891,0.0008210500000000001,85104647
2025-02-20,3508.05380301253,0.020274973597317416,0.0011215568581493874,0.0008409000000000001,88079772
2025-02-21,9312.6016932,0.01893386107334012,0.0010888454221249589,0.0008370000000000001,84108234
2025-02-22,954.0145087842001,0.016436604100671343,0.001033001971439521,0.0008427,77582921
2025-02-23,839.6424431500001,0.0162765811798239,0.0011338676839547834,0.0008339500000000001,84656630
2025-02-24,806.7005937105499,0.01470116106303208,0.0011271014306495268,0.00070355,93596589
2025-02-25,1006.3907188500001,0.012858281625299974,0.0010296753205351471,0.0006672000000000001,91713876
2025-02-26,1629.11645503488,0.011343171701923081,0.0008328528700986444,0.0006550000000000001,86914826
2025-02-27,684.7,0.011197216924818187,0.0008559954655219067,0.0006752500000000001,87188899
2025-02-28,730.4000000000001,0.009775041854205377,0.0008738035852162008,0.00063195,87458889
2025-03-01,1280.34071158452,0.009446402981698349,0.0008202851930643689,0.0006943000000000001,69451273
2025-03-02,363.71999999999997,0.01433359666226772,0.0009683099305838034,0.0007028000000000001,79634405
2025-03-03,2875.0007190375004,0.012501268627230206,0.0010055884919362666,0.0006974500000000001,91258991
2025-03-04,3549.89370715,0.009416814579983373,0.0008323803508338662,0.0006599500000000001,97343580
2025-03-05,3224.98934285472,0.010592151058766396,0.0008374457497667112,0.0007034000000000001,97134911
2025-03-06,1430.7007153499999,0.01113579131862029,0.0008535241026682194,0.0007146,91288704
2025-03-07,4804.47,0.013722748300761051,0.0009653550798946431,0.00067825,100524694
2025-03-08,413.67068944999994,0.009537780861070428,0.0008562426343324541,0.00067865,86449210
2025-03-09,967.12,0.008414340677623556,0.0008165266752263464,0.0006309000000000001,81766708
2025-03-10,1270.6,0.008463231932991972,0.000773635652149753,0.0005796000000000001,86579087
2025-03-11,482.90463552708,0.008452555185998393,0.0007559261872390251,0.0005687,84062986
2025-03-12,882.91,0.00893288964925649,0.000769504097273235,0.00060735,88042847
2025-03-13,372.27383258237995,0.008966465335791577,0.0007414822953581537,0.00060565,85709297
2025-03-14,1331.0,0.00856433935957138,0.0007575351269749582,0.00061625,85830040
2025-03-15,4925.070000000001,0.009623250594849333,0.000870399379669871,0.0006638,83303350
2025-03-16,163.03330878155998,0.008621519879055767,0.0007654677519178866,0.00062785,77626218
2025-03-17,255.22,0.008805358238927564,0.00075048915115322,0.0006297000000000001,89671685
2025-03-18,1458.79572395,0.007116663635312644,0.0007211288865298056,0.0006108,92218817
2025-03-19,536.24,0.007837943812217679,0.0007818105803064877,0.0006225,92016773
2025-03-20,639.25,0.009071804719821767,0.0007666115432095682,0.0006350500000000001,81439687
2025-03-21,1285.9012859,0.005492217695025649,0.0007339388510301876,0.0006260500000000001,77122626
2025-03-22,6964.49789624889,0.0061911451834684465,0.0006914484990704366,0.0006405,72187044
2025-03-23,479.829,0.007514790353913837,0.000731950166306698,0.0006428,79867494
2025-03-24,224.42350601389998,0.011738375914679343,0.0008540988626239334,0.0006615500000000001,92993939
2025-03-25,1286.9791247949302,0.012023018723190707,0.0008481738369437787,0.00069205,87639135
2025-03-26,349.125,0.011541784976557484,0.0009166198943241666,0.0006814000000000001,87899672
2025-03-27,382.89276,0.011104998606001353,0.0009512806736282031,0.0006805,89682974
2025-03-28,234.09815713168,0.011848763813553194,0.0009084805553801615,0.0006415500000000001,92008220
2025-03-29,170.4396912,0.008643885052332339,0.0008109979675934508,0.00061675,92704792
2025-03-30,2820.3576138028197,0.008266400086814826,0.0007191329010808252,0.0006176500000000001,85843175
2025-03-31,152.48059603248,0.010060185091139599,0.000786786081684983,0.0006161500000000001,87780149
2025-04-01,126.89448200858,0.011236630539640816,0.0008841573509473008,0.00062025,91440743
2025-04-02,327.55065510000003,0.010850939993856893,0.0008665169237154083,0.00059055,89130030
2025-04-03,212.28955324353,0.00807290214068289,0.0007694169468862301,0.00056375,89908399
2025-04-04,352.73050181639996,0.008376740265427972,0.0007559073292567765,0.0005682,83326056
2025-04-05,724.2803999999999,0.007873017066397286,0.0007688605433898547,0.00058655,83147370
2025-04-06,330.19171297472997,0.0069562303614483035,0.0008037220448211461,0.00052075,85548011
2025-04-07,215.05872970000001,0.00851321406676225,0.0008252058680822804,0.00048095,93976664
2025-04-08,233.4959144121,0.009626374152416094,0.0008222139907350162,0.0005176,89664900
2025-04-09,357.9762782745,0.011504754340124448,0.0008497766553266298,0.0005070000000000001,95150183
2025-04-10,224.08056019999998,0.00991411324208918,0.0008503155219280239,0.00054445,92737656
2025-04-11,121.29239900175,0.009382210271067226,0.0007988625713720254,0.0005611500000000001,96100608
2025-04-12,650.1,0.011268498846745155,0.0009872178252111306,0.0005992500000000001,94126765
2025-04-13,225.2714041746,0.010123233191757536,0.0009036449822448442,0.00062945,90493339
2025-04-14,3936.6,0.012354245814741852,0.001064204552428329,0.0006422,93070409
2025-04-15,269.28912135,0.012904051954284184,0.0010573760884157364,0.0006314000000000001,96674007
2025-04-16,1119.4084093476001,0.013860251400696168,0.001114856066045525,0.0006189500000000001,97399603
2025-04-17,1466.0806664,0.01290325897077223,0.0010016023120585815,0.0006490000000000002,92266431
2025-04-18,268.0406701,0.011489570319308355,0.0010047289189427534,0.00066365,87833798
2025-04-19,419.46,0.010581156625333982,0.001099122980357371,0.0006693500000000001,87195881
2025-04-20,3553.94,0.009014795369674141,0.0011376034724470386,0.0006796500000000001,91787642
2025-04-21,163.85199999999998,0.011853579758109365,0.0010256636732547029,0.0006728000000000001,95141736
2025-04-22,1460.00073,0.01299275207436635,0.0010603502394019983,0.00067785,94583984
2025-04-23,447.59999999999997,0.013242452630703543,0.0012124252712864246,0.0007369000000000001,101047472
2025-04-24,464.7052674,0.012519096089153236,0.0011481307507698632,0.0007284500000000001,99635113
2025-04-25,3036.0007590000005,0.014850724524430819,0.0012410502322119808,0.0007514,102740838
2025-04-26,219.34216606400003,0.011332995252741934,0.0011681148617453383,0.0007402500000000001,104324590
2025-04-27,735.5015836786,0.011690508096165184,0.0010860003503732145,0.0007297,99081827
2025-04-28,486.81798000000003,0.013323226847297021,0.0012086132044486688,0.0007253000000000001,100671632
2025-04-29,739.05073905,0.015555330843599247,0.0012317833077956331,0.0007263500000000001,96780710
2025-04-30,1427.8999999999999,0.014194841731512193,0.001242096938680126,0.0007043000000000002,98876344
2025-05-01,8407.300000000001,0.020680995632588083,0.001510493584203058,0.0007387000000000001,104947838
2025-05-02,553.26544195,0.014747636966820311,0.0012256658937907145,0.00073815,99345080
2025-05-03,614.92273205,0.012781639731405118,0.0011243180906441099,0.0007309500000000001,97295466
2025-05-04,2006.5439998524598,0.011342836642118225,0.0010131375476585967,0.0007205,95864787
2025-05-05,590.1607376999999,0.011517161398383201,0.000988340193345896,0.0007154000000000002,99645296
2025-05-06,7138.00068396316,0.013902135293484122,0.0011063222039349018,0.00070925,100910889
2025-05-07,4747.15294964374,0.013370318271992011,0.0011003571909923664,0.0007249500000000001,104679600
2025-05-08,4973.0199999999995,0.016925272775536446,0.0011834637092334136,0.0007363500000000001,104836276
2025-05-09,602.52592943785,0.01469749134085426,0.00122228985344354,0.00080615,103749349
2025-05-10,1029.72,0.01169110076118342,0.001110216780114317,0.0008446500000000001,103603674
2025-05-11,319.86456834295996,0.01299157413701666,0.0011276493142645995,0.0008491,100009875
2025-05-12,462.1328558,0.018615608738581542,0.0013039124549784377,0.0008448500000000001,107239757
2025-05-13,6712.91,0.027737984667607435,0.0013724361032864442,0.0008360500000000001,107864411
2025-05-14,9016.00076383552,0.029214652301673884,0.0013226333865739867,0.0008699500000000001,103985801
2025-05-15,13859.788856599998,0.022841660557047012,0.0011139257417939765,0.0008371500000000002,103241985
2025-05-16,5081.40082081548,0.016785327316763878,0.0010226261990903386,0.00083595,105967809
2025-05-17,1872.08,0.014598105403790715,0.001026669715705843,0.0008227500000000001,105669624
2025-05-18,667.34584513677,0.012628227301815197,0.0010301612085350873,0.0008283,104759960
2025-05-19,2487.60073400784,0.01297916495401063,0.0009694698780895237,0.0007996500000000001,106504253
2025-05-20,335.86084687099,0.013958930048324518,0.001001496439851251,0.0008244000000000001,108815463
2025-05-21,2222.35096296135,0.014417166539706676,0.0010127133004948995,0.0008343500000000001,103550184
2025-05-22,9890.65052744139,0.015185095865102267,0.0010672085092173589,0.0008643000000000001,108982127
2025-05-23,18414.0009207,0.013329509457915896,0.0010813774404545748,0.0008699500000000001,109503596
2025-05-24,1214.2131345,0.009362926493071612,0.0010152289453811184,0.0008657,95225227
2025-05-25,172.23086114999998,0.009204034690372462,0.0009876954336582706,0.0008474,96156783
2025-05-26,348.92,0.011299691749156283,0.0010406787634716693,0.0008702,101117845
2025-05-27,356.72,0.011783299273618462,0.0010469290389413207,0.0008589000000000001,99599298
2025-05-28,1705.8008529,0.011374001874560115,0.0010483745296771426,0.0008465000000000001,94702222
2025-05-29,862.7008630450799,0.011593078439504533,0.0010927897704876381,0.0008315000000000001,94370416
2025-05-30,227.81429968926997,0.009668541964440438,0.0010124431266116368,0.0007809000000000001,94142994
2025-05-31,213.15755959532,0.00858933037917792,0.0009493747355000057,0.0007629500000000001,92410605
2025-06-01,772.3000000000001,0.008151807078334974,0.0009001130839901807,0.0007552,97966047
2025-06-02,833.5815920499999,0.009870595917459587,0.0009393922009180185,0.0007606500000000001,101223595
2025-06-03,426.28039112125003,0.010485106816425541,0.0009570424606756009,0.00077455,100505925
2025-06-04,311.88077969999995,0.008781272573271081,0.0009275338243847052,0.00076705,97076513
2025-06-05,184.63273837414002,0.01214892916608425,0.0009127418439959201,0.00070985,105987877
2025-06-06,447.48074579999997,0.009174105374074338,0.0008670821956840673,0.0007229500000000001,100766742
2025-06-07,251.26267673232,0.007428103332113532,0.0008961401764419292,0.0007371500000000001,90716831
2025-06-08,3002.4007506000003,0.007616465327837502,0.0009244108456444625,0.00074145,86677450
2025-06-09,308.57314720964996,0.010409336853591819,0.0009522605248260327,0.0007502500000000002,93742849
2025-06-10,316.38079094999995,0.010507848474397603,0.000973700653620553,0.00078375,95537479
2025-06-11,333.8774959,0.010635749862738735,0.000969060542867479,0.0007978000000000001,99476163
2025-06-12,413.998,0.008865052914217107,0.0009202371492080572,0.0007618500000000001,100234467
2025-06-13,1474.3732615825502,0.007913687826795836,0.000819849457999222,0.00070785,102392631
2025-06-14,337.37768644999994,0.006516022581792222,0.0008106685447911169,0.0007130500000000001,91948254
2025-06-15,305.7207643,0.006829779416166606,0.0008209910292842959,0.0007229000000000002,90961169
2025-06-16,944.52069453704,0.009782857451734144,0.000906679033135098,0.0007575,106922787
2025-06-17,1035.79071587886,0.00758025676329573,0.0008330106034927958,0.00073015,99271925
2025-06-18,1587.52079996576,0.00807112535547334,0.0008374883832635548,0.0007206500000000001,98856759
2025-06-19,483.81464790533005,0.007971932761908425,0.0008186759971117884,0.0007159000000000001,100327442
2025-06-20,248.132,0.0069813027040337775,0.0007940501929464229,0.0006835500000000001,100645556
2025-06-21,206.72426987999998,0.006144030448317866,0.0007787869616627179,0.0006652,102836391
2025-06-22,216.51335319999998,0.0061743871429754005,0.0007788992203785636,0.00063455,95405358
2025-06-23,331.59734719999994,0.007156731538615325,0.0008057315593179244,0.0006569000000000001,97343464
2025-06-24,2735.2400000000002,0.007743851377864896,0.0008445046912922421,0.0007131,101580010
2025-06-25,1022.0707301960099,0.008927191851882491,0.0008407019681526058,0.0007142000000000001,111184889
2025-06-26,145.73,0.007786964712514196,0.0008279877611017421,0.0006950000000000001,110816987
2025-06-27,150.61271720000002,0.008202961546735128,0.0007977635421625826,0.00068945,107506683
2025-06-28,222.78337165116,0.008153427106834976,0.0008133836641763318,0.0007069,94088808
2025-06-29,301.3207533,0.0074394284872386475,0.0008556095364590495,0.0007481000000000001,88458868
2025-06-30,503.2967864,0.00987502321132226,0.0009140616970291357,0.0007489,104647802
2025-07-01,310.800784696,0.008646192771935114,0.000871760893419634,0.0007260500000000001,109257916
2025-07-02,411.5301962015,0.009624618247646478,0.0008908953189526473,0.0007331000000000001,111964329
2025-07-03,1655.3995976,0.009720372399765009,0.0008924868376285949,0.0007509000000000001,111487572
2025-07-04,848.9070529984001,0.008265966459008869,0.0008795379957830303,0.0007276000000000001,99298308
2025-07-05,1171.200732,0.009619489339385157,0.0009420938975462713,0.00073085,104271455
2025-07-06,727.3951379449799,0.008902047432128099,0.0009584877923405875,0.0007353500000000001,116607464
2025-07-07,2576.3507577500004,0.010390530836949291,0.0009804409014196414,0.0007389,115086333
2025-07-08,2595.3741864828003,0.01007021959041084,0.0009293128135204531,0.0007399500000000001,113431701
2025-07-09,233.29655530000002,0.009147162499289424,0.0009002822877064016,0.0007537000000000002,113006010
2025-07-10,246.765,0.010681583729943442,0.0009652000275344917,0.0007796500000000001,113733972
2025-07-11,323.85144,0.00935701793621378,0.0009237878299838314,0.0008001500000000001,117251686
2025-07-12,956.2668987259401,0.00779686769135034,0.000886933467830446,0.0007889,107439531
2025-07-13,168.7875,0.007455862884902622,0.0008903341362707807,0.00079835,108540852
2025-07-14,245.20499999999998,0.011103131484330571,0.0009675430480550588,0.0008030500000000001,116058009
2025-07-15,322.02,0.011413508385519949,0.0009996882301061302,0.0007885500000000001,115722043
2025-07-16,437.61795157428,0.014120671955203876,0.0010862608151957585,0.000808,117267054
2025-07-17,1380.96,0.013608467309735433,0.001122610940183049,0.0008443000000000001,121331322
2025-07-18,2677.05,0.014286906051643539,0.0012454624732491227,0.0008671500000000001,119094647
2025-07-19,1950.08096670784,0.00925826677463747,0.0010619448272389078,0.0008713500000000001,101914226
2025-07-20,2711.072,0.009784646881817599,0.0011163935513665794,0.0008823500000000001,108416828
2025-07-21,642.2543117466299,0.012165005813304396,0.0010902999406815982,0.0008920000000000001,117778303
2025-07-22,1014.4010553817599,0.012660671487894662,0.001095960207499569,0.0009716500000000001,125954764
2025-07-23,1242.68158966464,0.011405971269754317,0.001113151757407549,0.00092475,119036239
2025-07-24,644.4559206499999,0.011394012719124092,0.0010690119276869808,0.0009003,124625221
2025-07-25,273.23503433083005,0.008973596058356936,0.0010234768551263054,0.00088145,120027669
2025-07-26,454.65395254983,0.009162917015580169,0.001046306002880177,0.0009219,105006864
2025-07-27,793.0847065344001,0.008410435273299832,0.0010370281381101884,0.0009227,103699602
2025-07-28,374.83539615,0.01008816282389133,0.0010901918085613918,0.0009113500000000001,123122098
2025-07-29,545.76,0.009562351854754778,0.0010143616686843209,0.0008917,118767700
2025-07-30,632.5743255768,0.010045345429598555,0.0010406926469236956,0.0008635500000000001,118178828
2025-07-31,359.46089864999993,0.009897189893109492,0.0010766462384141403,0.00086085,113506405
2025-08-01,171.02,0.009257890837491506,0.0009447958689918774,0.00080155,105462390
2025-08-02,175.56619126992,0.0067002897247067416,0.0009059181965468237,0.00078175,97247969
2025-08-03,241.87021525902003,0.00737826056769568,0.0009463846599584763,0.0007850000000000001,98082152
2025-08-04,465.31943443516997,0.00914722835072883,0.0010282252745862815,0.0008084000000000001,111145901
2025-08-05,337.64,0.01069475482182924,0.0009956716435514021,0.0008086,107568485
2025-08-06,992.58082715,0.011187119458897093,0.001001436816914019,0.0008076000000000001,97240596
2025-08-07,253.28999928667997,0.012948522764728193,0.0011192218539031026,0.000835,106794803
2025-08-08,3907.86063360621,0.012452074860268217,0.0011309527213485189,0.0008687000000000001,103376641
2025-08-09,599.60738528005,0.011900748281544856,0.0011844869351865957,0.0008831500000000001,96988780
2025-08-10,4537.25090745,0.011810558613943294,0.0011737227713971973,0.0008874500000000001,93257604
2025-08-11,618.47148,0.014419085775330496,0.00119988566985547,0.00086835,100550129
2025-08-12,2102.156943109,0.01515618915003583,0.001185167820157,0.0008690500000000001,100277614
2025-08-13,600.54127574714,0.016018830099808784,0.0013540020671010558,0.0009565500000000001,104928209
2025-08-14,620.7,0.015620917844644158,0.0013985276386907675,0.00094205,109364539
2025-08-15,3979.8017807575998,0.013778620854470697,0.0012115408535548528,0.00091945,95341212
2025-08-16,1340.4914199456002,0.011988111701579048,0.001153277917166763,0.0009281000000000001,83845128
2025-08-17,1226.7080211720902,0.010078879072392273,0.00106772295026483,0.0009386500000000001,87091064
2025-08-18,271.83,0.012636240417848664,0.001125016985300442,0.0009030500000000002,91098708
2025-08-19,1246.0708902280098,0.012230655285446543,0.0010789561061574243,0.0008810000000000001,90803485
2025-08-20,3673.0009184336504,0.011712413665604656,0.0011320910072978277,0.0008812500000000001,89557429
2025-08-21,1316.7009406881,0.013605829169262831,0.0012003296758764292,0.0009002500000000001,101571079
2025-08-22,996.1859486865601,0.012756885990138106,0.0012166640693959032,0.0008882500000000002,95608378
2025-08-23,998.474111595,0.011859399576002565,0.0013108177408242265,0.0009762000000000001,77735112
2025-08-24,1084.7764515287902,0.01198847869438072,0.0013006124805380027,0.0010105000000000001,84870418
2025-08-25,393.37671337742006,0.012607365701517095,0.001272820379331039,0.0009326000000000001,93568184
2025-08-26,600.40796880064,0.013697136774141491,0.0012329075799991233,0.0009307,86731707
2025-08-27,1224.42102035,0.015594726631454392,0.001369987448597845,0.0009710500000000001,91730769
2025-08-28,654.63355512321,0.016017807246614196,0.0013517059558041096,0.0010125000000000002,87663377
2025-08-29,3434.4985469497597,0.014245088213120498,0.0013275485496251661,0.0010049500000000001,92813020
2025-08-30,685.52815042712,0.011883909400405335,0.0012598191505233162,0.0009909,73702371
2025-08-31,684.57174170165,0.011234437367821126,0.001256156953487563,0.0010042500000000002,68560892
2025-09-01,795.0943076633699,0.01238965538547502,0.0012264754287428625,0.0009724500000000001,83724906
2025-09-02,1078.74,0.01446806705472401,0.0012350329667978502,0.0009854000000000002,83087473
2025-09-03,9277.03204000895,0.015470094212542808,0.0012977918052832604,0.0010377000000000001,80114760
2025-09-04,1288.32806277288,0.014419118407048256,0.001244781337406528,0.00101105,75144545
2025-09-05,723.5595367335,0.013204706095799379,0.0012302159145728834,0.00100695,75955703
2025-09-06,2210.89104454503,0.01035841535640872,0.0011448825991757043,0.0009988500000000001,68718278
2025-09-07,397.33744955296,0.010342963493789872,0.001111305886007284,0.00100195,70869896
2025-09-08,705.4076375207501,0.012275780938461631,0.0012202991258626838,0.00102895,79753923
2025-09-09,1090.0510900499999,0.01207073966173433,0.0012343664956715264,0.00105735,82246612
2025-09-10,1369.8418383,0.01863878932683575,0.0012971741573272238,0.00107675,85632804
2025-09-11,4562.401140600001,0.014788370219829438,0.0013486064206677327,0.0011099500000000002,83975673
2025-09-12,500.48152587351,0.014393762564500628,0.0013662906992648685,0.0011416500000000001,83954131
2025-09-13,1675.3113775834802,0.013250562581671338,0.0013542880397329916,0.00118115,75599720
2025-09-14,970.32,0.01978867173762605,0.0014171126807643025,0.0012007,87351479
2025-09-15,974.8,0.021695428973065096,0.0014223625926518258,0.0011543000000000002,91293852
2025-09-16,2614.7171777999997,0.017396853662907455,0.0013750073882796729,0.001159,86590311
2025-09-17,1123.20834349152,0.01432571059374062,0.001388681830492715,0.0011639,86193174
2025-09-18,1249.35124935,0.015230673499098792,0.0013869571156787687,0.0012156,83046770
2025-09-19,1319.2361996718998,0.013369224354540288,0.001372015328809036,0.0011809000000000001,79061299
2025-09-20,778.50688796775,0.009689396131895464,0.0013138306529307563,0.00118625,73225540
2025-09-21,520.432,0.009201615816718802,0.0013527712800060398,0.00118005,71530711
2025-09-22,394.85763243261,0.010081347482149765,0.0012896658397100371,0.00108445,82945250
2025-09-23,433.90714714969,0.010060822386312831,0.0012260182641424195,0.0010641000000000001,83652492
2025-09-24,393.66714789363004,0.009733599649505488,0.0011927290985975455,0.0010308000000000001,80756386
2025-09-25,312.35796345,0.010119897904601768,0.0011767640791338705,0.0009611000000000001,80023059
2025-09-26,404.1305449999999,0.008206527862573762,0.001111600326561628,0.0009564,74615887
2025-09-27,2036.10101805,0.008118994537487123,0.0011204771790319062,0.0010017000000000001,61533813
2025-09-28,248.59059999999997,0.007519946055429222,0.0010958665820930652,0.0009923000000000002,64319980
2025-09-29,1002.56607200594,0.010848473031747059,0.0011597851614316473,0.00102555,74013692
2025-09-30,466.6504706885,0.01128825065756428,0.0011614546056639273,0.0010239000000000001,74106502
2025-10-01,837.0811467996,0.013869328301999585,0.0012582538143753985,0.0010335000000000001,72292349
2025-10-02,1898.4969677653198,0.01291174001444073,0.0013095783815076922,0.0011003,75398390
2025-10-03,1392.6614834150103,0.01355460082526457,0.0013628223417390649,0.00113955,75134282
2025-10-04,690.2711085736199,0.00988264681645834,0.001280760106596005,0.0011232500000000001,65679449
2025-10-05,910.49602700448,0.010507490786378042,0.001331536702344395,0.0011348500000000002,66941740
2025-10-06,17930.22203775786,0.01391732471961119,0.0013549930356019976,0.0011408500000000001,71177996
2025-10-07,804.57020853048,0.009456708697775509,0.001340166029946127,0.0011049,73590617
2025-10-08,660.0611001,0.007010414687509843,0.0012550126082857083,0.00109215,72927441
2025-10-09,1097.7010977,0.008167029620761141,0.0012548876171369833,0.0010872500000000001,75469061
2025-10-10,41909.40285176456,0.013733727635332243,0.0012049454191028009,0.00088,94118762
2025-10-11,270.45195836869,0.005725335469055908,0.0010232775847220515,0.0008664,92058922
2025-10-12,196.2107691432,0.005864037597868753,0.0010629749463680384,0.0008676500000000001,81719679
2025-10-13,417.34102415236003,0.0065842898654725045,0.0011403589158379376,0.0009591500000000002,78797453
2025-10-14,735.9369079691199,0.008184074123500877,0.0011468582395820811,0.0009590500000000001,83105645
2025-10-15,497.75,0.007471965645140959,0.001166466458766665,0.0009631500000000001,78161948
2025-10-16,1236.8224799466,0.0073455417346921775,0.0011033154772570183,0.0009127500000000001,88157677
2025-10-17,818.8207193064,0.006339184313690989,0.0010671859225360148,0.0008757500000000001,86769720
2025-10-18,998.0831650499999,0.007732785836674901,0.0010973049179589733,0.0009107500000000001,69810980
2025-10-19,383.1,0.007196359444809984,0.00111113081788296,0.0009188,67447430
2025-10-20,460.38933728998,0.008571026490834634,0.0011411099505653343,0.0009233,79181664
2025-10-21,1899.5713973191503,0.008488043900488294,0.0011321252012707283,0.00091755,82520983
2025-10-22,540.5709395106601,0.007922270488616996,0.0010843726565163765,0.0008891000000000001,77561621
2025-10-23,287.08594718910996,0.008003151091630379,0.00108697854673007,0.0008998500000000001,69803470
2025-10-24,549.91166252256,0.008554792265739183,0.0010933713029906234,0.0009470000000000001,69710378
2025-10-25,1743.2107716609598,0.0075799021440384985,0.0010882666024421127,0.0009588,62408889
2025-10-26,492.12421128428,0.007619152629335381,0.0011024738826968337,0.0009616500000000001,66884041
2025-10-27,810.8,0.009067437305374555,0.0011673257433931058,0.00098875,73342761
2025-10-28,2138.29097195,0.010161576720900425,0.00116790837603627,0.0009583,80214808
2025-10-29,609.1275875808001,0.010029778460196,0.0011478573805095394,0.0009614500000000001,81416413
2025-10-30,724.8692958309,0.009640849239012626,0.0010762309668658683,0.0008951000000000001,89583947
2025-10-31,1855.0,0.009089190459567449,0.0010308027136457878,0.0009207,77176167
2025-11-01,336.36600000000004,0.008417340717620342,0.0010257217614048923,0.0009212000000000002,71433310
2025-11-02,4095.9609439326,0.008273545185494455,0.00101884402711017,0.0009147000000000001,70170754
2025-11-03,726.4284068062399,0.00844410008952062,0.0009920096273373067,0.0008197500000000001,87446622
2025-11-04,3565.32,0.007614140175825562,0.0009049333334611886,0.00073985,97441947
2025-11-05,1168.15064393958,0.008220690744836943,0.0008733890119846213,0.0007405000000000001,83041576
2025-11-06,919.02724289114,0.008461335990300892,0.0008832864051816187,0.0007704500000000001,76689934
2025-11-07,2355.3007851,0.0080058431957699,0.0008864835625620392,0.0007512500000000001,80546799
2025-11-08,1654.5978841752,0.0077423296707006825,0.0008932040113059264,0.0007807500000000001,67492486
2025-11-09,7894.499999999999,0.007615025266005197,0.0008908202689397327,0.0007781000000000001,66618985
2025-11-10,982.0982625992999,0.00907450025147127,0.0009496533633233702,0.00081865,77347789
2025-11-11,480.66080109999996,0.008342024652076058,0.0009118004736180188,0.00077125,78592865
2025-11-12,7870.43020775157,0.008537503500384918,0.0008917794326670805,0.0007574,91199097
2025-11-13,966.07100316048,0.0066805148037933325,0.0008009201025528177,0.0007076000000000001,80815290
2025-11-14,773.6186731383899,0.006130672527527449,0.0007469893173806543,0.0006798,83039648
2025-11-15,582.07430654128,0.006035779813521347,0.0007468831889820719,0.00069375,65383661
2025-11-16,596.24616241512,0.006097495557487096,0.0007374565524994349,0.00067705,68734893
2025-11-17,503.02932230004,0.005584483727892367,0.0007237512670413336,0.0006457,78901513
2025-11-18,752.5092448907,0.0062286671953258,0.0007288747142999426,0.0006465500000000001,75414208
2025-11-19,414.74466199446005,0.005989290722382614,0.0007233232924577484,0.0006535,79864014
2025-11-20,969.8270617690802,0.0056174409263171805,0.000745801616088794,0.0006583,85216320
2025-11-21,439.3486461,0.0048693759956042314,0.0006945603224698432,0.0006098,94450721
2025-11-22,899.1499999999999,0.005032289286494897,0.0006906785170724206,0.0006268500000000001,69877901
2025-11-23,1054.8539776873201,0.004561841281235691,0.0006955408893897044,0.0006383000000000001,72227649
2025-11-24,1537.00773729032,0.004964675710907423,0.0007177756666634375,0.0006437000000000001,77827467
2025-11-25,597.6752174624701,0.005824772384476485,0.0007384523812367295,0.000668,75604307
2025-11-26,848.5235491238999,0.0066213714126399995,0.0007542903188778109,0.0006787500000000001,78856767
2025-11-27,998.4935451215499,0.006319172690382447,0.0007601621539340575,0.00070355,71201340
2025-11-28,718.37855120528,0.006762835698548363,0.0007561674028598192,0.0006824,71928057
2025-11-29,943.79756574103,0.0070512986680377355,0.000752693914259999,0.0006767,64154054
2025-11-30,1071.2244758928,0.006359838003990768,0.0007451346419862097,0.0006702,68935256
2025-12-01,934.7168517340499,0.005826500784450687,0.0006902793772623805,0.00061735,81871422
2025-12-02,1038.03250327104,0.007147389073405003,0.0007341303272286885,0.00063095,79913944
2025-12-03,1053.58130869326,0.006602615870367583,0.0007742699654472777,0.0006901000000000001,80448240
2025-12-04,813.35709845502,0.01031633235085151,0.0007855374473021713,0.0006905,77960465
2025-12-05,789.90268095,0.006503045317459433,0.000732968717549102,0.0006557500000000001,77221198
2025-12-06,582.833469,0.0066378526322862785,0.0007342661585296517,0.00065835,71219579
2025-12-07,651.10407816384,0.0059278040123067486,0.0007447891714188166,0.0006418000000000001,78280376
2025-12-08,1446.0765318386402,0.007065698879762177,0.0007594354885753564,0.0006590000000000001,78152328
2025-12-09,831.32902248879,0.0073445008442016265,0.0007778120506569238,0.00066065,81682800
2025-12-10,1056.47053867565,0.007086972000260395,0.0007830728486344626,0.0006789000000000001,81461615
2025-12-11,874.81345493096,0.007385627558365545,0.0007349692468828557,0.00064755,82238889
2025-12-12,1392.4965959,0.007112875099547326,0.0007540490467958518,0.00065505,74740447
2025-12-13,664.9,0.006112990227291971,0.000740427051845114,0.0006603000000000001,62428187
2025-12-14,1306.45550241616,0.005764107201909031,0.0007336421785168516,0.0006463500000000001,66864278
2025-12-15,980.4485223602301,0.006175411407878181,0.0007104678030071787,0.00062085,77809824
2025-12-16,704.41226969008,0.006089491350242467,0.0006983570069740317,0.0006263000000000001,73124702
2025-12-17,2483.7384853613203,0.006157258614792076,0.0006986634201571238,0.00060835,71925834
2025-12-18,1111.3878166279198,0.005474414282738195,0.0006790090984449197,0.0005868000000000001,73952136
2025-12-19,912.2814267294,0.005698321468399946,0.0006775641454972729,0.0005891500000000001,71792026
2025-12-20,1467.29798776737,0.006198763577714487,0.0006716074513209805,0.00062705,56351773
2025-12-21,1387.8888112168,0.006120807852276791,0.00068540138117163,0.0006185,59011222
2025-12-22,2961.07168926951,0.006470285414841697,0.0006922021287663237,0.0006224000000000001,76995520
2025-12-23,941.2690370340599,0.0060569703231156315,0.000687310450286818,0.0006124500000000001,71225669
2025-12-24,1383.69312762877,0.005385392034447767,0.0006728151670614706,0.0006044000000000001,67729905
2025-12-25,1659.3431558865,0.005248029251439808,0.0006751041348748644,0.0006006000000000001,65717208
2025-12-26,945.94358110986,0.005610159567072925,0.0006616159073357951,0.0005977500000000001,64085802
2025-12-27,974.22861672332,0.006429282108531469,0.0006788593924651205,0.0006096000000000001,59923944
2025-12-28,1024.40907139107,0.00701056695423851,0.0006789843198454079,0.0006159500000000001,60084346
2025-12-29,985.8888291055599,0.007265220909742343,0.0006849537799508311,0.0006136000000000001,70736297
2025-12-30,1986.8730242625,0.007235264940637209,0.0006866596820930803,0.00061315,70122737
2025-12-31,1118.24206449795,0.0067105598721657654,0.0006723325239395462,0.0006176,65094346
2026-01-01,2434.38150952557,0.0065277567683351394,0.0006684784355943619,0.00062065,59598713
2026-01-02,1300.50505815,0.007997532776627294,0.0007009910261970142,0.00062945,74751192
2026-01-03,1414.38845566516,0.008185415298416225,0.0007215640304464081,0.0006499,74408447
2026-01-04,3355.25,0.00784636241546868,0.0007328088948127656,0.0006665000000000001,72691435
2026-01-05,1266.6451773499998,0.008025221356168066,0.000752319714793322,0.0006674500000000001,82192544
2026-01-06,2261.0552783000003,0.009850957280241986,0.0007960224175094724,0.00068345,93486175
2026-01-07,1788.5707014,0.008599603043829035,0.0007763098534149441,0.0006741000000000001,81598038
2026-01-08,1640.2771441500001,0.008380645849416678,0.0007724199672634607,0.0006664,88271024
2026-01-09,1432.5015096,0.00855040493009435,0.0007666115290188671,0.0006758000000000001,83545913
2026-01-10,2756.3456586,0.009497847736510728,0.0007646527397445528,0.0006772000000000001,67086693
2026-01-11,1422.0408026999999,0.008284409379888301,0.0007720261482506828,0.0006791,74363073
2026-01-12,4537.9447003000005,0.009843271519758775,0.0008074872014342643,0.0006932500000000001,90997123
2026-01-13,2408.9007085,0.009539068192368303,0.0008141344101853408,0.00068955,97238396
2026-01-14,1509.5210280499998,0.009336857960996047,0.0008358389177486078,0.0007182,97569706
2026-01-15,3669.2563827999993,0.009584172195034294,0.000811908126722263,0.00070595,94805827
2026-01-16,10252.079999999998,0.012115056178606861,0.0008363745696514577,0.00070195,100215326
2026-01-17,1555.0634826,0.008165968108649509,0.0008460677268108223,0.0007179000000000002,92525723
2026-01-18,2361.8637653559595,0.008413274075938889,0.0008209502892531166,0.00069185,94302390
2026-01-19,3530.87789559894,0.008377136352666894,0.00077693368165806,0.0006646,97534573
2026-01-20,7084.000657266401,0.007399599726382888,0.0007342900241930783,0.0006263000000000001,108911581
2026-01-21,1898.5056457500002,0.006933859402125995,0.0007247049722712884,0.000628,111090038
2026-01-22,10135.530644999999,0.007542117597489351,0.0007498112340070614,0.000635,111365808
2026-01-23,1621.1276007,0.007252074496618522,0.0007156207488262785,0.00062785,104685454
2026-01-24,1109.304639,0.008472681339727244,0.0007551875166180871,0.00063345,106355613
2026-01-25,3798.30063305,0.009226822943450522,0.0007615642753236375,0.0005883500000000001,124919022
2026-01-26,1383.5350251,0.010133892950593639,0.0007608892526298604,0.00059415,126845827
2026-01-27,1416.5186422499999,0.010138584382928811,0.0007350514897763925,0.0006157500000000001,124658904
2026-01-28,1556.0536771,0.00960847255404602,0.0007472672909813492,0.00062485,113043753
2026-01-29,1388.199375,0.008389858038134428,0.0007061569076787837,0.0005771000000000001,123779823
2026-01-30,1552.6425837,0.008644737047514279,0.0006954869298314499,0.0005659,148345154
2026-01-31,1305.46269225,0.007078372615201237,0.0006414521770974893,0.0004926,138557574
2026-02-01,1405.0125282000001,0.005320000184098224,0.0005800539390480112,0.0004934000000000001,135016057
2026-02-02,1370.85666224,0.005319158532311445,0.0005778354571115599,0.00048290000000000003,150621854
2026-02-03,1125.2188853999999,0.006010132105165457,0.0005864798938073039,0.0004844,135704307
2026-02-04,1498.8901764,0.0058844633815643066,0.000543623577184411,0.00044875000000000004,134668151
2026-02-05,2763.9901637999997,0.004977794577698784,0.0004867090281116162,0.00038905000000000005,160032682
2026-02-06,1621.10343345,0.005354254903253579,0.0004653293770730158,0.00034935000000000006,153678237
2026-02-07,1460.3608038,0.005890792654642479,0.0004862581521258739,0.00042330000000000004,112673971
2026-02-08,2088.2610042,0.00544907676570064,0.0004998416822309639,0.0004298,111627057
2026-02-09,2829.49243665,0.005545762748228645,0.0004810186283318251,0.0004147,115072546
2026-02-10,1075.97292195,0.005499009546973207,0.00048186218562761446,0.00041025,117630350
2026-02-11,4274.89689915,0.005142742987798741,0.0004732514972829966,0.00039150000000000003,120203178
2026-02-12,1070.949684,0.004935142246022768,0.00046310394938969417,0.00038385000000000003,113609637
2026-02-13,2798.07043505749,0.00552947919357336,0.0004806763680822494,0.00038855,106420627
2026-02-14,815.9792856,0.005120461154042077,0.00049770935498263,0.00042140000000000005,94937809
2026-02-15,1011.9806909499999,0.005231717646360514,0.0005080763705963738,0.00042500000000000003,102288958
2026-02-16,613.4029245,0.005697011971018284,0.0004893903801756607,0.00041405000000000006,99990028
2026-02-17,3612.500425,0.007565305749824207,0.0005160240274942653,0.00041525000000000004,114745428
2026-02-18,1104.03341505,0.006525894118709764,0.0004836579778315422,0.00040360000000000005,108786198
2026-02-19,4282.20041175,0.005469178534826057,0.0004714546643546126,0.00039930000000000006,105287641
2026-02-20,481.40077685,0.0057860731434688445,0.0004900047388502129,0.00040955,116643826
2026-02-21,754.4068224,0.0052480651157557215,0.0004984625805941936,0.0004202000000000001,108341750
2026-02-22,18555.1604198,0.0057020499261188,0.0004968314231742787,0.00041285,110114489
2026-02-23,620.7061946,0.005179894850295291,0.00047098054670498556,0.00038665000000000005,125880507
2026-02-24,4055.5203976,0.005317271725446825,0.0004557799969953168,0.00038,125584858
2026-02-25,4319.93291025,0.005200474274992091,0.0005004183193924933,0.00039415,140083984
2026-02-26,2270.12808365,0.00548462861557592,0.0004839549163458928,0.00042295000000000006,120515962
2026-02-27,2497.6035876,0.005209713491305672,0.000475312720679406,0.0004045000000000001,133910087
2026-02-28,1030.4456639999999,0.004507767504209424,0.0004600725222501532,0.0003876,137353280
2026-03-01,831.8886147,0.00455752007024057,0.0004763431525246287,0.00040955,126386535
2026-03-02,543.94135335,0.00486505267861409,0.0004728627662073761,0.00041265000000000003,136711972
2026-03-03,2296.79468865,0.004844098929496489,0.00048617341690928374,0.0004141,120731719
2026-03-04,2444.56973915,0.004790826490153485,0.0005025720370803469,0.00042495,144907195
2026-03-05,1711.0504575,0.004606760197900175,0.00048654677559163337,0.00044065,127732281
2026-03-06,838.2744321000001,0.00501150137636948,0.00047958538598451994,0.00041885,129596059
2026-03-07,1076.32542375,0.00466549896411381,0.0004632542592605752,0.0004125500000000001,107696467
2026-03-08,10362.31250842425,0.004386889891901087,0.0004585143262737685,0.00040390000000000006,114936984
2026-03-09,520.0864263000001,0.004344391519133976,0.00045844966663367804,0.00040770000000000004,135610200
2026-03-10,3252.4204279500004,0.004482971250371189,0.00047942363485438063,0.0004247,130864155
2026-03-11,577.812239,0.004954246818080882,0.000480984146764502,0.00042205000000000004,128744994
2026-03-12,1002.9364322999999,0.004816308319927908,0.00047682933598504844,0.000424,123850604
2026-03-13,1268.7504375,0.0046882034484433755,0.0004894160638153079,0.00043385,132414310
2026-03-14,1497.5304404500002,0.004397421252010694,0.00047263613670531934,0.00043295000000000003,112966454
2026-03-15,4069.1604423,0.004357364253090258,0.00048721337545298355,0.00043725000000000003,115649878
2026-03-16,1211.6950793645901,0.005098293371966672,0.0005167127104394745,0.0004563000000000001,127287906
2026-03-17,1049.32846845,0.004748830420456098,0.000518672031725006,0.0004665,119955668
2026-03-18,1399.80545155,0.004137825006080958,0.0004975689512548354,0.000444,113841554
2026-03-19,2112.7204401500003,0.004278668877283097,0.00048636108631862444,0.0004358,107746833
2026-03-20,1485.5212453000001,0.00395596547017439,0.0004924501702247391,0.00044135,110842301
2026-03-21,1750.12544875,0.0041218404313670826,0.0004882937789603197,0.00044050000000000003,94255594
2026-03-22,635.040441,0.003775542587677856,0.00047425676071491407,0.00042805,99828089
2026-03-23,1786.3954580500001,0.004283810953104956,0.0004868706092751643,0.00042655000000000004,125232811
2026-03-24,4821.9404549,0.004577657801676795,0.000494058908657322,0.0004424000000000001,114950930
2026-03-25,1371.1485191,0.0047180260109300045,0.0004997103364360661,0.00045385,116837889
2026-03-26,3031.7104593500003,0.004693919723264424,0.0004806535705729393,0.00042765,105942582
2026-03-27,1167.94832355,0.004130147188142489,0.00045839572930513587,0.00041025,110647950
2026-03-28,942.7594171500001,0.0041238230357266755,0.00044258588979104066,0.00040955,88916944
2026-03-29,1632.0,0.003824129534795848,0.0004359668212707628,0.00039745,92296040
2026-03-30,3567.5824217,0.006161425091720331,0.00046417972877212885,0.00040625000000000004,124689741
2026-03-31,907.5004125,0.003956427675296678,0.00044688617950263673,0.00040155000000000003,122464167
2026-04-01,1656.49248765,0.005306896539168716,0.0004655474731624624,0.0004045000000000001,119865832
2026-04-02,1574.393436,0.004414700664321855,0.0004310773578737848,0.0003848,100411340
2026-04-03,1236.24182212506,0.004997724775258157,0.0004386917996060965,0.0003947,86793763
2026-04-04,417.7684017,0.0050223858423534525,0.0004438902395080568,0.0003989500000000001,79803990
2026-04-05,1696.4896995499998,0.004181426420745628,0.0004411430418647436,0.0003935,85556355
2026-04-06,438.31840585000003,0.00460154862785246,0.00044303792377278653,0.00039905,98918928
2026-04-07,2474.70041245,0.004599037370171585,0.0004386745108133629,0.00039240000000000005,102761178
2026-04-08,1527.5014173499999,0.004534917029151729,0.00045021374654459777,0.00041180000000000003,97547764
2026-04-09,2164.1646,0.004644288053122781,0.000445218081163651,0.00040765,99705925
2026-04-10,604.56542575,0.004101106654457492,0.00046104963557898164,0.00041405000000000006,105209995
2026-04-11,521.1834265,0.003914631342619754,0.0004578240027203041,0.00042005000000000005,88579521
2026-04-12,957.3487462400001,0.003721192542599048,0.0004434564433995815,0.00040720000000000003,87665196
2026-04-13,1241.25041375,0.004421701480745936,0.00044606232582239814,0.00040780000000000005,100062024
2026-04-14,705.8564303139201,0.004775939217652155,0.00046427361363493477,0.0004169,98503095
2026-04-15,852.0,0.004485292850016147,0.0004582303235811449,0.00041415,96209896
2026-04-16,817.8804445000002,0.004601001920243071,0.00047235867912761046,0.00042080000000000004,104899339
2026-04-17,1442.1954464107,0.004854180253572331,0.0005176618867255299,0.0004373,115752834
2026-04-18,5178.0,0.004321331080570562,0.00048596322557792603,0.00043000000000000004,92313107
2026-04-19,694.2975279643899,0.0038558252993256895,0.0004631169805057664,0.00041635,88286723
2026-04-20,1092.6925872,0.00467881067093876,0.0004696153644987786,0.00041775000000000004,93075242
2026-04-21,691.050425,0.004614982808946686,0.0004739353514373923,0.00042200000000000007,95806584
2026-04-22,1596.96,0.004460614190848844,0.0004797662630342158,0.0004301,91425767
2026-04-23,1526.47451905,0.003743191790806232,0.0004726735059559586,0.000424,96079559
2026-04-24,1881.0,0.0039727191340868315,0.00046967664807891766,0.00042535,94480096
2026-04-25,604.1,0.0036129732500668832,0.0004666711383249922,0.00042835000000000003,86740923
2026-04-26,701.2260898499999,0.003718209852480978,0.00047446630286211537,0.00042985,92366284
2026-04-27,926.8604213,0.004632110193760512,0.0004842457684664703,0.0004196500000000001,104684957
2026-04-28,933.2404242,0.004976107047619723,0.0005000575698214106,0.00041525000000000004,114886156
2026-04-29,1080.9267026,0.00478211448412127,0.00047150627059911533,0.00040805,116002404
2026-04-30,916.7404167,0.004575122524835519,0.00048084658505565605,0.0004116,101000164
2026-05-01,4277.3236865134495,0.0047254567097196115,0.00048021732526608193,0.00041525000000000004,94125116
2026-05-02,1274.86946035281,0.004172598288197261,0.00045839621891716366,0.0004179,86236732
2026-05-03,754.47880215,0.004345791497611394,0.0004592366029627018,0.0004181000000000001,82150309
2026-05-04,762.3004235,0.00426605011194844,0.0004725675976081132,0.00041710000000000006,94095477
2026-05-05,1038.5710281000001,0.0040202058913480455,0.00048425998162173893,0.00042025,98206350
2026-05-06,702.39368275,0.004413399821942164,0.0005073736749360012,0.00043070000000000006,101546636
2026-05-07,791.74327545,0.004259859469605862,0.0005046181713666527,0.00043860000000000004,108663386
2026-05-08,924.70046235,0.004537280031394167,0.0005182754621757723,0.00043875,111916857
2026-05-09,2523.9604674,0.004103500510610361,0.0005225870653008281,0.0004598,97015771
2026-05-10,2106.5610034,0.003984340981194249,0.000523081875360233,0.00046345,98675072
2026-05-11,1466.7004889,0.005382821665103709,0.0005306117412145972,0.00047225000000000007,104564137
2026-05-12,744.15124325,0.004887264179105748,0.0005227812697525429,0.00046845000000000003,107132979
2026-05-13,1190.66046432879,0.004567035773590777,0.0005047518826222446,0.00045205,108033386
2026-05-14,735.79973115,0.004175003061009415,0.00048540189913590304,0.0004493,103418735
2026-05-15,622.4410364500001,0.0038551684736152065,0.00048842489138842,0.0004439500000000001,103015376
2026-05-16,2335.7704325500004,0.0037014226042347462,0.0004732264551154927,0.0004283,98533794
2026-05-17,662.5367930625,0.003486748412496181,0.0004567450211793436,0.0004223,92061624
2026-05-18,1073.1505832999999,0.0037487492739414195,0.0004473092451879864,0.00041775000000000004,101579476
2026-05-19,599.0890213,0.0035943722717919685,0.000442520582623902,0.0004193500000000001,96269846
2026-05-20,673.1204207,0.0037994720334927996,0.0004518442471669116,0.0004194,97783989
2026-05-21,1775.34693163506,0.0038705550128933816,0.00045186564401362674,0.00042675,96879696
2026-05-22,57001.5604378,0.003997784943799254,0.0004520396047689998,0.00042070000000000003,103423165
2026-05-23,442.55202398477996,0.0032852064121534196,0.0004396124311653662,0.0004087,103103447
2026-05-24,514.3204286,0.0035459209867949875,0.0004506420230297529,0.000419,100361753
2026-05-25,1210.48542925,0.0038380121114832333,0.0004447190131418154,0.00042385000000000003,93052761
2026-05-26,2198.8643523,0.003630216083610193,0.0004403215811083313,0.00041610000000000003,104048548
2026-05-27,787.41078978141,0.003555947867386089,0.0004348560633909558,0.00041045000000000003,104765733
2026-05-28,1641.5834588999999,0.0032085298132025633,0.0004232760253973008,0.00040045000000000006,106792579
2026-05-29,857.4448198111,0.003305681738038324,0.0004255245511979388,0.0004025,105768880
2026-05-30,653.3088521999999,0.003337243046943751,0.00042660020099950666,0.0004095000000000001,88712633
2026-05-31,657.4404109000001,0.0030042217967545227,0.00042855656756135075,0.0004066,94761751
