rank,name,slug,url,skynet_score,price_usd,market_cap,trading_volume,tvl_usd,governance_score,security_incident_count,is_exit_scam,has_3rd_party_audit,audit_count,platforms
1,Uniswap,uniswap,https://skynet.certik.com/projects/uniswap,"{'rank': 6, 'percentile': 0.00025529742149599244, 'includedCategories': ['code', 'governance', 'community', 'market', 'operation', 'fundamental'], 'score': 95.18, 'scoreCodeSecurity': 93.23999786376953, 'scoreCommunity': 98, 'scoreFundamental': 95.88999938964844, 'scoreGovernance': 96.19999694824219, 'scoreMarket': 96.41000366210938, 'scoreOperation': 93.30000305175781}",3.0301204596086606,1898142648,480663115.3288915,3123786972.5968475,,0,,True,17,Ethereum
2,Virtuals Protocol,virtuals-protocol,https://skynet.certik.com/projects/virtuals-protocol,"{'rank': 57, 'percentile': 0.0029103906050549355, 'includedCategories': ['code', 'governance', 'community', 'market', 'operation', 'fundamental'], 'score': 92.56, 'scoreCodeSecurity': 87.3499984741211, 'scoreCommunity': 94.96, 'scoreFundamental': 92.5, 'scoreGovernance': 98, 'scoreMarket': 96, 'scoreOperation': 84.95}",0.5907404488348251,387883229,66792680.694484875,,,0,,True,3,Solana|Base|Ethereum|BSC
3,1inch Network,1inch,https://skynet.certik.com/projects/1inch,"{'rank': 62, 'percentile': 0.003165688026550928, 'includedCategories': ['code', 'governance', 'community', 'market', 'operation', 'fundamental'], 'score': 92.45, 'scoreCodeSecurity': 92.92, 'scoreCommunity': 92.66, 'scoreFundamental': 94.86, 'scoreGovernance': 94.86, 'scoreMarket': 92.11, 'scoreOperation': 85.11}",0.07258262394629252,102802449,9630063.272946747,2467894.6393578434,,0,,True,4,Avalanche|BSC|Polygon
4,Hyperliquid,hyperliquid,https://skynet.certik.com/projects/hyperliquid,"{'rank': 71, 'percentile': 0.0036252233852438476, 'includedCategories': ['code', 'governance', 'community', 'market', 'operation', 'fundamental'], 'score': 92.2, 'scoreCodeSecurity': 90.7300033569336, 'scoreCommunity': 98, 'scoreFundamental': 85.3499984741211, 'scoreGovernance': 90.5, 'scoreMarket': 96, 'scoreOperation': 93.37999725341797}",67.08558148009446,16990925726,658027605.1625977,3822438534.074184,,0,,True,2,Arbitrum|Ethereum
5,Aster,aster,https://skynet.certik.com/projects/aster,"{'rank': 71, 'percentile': 0.0036252233852438476, 'includedCategories': ['code', 'governance', 'community', 'market', 'operation', 'fundamental'], 'score': 92.17, 'scoreCodeSecurity': 81.87, 'scoreCommunity': 95, 'scoreFundamental': 91.02, 'scoreGovernance': 95, 'scoreMarket': 95, 'scoreOperation': 89.34}",0.6171837341864986,1677357611,269010551.3187517,309106579.2080228,,0,False,True,6,BSC
6,Synfutures,synfutures,https://skynet.certik.com/projects/synfutures,"{'rank': 80, 'percentile': 0.0041358182282359435, 'includedCategories': ['code', 'governance', 'community', 'market', 'operation', 'fundamental'], 'score': 91.86, 'scoreCodeSecurity': 89.44, 'scoreCommunity': 95.02, 'scoreFundamental': 92.8, 'scoreGovernance': 89.51, 'scoreMarket': 93.85, 'scoreOperation': 88.03}",0.003695862607489297,15905097,2963401.4713399806,4854425.14465493,,0,,True,1,Blast|Polygon|BSC|Arbitrum|zkSync|Ethereum
7,PancakeSwap,pancakeswap,https://skynet.certik.com/projects/pancakeswap,"{'rank': 88, 'percentile': 0.004595353586928752, 'includedCategories': ['code', 'governance', 'community', 'market', 'operation', 'fundamental'], 'score': 91.69, 'scoreCodeSecurity': 94.98, 'scoreCommunity': 98, 'scoreFundamental': 76.7, 'scoreGovernance': 98, 'scoreMarket': 96, 'scoreOperation': 89.55}",1.367582951396119,436856915,55550322.49349926,2145870728.9409542,,0,,False,2,BSC|opBNB
8,STON.fi,ston-fi,https://skynet.certik.com/projects/ston-fi,"{'rank': 89, 'percentile': 0.004646413071227928, 'includedCategories': ['code', 'governance', 'community', 'market', 'operation', 'fundamental'], 'score': 91.68, 'scoreCodeSecurity': 96, 'scoreCommunity': 93.59, 'scoreFundamental': 98, 'scoreGovernance': 89.6500015258789, 'scoreMarket': 84.78, 'scoreOperation': 91.2}",0.5310372170531306,20186168,12715.977005004883,29598169.732871808,,0,,True,4,TON|Tron
9,DODO DEX,dodo-dex,https://skynet.certik.com/projects/dodo-dex,"{'rank': 92, 'percentile': 0.004799591524125568, 'includedCategories': ['code', 'governance', 'community', 'market', 'operation', 'fundamental'], 'score': 91.61, 'scoreCodeSecurity': 96, 'scoreCommunity': 95.71, 'scoreFundamental': 85.1, 'scoreGovernance': 94.46, 'scoreMarket': 93.26, 'scoreOperation': 83.97}",0.01646584083345351,17075725,1470430.059120138,11060441.623163858,,0,,False,5,Arbitrum|BSC|Polygon|TON|OKTC
10,Taiko,taiko,https://skynet.certik.com/projects/taiko,"{'rank': 116, 'percentile': 0.0060760786316058635, 'includedCategories': ['code', 'governance', 'community', 'market', 'operation', 'fundamental'], 'score': 90.95, 'scoreCodeSecurity': 91.18, 'scoreCommunity': 94.03, 'scoreFundamental': 89.05, 'scoreGovernance': 90.78, 'scoreMarket': 92.94, 'scoreOperation': 85.45}",0.08294831054406877,15974457,5661681.126107724,16259871.523546606,,0,,True,1,Ethereum
11,DODO NFT,dodonft,https://skynet.certik.com/projects/dodonft,"{'rank': 122, 'percentile': 0.0064334950217003195, 'includedCategories': ['code', 'governance', 'community', 'market', 'operation', 'fundamental'], 'score': 90.84, 'scoreCodeSecurity': 93.76, 'scoreCommunity': 93.52, 'scoreFundamental': 85.1, 'scoreGovernance': 94.46, 'scoreMarket': 93.26, 'scoreOperation': 82.92}",0.01646584083345351,17075725,1470430.059120138,11060441.623163858,,0,,False,3,Arbitrum|BSC|Polygon
12,Shiba Swap,shiba-swap,https://skynet.certik.com/projects/shiba-swap,"{'rank': 128, 'percentile': 0.006688792443196312, 'includedCategories': ['code', 'governance', 'community', 'market', 'operation', 'fundamental'], 'score': 90.79, 'scoreCodeSecurity': 90.21, 'scoreCommunity': 97.3, 'scoreFundamental': 83, 'scoreGovernance': 88.93, 'scoreMarket': 96, 'scoreOperation': 87.24}",4.699074210252006e-06,2781793737,83336509.94023634,,,0,,False,1,Ethereum
13,Cetus Protocol,cetus-protocol,https://skynet.certik.com/projects/cetus-protocol,"{'rank': 139, 'percentile': 0.007301506254786871, 'includedCategories': ['code', 'governance', 'community', 'market', 'operation', 'fundamental'], 'score': 90.56, 'scoreCodeSecurity': 93.12, 'scoreCommunity': 91.96, 'scoreFundamental': 95.06, 'scoreGovernance': 85.84, 'scoreMarket': 89.78999999999999, 'scoreOperation': 82.04000183105468}",0.01792639011004847,17004901,2392078.911454058,27046630.292083018,,1,,True,5,Sui
14,Mintlayer,mintlayer,https://skynet.certik.com/projects/mintlayer,"{'rank': 147, 'percentile': 0.007709982129180504, 'includedCategories': ['code', 'governance', 'community', 'market', 'operation', 'fundamental'], 'score': 90.39, 'scoreCodeSecurity': 96, 'scoreCommunity': 93.82, 'scoreFundamental': 96.4, 'scoreGovernance': 83.80000305175781, 'scoreMarket': 87.81, 'scoreOperation': 78.09}",0.006843041389633098,438893,119003.98939545755,,,0,,False,2,Ethereum
15,Curve Stablecoin,curve-stablecoin,https://skynet.certik.com/projects/curve-stablecoin,"{'rank': 151, 'percentile': 0.00791422006637732, 'includedCategories': ['code', 'governance', 'community', 'market', 'operation', 'fundamental'], 'score': 90.27, 'scoreCodeSecurity': 93.55, 'scoreCommunity': 96.28, 'scoreFundamental': 79.5, 'scoreGovernance': 93.36, 'scoreMarket': 95.38, 'scoreOperation': 80.79}",0.9990177974786327,207767422,21697798.870371453,50856110.88542107,,0,,True,1,Ethereum
16,Lighter,lighter,https://skynet.certik.com/projects/lighter,"{'rank': 169, 'percentile': 0.008833290783763048, 'includedCategories': ['code', 'governance', 'community', 'market', 'operation', 'fundamental'], 'score': 90.02, 'scoreCodeSecurity': 92.51, 'scoreCommunity': 84.38999938964844, 'scoreFundamental': 87.9, 'scoreGovernance': 87.65, 'scoreMarket': 94.37, 'scoreOperation': 84.27}",1.5292483912835426,382416838,64011079.97316028,,,0,,False,3,Ethereum
17,Jupiter,jupiter-exchange,https://skynet.certik.com/projects/jupiter-exchange,"{'rank': 178, 'percentile': 0.009292826142455968, 'includedCategories': ['code', 'governance', 'community', 'market', 'operation', 'fundamental'], 'score': 89.86, 'scoreCodeSecurity': 85.21, 'scoreCommunity': 95.17, 'scoreFundamental': 90.2300033569336, 'scoreGovernance': 84.62000274658203, 'scoreMarket': 96, 'scoreOperation': 79.9}",0.18372639025898121,615203184,33178216.55439014,1980415067.2069187,,0,,True,1,Solana
18,Sei Protocol,sei-protocol,https://skynet.certik.com/projects/sei-protocol,"{'rank': 181, 'percentile': 0.009446004595353608, 'includedCategories': ['code', 'governance', 'community', 'market', 'operation', 'fundamental'], 'score': 89.81, 'scoreCodeSecurity': 80.79, 'scoreCommunity': 94.84, 'scoreFundamental': 97, 'scoreGovernance': 80.3499984741211, 'scoreMarket': 95.96, 'scoreOperation': 79.5}",0.05325383781947957,384569530,50980555.85953657,,,0,,False,1,Sei
19,Hyperion,hyperion,https://skynet.certik.com/projects/hyperion,"{'rank': 187, 'percentile': 0.00985448046974724, 'includedCategories': ['code', 'governance', 'community', 'market', 'operation', 'fundamental'], 'score': 89.65, 'scoreCodeSecurity': 81.5, 'scoreCommunity': 93.63, 'scoreFundamental': 97, 'scoreGovernance': 88.23, 'scoreMarket': 89.96, 'scoreOperation': 87.79}",0.1695670415563123,3223177,177151.9350842475,10756054.104454195,,0,,True,0,Aptos
20,ApeBond,apeswap-finance,https://skynet.certik.com/projects/apeswap-finance,"{'rank': 195, 'percentile': 0.010211896859841696, 'includedCategories': ['code', 'governance', 'community', 'market', 'operation', 'fundamental'], 'score': 89.49, 'scoreCodeSecurity': 72.08000183105469, 'scoreCommunity': 98, 'scoreFundamental': 95.88999938964844, 'scoreGovernance': 90.73999786376953, 'scoreMarket': 95.6500015258789, 'scoreOperation': 92.12000274658203}",0.0004941366034488299,316662,550.9823837280273,8708712.462895809,,0,,True,1,BSC|Ethereum|Polygon
21,Ambire Wallet,ambire,https://skynet.certik.com/projects/ambire,"{'rank': 196, 'percentile': 0.010262956344140872, 'includedCategories': ['code', 'governance', 'community', 'market', 'operation', 'fundamental'], 'score': 89.47, 'scoreCodeSecurity': 92.45, 'scoreCommunity': 64.26, 'scoreFundamental': 95.6, 'scoreGovernance': 91.15, 'scoreMarket': 90.07, 'scoreOperation': 92.97}",0.016914897713996947,12385915,24878.325468595733,,,0,,True,1,Ethereum|Base|Arbitrum|Optimism|Polygon|BSC|Gnosis-gno|Scroll
22,IoTeX,iotex,https://skynet.certik.com/projects/iotex,"{'rank': 202, 'percentile': 0.010569313249936152, 'includedCategories': ['code', 'governance', 'community', 'market', 'operation', 'fundamental'], 'score': 89.42, 'scoreCodeSecurity': 85.25, 'scoreCommunity': 94.65, 'scoreFundamental': 85.1, 'scoreGovernance': 88.2, 'scoreMarket': 92.59, 'scoreOperation': 92.92}",0.0029728248200298632,28107674,1242459.8912829834,2633366.0103766234,,0,,False,2,IoTeX|Polygon|BSC
23,Shade Protocol,shade-protocol,https://skynet.certik.com/projects/shade-protocol,"{'rank': 221, 'percentile': 0.01164156242021952, 'includedCategories': ['code', 'governance', 'community', 'market', 'operation', 'fundamental'], 'score': 89.14, 'scoreCodeSecurity': 82.75, 'scoreCommunity': 95.86, 'scoreFundamental': 95.25, 'scoreGovernance': 88.36000061035156, 'scoreMarket': 87.13999938964844, 'scoreOperation': 89.72}",,382945,12228.3,,,0,,False,3,Secret
24,Synthetix,synthetix,https://skynet.certik.com/projects/synthetix,"{'rank': 228, 'percentile': 0.0119479193260148, 'includedCategories': ['code', 'governance', 'community', 'market', 'operation', 'fundamental'], 'score': 88.95, 'scoreCodeSecurity': 90.14, 'scoreCommunity': 94.51, 'scoreFundamental': 79.5, 'scoreGovernance': 90.18, 'scoreMarket': 93.97, 'scoreOperation': 83.6}",0.23982674596018855,83282288,6400851.392347663,32694917.04544904,,0,,True,56,Ethereum
25,WOOFi Swap,woofiswap,https://skynet.certik.com/projects/woofiswap,"{'rank': 234, 'percentile': 0.01225427623181008, 'includedCategories': ['code', 'governance', 'community', 'market', 'operation', 'fundamental'], 'score': 88.89, 'scoreCodeSecurity': 87.77, 'scoreCommunity': 96.4, 'scoreFundamental': 75.65, 'scoreGovernance': 88.75, 'scoreMarket': 93.79, 'scoreOperation': 95.49}",0.01261175281396596,23940998,1690624.214994218,8030572.464545531,,0,,False,10,BSC|Polygon|Ethereum|Solana|Fantom|Arbitrum|Avalanche|Near
26,Bonk,bonk1,https://skynet.certik.com/projects/bonk1,"{'rank': 235, 'percentile': 0.012305335716109256, 'includedCategories': ['code', 'governance', 'community', 'market', 'operation', 'fundamental'], 'score': 88.84, 'scoreCodeSecurity': 89.12, 'scoreCommunity': 95.41, 'scoreFundamental': 80.52999877929688, 'scoreGovernance': 86.72000122070312, 'scoreMarket': 95.81, 'scoreOperation': 79.55}",4.440313068513861e-06,391781575,32559214.069999985,,,0,,True,1,Solana
27,Genius Terminal,genius-terminal,https://skynet.certik.com/projects/genius-terminal,"{'rank': 247, 'percentile': 0.012969109011998992, 'includedCategories': ['code', 'governance', 'community', 'market', 'operation', 'fundamental'], 'score': 88.72, 'scoreCodeSecurity': 86.45, 'scoreCommunity': 93.3, 'scoreFundamental': 89.05, 'scoreGovernance': 94.87, 'scoreMarket': 87.38, 'scoreOperation': 85.85}",0.4164211590143063,137665204,28611437.754275385,,,0,,True,2,Ethereum|Arbitrum|Optimism|Avalanche|Base|BSC|Fantom|Solana
28,Orca,orca,https://skynet.certik.com/projects/orca,"{'rank': 265, 'percentile': 0.01388817972938472, 'includedCategories': ['code', 'governance', 'community', 'market', 'operation', 'fundamental'], 'score': 88.53, 'scoreCodeSecurity': 90.06, 'scoreCommunity': 94.14, 'scoreFundamental': 78.8, 'scoreGovernance': 80.61000061035156, 'scoreMarket': 95.31, 'scoreOperation': 86.85}",1.1965359040884587,73355257,21765187.41225753,241281567.9241442,,0,,True,4,Solana
29,Curve,curve-dao-token,https://skynet.certik.com/projects/curve-dao-token,"{'rank': 283, 'percentile': 0.014858309931069735, 'includedCategories': ['code', 'governance', 'community', 'market', 'operation', 'fundamental'], 'score': 88.34, 'scoreCodeSecurity': 89.14999999999999, 'scoreCommunity': 92.11, 'scoreFundamental': 88.32, 'scoreGovernance': 90.3, 'scoreMarket': 85.64, 'scoreOperation': 89.14999999999999}",0.21292205832732666,323773863,55778142.848199114,1548321964.419416,,2,,True,4,Ethereum
30,Playnance,Playnance,https://skynet.certik.com/projects/Playnance,"{'rank': 285, 'percentile': 0.014960428899668088, 'includedCategories': ['code', 'governance', 'community', 'market', 'operation', 'fundamental'], 'score': 88.32, 'scoreCodeSecurity': 89.69999694824219, 'scoreCommunity': 79.94000244140625, 'scoreFundamental': 95, 'scoreGovernance': 75.5, 'scoreMarket': 65.30000305175781, 'scoreOperation': 86}",0.0025893001187189584,64873894,494843.45629898,,,0,,False,3,
31,Bluefin,bluefin,https://skynet.certik.com/projects/bluefin,"{'rank': 294, 'percentile': 0.015419964258361007, 'includedCategories': ['code', 'community', 'market', 'operation', 'fundamental'], 'score': 88.15, 'scoreCodeSecurity': 85.38999938964844, 'scoreCommunity': 93.88999938964844, 'scoreFundamental': 87.62000274658203, 'scoreGovernance': None, 'scoreMarket': 88.30000305175781, 'scoreOperation': 88.55000305175781}",0.010682813760066762,5386888,1919394.6573281463,68893683.08931579,,0,,True,0,Arbitrum|Sui
32,Coreum,coreum,https://skynet.certik.com/projects/coreum,"{'rank': 307, 'percentile': 0.016083737554250743, 'includedCategories': ['code', 'governance', 'community', 'market', 'operation', 'fundamental'], 'score': 87.94, 'scoreCodeSecurity': 92.14, 'scoreCommunity': 73.19, 'scoreFundamental': 91.19999694824219, 'scoreGovernance': 88.12000274658203, 'scoreMarket': 85.35, 'scoreOperation': 95.37999725341797}",0.010380858120141001,4002374,1164.787452697754,,,0,,False,4,Cosmos
33,Orderly Network,orderly-network,https://skynet.certik.com/projects/orderly-network,"{'rank': 316, 'percentile': 0.016543272912943552, 'includedCategories': ['code', 'governance', 'community', 'market', 'operation', 'fundamental'], 'score': 87.83, 'scoreCodeSecurity': 82.14, 'scoreCommunity': 95.81, 'scoreFundamental': 92.8, 'scoreGovernance': 63.2, 'scoreMarket': 93.85, 'scoreOperation': 87.87}",0.03744284408992774,14704821,4904303.023851561,23723877.122431125,,0,,True,2,Base|Ethereum|Solana|Arbitrum|Optimism
34,Bancor,bancor,https://skynet.certik.com/projects/bancor,"{'rank': 337, 'percentile': 0.017717641051825384, 'includedCategories': ['code', 'governance', 'community', 'market', 'operation', 'fundamental'], 'score': 87.61, 'scoreCodeSecurity': 89.31, 'scoreCommunity': 90.32, 'scoreFundamental': 86.34, 'scoreGovernance': 87.82, 'scoreMarket': 86.41, 'scoreOperation': 87.42}",0.26495413014545666,28645480,2549659.43515001,25262552.130605683,,0,,True,2,Arbitrum
35,Bitcoin.com,bitcoin-com,https://skynet.certik.com/projects/bitcoin-com,"{'rank': 342, 'percentile': 0.018023997957620663, 'includedCategories': ['code', 'governance', 'community', 'market', 'operation', 'fundamental'], 'score': 87.58, 'scoreCodeSecurity': 79.75, 'scoreCommunity': 96.91, 'scoreFundamental': 92.8, 'scoreGovernance': 93.56, 'scoreMarket': 86.69, 'scoreOperation': 80.16}",2.0275780691279118e-05,1016552,34861.17724609375,485506.7043522724,,0,,False,1,Ethereum
36,Rubic,rubic-finance,https://skynet.certik.com/projects/rubic-finance,"{'rank': 350, 'percentile': 0.01838141434771512, 'includedCategories': ['code', 'governance', 'community', 'market', 'operation', 'fundamental'], 'score': 87.42, 'scoreCodeSecurity': 87.11, 'scoreCommunity': 97.33, 'scoreFundamental': 85.1, 'scoreGovernance': 82.03, 'scoreMarket': 89.49, 'scoreOperation': 81.97}",0.00400440680097666,662161,82967.21244071532,,,0,,False,1,Avalanche|BSC|Ethereum|Fantom|Harmony|Polygon|Solana
37,zkSwap Finance,zkswap-finance,https://skynet.certik.com/projects/zkswap-finance,"{'rank': 370, 'percentile': 0.019453663517998487, 'includedCategories': ['code', 'community', 'market', 'operation', 'fundamental'], 'score': 87.16, 'scoreCodeSecurity': 86.7, 'scoreCommunity': 60.76, 'scoreFundamental': 92.93, 'scoreGovernance': None, 'scoreMarket': 88.81, 'scoreOperation': 98}",0.0004178592619865777,265250,42876.02474539228,,,0,,False,1,zkSync
38,dYdX,dydx,https://skynet.certik.com/projects/dydx,"{'rank': 371, 'percentile': 0.01955578248659684, 'includedCategories': ['code', 'governance', 'community', 'market', 'operation', 'fundamental'], 'score': 87.13, 'scoreCodeSecurity': 76.05000000000001, 'scoreCommunity': 93.58, 'scoreFundamental': 90.7, 'scoreGovernance': 93.23, 'scoreMarket': 90.05, 'scoreOperation': 80.81}",0.11516643969454096,4787914,3697782.929603216,135232019.79664382,,1,,True,3,Ethereum
39,edgeX,edgex,https://skynet.certik.com/projects/edgex,"{'rank': 372, 'percentile': 0.01955578248659684, 'includedCategories': ['code', 'governance', 'community', 'market', 'operation', 'fundamental'], 'score': 87.13, 'scoreCodeSecurity': 82.43, 'scoreCommunity': 92.09, 'scoreFundamental': 82.75, 'scoreGovernance': 93.75, 'scoreMarket': 91.37, 'scoreOperation': 81.02999877929688}",0.33565668751809885,117749488,10452506.568132745,101103186.60157108,,0,,True,2,
40,0x,0x,https://skynet.certik.com/projects/0x,"{'rank': 390, 'percentile': 0.02062803165688032, 'includedCategories': ['code', 'governance', 'community', 'market', 'operation', 'fundamental'], 'score': 86.85, 'scoreCodeSecurity': 70.63, 'scoreCommunity': 94.74, 'scoreFundamental': 88.25, 'scoreGovernance': 87.1, 'scoreMarket': 94.1, 'scoreOperation': 86.62}",0.08466114119483291,72171171,7034235.899178061,,,0,,False,0,Ethereum|Arbitrum|Avalanche|Fantom|Optimism|Polygon
41,HanChain,hanchain,https://skynet.certik.com/projects/hanchain,"{'rank': 404, 'percentile': 0.02134286443706923, 'includedCategories': ['code', 'governance', 'community', 'market', 'operation', 'fundamental'], 'score': 86.69, 'scoreCodeSecurity': 81.19, 'scoreCommunity': 91.38, 'scoreFundamental': 95.97, 'scoreGovernance': 66.02, 'scoreMarket': 85.73, 'scoreOperation': 98}",0.00017232493595613943,14499,663331.7726756296,,,0,,False,2,Ethereum|Optimism
42,DexCheck,dexcheck,https://skynet.certik.com/projects/dexcheck,"{'rank': 409, 'percentile': 0.0216492213428644, 'includedCategories': ['code', 'governance', 'community', 'market', 'operation', 'fundamental'], 'score': 86.65, 'scoreCodeSecurity': 83.73, 'scoreCommunity': 94.19, 'scoreFundamental': 96.4, 'scoreGovernance': 86.51, 'scoreMarket': 83.24, 'scoreOperation': 75.85}",8.940347019060124e-05,66239,36817.78143832738,,,0,,False,1,BSC
43,SquidGrow,squidgrow,https://skynet.certik.com/projects/squidgrow,"{'rank': 434, 'percentile': 0.022874648966045408, 'includedCategories': ['code', 'governance', 'community', 'market', 'operation', 'fundamental'], 'score': 86.37, 'scoreCodeSecurity': 85.22, 'scoreCommunity': 95.01, 'scoreFundamental': 76.7, 'scoreGovernance': 88.99, 'scoreMarket': 90.06, 'scoreOperation': 85.68}",0.007981118039632315,7777282,84930.03958662468,,,0,,False,14,BSC|Ethereum
44,Injective,injective,https://skynet.certik.com/projects/injective,"{'rank': 454, 'percentile': 0.023946898136328776, 'includedCategories': ['code', 'governance', 'community', 'market', 'operation', 'fundamental'], 'score': 86.24, 'scoreCodeSecurity': 96, 'scoreCommunity': 98, 'scoreFundamental': 98, 'scoreGovernance': 94.17, 'scoreMarket': 65, 'scoreOperation': 87.25}",5.013671864632824,505372894,82661922.61303362,12278442.785633743,,0,,False,3,Cosmos|BSC|Avalanche|Polygon|Solana|Ethereum|Fantom|Terra|Polkadot
45,Aerodrome Finance,aerodrome-finance,https://skynet.certik.com/projects/aerodrome-finance,"{'rank': 457, 'percentile': 0.02420219555782488, 'includedCategories': ['code', 'governance', 'community', 'market', 'operation', 'fundamental'], 'score': 86.2, 'scoreCodeSecurity': 71.21, 'scoreCommunity': 97.49, 'scoreFundamental': 87.9, 'scoreGovernance': 68.65, 'scoreMarket': 96, 'scoreOperation': 89.65}",0.44671401788420695,432251593,51629838.03238268,311318450.73160535,,0,,False,0,Base
46,Meteora,meteora,https://skynet.certik.com/projects/meteora,"{'rank': 471, 'percentile': 0.02491702833801379, 'includedCategories': ['code', 'governance', 'community', 'market', 'operation', 'fundamental'], 'score': 86.06, 'scoreCodeSecurity': 92.22, 'scoreCommunity': 95.62, 'scoreFundamental': 86.9, 'scoreGovernance': 32.74, 'scoreMarket': 94.83, 'scoreOperation': 89.5}",0.1281180725167515,66181843,7593061.325573579,285296939.1262516,,0,,True,1,Solana
47,Momentum,mmtfinance,https://skynet.certik.com/projects/mmtfinance,"{'rank': 498, 'percentile': 0.02629563441409244, 'includedCategories': ['code', 'governance', 'community', 'market', 'operation', 'fundamental'], 'score': 85.82, 'scoreCodeSecurity': 80.5, 'scoreCommunity': 94.21, 'scoreFundamental': 83.7, 'scoreGovernance': 80.75, 'scoreMarket': 93.33, 'scoreOperation': 74.8}",0.1428440625988428,28961147,7704450.475090642,5412490.654357294,,0,,True,1,Sui
48,ApeX Protocol,apex-token,https://skynet.certik.com/projects/apex-token,"{'rank': 546, 'percentile': 0.02879754914475363, 'includedCategories': ['code', 'governance', 'community', 'market', 'operation', 'fundamental'], 'score': 85.43, 'scoreCodeSecurity': 91.46, 'scoreCommunity': 94.64, 'scoreFundamental': 62.7, 'scoreGovernance': 91.99, 'scoreMarket': 92.16, 'scoreOperation': 82.85}",0.2918219299710541,41536666,10930239.475668743,1430009.2340483253,,0,,True,1,Ethereum
49,Railgun,railgun,https://skynet.certik.com/projects/railgun,"{'rank': 568, 'percentile': 0.029869798315037, 'includedCategories': ['code', 'governance', 'community', 'market', 'operation', 'fundamental'], 'score': 85.21, 'scoreCodeSecurity': 80.41, 'scoreCommunity': 92.55, 'scoreFundamental': 86.15, 'scoreGovernance': 93.38, 'scoreMarket': 80.75, 'scoreOperation': 90.79}",2.366731708177267,34012453,618751.6157323879,81515698.00009574,,0,,True,1,Ethereum
50,AEVO,aevo,https://skynet.certik.com/projects/aevo,"{'rank': 579, 'percentile': 0.03048251212662756, 'includedCategories': ['code', 'governance', 'community', 'market', 'operation', 'fundamental'], 'score': 85.12, 'scoreCodeSecurity': 81, 'scoreCommunity': 93.76, 'scoreFundamental': 71.1, 'scoreGovernance': 90.44, 'scoreMarket': 92.73, 'scoreOperation': 84.65}",0.018087640938210896,16762080,3484324.6251777373,,,0,,True,4,Ethereum
51,QuickSwap[Old],quickswap,https://skynet.certik.com/projects/quickswap,"{'rank': 594, 'percentile': 0.031299463875414824, 'includedCategories': ['code', 'governance', 'community', 'market', 'operation', 'fundamental'], 'score': 85.03, 'scoreCodeSecurity': 81.73, 'scoreCommunity': 95.71, 'scoreFundamental': 79.5, 'scoreGovernance': 90.29, 'scoreMarket': 89.69, 'scoreOperation': 72.72}",9.273505095374572,7031492,4961.437769770622,337008895.30860525,,0,,True,1,Ethereum|Polygon
52,Perpetual Protocol,perpetual-protocol,https://skynet.certik.com/projects/perpetual-protocol,"{'rank': 596, 'percentile': 0.03140158284401329, 'includedCategories': ['code', 'governance', 'community', 'market', 'operation', 'fundamental'], 'score': 85.02, 'scoreCodeSecurity': 83.01, 'scoreCommunity': 64.24, 'scoreFundamental': 79.5, 'scoreGovernance': 95.7, 'scoreMarket': 90.22, 'scoreOperation': 94.54}",0.019336476993220005,1274338,76642.78503283493,425833.7889714775,,0,,True,1,Optimism|Ethereum
53,Loopring,loopring,https://skynet.certik.com/projects/loopring,"{'rank': 603, 'percentile': 0.03181005871840692, 'includedCategories': ['code', 'governance', 'community', 'market', 'operation', 'fundamental'], 'score': 84.99, 'scoreCodeSecurity': 84.52, 'scoreCommunity': 61.22, 'scoreFundamental': 86.96, 'scoreGovernance': 90.95, 'scoreMarket': 91.2, 'scoreOperation': 81.15}",0.013550847844160059,18891545,1879156.224315683,8743170.104426056,,1,,True,1,Ethereum
54,Swisscheese Finance,swisscheese-finance,https://skynet.certik.com/projects/swisscheese-finance,"{'rank': 607, 'percentile': 0.03191217768700538, 'includedCategories': ['code', 'governance', 'community', 'market', 'operation', 'fundamental'], 'score': 84.94, 'scoreCodeSecurity': 80.65, 'scoreCommunity': 91.48, 'scoreFundamental': 76.7, 'scoreGovernance': 91.92, 'scoreMarket': 89.53, 'scoreOperation': 82.72}",0.03827015934411132,1672059,200969.04949152115,,,0,,True,3,Arbitrum|Avalanche|BSC|Ethereum|Polygon
55,AirSwap,airswap,https://skynet.certik.com/projects/airswap,"{'rank': 617, 'percentile': 0.03267806995149347, 'includedCategories': ['code', 'governance', 'community', 'market', 'operation', 'fundamental'], 'score': 84.84, 'scoreCodeSecurity': 84.14, 'scoreCommunity': 90.49, 'scoreFundamental': 79.5, 'scoreGovernance': 92.6, 'scoreMarket': 88.45, 'scoreOperation': 72.72}",0.004401006797483685,767880,110796.94073419922,,,0,,True,1,Ethereum
56,Synapse Protocol,synapseprotocol,https://skynet.certik.com/projects/synapseprotocol,"{'rank': 620, 'percentile': 0.03267806995149347, 'includedCategories': ['code', 'governance', 'community', 'market', 'operation', 'fundamental'], 'score': 84.84, 'scoreCodeSecurity': 80.74, 'scoreCommunity': 94.65, 'scoreFundamental': 68.3, 'scoreGovernance': 85.54, 'scoreMarket': 95.45, 'scoreOperation': 83.74}",0.13998727072906586,32301735,80231551.08759533,11510540.311114358,,0,,False,1,Ethereum
57,Magma Finance,magma-finance,https://skynet.certik.com/projects/magma-finance,"{'rank': 625, 'percentile': 0.03288230788869029, 'includedCategories': ['code', 'community', 'market', 'operation', 'fundamental'], 'score': 84.82, 'scoreCodeSecurity': 84.30000305175781, 'scoreCommunity': 92.39, 'scoreFundamental': 80.30000305175781, 'scoreGovernance': None, 'scoreMarket': 84.33, 'scoreOperation': 88.79}",0.40741654956317963,75989550,4414656.629310289,4718312.037594086,,0,,True,5,Sui
58,LFJ(Trader Joe),joe,https://skynet.certik.com/projects/joe,"{'rank': 656, 'percentile': 0.03461833035486339, 'includedCategories': ['code', 'governance', 'community', 'market', 'operation', 'fundamental'], 'score': 84.58, 'scoreCodeSecurity': 69.9, 'scoreCommunity': 96.16, 'scoreFundamental': 79.5, 'scoreGovernance': 90.56, 'scoreMarket': 93.92, 'scoreOperation': 78.5}",0.029299008414982373,13416844,5022067.844054351,24306765.313277252,,0,False,True,4,Avalanche|Arbitrum|Ethereum
59,DeepBook,deepbook,https://skynet.certik.com/projects/deepbook,"{'rank': 671, 'percentile': 0.0353331631350523, 'includedCategories': ['code', 'governance', 'community', 'market', 'operation', 'fundamental'], 'score': 84.53, 'scoreCodeSecurity': 80.5, 'scoreCommunity': 95.62, 'scoreFundamental': 71.1, 'scoreGovernance': 85.76000213623047, 'scoreMarket': 94.14, 'scoreOperation': 78.3}",0.01640870696360451,88536459,5433138.186924763,11777941.74938502,,0,,False,0,Sui
60,Quickswap[New],quickswap-new,https://skynet.certik.com/projects/quickswap-new,"{'rank': 734, 'percentile': 0.038754148583099335, 'includedCategories': ['code', 'governance', 'community', 'market', 'operation', 'fundamental'], 'score': 84.17, 'scoreCodeSecurity': 87.42999999999999, 'scoreCommunity': 93.42999999999999, 'scoreFundamental': 77.11, 'scoreGovernance': 85.67999999999999, 'scoreMarket': 85.51, 'scoreOperation': 77.02000000000001}",0.006937974391506063,5283442,860714.6886362612,351570329.27417654,,2,,True,1,Polygon|Ethereum
61,DeFi.app,defi-app,https://skynet.certik.com/projects/defi-app,"{'rank': 739, 'percentile': 0.03911156497319379, 'includedCategories': ['code', 'governance', 'community', 'market', 'operation', 'fundamental'], 'score': 84.12, 'scoreCodeSecurity': 71.49, 'scoreCommunity': 97.09, 'scoreFundamental': 89.6, 'scoreGovernance': 94.64, 'scoreMarket': 84.49, 'scoreOperation': 73.80000305175781}",0.02583191014935866,106036483,101552072.0598867,,,0,,True,1,BSC
62,RollX,rolldex,https://skynet.certik.com/projects/rolldex,"{'rank': 788, 'percentile': 0.04186877712535109, 'includedCategories': ['code', 'governance', 'community', 'market', 'operation', 'fundamental'], 'score': 83.78, 'scoreCodeSecurity': 78.46, 'scoreCommunity': 93.85, 'scoreFundamental': 80.7, 'scoreGovernance': 66.23, 'scoreMarket': 91.45, 'scoreOperation': 85.09}",0.08008566334308691,12849469,475484.3986033764,494878.8667509742,,0,,False,1,BSC|Base
63,CoW DAO,cow-protocol,https://skynet.certik.com/projects/cow-protocol,"{'rank': 795, 'percentile': 0.04222619351544554, 'includedCategories': ['code', 'governance', 'community', 'market', 'operation', 'fundamental'], 'score': 83.74, 'scoreCodeSecurity': 62.88, 'scoreCommunity': 93.91, 'scoreFundamental': 74.25, 'scoreGovernance': 90.3, 'scoreMarket': 94.89, 'scoreOperation': 94.26}",0.15422084370974787,88993641,4361137.9161121985,,,0,False,False,0,Ethereum|BSC|Gnosis-gno
64,Kyber Network,kyberswap,https://skynet.certik.com/projects/kyberswap,"{'rank': 800, 'percentile': 0.04258360990554, 'includedCategories': ['code', 'governance', 'community', 'market', 'operation', 'fundamental'], 'score': 83.7, 'scoreCodeSecurity': 85.93, 'scoreCommunity': 93.48, 'scoreFundamental': 68.97, 'scoreGovernance': 83.42, 'scoreMarket': 91.15, 'scoreOperation': 76.88000000000001}",0.11671820768273818,24410072,2432075.052564756,1102985.543816421,,2,,True,2,Arbitrum|Base|Avalanche|BSC|Ethereum|Fantom|Optimism|Polygon|zkSync
65,Tevaera,tevaera,https://skynet.certik.com/projects/tevaera,"{'rank': 823, 'percentile': 0.04375797804442172, 'includedCategories': ['governance', 'community', 'market', 'operation', 'fundamental'], 'score': 83.55, 'scoreCodeSecurity': None, 'scoreCommunity': 93.14, 'scoreFundamental': 83, 'scoreGovernance': 65.3, 'scoreMarket': 87.53, 'scoreOperation': 81.38}",0.0005555631565602974,264664,14072.701600343124,,,0,,False,0,zkSync
66,VinuChain,vinuchain,https://skynet.certik.com/projects/vinuchain,"{'rank': 825, 'percentile': 0.04391115649731936, 'includedCategories': ['code', 'governance', 'community', 'market', 'operation', 'fundamental'], 'score': 83.52, 'scoreCodeSecurity': 91.81, 'scoreCommunity': 95.94, 'scoreFundamental': 64.55, 'scoreGovernance': 87.24, 'scoreMarket': 87.28, 'scoreOperation': 77.48}",0.00030319317507638356,297170,29703.638431301522,14749.886292929556,,0,,False,1,BSC
67,ORIGIN,origin,https://skynet.certik.com/projects/origin,"{'rank': 828, 'percentile': 0.04416645391881546, 'includedCategories': ['code', 'governance', 'community', 'market', 'operation', 'fundamental'], 'score': 83.5, 'scoreCodeSecurity': 81.27999877929688, 'scoreCommunity': 94.18, 'scoreFundamental': 62.18, 'scoreGovernance': 88.69999694824219, 'scoreMarket': 89.08, 'scoreOperation': 98}",2.997016992212071,,8088805.193553686,,,0,,False,2,Polygon
68,Aark Digital,aark,https://skynet.certik.com/projects/aark,"{'rank': 875, 'percentile': 0.04661730916517748, 'includedCategories': ['code', 'governance', 'community', 'market', 'operation', 'fundamental'], 'score': 83.24, 'scoreCodeSecurity': 83.45, 'scoreCommunity': 97.41, 'scoreFundamental': 83, 'scoreGovernance': 57.12, 'scoreMarket': 86.78, 'scoreOperation': 84.61}",0.00031333147329195795,214134,1042.602798768462,,,0,,True,2,Arbitrum
69,SXP,sxp,https://skynet.certik.com/projects/sxp,"{'rank': 878, 'percentile': 0.04671942813377583, 'includedCategories': ['code', 'governance', 'community', 'market', 'operation', 'fundamental'], 'score': 83.22, 'scoreCodeSecurity': 82.77, 'scoreCommunity': 66.96, 'scoreFundamental': 85.1, 'scoreGovernance': 98, 'scoreMarket': 83.48, 'scoreOperation': 81.02}",0.0007172501967824291,482681,34073.57896488,16290.2633143875,,0,,False,1,Ethereum|BSC
70,GMX,gmx,https://skynet.certik.com/projects/gmx,"{'rank': 885, 'percentile': 0.04717896349246875, 'includedCategories': ['code', 'governance', 'community', 'market', 'operation', 'fundamental'], 'score': 83.16, 'scoreCodeSecurity': 82.14, 'scoreCommunity': 84.89, 'scoreFundamental': 77.11, 'scoreGovernance': 65.37, 'scoreMarket': 91.77, 'scoreOperation': 87.57000000000001}",5.580348247609157,58328351,3669965.761761201,,,2,,True,7,Arbitrum|Avalanche
71,Minswap,minswap,https://skynet.certik.com/projects/minswap,"{'rank': 894, 'percentile': 0.04758743936686238, 'includedCategories': ['code', 'community', 'market', 'operation', 'fundamental'], 'score': 83.08, 'scoreCodeSecurity': 87.62, 'scoreCommunity': 97.14, 'scoreFundamental': 64.1, 'scoreGovernance': None, 'scoreMarket': 91.24, 'scoreOperation': 73.46}",0.0029555580821907525,5116500,82960.95120784687,31141439.54232221,,0,False,False,5,Cardano
72,Reef,reef-finance,https://skynet.certik.com/projects/reef-finance,"{'rank': 895, 'percentile': 0.04758743936686238, 'includedCategories': ['code', 'governance', 'community', 'market', 'operation', 'fundamental'], 'score': 83.08, 'scoreCodeSecurity': 79.05, 'scoreCommunity': 94.16, 'scoreFundamental': 68.3, 'scoreGovernance': 87.49, 'scoreMarket': 90.54, 'scoreOperation': 82.85}",5.3992205080917615e-05,1988020,1214163.241813633,,,0,,False,2,BSC|Ethereum
73,KiloEx,kiloex,https://skynet.certik.com/projects/kiloex,"{'rank': 905, 'percentile': 0.04825121266275212, 'includedCategories': ['code', 'governance', 'community', 'market', 'operation', 'fundamental'], 'score': 82.99, 'scoreCodeSecurity': 72.03, 'scoreCommunity': 85.13, 'scoreFundamental': 82.45, 'scoreGovernance': 90.71, 'scoreMarket': 87.53, 'scoreOperation': 82.54}",0.004119230321215901,870759,163022.83894511874,2145558.3934652596,,1,,True,2,opBNB|BSC
74,Bridgers,swft,https://skynet.certik.com/projects/swft,"{'rank': 929, 'percentile': 0.04947664028593313, 'includedCategories': ['code', 'governance', 'community', 'market', 'operation', 'fundamental'], 'score': 82.87, 'scoreCodeSecurity': 74.49, 'scoreCommunity': 94.81, 'scoreFundamental': 68.3, 'scoreGovernance': 85.4, 'scoreMarket': 93.39, 'scoreOperation': 82.72}",0.0028670926491454044,28690809,546537.7201030315,1654242.1052814387,,0,,False,1,Ethereum|BSC|Tron|Polygon|Avalanche|Fantom|Solana|Arbitrum|Terra
75,Aura Network,aura-network,https://skynet.certik.com/projects/aura-network,"{'rank': 955, 'percentile': 0.05090630584631095, 'includedCategories': ['code', 'governance', 'community', 'market', 'operation', 'fundamental'], 'score': 82.73, 'scoreCodeSecurity': 83.12, 'scoreCommunity': 92.81, 'scoreFundamental': 89.65, 'scoreGovernance': 73.77, 'scoreMarket': 78.04, 'scoreOperation': 81.03}",0.0009713494698340626,440564,8041.56083018,18610.648347733742,,0,,True,1,BSC
76,Chrono.tech,chrono-tech,https://skynet.certik.com/projects/chrono-tech,"{'rank': 967, 'percentile': 0.05162113862649986, 'includedCategories': ['code', 'governance', 'community', 'market', 'operation', 'fundamental'], 'score': 82.68, 'scoreCodeSecurity': 82.99, 'scoreCommunity': 68.97, 'scoreFundamental': 86.85, 'scoreGovernance': 81.65, 'scoreMarket': 84.32, 'scoreOperation': 83.54}",0.30909494601217224,127610,4036.2450726086718,,,0,,True,1,Ethereum|BSC|Polygon
77,LCX,lcx,https://skynet.certik.com/projects/lcx,"{'rank': 972, 'percentile': 0.0517743170793975, 'includedCategories': ['code', 'governance', 'community', 'market', 'operation', 'fundamental'], 'score': 82.65, 'scoreCodeSecurity': 77.09, 'scoreCommunity': 91.49, 'scoreFundamental': 82.55, 'scoreGovernance': 84.51, 'scoreMarket': 88.08, 'scoreOperation': 66.99000000000001}",0.02450711796428835,23169354,76587.53236292311,,,1,,False,3,Ethereum
78,Kamino Finance,kamino-finance,https://skynet.certik.com/projects/kamino-finance,"{'rank': 974, 'percentile': 0.05197855501659432, 'includedCategories': ['code', 'governance', 'community', 'market', 'operation', 'fundamental'], 'score': 82.64, 'scoreCodeSecurity': 89.69, 'scoreCommunity': 94.46, 'scoreFundamental': 74.6, 'scoreGovernance': 32.74, 'scoreMarket': 94.71, 'scoreOperation': 86.45}",0.019257623922915516,91292090,5242051.050801903,1230470516.540451,,0,False,True,2,Solana
79,IX Swap,ix-swap,https://skynet.certik.com/projects/ix-swap,"{'rank': 983, 'percentile': 0.052489149859586415, 'includedCategories': ['code', 'governance', 'community', 'market', 'operation', 'fundamental'], 'score': 82.61, 'scoreCodeSecurity': 79.84, 'scoreCommunity': 56.74, 'scoreFundamental': 85.1, 'scoreGovernance': 87.71, 'scoreMarket': 90.15, 'scoreOperation': 81.36}",0.05853645896046636,10534224,259066.39946808392,121822.0824649979,,0,,False,1,Ethereum
80,Impossible Finance,impossible-finance,https://skynet.certik.com/projects/impossible-finance,"{'rank': 994, 'percentile': 0.05315292315547615, 'includedCategories': ['code', 'governance', 'community', 'market', 'operation', 'fundamental'], 'score': 82.54, 'scoreCodeSecurity': 80.51, 'scoreCommunity': 71.92, 'scoreFundamental': 79.5, 'scoreGovernance': 94.85, 'scoreMarket': 86.76, 'scoreOperation': 78.3}",0.0052206,3906478,1746.2527469396591,143664.96161321996,,0,,True,1,Ethereum|BSC
81,Kuma,kuma,https://skynet.certik.com/projects/kuma,"{'rank': 1020, 'percentile': 0.05437835077865716, 'includedCategories': ['code', 'governance', 'community', 'market', 'operation', 'fundamental'], 'score': 82.43, 'scoreCodeSecurity': 81.5, 'scoreCommunity': 76.5999984741211, 'scoreFundamental': 75.30000305175781, 'scoreGovernance': 92.06, 'scoreMarket': 89.61, 'scoreOperation': 73.19999694824219}",0.0018265461138928037,1460356,263900.5298795383,29278165.888236146,,0,,False,0,
82,Energi,energi,https://skynet.certik.com/projects/energi,"{'rank': 1023, 'percentile': 0.05448046974725551, 'includedCategories': ['code', 'governance', 'community', 'market', 'operation', 'fundamental'], 'score': 82.42, 'scoreCodeSecurity': 64.97, 'scoreCommunity': 95.56, 'scoreFundamental': 87.2, 'scoreGovernance': 75.63, 'scoreMarket': 88.51, 'scoreOperation': 83.15}",0.01071965550733381,1102359,102512.04685188977,271461.76167136215,,0,,False,0,
83,Outer Ring,outer-ring,https://skynet.certik.com/projects/outer-ring,"{'rank': 1031, 'percentile': 0.054888945621649254, 'includedCategories': ['code', 'governance', 'community', 'market', 'operation', 'fundamental'], 'score': 82.36, 'scoreCodeSecurity': 74.88, 'scoreCommunity': 92.56, 'scoreFundamental': 85.1, 'scoreGovernance': 85.34, 'scoreMarket': 85.81, 'scoreOperation': 68.3}",4.85e-06,38577,72200.63688490173,,,0,,False,1,BSC
84,Cipher,cipher,https://skynet.certik.com/projects/cipher,"{'rank': 1042, 'percentile': 0.055603778401838166, 'includedCategories': ['code', 'governance', 'community', 'market', 'operation', 'fundamental'], 'score': 82.27, 'scoreCodeSecurity': 86.51, 'scoreCommunity': 93.15, 'scoreFundamental': 64.1, 'scoreGovernance': 93.07, 'scoreMarket': 87.27, 'scoreOperation': 73.4}",3.323490660400813e-05,214973,146793.10156059577,,,0,,False,1,Polygon
85,Izumi Finance,izumi-finance,https://skynet.certik.com/projects/izumi-finance,"{'rank': 1067, 'percentile': 0.056829206025019174, 'includedCategories': ['code', 'governance', 'community', 'market', 'operation', 'fundamental'], 'score': 82.13, 'scoreCodeSecurity': 85.16, 'scoreCommunity': 55, 'scoreFundamental': 82.3, 'scoreGovernance': 80.31, 'scoreMarket': 88.72, 'scoreOperation': 84.9}",0.0013706462520465146,1079334,4382.39036139375,1588444.523417432,,0,,False,1,
86,Algebra,algebra,https://skynet.certik.com/projects/algebra,"{'rank': 1071, 'percentile': 0.05703344396221599, 'includedCategories': ['code', 'governance', 'community', 'market', 'operation', 'fundamental'], 'score': 82.1, 'scoreCodeSecurity': 88.91, 'scoreCommunity': 95.51, 'scoreFundamental': 79.5, 'scoreGovernance': 75.43, 'scoreMarket': 81.64, 'scoreOperation': 68.3}",,,10.425925083458424,67446.28935161428,,0,,True,2,Polygon
87,Kromatika,kromatika,https://skynet.certik.com/projects/kromatika,"{'rank': 1072, 'percentile': 0.057135562930814454, 'includedCategories': ['code', 'governance', 'community', 'market', 'operation', 'fundamental'], 'score': 82.09, 'scoreCodeSecurity': 87.8, 'scoreCommunity': 96.13, 'scoreFundamental': 68.3, 'scoreGovernance': 79.29, 'scoreMarket': 83.53, 'scoreOperation': 82.72}",,267443,28.2,982625.240737328,,0,,False,2,Ethereum|Arbitrum|Polygon|Optimism
88,Sushiswap,sushiswap,https://skynet.certik.com/projects/sushiswap,"{'rank': 1121, 'percentile': 0.059637477661475646, 'includedCategories': ['code', 'governance', 'community', 'market', 'operation', 'fundamental'], 'score': 81.77, 'scoreCodeSecurity': 80.32, 'scoreCommunity': 91.8, 'scoreFundamental': 62.17999999999999, 'scoreGovernance': 86.45, 'scoreMarket': 91.96, 'scoreOperation': 78.52999999999999}",0.17494346180137682,50242079,9467956.826955305,79062301.52620581,,1,,False,1,Ethereum|OKTC
89,Avantis,avantis,https://skynet.certik.com/projects/avantis,"{'rank': 1129, 'percentile': 0.06014807250446774, 'includedCategories': ['code', 'governance', 'community', 'market', 'operation', 'fundamental'], 'score': 81.71, 'scoreCodeSecurity': 52.94, 'scoreCommunity': 94.03, 'scoreFundamental': 89.5, 'scoreGovernance': 67.03, 'scoreMarket': 94.01, 'scoreOperation': 89.1}",0.10773346141352226,35094371,19188208.807277724,33396672.22563064,,0,,False,0,Base
90,MYX Finance,myx-finance,https://skynet.certik.com/projects/myx-finance,"{'rank': 1159, 'percentile': 0.061577738064845566, 'includedCategories': ['code', 'governance', 'community', 'market', 'operation', 'fundamental'], 'score': 81.48, 'scoreCodeSecurity': 61.5, 'scoreCommunity': 92.03, 'scoreFundamental': 85.65, 'scoreGovernance': 92.95, 'scoreMarket': 83.39, 'scoreOperation': 85.3}",0.14171146535094706,45243276,37674657.35547726,153137.48539957445,,0,,False,0,Arbitrum
91,SmarDex,smardex,https://skynet.certik.com/projects/smardex,"{'rank': 1174, 'percentile': 0.06239468981363283, 'includedCategories': ['code', 'governance', 'community', 'market', 'operation', 'fundamental'], 'score': 81.41, 'scoreCodeSecurity': 87.1, 'scoreCommunity': 43.32, 'scoreFundamental': 69.7, 'scoreGovernance': 87.09, 'scoreMarket': 91.84, 'scoreOperation': 94.59}",0.0007644741320392331,7470877,244690.75176665487,158421.7939371862,,0,,True,1,BSC|Ethereum|Polygon|Arbitrum|Base
92,Nexera AllianceBlock,allianceblock,https://skynet.certik.com/projects/allianceblock,"{'rank': 1203, 'percentile': 0.06407965279550676, 'includedCategories': ['code', 'governance', 'community', 'market', 'operation', 'fundamental'], 'score': 81.28, 'scoreCodeSecurity': 87.86, 'scoreCommunity': 65.97999999999999, 'scoreFundamental': 82.55, 'scoreGovernance': 78.36, 'scoreMarket': 81.17999999999999, 'scoreOperation': 84.08000000000001}",0.001664052940876023,1742691,32275.914400920625,,,1,,False,2,Avalanche|Polygon|BSC
93,Baby Doge,baby-doge-coin,https://skynet.certik.com/projects/baby-doge-coin,"{'rank': 1216, 'percentile': 0.0647434260913965, 'includedCategories': ['code', 'governance', 'community', 'market', 'operation', 'fundamental'], 'score': 81.18, 'scoreCodeSecurity': 82.41, 'scoreCommunity': 92.64, 'scoreFundamental': 58.88, 'scoreGovernance': 88.69000000000001, 'scoreMarket': 91.47, 'scoreOperation': 73.43}",3.19054823602472e-10,57553374,4040758.218944086,2416589.9918192877,,1,,False,7,BSC|Ethereum
94,Shadow Exchange,shadow-exchange,https://skynet.certik.com/projects/shadow-exchange,"{'rank': 1218, 'percentile': 0.0647434260913965, 'includedCategories': ['code', 'community', 'market', 'operation', 'fundamental'], 'score': 81.18, 'scoreCodeSecurity': 76.21, 'scoreCommunity': 90.67, 'scoreFundamental': 74.93000030517578, 'scoreGovernance': None, 'scoreMarket': 85.42, 'scoreOperation': 81.4}",0.5088661179041244,184554,10879.985831581562,2299954.0891087987,,0,,True,1,Fantom
95,Turbos Finance,turbos-finance,https://skynet.certik.com/projects/turbos-finance,"{'rank': 1220, 'percentile': 0.06489660454429413, 'includedCategories': ['code', 'governance', 'community', 'market', 'operation', 'fundamental'], 'score': 81.16, 'scoreCodeSecurity': 80.63, 'scoreCommunity': 93.63, 'scoreFundamental': 68.3, 'scoreGovernance': 81.75, 'scoreMarket': 86.83, 'scoreOperation': 77.89}",8.412723860270478e-05,557561,19061.932527642814,3742478.195512398,,0,,False,1,Sui
96,Wrapped NXM,wrapped-nxm,https://skynet.certik.com/projects/wrapped-nxm,"{'rank': 1223, 'percentile': 0.06504978299719177, 'includedCategories': ['code', 'governance', 'community', 'market', 'operation', 'fundamental'], 'score': 81.15, 'scoreCodeSecurity': 60.92, 'scoreCommunity': 93.32, 'scoreFundamental': 79.5, 'scoreGovernance': 83.92, 'scoreMarket': 90.67, 'scoreOperation': 81.36}",45.73507543338539,19300188,147487.84124660297,82381254.83701172,,0,,False,0,Ethereum
97,Thena,thena,https://skynet.certik.com/projects/thena,"{'rank': 1237, 'percentile': 0.06591779423027833, 'includedCategories': ['code', 'governance', 'community', 'market', 'operation', 'fundamental'], 'score': 81.05, 'scoreCodeSecurity': 81.09, 'scoreCommunity': 94.33, 'scoreFundamental': 53.35, 'scoreGovernance': 85.6, 'scoreMarket': 93.34, 'scoreOperation': 81.65}",0.06142381156689909,8305612,3160830.209738771,3460685.5119949738,,0,,True,1,BSC
98,SunSwap,sunswap,https://skynet.certik.com/projects/sunswap,"{'rank': 1248, 'percentile': 0.0664794485575696, 'includedCategories': ['code', 'governance', 'community', 'market', 'operation', 'fundamental'], 'score': 81, 'scoreCodeSecurity': 58.55, 'scoreCommunity': 95, 'scoreFundamental': 80.66, 'scoreGovernance': 66.25, 'scoreMarket': 95, 'scoreOperation': 75.58}",0.017198994918935,328497969,59848511.590409875,293059725.84983176,,0,,True,1,Tron
99,Dohrnii,dohrnii,https://skynet.certik.com/projects/dohrnii,"{'rank': 1258, 'percentile': 0.0669389839162624, 'includedCategories': ['code', 'governance', 'community', 'market', 'operation', 'fundamental'], 'score': 80.93, 'scoreCodeSecurity': 63.63, 'scoreCommunity': 91.23, 'scoreFundamental': 79.5, 'scoreGovernance': 74.1, 'scoreMarket': 92.45, 'scoreOperation': 80.34}",3.4068952269982375,58171101,273310.75282457663,,,0,,False,0,Ethereum
100,Kanga Exchange,kanga-exchange,https://skynet.certik.com/projects/kanga-exchange,"{'rank': 1273, 'percentile': 0.06775593566504978, 'includedCategories': ['code', 'governance', 'community', 'market', 'operation', 'fundamental'], 'score': 80.83, 'scoreCodeSecurity': 78.51, 'scoreCommunity': 93.58, 'scoreFundamental': 85.1, 'scoreGovernance': 61.32, 'scoreMarket': 82.62, 'scoreOperation': 78.3}",1.1199430068494163,,42878.98852481,,,0,,False,1,Ethereum
101,GoldPesa,goldpesa,https://skynet.certik.com/projects/goldpesa,"{'rank': 1286, 'percentile': 0.0684707684452387, 'includedCategories': ['code', 'governance', 'community', 'operation', 'fundamental'], 'score': 80.75, 'scoreCodeSecurity': 77.09, 'scoreCommunity': 92.74, 'scoreFundamental': 85.1, 'scoreGovernance': 79.8, 'scoreMarket': None, 'scoreOperation': 68.3}",,,,,,0,,False,2,Ethereum|Polygon
102,Chintai,chex-token,https://skynet.certik.com/projects/chex-token,"{'rank': 1297, 'percentile': 0.06913454174112843, 'includedCategories': ['code', 'governance', 'community', 'market', 'operation', 'fundamental'], 'score': 80.68, 'scoreCodeSecurity': 55.33, 'scoreCommunity': 92.59, 'scoreFundamental': 79.5, 'scoreGovernance': 88.34, 'scoreMarket': 91.31, 'scoreOperation': 82.24}",0.012459258490423024,15716602,217194.52375729734,,,0,,False,0,Ethereum
103,DEXTools,dextools,https://skynet.certik.com/projects/dextools,"{'rank': 1352, 'percentile': 0.07204493234618325, 'includedCategories': ['code', 'governance', 'community', 'market', 'operation', 'fundamental'], 'score': 80.34, 'scoreCodeSecurity': 57, 'scoreCommunity': 95.74, 'scoreFundamental': 79.5, 'scoreGovernance': 84.84, 'scoreMarket': 90.31, 'scoreOperation': 78.84}",0.11862138996718953,8277381,388085.2838453672,,,0,,False,0,Ethereum
104,RSS3,rss3,https://skynet.certik.com/projects/rss3,"{'rank': 1363, 'percentile': 0.07270870564207299, 'includedCategories': ['code', 'governance', 'community', 'market', 'operation', 'fundamental'], 'score': 80.29, 'scoreCodeSecurity': 64.47, 'scoreCommunity': 87.83, 'scoreFundamental': 69, 'scoreGovernance': 89.04, 'scoreMarket': 91.43, 'scoreOperation': 84.79}",0.006967505485813151,6521113,1124612.4216768728,,,0,,False,0,Ethereum
105,BSCS,bscs,https://skynet.certik.com/projects/bscs,"{'rank': 1430, 'percentile': 0.07643604799591519, 'includedCategories': ['code', 'governance', 'community', 'market', 'operation', 'fundamental'], 'score': 79.9, 'scoreCodeSecurity': 75.42, 'scoreCommunity': 52.94, 'scoreFundamental': 85.1, 'scoreGovernance': 92.69, 'scoreMarket': 84.95, 'scoreOperation': 77.48}",0.00038226,85277,5112.55131611228,1953.572547681547,,0,,False,3,BSC
106,Dingocoin,dingocoin,https://skynet.certik.com/projects/dingocoin,"{'rank': 1457, 'percentile': 0.0779167730405923, 'includedCategories': ['code', 'governance', 'community', 'market', 'operation', 'fundamental'], 'score': 79.76, 'scoreCodeSecurity': 90.09, 'scoreCommunity': 89.85, 'scoreFundamental': 49.73, 'scoreGovernance': 83.9, 'scoreMarket': 89.78, 'scoreOperation': 74.86}",2.5491526049841495e-05,2946392,180334.1286273431,,,0,,False,0,
107,MAGIC,magic-token,https://skynet.certik.com/projects/magic-token,"{'rank': 1468, 'percentile': 0.07852948685218275, 'includedCategories': ['code', 'governance', 'community', 'market', 'operation', 'fundamental'], 'score': 79.7, 'scoreCodeSecurity': 60.84, 'scoreCommunity': 44.1, 'scoreFundamental': 89.65, 'scoreGovernance': 88.09, 'scoreMarket': 92.93, 'scoreOperation': 85.05}",0.04422850723087094,14934424,3692917.8112112763,31695.31649387588,,0,,False,0,Ethereum|Arbitrum
108,Gnosis,gnosis-gno,https://skynet.certik.com/projects/gnosis-gno,"{'rank': 1490, 'percentile': 0.07975491447536376, 'includedCategories': ['code', 'governance', 'community', 'market', 'operation', 'fundamental'], 'score': 79.59, 'scoreCodeSecurity': 68.94, 'scoreCommunity': 44.1, 'scoreFundamental': 79.5, 'scoreGovernance': 87.01, 'scoreMarket': 94.6, 'scoreOperation': 84.11}",105.27168077080051,275809622,3129551.7297645323,155012019.98130044,,0,,False,0,Gnosis-gno
109,Shapeshift FOX Token,fox-token,https://skynet.certik.com/projects/fox-token,"{'rank': 1551, 'percentile': 0.08292060250191469, 'includedCategories': ['code', 'governance', 'community', 'market', 'operation', 'fundamental'], 'score': 79.36, 'scoreCodeSecurity': 61.02, 'scoreCommunity': 94.56, 'scoreFundamental': 79.5, 'scoreGovernance': 84.11, 'scoreMarket': 86.95, 'scoreOperation': 73.06}",0.004334787994760154,3348002,111069.18786442139,,,0,,False,0,Ethereum
110,Saros Finance,saros-finance,https://skynet.certik.com/projects/saros-finance,"{'rank': 1500, 'percentile': 0.08026550931835585, 'includedCategories': ['code', 'community', 'market', 'operation', 'fundamental'], 'score': 79.55, 'scoreCodeSecurity': 50.26, 'scoreCommunity': 81.69, 'scoreFundamental': 88.65, 'scoreGovernance': None, 'scoreMarket': 90, 'scoreOperation': 86.4}",0.0004018164615025644,1412858,1982673.5493782626,185027.2166038926,,0,False,False,0,Solana
111,Raydium,raydium,https://skynet.certik.com/projects/raydium,"{'rank': 1503, 'percentile': 0.0804186877712535, 'includedCategories': ['code', 'governance', 'community', 'market', 'operation', 'fundamental'], 'score': 79.53, 'scoreCodeSecurity': 82.47, 'scoreCommunity': 42.65, 'scoreFundamental': 77.11, 'scoreGovernance': 67.64999999999999, 'scoreMarket': 92.91, 'scoreOperation': 87.09}",0.5862708496159799,157760704,14221573.783652088,,,1,,True,5,Solana
112,Bazaars,bazaars,https://skynet.certik.com/projects/bazaars,"{'rank': 1542, 'percentile': 0.08251212662752105, 'includedCategories': ['code', 'governance', 'community', 'market', 'operation', 'fundamental'], 'score': 79.28, 'scoreCodeSecurity': 81.12, 'scoreCommunity': 96.11, 'scoreFundamental': 58.5, 'scoreGovernance': 70.47, 'scoreMarket': 89.03, 'scoreOperation': 79.93}",55.63921478045939,347667,752012.6818403944,,,0,,True,1,Ethereum
113,Position Exchange,positionexchange,https://skynet.certik.com/projects/positionexchange,"{'rank': 1809, 'percentile': 0.09691090119989787, 'includedCategories': ['code', 'governance', 'community', 'market', 'operation', 'fundamental'], 'score': 78.16, 'scoreCodeSecurity': 85.5, 'scoreCommunity': 67.99, 'scoreFundamental': 68.3, 'scoreGovernance': 95.87, 'scoreMarket': 79.02, 'scoreOperation': 73.06}",0.0016574276180569296,151954,1215.636604309082,,,0,,False,3,BSC
114,Vooi,vooi,https://skynet.certik.com/projects/vooi,"{'rank': 1596, 'percentile': 0.0853714577482767, 'includedCategories': ['code', 'governance', 'community', 'market', 'operation', 'fundamental'], 'score': 79, 'scoreCodeSecurity': 68.31, 'scoreCommunity': 93.64, 'scoreFundamental': 62.7, 'scoreGovernance': 85.94, 'scoreMarket': 90, 'scoreOperation': 78.38}",0.0052706347607616,1639555,600240.9688099517,16873.562284374995,,0,,False,0,Linea
115,MUX Protocol,mux-protocol,https://skynet.certik.com/projects/mux-protocol,"{'rank': 1604, 'percentile': 0.08577993362267045, 'includedCategories': ['code', 'governance', 'community', 'market', 'operation', 'fundamental'], 'score': 78.96, 'scoreCodeSecurity': 78.51, 'scoreCommunity': 92.58, 'scoreFundamental': 68.3, 'scoreGovernance': 84.3, 'scoreMarket': 81.72, 'scoreOperation': 73.92}",2.066468840198883,7897058,542.1429901123047,9357601.314336354,,0,,False,1,Ethereum|Arbitrum|BSC
116,IRIS Network,iris-network,https://skynet.certik.com/projects/iris-network,"{'rank': 1608, 'percentile': 0.08608629052846561, 'includedCategories': ['code', 'governance', 'community', 'market', 'operation', 'fundamental'], 'score': 78.92, 'scoreCodeSecurity': 88.46, 'scoreCommunity': 62.42, 'scoreFundamental': 85.1, 'scoreGovernance': 52.84, 'scoreMarket': 83.11, 'scoreOperation': 77.48}",0.0003492957483439287,573807,512.6916894885535,,,0,,False,2,Ethereum|Polygon|Cosmos
117,Ichi,ichi,https://skynet.certik.com/projects/ichi,"{'rank': 1625, 'percentile': 0.08690324227725299, 'includedCategories': ['code', 'governance', 'community', 'market', 'operation', 'fundamental'], 'score': 78.86, 'scoreCodeSecurity': 81.84, 'scoreCommunity': 58.6, 'scoreFundamental': 85.1, 'scoreGovernance': 74.64, 'scoreMarket': 82.69, 'scoreOperation': 73.4}",0.09162745904867386,859417,129.0179319381714,10715613.930038605,,0,,False,3,Polkadot|Ethereum
118,Beets,beethoven-x,https://skynet.certik.com/projects/beethoven-x,"{'rank': 1631, 'percentile': 0.08726065866734745, 'includedCategories': ['code', 'community', 'market', 'operation', 'fundamental'], 'score': 78.82, 'scoreCodeSecurity': 88.54, 'scoreCommunity': 57.85, 'scoreFundamental': 80.7, 'scoreGovernance': None, 'scoreMarket': 76.02, 'scoreOperation': 84.97}",0.001699739039077504,312320,1572.03842716,,,0,,True,1,Fantom
119,Tradetide AI,tradetide-ai,https://skynet.certik.com/projects/tradetide-ai,"{'rank': 1651, 'percentile': 0.08823078886903246, 'includedCategories': ['code', 'governance', 'community', 'market', 'operation', 'fundamental'], 'score': 78.71, 'scoreCodeSecurity': 81.5, 'scoreCommunity': 79.19, 'scoreFundamental': 70.2, 'scoreGovernance': 89.08, 'scoreMarket': 85.98, 'scoreOperation': 57.48}",0.0007287184623636531,102711,56357.241821501266,,,0,,True,1,
120,Polkamarkets,polkamarkets,https://skynet.certik.com/projects/polkamarkets,"{'rank': 1697, 'percentile': 0.09068164411539448, 'includedCategories': ['code', 'governance', 'community', 'market', 'operation', 'fundamental'], 'score': 78.53, 'scoreCodeSecurity': 89.24, 'scoreCommunity': 55, 'scoreFundamental': 68.3, 'scoreGovernance': 81.5, 'scoreMarket': 83.95, 'scoreOperation': 81.9}",0.0031213158615936674,281543,1726.9442478697315,10004.314302189714,,0,,False,1,Polkadot|Ethereum|Polygon
121,Verse,verse,https://skynet.certik.com/projects/verse,"{'rank': 1709, 'percentile': 0.09139647689558339, 'includedCategories': ['code', 'governance', 'community', 'market', 'operation', 'fundamental'], 'score': 78.48, 'scoreCodeSecurity': 83.13, 'scoreCommunity': 97.19, 'scoreFundamental': 49.16, 'scoreGovernance': 91.68, 'scoreMarket': 87.44, 'scoreOperation': 69.06}",2.0275780691279118e-05,1016552,34861.17724609375,457293.96994532325,,0,,True,1,Ethereum|Polygon
122,Chainflip,chainflip,https://skynet.certik.com/projects/chainflip,"{'rank': 1724, 'percentile': 0.09221342864437065, 'includedCategories': ['code', 'governance', 'community', 'market', 'operation', 'fundamental'], 'score': 78.48, 'scoreCodeSecurity': 62.44, 'scoreCommunity': 96.95, 'scoreFundamental': 70.75, 'scoreGovernance': 88.4, 'scoreMarket': 82.57, 'scoreOperation': 85.37}",0.2831766313754314,25275501,143722.77701355127,25035639.031821862,,0,,False,0,
123,EverGrow,evergrow,https://skynet.certik.com/projects/evergrow,"{'rank': 1716, 'percentile': 0.09175389328567785, 'includedCategories': ['code', 'governance', 'community', 'market', 'operation', 'fundamental'], 'score': 78.46, 'scoreCodeSecurity': 81.05, 'scoreCommunity': 68.71, 'scoreFundamental': 85.1, 'scoreGovernance': 79.23, 'scoreMarket': 78.69, 'scoreOperation': 68.3}",,,4686.5625,,,0,,False,2,BSC
124,PureFi Protocol,purefi-protocol,https://skynet.certik.com/projects/purefi-protocol,"{'rank': 1731, 'percentile': 0.09251978555016593, 'includedCategories': ['code', 'governance', 'community', 'market', 'operation', 'fundamental'], 'score': 78.38, 'scoreCodeSecurity': 81.93, 'scoreCommunity': 84.59, 'scoreFundamental': 79.5, 'scoreGovernance': 75.28, 'scoreMarket': 76.11, 'scoreOperation': 72.72}",0.0036454592918339426,212978,3049.364459991455,2.4879373306414188,,0,,True,1,Ethereum
125,SIX,six,https://skynet.certik.com/projects/six,"{'rank': 1773, 'percentile': 0.09466428389073267, 'includedCategories': ['code', 'governance', 'community', 'market', 'operation', 'fundamental'], 'score': 78.32, 'scoreCodeSecurity': 59.17, 'scoreCommunity': 91.81, 'scoreFundamental': 79.5, 'scoreGovernance': 65.3, 'scoreMarket': 90.29, 'scoreOperation': 77.89}",0.006026505148112519,5322580,195471.95795021,,,0,,True,1,
126,BakerySwap,bakeryswap,https://skynet.certik.com/projects/bakeryswap,"{'rank': 1770, 'percentile': 0.09481746234363031, 'includedCategories': ['code', 'governance', 'community', 'market', 'operation', 'fundamental'], 'score': 78.19, 'scoreCodeSecurity': 83.28, 'scoreCommunity': 68.77, 'scoreFundamental': 64.1, 'scoreGovernance': 81.04, 'scoreMarket': 88.52, 'scoreOperation': 71.77}",0.0006693826711418455,193970,293674.34807495016,3058663.266824057,,0,,False,3,BSC
127,Hydranet,hydranet,https://skynet.certik.com/projects/hydranet,"{'rank': 1778, 'percentile': 0.09517487873372477, 'includedCategories': ['code', 'governance', 'community', 'market', 'operation', 'fundamental'], 'score': 78.17, 'scoreCodeSecurity': 82.5, 'scoreCommunity': 91.08, 'scoreFundamental': 58.5, 'scoreGovernance': 61.92, 'scoreMarket': 90.14, 'scoreOperation': 76.26}",0.03635738655769889,6826471,117268.44680326962,,,0,,True,1,Arbitrum
128,BIM Finance,bim-finance,https://skynet.certik.com/projects/bim-finance,"{'rank': 1848, 'percentile': 0.09900434005616543, 'includedCategories': ['code', 'governance', 'community', 'market', 'operation', 'fundamental'], 'score': 77.95, 'scoreCodeSecurity': 79, 'scoreCommunity': 81.57, 'scoreFundamental': 65.5, 'scoreGovernance': 62.18, 'scoreMarket': 91.65, 'scoreOperation': 71.77}",1.0877810787554583,32692348,151529.22714397896,235310.02868625568,,0,,True,1,Base
129,Symbiosis Finance,symbiosis-finance,https://skynet.certik.com/projects/symbiosis-finance,"{'rank': 1825, 'percentile': 0.09767679346438596, 'includedCategories': ['code', 'governance', 'community', 'market', 'operation', 'fundamental'], 'score': 77.93, 'scoreCodeSecurity': 68.95, 'scoreCommunity': 93.91, 'scoreFundamental': 52.65, 'scoreGovernance': 85.25, 'scoreMarket': 90.78, 'scoreOperation': 84.55}",0.022471707783663315,2178930,2648583.0165861873,10183736.783908756,,0,,False,0,Ethereum
130,XY Finance,xy-finance,https://skynet.certik.com/projects/xy-finance,"{'rank': 1829, 'percentile': 0.09793209088588206, 'includedCategories': ['code', 'governance', 'community', 'market', 'operation', 'fundamental'], 'score': 77.91, 'scoreCodeSecurity': 82.66, 'scoreCommunity': 61.29, 'scoreFundamental': 79.5, 'scoreGovernance': 73.84, 'scoreMarket': 82.3, 'scoreOperation': 72.72}",,,,809.2755891439505,,0,,True,1,Ethereum
131,BIDZ,bidz,https://skynet.certik.com/projects/bidz,"{'rank': 1859, 'percentile': 0.09971917283635434, 'includedCategories': ['code', 'governance', 'community', 'market', 'operation', 'fundamental'], 'score': 77.81, 'scoreCodeSecurity': 82.8, 'scoreCommunity': 87.2, 'scoreFundamental': 64.1, 'scoreGovernance': 88.01, 'scoreMarket': 80.26, 'scoreOperation': 68.3}",0.002925086971717692,2486324,1134.6337890625,,,0,,False,1,BSC
132,Mdex,mdextech,https://skynet.certik.com/projects/mdextech,"{'rank': 1879, 'percentile': 0.10084248149093689, 'includedCategories': ['code', 'governance', 'community', 'market', 'operation', 'fundamental'], 'score': 77.73, 'scoreCodeSecurity': 82.31, 'scoreCommunity': 55, 'scoreFundamental': 68.3, 'scoreGovernance': 86.3, 'scoreMarket': 82.97, 'scoreOperation': 85.88}",0.00016661689007339822,152925,1578.3162804589401,1282181.428763466,,0,,False,3,BSC
133,BabySwap,babyswap,https://skynet.certik.com/projects/babyswap,"{'rank': 1901, 'percentile': 0.10191473066122037, 'includedCategories': ['code', 'governance', 'community', 'market', 'operation', 'fundamental'], 'score': 77.66, 'scoreCodeSecurity': 87.26, 'scoreCommunity': 55, 'scoreFundamental': 68.3, 'scoreGovernance': 89.98, 'scoreMarket': 84.05, 'scoreOperation': 68.3}",0.0001841406882505003,114152,13901.531623280076,1434437.139708185,,0,,False,21,BSC
134,WingRiders,wingriders,https://skynet.certik.com/projects/wingriders,"{'rank': 1907, 'percentile': 0.10222108756701553, 'includedCategories': ['code', 'community', 'market', 'operation', 'fundamental'], 'score': 77.63, 'scoreCodeSecurity': 87.2, 'scoreCommunity': 95.57, 'scoreFundamental': 64.1, 'scoreGovernance': None, 'scoreMarket': 75.67, 'scoreOperation': 73.48}",0.0034422797262303544,326169,281.4317889478125,2811236.6821056395,,0,,False,2,Cardano
135,Paradex,paradex,https://skynet.certik.com/projects/paradex,"{'rank': 1908, 'percentile': 0.10227214705131482, 'includedCategories': ['code', 'governance', 'community', 'market', 'operation', 'fundamental'], 'score': 77.62, 'scoreCodeSecurity': 77.5, 'scoreCommunity': 96.71, 'scoreFundamental': 82.5, 'scoreGovernance': 83.83, 'scoreMarket': 69.08, 'scoreOperation': 68.38}",0.012125667416644746,,174.90003871917725,,,0,,True,0,
136,StrikeX,trade-strike,https://skynet.certik.com/projects/trade-strike,"{'rank': 1924, 'percentile': 0.10314015828440137, 'includedCategories': ['code', 'governance', 'community', 'market', 'operation', 'fundamental'], 'score': 77.55, 'scoreCodeSecurity': 66.17, 'scoreCommunity': 61.8, 'scoreFundamental': 75.65, 'scoreGovernance': 87.27, 'scoreMarket': 89.71, 'scoreOperation': 73.7}",0.024780422295572636,21550809,108159.78544211388,62.94516208168212,,0,,False,2,
137,Ekubo Protocol,ekubo-protocol,https://skynet.certik.com/projects/ekubo-protocol,"{'rank': 1940, 'percentile': 0.10400816951748793, 'includedCategories': ['code', 'governance', 'community', 'market', 'operation', 'fundamental'], 'score': 77.47, 'scoreCodeSecurity': 78.73, 'scoreCommunity': 84.66, 'scoreFundamental': 79.15, 'scoreGovernance': 65.3, 'scoreMarket': 79.07, 'scoreOperation': 71.8}",0.5076314677794503,5097836,2701.844657897949,23552470.261618737,,0,,True,7,Starknet
138,DeFiChain,defichain,https://skynet.certik.com/projects/defichain,"{'rank': 1944, 'percentile': 0.10446770487618073, 'includedCategories': ['code', 'governance', 'community', 'market', 'operation', 'fundamental'], 'score': 77.45, 'scoreCodeSecurity': 84.38, 'scoreCommunity': 86.3, 'scoreFundamental': 78.5, 'scoreGovernance': 74.61, 'scoreMarket': 72.51, 'scoreOperation': 70.28}",0.0008261859818330257,564925,6637.7150230407715,4136573.693159241,,0,,False,1,Ethereum|BSC
139,DeFinity,definity,https://skynet.certik.com/projects/definity,"{'rank': 1952, 'percentile': 0.10472300229767684, 'includedCategories': ['code', 'governance', 'community', 'market', 'operation', 'fundamental'], 'score': 77.43, 'scoreCodeSecurity': 53.61, 'scoreCommunity': 90.26, 'scoreFundamental': 79.5, 'scoreGovernance': 75.02, 'scoreMarket': 87.62, 'scoreOperation': 79.93}",0.00794481596146576,1177809,58460.71757020545,,,0,,False,0,Ethereum
140,TETHEREUM,tethereum,https://skynet.certik.com/projects/tethereum,"{'rank': 1833, 'percentile': 0.0980852693387797, 'includedCategories': ['code', 'governance', 'community', 'market', 'operation', 'fundamental'], 'score': 78.03, 'scoreCodeSecurity': 92.54, 'scoreCommunity': 91.01, 'scoreFundamental': 49.96, 'scoreGovernance': 85.84, 'scoreMarket': 85.71, 'scoreOperation': 61.28}",0.3024365241065518,,82.86636010371149,,,0,,True,1,BSC
141,SpookySwap,spookyswap,https://skynet.certik.com/projects/spookyswap,"{'rank': 1960, 'percentile': 0.10518253765636965, 'includedCategories': ['code', 'governance', 'community', 'market', 'operation', 'fundamental'], 'score': 77.4, 'scoreCodeSecurity': 84.37, 'scoreCommunity': 43.89, 'scoreFundamental': 85.1, 'scoreGovernance': 72.01, 'scoreMarket': 80.3, 'scoreOperation': 78.3}",0.013620818922134556,98876,0,,,0,,False,2,Fantom
142,ANT.FUN,ant-fun,https://skynet.certik.com/projects/ant-fun,"{'rank': 1977, 'percentile': 0.10615266785805466, 'includedCategories': ['code', 'governance', 'community', 'market', 'operation', 'fundamental'], 'score': 77.29, 'scoreCodeSecurity': 85.72, 'scoreCommunity': 65.1, 'scoreFundamental': 72.5, 'scoreGovernance': 65.3, 'scoreMarket': 93.93, 'scoreOperation': 44.3}",0.02681394388131331,50219873,67614.88216018677,,,0,,False,1,BSC|Solana
143,Pangolin,pangolin,https://skynet.certik.com/projects/pangolin,"{'rank': 2043, 'percentile': 0.10993106969619604, 'includedCategories': ['code', 'governance', 'community', 'market', 'operation', 'fundamental'], 'score': 76.99, 'scoreCodeSecurity': 64.3, 'scoreCommunity': 95.68, 'scoreFundamental': 49.42, 'scoreGovernance': 92.56, 'scoreMarket': 92.05, 'scoreOperation': 78.09}",0.020784756712143377,4867823,429875.0435393709,2137530.9193610237,,0,,False,0,Avalanche
144,Infinity Games,infinity-angel,https://skynet.certik.com/projects/infinity-angel,"{'rank': 2051, 'percentile': 0.11033954557058978, 'includedCategories': ['code', 'governance', 'community', 'market', 'operation', 'fundamental'], 'score': 76.95, 'scoreCodeSecurity': 75.52, 'scoreCommunity': 58, 'scoreFundamental': 85.1, 'scoreGovernance': 74.31, 'scoreMarket': 83.77, 'scoreOperation': 64.68}",1.041687880321944e-05,52107,8727.53138254,,,0,,False,1,BSC
145,WFCA,wfca,https://skynet.certik.com/projects/wfca,"{'rank': 2060, 'percentile': 0.11079908092928259, 'includedCategories': ['code', 'governance', 'community', 'market', 'operation', 'fundamental'], 'score': 76.92, 'scoreCodeSecurity': 70.95, 'scoreCommunity': 89.98, 'scoreFundamental': 82.1, 'scoreGovernance': 35.5, 'scoreMarket': 88.41, 'scoreOperation': 72.38}",0.00630725,1633114,48857,,,0,,False,1,Ethereum
146,XCAD Network,xcad-network,https://skynet.certik.com/projects/xcad-network,"{'rank': 2085, 'percentile': 0.11217768700536124, 'includedCategories': ['code', 'governance', 'community', 'market', 'operation', 'fundamental'], 'score': 76.87, 'scoreCodeSecurity': 81.34, 'scoreCommunity': 66.16, 'scoreFundamental': 76.7, 'scoreGovernance': 80.56, 'scoreMarket': 77.71, 'scoreOperation': 72.72}",0.00011450138111324146,22307,1327.6791384220123,,,0,,False,3,Ethereum|Polygon|BSC
147,Lattice Token,lattice-token,https://skynet.certik.com/projects/lattice-token,"{'rank': 2082, 'percentile': 0.1120245085524636, 'includedCategories': ['code', 'governance', 'community', 'market', 'operation', 'fundamental'], 'score': 76.85, 'scoreCodeSecurity': 91.03, 'scoreCommunity': 62.71, 'scoreFundamental': 49.85, 'scoreGovernance': 87.69, 'scoreMarket': 86.27, 'scoreOperation': 77.48}",0.010495256821530475,301284,21944.734074602715,,,0,,False,0,Ethereum
148,Fulcrom,fulcrom,https://skynet.certik.com/projects/fulcrom,"{'rank': 2093, 'percentile': 0.11263722236405416, 'includedCategories': ['community', 'market', 'operation', 'fundamental'], 'score': 76.81, 'scoreCodeSecurity': None, 'scoreCommunity': 84.81, 'scoreFundamental': 62.7, 'scoreGovernance': None, 'scoreMarket': 90.39, 'scoreOperation': 56.3}",0.0009109975363131873,15208327,4109.652915280418,10951525.703998374,,0,,False,0,Cronos
149,Megaton Finance,megaton-finance,https://skynet.certik.com/projects/megaton-finance,"{'rank': 2095, 'percentile': 0.1127904008169518, 'includedCategories': ['code', 'community', 'market', 'operation', 'fundamental'], 'score': 76.8, 'scoreCodeSecurity': 72.28, 'scoreCommunity': 63.3, 'scoreFundamental': 91.75, 'scoreGovernance': None, 'scoreMarket': 78.09, 'scoreOperation': 65.6}",,,,753903.6447494499,,0,,False,1,TON
150,goodcryptoX,goodcryptox,https://skynet.certik.com/projects/goodcryptox,"{'rank': 2107, 'percentile': 0.11340311462854225, 'includedCategories': ['code', 'community', 'market', 'operation', 'fundamental'], 'score': 76.74, 'scoreCodeSecurity': 80.81, 'scoreCommunity': 94.64, 'scoreFundamental': 64.1, 'scoreGovernance': None, 'scoreMarket': 83.29, 'scoreOperation': 56.3}",0.00457578,98269,2134.04,,,0,,False,1,Arbitrum|Base|Ethereum|Solana
151,NomiSwap,nomiswap,https://skynet.certik.com/projects/nomiswap,"{'rank': 2137, 'percentile': 0.11493489915751853, 'includedCategories': ['code', 'governance', 'community', 'market', 'operation', 'fundamental'], 'score': 76.64, 'scoreCodeSecurity': 76.05, 'scoreCommunity': 55, 'scoreFundamental': 85.1, 'scoreGovernance': 84.45, 'scoreMarket': 78.78, 'scoreOperation': 68.3}",0.002381380380691595,534559,1613.7156702578068,1355249.3750412203,,0,,False,2,Arbitrum|Avalanche|BSC|Ethereum|Gnosis-gno|Optimism|Polygon
152,Volt Inu,volt-inu,https://skynet.certik.com/projects/volt-inu,"{'rank': 2181, 'percentile': 0.11738575440388055, 'includedCategories': ['code', 'governance', 'community', 'market', 'operation', 'fundamental'], 'score': 76.45, 'scoreCodeSecurity': 69.91, 'scoreCommunity': 96.29, 'scoreFundamental': 60.7, 'scoreGovernance': 70.21, 'scoreMarket': 88.44, 'scoreOperation': 71.41}",3.983472682197903e-08,2167119,30968.28938100543,,,0,,False,2,BSC|Ethereum
153,DragonSwap,dragonswap_dex,https://skynet.certik.com/projects/dragonswap_dex,"{'rank': 2029, 'percentile': 0.10911411794740877, 'includedCategories': ['code', 'community', 'market', 'operation', 'fundamental'], 'score': 77.12, 'scoreCodeSecurity': 68.66, 'scoreCommunity': 93.37, 'scoreFundamental': 79.5, 'scoreGovernance': None, 'scoreMarket': 80.19, 'scoreOperation': 63.85}",0.010160886518178182,2508108,22237.874032480002,,,0,,True,7,Sei
154,Noah,noah-defi,https://skynet.certik.com/projects/noah-defi,"{'rank': 2185, 'percentile': 0.11764105182537654, 'includedCategories': ['code', 'community', 'operation', 'fundamental'], 'score': 76.43, 'scoreCodeSecurity': 66, 'scoreCommunity': 92.49, 'scoreFundamental': 84.05, 'scoreGovernance': None, 'scoreMarket': None, 'scoreOperation': 66}",,,,,,0,,True,1,
155,FluidFi,fluidfi,https://skynet.certik.com/projects/fluidfi,"{'rank': 2189, 'percentile': 0.11779423027827418, 'includedCategories': ['code', 'governance', 'community', 'market', 'operation', 'fundamental'], 'score': 76.42, 'scoreCodeSecurity': 69.31, 'scoreCommunity': 55, 'scoreFundamental': 79.5, 'scoreGovernance': 62.41, 'scoreMarket': 93.62, 'scoreOperation': 68.3}",,78351549,2775208,,,0,,False,0,Arbitrum
156,OSIS,osis,https://skynet.certik.com/projects/osis,"{'rank': 2204, 'percentile': 0.11861118202706156, 'includedCategories': ['code', 'community', 'operation', 'fundamental'], 'score': 76.38, 'scoreCodeSecurity': 70.46, 'scoreCommunity': 92.86, 'scoreFundamental': 82.1, 'scoreGovernance': None, 'scoreMarket': None, 'scoreOperation': 60.3}",,,,,,0,,False,1,
157,Alkimi,alkimi,https://skynet.certik.com/projects/alkimi,"{'rank': 2207, 'percentile': 0.1187643604799592, 'includedCategories': ['code', 'governance', 'community', 'market', 'operation', 'fundamental'], 'score': 76.37, 'scoreCodeSecurity': 50.7, 'scoreCommunity': 93.13, 'scoreFundamental': 79.5, 'scoreGovernance': 81.75, 'scoreMarket': 85.35, 'scoreOperation': 72.38}",,,22385.037109375,,,0,,False,0,Ethereum
158,Nabox,nabox,https://skynet.certik.com/projects/nabox,"{'rank': 2220, 'percentile': 0.11947919326014811, 'includedCategories': ['code', 'governance', 'community', 'market', 'operation', 'fundamental'], 'score': 76.29, 'scoreCodeSecurity': 78.58, 'scoreCommunity': 94.74, 'scoreFundamental': 72.5, 'scoreGovernance': 57.98, 'scoreMarket': 78.54, 'scoreOperation': 72.38}",7.02899233174816e-07,146635,16.129063606262207,,,,,False,1,BSC
159,CoinEx Token,coinex-token,https://skynet.certik.com/projects/coinex-token,"{'rank': 2228, 'percentile': 0.1197344906816441, 'includedCategories': ['code', 'governance', 'community', 'market', 'operation', 'fundamental'], 'score': 76.27, 'scoreCodeSecurity': 47.96, 'scoreCommunity': 95.63, 'scoreFundamental': 79.5, 'scoreGovernance': 64.24, 'scoreMarket': 90.15, 'scoreOperation': 77.48}",0.01860227395825565,13183723,53261.74027578,,,,,True,2,
160,Drift Protocol,drift-protocol,https://skynet.certik.com/projects/drift-protocol,"{'rank': 2229, 'percentile': 0.11988766913454174, 'includedCategories': ['code', 'governance', 'community', 'market', 'operation', 'fundamental'], 'score': 76.26, 'scoreCodeSecurity': 62.589999999999996, 'scoreCommunity': 75.34, 'scoreFundamental': 84.77000000000001, 'scoreGovernance': 46.31, 'scoreMarket': 91.77, 'scoreOperation': 70.93}",0.016072769566940315,9764663,4696166.746289283,,,,,True,2,Solana
161,Elys Network,elys-network,https://skynet.certik.com/projects/elys-network,"{'rank': 2237, 'percentile': 0.12029614500893537, 'includedCategories': ['code', 'governance', 'community', 'market', 'operation', 'fundamental'], 'score': 76.22, 'scoreCodeSecurity': 89.41, 'scoreCommunity': 65.81, 'scoreFundamental': 65.15, 'scoreGovernance': 80.5, 'scoreMarket': 79.06, 'scoreOperation': 69.6}",,,,,,,,True,2,Cosmos
162,Dexalot,dexalot,https://skynet.certik.com/projects/dexalot,"{'rank': 2264, 'percentile': 0.1217258105693132, 'includedCategories': ['code', 'governance', 'community', 'market', 'operation', 'fundamental'], 'score': 76.11, 'scoreCodeSecurity': 88.23, 'scoreCommunity': 95.76, 'scoreFundamental': 49.27, 'scoreGovernance': 83.06, 'scoreMarket': 79.67, 'scoreOperation': 68.3}",0.03634746730809919,2291215,9160.419189453125,,,,,True,2,Avalanche
163,rhino.fi,deversifi,https://skynet.certik.com/projects/deversifi,"{'rank': 2282, 'percentile': 0.12269594077099821, 'includedCategories': ['code', 'governance', 'community', 'market', 'operation', 'fundamental'], 'score': 76.05, 'scoreCodeSecurity': 51.12, 'scoreCommunity': 95.49, 'scoreFundamental': 79.5, 'scoreGovernance': 75.38, 'scoreMarket': 85.23, 'scoreOperation': 72.72}",,,,,,,,False,0,Ethereum
164,SundaeSwap,sundaeswap,https://skynet.certik.com/projects/sundaeswap,"{'rank': 2295, 'percentile': 0.1234618330354863, 'includedCategories': ['community', 'market', 'operation', 'fundamental'], 'score': 76, 'scoreCodeSecurity': None, 'scoreCommunity': 93.26, 'scoreFundamental': 79.5, 'scoreGovernance': None, 'scoreMarket': 73.15, 'scoreOperation': 60.3}",0.0005831000716714328,,121.5237808227539,,,,,False,0,
165,RocketX exchange,rocket-vault-rocketx,https://skynet.certik.com/projects/rocket-vault-rocketx,"{'rank': 2411, 'percentile': 0.12964003063569063, 'includedCategories': ['code', 'governance', 'community', 'market', 'operation', 'fundamental'], 'score': 75.53, 'scoreCodeSecurity': 42.61, 'scoreCommunity': 93.74, 'scoreFundamental': 79.5, 'scoreGovernance': 77.05, 'scoreMarket': 86.55, 'scoreOperation': 80.61}",0.01395165857217117,1153056,10973.415540173897,,,,,False,0,Ethereum
166,MasterDEX,masterdex,https://skynet.certik.com/projects/masterdex,"{'rank': 2418, 'percentile': 0.12999744702578508, 'includedCategories': ['code', 'governance', 'community', 'market', 'operation', 'fundamental'], 'score': 75.49, 'scoreCodeSecurity': 85.4, 'scoreCommunity': 92.87, 'scoreFundamental': 60.7, 'scoreGovernance': 56.4, 'scoreMarket': 80.36, 'scoreOperation': 72.38}",,414035,11.29,,,,,False,1,Ethereum
167,Steam Exchange,steam-exchange,https://skynet.certik.com/projects/steam-exchange,"{'rank': 2419, 'percentile': 0.12999744702578508, 'includedCategories': ['code', 'governance', 'community', 'market', 'operation', 'fundamental'], 'score': 75.49, 'scoreCodeSecurity': 59.15, 'scoreCommunity': 80.66, 'scoreFundamental': 79.5, 'scoreGovernance': 63.6, 'scoreMarket': 88.36, 'scoreOperation': 68.3}",0.060664,11857585,3240.74,,,,,True,1,BSC
168,OKC Swap,okc-swap,https://skynet.certik.com/projects/okc-swap,"{'rank': 2420, 'percentile': 0.13004850651008426, 'includedCategories': ['code', 'community', 'operation', 'fundamental'], 'score': 75.48, 'scoreCodeSecurity': 77.76, 'scoreCommunity': 72.83, 'scoreFundamental': 82.1, 'scoreGovernance': None, 'scoreMarket': None, 'scoreOperation': 60.3}",,,,,,,,False,1,Ethereum|BSC|Polygon|Arbitrum|Avalanche|Cosmos|OKTC
169,MCDEX,mcdex,https://skynet.certik.com/projects/mcdex,"{'rank': 2435, 'percentile': 0.13086545825887164, 'includedCategories': ['code', 'governance', 'community', 'market', 'operation', 'fundamental'], 'score': 75.42, 'scoreCodeSecurity': 74.22, 'scoreCommunity': 43.64, 'scoreFundamental': 85.1, 'scoreGovernance': 86.81, 'scoreMarket': 81.72, 'scoreOperation': 59.92}",2.066468840198883,7897058,542.1429901123047,,,,,False,2,Arbitrum|BSC|Ethereum
170,IceCreamSwap,icecreamswap,https://skynet.certik.com/projects/icecreamswap,"{'rank': 2482, 'percentile': 0.13346949195813118, 'includedCategories': ['code', 'governance', 'community', 'market', 'operation', 'fundamental'], 'score': 75.21, 'scoreCodeSecurity': 87.71, 'scoreCommunity': 64.48, 'scoreFundamental': 95.1, 'scoreGovernance': 72.5, 'scoreMarket': 60.39, 'scoreOperation': 68.3}",0.09319698964478214,,11.914229393005371,,,,,False,1,Bitgert|CoreDAO
171,EverRise,everrise,https://skynet.certik.com/projects/everrise,"{'rank': 2515, 'percentile': 0.13520551442430429, 'includedCategories': ['code', 'governance', 'community', 'market', 'operation', 'fundamental'], 'score': 75.04, 'scoreCodeSecurity': 82.16, 'scoreCommunity': 92.78999999999999, 'scoreFundamental': 47.57, 'scoreGovernance': 85.33, 'scoreMarket': 83.11000000000001, 'scoreOperation': 63.54}",1.1020541023398646e-05,707350,562.4696945774609,,,,,False,3,Avalanche|BSC|Fantom|Polygon|Ethereum
172,AI Analysis,ai-analysis,https://skynet.certik.com/projects/ai-analysis,"{'rank': 2523, 'percentile': 0.1356650497829972, 'includedCategories': ['code', 'governance', 'community', 'market', 'operation', 'fundamental'], 'score': 75, 'scoreCodeSecurity': 80.55, 'scoreCommunity': 53.38, 'scoreFundamental': 66.29, 'scoreGovernance': 65.35, 'scoreMarket': 89.31, 'scoreOperation': 69.66}",0.22546612399697916,33047600,22295.45269085,,,,,False,2,Ethereum
173,Bit Game Verse,bit-game-verse,https://skynet.certik.com/projects/bit-game-verse,"{'rank': 2543, 'percentile': 0.1366862394689814, 'includedCategories': ['code', 'governance', 'community', 'market', 'operation', 'fundamental'], 'score': 74.93, 'scoreCodeSecurity': 71.37, 'scoreCommunity': 64.38, 'scoreFundamental': 85.1, 'scoreGovernance': 85.97, 'scoreMarket': 75.18, 'scoreOperation': 60.5}",1.536309423702205e-05,,720.8440269197852,,,,,False,1,BSC
174,DeGate,degate,https://skynet.certik.com/projects/degate,"{'rank': 2552, 'percentile': 0.13704365585907585, 'includedCategories': ['code', 'governance', 'community', 'market', 'operation', 'fundamental'], 'score': 74.9, 'scoreCodeSecurity': 82.46, 'scoreCommunity': 60.59, 'scoreFundamental': 79.5, 'scoreGovernance': 81.43, 'scoreMarket': 68.41, 'scoreOperation': 77.82}",0.042269017313138514,16366748,1964.4026956558228,,,,,True,9,Ethereum
175,O3 Swap,o3swap,https://skynet.certik.com/projects/o3swap,"{'rank': 2565, 'percentile': 0.13780954812356394, 'includedCategories': ['code', 'governance', 'community', 'market', 'operation', 'fundamental'], 'score': 74.85, 'scoreCodeSecurity': 93.2, 'scoreCommunity': 66.19, 'scoreFundamental': 68.3, 'scoreGovernance': 76.9, 'scoreMarket': 75.65, 'scoreOperation': 55.5}",0.0009500508834240015,53935,1475.6036696899682,,,,,False,5,Ethereum|Polygon|BSC|Arbitrum|Optimism|OKTC
176,HoldStation,holdstation,https://skynet.certik.com/projects/holdstation,"{'rank': 2568, 'percentile': 0.13796272657646158, 'includedCategories': ['code', 'community', 'market', 'operation', 'fundamental'], 'score': 74.82, 'scoreCodeSecurity': 75.96000000000001, 'scoreCommunity': 91.99000000000001, 'scoreFundamental': 71.79, 'scoreGovernance': None, 'scoreMarket': 87.58000000000001, 'scoreOperation': 67.99000000000001}",0.20316109345479189,1604644,94319.23697365794,,,,,True,1,zkSync
177,Brokoli Network,brokoli-network,https://skynet.certik.com/projects/brokoli-network,"{'rank': 2578, 'percentile': 0.1386775593566505, 'includedCategories': ['code', 'governance', 'community', 'market', 'operation', 'fundamental'], 'score': 74.78, 'scoreCodeSecurity': 74.81, 'scoreCommunity': 62.43, 'scoreFundamental': 79.5, 'scoreGovernance': 58.75, 'scoreMarket': 83.07, 'scoreOperation': 68.76}",0.002295173728835197,122514,675.7097389556433,,,,,True,1,Ethereum
178,Ethervista,ethervista,https://skynet.certik.com/projects/ethervista,"{'rank': 2614, 'percentile': 0.1404135818228236, 'includedCategories': ['code', 'governance', 'community', 'market', 'operation', 'fundamental'], 'score': 74.61, 'scoreCodeSecurity': 57, 'scoreCommunity': 88.76, 'scoreFundamental': 58.5, 'scoreGovernance': 86.67, 'scoreMarket': 88.87, 'scoreOperation': 73.02}",1.0871841801201165,1008411,58039.365151296246,,,,,False,0,Ethereum
179,BESC HyperChain,bean-eco-smart-chain,https://skynet.certik.com/projects/bean-eco-smart-chain,"{'rank': 2616, 'percentile': 0.1406178197600204, 'includedCategories': ['code', 'governance', 'community', 'market', 'operation', 'fundamental'], 'score': 74.6, 'scoreCodeSecurity': 83.6, 'scoreCommunity': 92.91, 'scoreFundamental': 50, 'scoreGovernance': 84.65, 'scoreMarket': 77.66, 'scoreOperation': 68.3}",0.8975918582285741,,12171.197265625,,,,,False,1,BSC|Ethereum
180,Tokenlon Network Token,tokenlon-network-token,https://skynet.certik.com/projects/tokenlon-network-token,"{'rank': 2619, 'percentile': 0.1406178197600204, 'includedCategories': ['code', 'governance', 'community', 'market', 'operation', 'fundamental'], 'score': 74.6, 'scoreCodeSecurity': 58.47, 'scoreCommunity': 91.84, 'scoreFundamental': 49.73, 'scoreGovernance': 92.32, 'scoreMarket': 87.5, 'scoreOperation': 82.92}",0.1849376966511161,22836062,62338.37107401503,,,,,False,0,Ethereum
181,VDAO,vite,https://skynet.certik.com/projects/vite,"{'rank': 2627, 'percentile': 0.14107735511871333, 'includedCategories': ['code', 'governance', 'community', 'market', 'operation', 'fundamental'], 'score': 74.58, 'scoreCodeSecurity': 90.69, 'scoreCommunity': 55, 'scoreFundamental': 72.5, 'scoreGovernance': 61.65, 'scoreMarket': 76.81, 'scoreOperation': 72.38}",,,,,,,,False,1,BSC|Ethereum
182,Parex,parex,https://skynet.certik.com/projects/parex,"{'rank': 2630, 'percentile': 0.14133265254020932, 'includedCategories': ['code', 'governance', 'community', 'market', 'operation', 'fundamental'], 'score': 74.57, 'scoreCodeSecurity': 84.01, 'scoreCommunity': 65.87, 'scoreFundamental': 85.1, 'scoreGovernance': 55.83, 'scoreMarket': 72.49, 'scoreOperation': 68.3}",,,,,,,,False,1,BSC
183,ZoidPay,zoidpay,https://skynet.certik.com/projects/zoidpay,"{'rank': 2643, 'percentile': 0.1418943068675006, 'includedCategories': ['community', 'market', 'operation', 'fundamental'], 'score': 74.54, 'scoreCodeSecurity': None, 'scoreCommunity': 56.16, 'scoreFundamental': 79.5, 'scoreGovernance': None, 'scoreMarket': 79.6, 'scoreOperation': 67.85}",0.008792433978265986,,8958.748744891875,,,,,False,0,Multiversx
184,Odos,odos,https://skynet.certik.com/projects/odos,"{'rank': 2655, 'percentile': 0.1426091396476895, 'includedCategories': ['code', 'governance', 'community', 'market', 'operation', 'fundamental'], 'score': 74.48, 'scoreCodeSecurity': 71.16, 'scoreCommunity': 90.49000000000001, 'scoreFundamental': 53.230000000000004, 'scoreGovernance': 65.91, 'scoreMarket': 88.52000000000001, 'scoreOperation': 74.00999999999999}",0.0007450522145240168,2736137,239326.84429109827,,,,,False,2,Polygon|Base|Ethereum|BSC|Arbitrum|Optimism|Avalanche
185,Panaroma,panaroma,https://skynet.certik.com/projects/panaroma,"{'rank': 2658, 'percentile': 0.1429154965534848, 'includedCategories': ['code', 'governance', 'community', 'operation', 'fundamental'], 'score': 74.47, 'scoreCodeSecurity': 77.76, 'scoreCommunity': 44.13, 'scoreFundamental': 85.1, 'scoreGovernance': 83.12, 'scoreMarket': None, 'scoreOperation': 68.3}",,,,,,,,False,1,Ethereum|Polygon|Optimism|Arbitrum
186,Ailey,ailey,https://skynet.certik.com/projects/ailey,"{'rank': 2671, 'percentile': 0.14347715088077606, 'includedCategories': ['code', 'governance', 'community', 'market', 'operation', 'fundamental'], 'score': 74.43, 'scoreCodeSecurity': 79.69, 'scoreCommunity': 43.32, 'scoreFundamental': 49.53, 'scoreGovernance': 88.04, 'scoreMarket': 92.34, 'scoreOperation': 77.48}",0.2583420749317087,125743816,113420.11130615242,,,,,False,1,BSC
187,Göztepe S.K. Fan Token,goztepe-sk-fantoken,https://skynet.certik.com/projects/goztepe-sk-fantoken,"{'rank': 2675, 'percentile': 0.143681388817973, 'includedCategories': ['community', 'market', 'operation', 'fundamental'], 'score': 74.42, 'scoreCodeSecurity': None, 'scoreCommunity': 94.92, 'scoreFundamental': 49.65, 'scoreGovernance': None, 'scoreMarket': 86.29, 'scoreOperation': 67.88}",0.0950452827090689,413559,24777.554451138123,,,,,False,0,
188,VulcanDex,vulcandex,https://skynet.certik.com/projects/vulcandex,"{'rank': 2690, 'percentile': 0.1443962215981619, 'includedCategories': ['code', 'governance', 'community', 'market', 'operation', 'fundamental'], 'score': 74.38, 'scoreCodeSecurity': 51.93, 'scoreCommunity': 94.61, 'scoreFundamental': 49.18, 'scoreGovernance': 87.61, 'scoreMarket': 92.04, 'scoreOperation': 83.26}",0.17305337984229227,7862089,2420313.069851547,,,,,False,0,Ethereum
189,Paragon Protocol,paragon-chain,https://skynet.certik.com/projects/paragon-chain,"{'rank': 2750, 'percentile': 0.14771508807761047, 'includedCategories': ['code', 'governance', 'community', 'market', 'operation', 'fundamental'], 'score': 74.14, 'scoreCodeSecurity': 96, 'scoreCommunity': 93.7, 'scoreFundamental': 55.75, 'scoreGovernance': 84.24, 'scoreMarket': 62.69, 'scoreOperation': 71.89}",0.21758112827573423,,69.13424682617188,,,,,False,2,BSC
190,R0AR,r0ar,https://skynet.certik.com/projects/r0ar,"{'rank': 2759, 'percentile': 0.14822568292060245, 'includedCategories': ['code', 'governance', 'community', 'market', 'operation', 'fundamental'], 'score': 74.1, 'scoreCodeSecurity': 55.15, 'scoreCommunity': 91.38, 'scoreFundamental': 55.1, 'scoreGovernance': 95.94, 'scoreMarket': 86.73, 'scoreOperation': 72.95}",0.0005958692301873224,247624,55312.64793182617,,,,,False,0,Ethereum
191,Fasttoken,fasttoken,https://skynet.certik.com/projects/fasttoken,"{'rank': 2768, 'percentile': 0.14878733724789384, 'includedCategories': ['code', 'governance', 'community', 'market', 'operation', 'fundamental'], 'score': 74.06, 'scoreCodeSecurity': 80.9, 'scoreCommunity': 68.07, 'scoreFundamental': 85.1, 'scoreGovernance': 49.59, 'scoreMarket': 74.2, 'scoreOperation': 68.3}",4.25899657875991,,0,,,,,False,4,Ethereum
192,Camelot Token,camelot-token,https://skynet.certik.com/projects/camelot-token,"{'rank': 2781, 'percentile': 0.14975746744957874, 'includedCategories': ['code', 'governance', 'community', 'market', 'operation', 'fundamental'], 'score': 74.02, 'scoreCodeSecurity': 56.05, 'scoreCommunity': 54.81, 'scoreFundamental': 85.45, 'scoreGovernance': 80.33, 'scoreMarket': 81.36, 'scoreOperation': 78}",44.06586328163328,1127344,2591.199482560158,,,,,False,0,Arbitrum
193,Peanut,peanut,https://skynet.certik.com/projects/peanut,"{'rank': 2792, 'percentile': 0.1501148838396732, 'includedCategories': ['code', 'governance', 'community', 'market', 'operation', 'fundamental'], 'score': 74.01, 'scoreCodeSecurity': 56.05, 'scoreCommunity': 95.38, 'scoreFundamental': 58.5, 'scoreGovernance': 79.81, 'scoreMarket': 84.62, 'scoreOperation': 81.9}",0.007554058968469552,369556,1894.4016722882325,,,,,False,0,Ethereum
194,ParaSwap,paraswap,https://skynet.certik.com/projects/paraswap,"{'rank': 2807, 'percentile': 0.15093183558846057, 'includedCategories': ['code', 'governance', 'community', 'market', 'operation', 'fundamental'], 'score': 73.96, 'scoreCodeSecurity': 84.01, 'scoreCommunity': 53.35, 'scoreFundamental': 62.17999999999999, 'scoreGovernance': 77.41, 'scoreMarket': 83.17, 'scoreOperation': 66.99000000000001}",0.0010363011304344145,766822,148.21654510498047,,,,,False,6,Polygon
195,Brightpool,brightpool,https://skynet.certik.com/projects/brightpool,"{'rank': 2812, 'percentile': 0.15123819249425585, 'includedCategories': ['code', 'governance', 'community', 'market', 'operation', 'fundamental'], 'score': 73.93, 'scoreCodeSecurity': 78.64, 'scoreCommunity': 84.4, 'scoreFundamental': 71.5, 'scoreGovernance': 75.58000183105469, 'scoreMarket': 70.26000213623047, 'scoreOperation': 68.3}",0.063778,,94.9,,,,,False,2,Ethereum|Arbitrum
196,StreamCoin,streamcoin,https://skynet.certik.com/projects/streamcoin,"{'rank': 2830, 'percentile': 0.15225938218023993, 'includedCategories': ['code', 'governance', 'community', 'market', 'operation', 'fundamental'], 'score': 73.84, 'scoreCodeSecurity': 73.96, 'scoreCommunity': 64.32, 'scoreFundamental': 49.91, 'scoreGovernance': 84.7, 'scoreMarket': 87.92, 'scoreOperation': 77.89}",0.00037156765840033425,554579,101472.38726719588,,,,,False,1,BSC
197,Sologenic,sologenic,https://skynet.certik.com/projects/sologenic,"{'rank': 2842, 'percentile': 0.15292315547612967, 'includedCategories': ['code', 'governance', 'community', 'market', 'operation', 'fundamental'], 'score': 73.78, 'scoreCodeSecurity': 94.67, 'scoreCommunity': 64.89, 'scoreFundamental': 49.37, 'scoreGovernance': 75.65, 'scoreMarket': 79.66, 'scoreOperation': 70.17}",0.021019444242824873,,2801.0140502844297,,,,,False,1,
198,ChangeX,changex,https://skynet.certik.com/projects/changex,"{'rank': 2869, 'percentile': 0.1546081184580036, 'includedCategories': ['code', 'governance', 'community', 'market', 'operation', 'fundamental'], 'score': 73.65, 'scoreCodeSecurity': 52.1, 'scoreCommunity': 87.68, 'scoreFundamental': 79.5, 'scoreGovernance': 78.69, 'scoreMarket': 75.56, 'scoreOperation': 80.27}",0.001224392852210298,249942,5836.203858886875,,,,,False,0,Ethereum
199,Maverick Protocol,maverick-protocol,https://skynet.certik.com/projects/maverick-protocol,"{'rank': 2874, 'percentile': 0.1548123563952004, 'includedCategories': ['code', 'governance', 'community', 'market', 'operation', 'fundamental'], 'score': 73.63, 'scoreCodeSecurity': 69.95, 'scoreCommunity': 93.73, 'scoreFundamental': 76.35, 'scoreGovernance': 70, 'scoreMarket': 70, 'scoreOperation': 70}",0.010348876139787053,9662474,4286545.759816166,,,,,False,1,Polygon
200,AirCash,aircash,https://skynet.certik.com/projects/aircash,"{'rank': 2886, 'percentile': 0.15547612969109015, 'includedCategories': ['code', 'governance', 'community', 'operation', 'fundamental'], 'score': 73.58, 'scoreCodeSecurity': 86.17, 'scoreCommunity': 69.64, 'scoreFundamental': 56.61, 'scoreGovernance': 86.19, 'scoreMarket': None, 'scoreOperation': 73.7}",,,147.10069477558136,,,,,False,1,BSC
201,DerivaDAO,derivadao,https://skynet.certik.com/projects/derivadao,"{'rank': 2910, 'percentile': 0.1568036762828695, 'includedCategories': ['code', 'governance', 'community', 'market', 'operation', 'fundamental'], 'score': 73.49, 'scoreCodeSecurity': 75.55, 'scoreCommunity': 95.01, 'scoreFundamental': 49.65, 'scoreGovernance': 75.53, 'scoreMarket': 80.4, 'scoreOperation': 72.72}",0.049444372569209236,1281379,198.98605298995972,,,,,False,0,Ethereum
202,Rails,rails,https://skynet.certik.com/projects/rails,"{'rank': 2924, 'percentile': 0.15751850906305842, 'includedCategories': ['code', 'governance', 'community', 'market', 'operation', 'fundamental'], 'score': 73.45, 'scoreCodeSecurity': 50.7, 'scoreCommunity': 84.58, 'scoreFundamental': 77.4, 'scoreGovernance': 90.41, 'scoreMarket': 78.47, 'scoreOperation': 67.9}",0.04985738756428951,,5278.65837696,,,,,False,0,
203,Blackhole,blackhole,https://skynet.certik.com/projects/blackhole,"{'rank': 2927, 'percentile': 0.15767168751595606, 'includedCategories': ['code', 'governance', 'community', 'market', 'operation', 'fundamental'], 'score': 73.44, 'scoreCodeSecurity': 74.2, 'scoreCommunity': 92.35, 'scoreFundamental': 49.03, 'scoreGovernance': 90.72, 'scoreMarket': 79.55, 'scoreOperation': 66.22}",0.0037264774351800692,784664,315392.55412609736,,,,,True,1,Avalanche
204,Decentralized Social,deso,https://skynet.certik.com/projects/deso,"{'rank': 2964, 'percentile': 0.15971406688792444, 'includedCategories': ['code', 'community', 'market', 'operation', 'fundamental'], 'score': 73.34, 'scoreCodeSecurity': 37.9, 'scoreCommunity': 83.48, 'scoreFundamental': 79.5, 'scoreGovernance': None, 'scoreMarket': 89.42, 'scoreOperation': 73.48}",2.952582180664032,26207122,5467.367397720001,,,,,False,0,
205,Luffy,luffy-v2,https://skynet.certik.com/projects/luffy-v2,"{'rank': 2974, 'percentile': 0.1600714832780189, 'includedCategories': ['code', 'governance', 'community', 'market', 'operation', 'fundamental'], 'score': 73.31, 'scoreCodeSecurity': 70, 'scoreCommunity': 92.35, 'scoreFundamental': 55.1, 'scoreGovernance': 84.6, 'scoreMarket': 76.6, 'scoreOperation': 76.19}",8.192396194714564e-06,436452,9763.442310175506,,,,,True,3,
206,Leverj Gluon,leverj-gluon,https://skynet.certik.com/projects/leverj-gluon,"{'rank': 2988, 'percentile': 0.16099055399540463, 'includedCategories': ['code', 'governance', 'community', 'market', 'operation', 'fundamental'], 'score': 73.24, 'scoreCodeSecurity': 68.54, 'scoreCommunity': 57.65, 'scoreFundamental': 79.5, 'scoreGovernance': 76.93, 'scoreMarket': 76.35, 'scoreOperation': 72.72}",,,,,,,,False,0,Ethereum
207,BitKan,bitkan,https://skynet.certik.com/projects/bitkan,"{'rank': 2992, 'percentile': 0.16124585141690073, 'includedCategories': ['code', 'governance', 'community', 'market', 'operation', 'fundamental'], 'score': 73.23, 'scoreCodeSecurity': 65.97, 'scoreCommunity': 94.78, 'scoreFundamental': 49.84, 'scoreGovernance': 68.03, 'scoreMarket': 89.85, 'scoreOperation': 68.3}",0.0006074507173756518,5895225,89734.34138222,,,,,True,0,Ethereum
208,Polkaswap,polkaswap,https://skynet.certik.com/projects/polkaswap,"{'rank': 3005, 'percentile': 0.16175644625989283, 'includedCategories': ['code', 'governance', 'community', 'market', 'operation', 'fundamental'], 'score': 73.18, 'scoreCodeSecurity': 62.76, 'scoreCommunity': 92.18, 'scoreFundamental': 49.84, 'scoreGovernance': 81.73, 'scoreMarket': 86.19, 'scoreOperation': 74.08}",,1418647,3856.299072265625,,,,,False,0,
209,Ubeswap,ubeswap,https://skynet.certik.com/projects/ubeswap,"{'rank': 3013, 'percentile': 0.16221598161858564, 'includedCategories': ['community', 'market', 'operation', 'fundamental'], 'score': 73.15, 'scoreCodeSecurity': None, 'scoreCommunity': 85.03, 'scoreFundamental': 54.3, 'scoreGovernance': None, 'scoreMarket': 83.38, 'scoreOperation': 68.3}",0.00034056,43814,1486.94,,,,,False,0,Celo
210,CrowdSwap,crowdswap,https://skynet.certik.com/projects/crowdswap,"{'rank': 3034, 'percentile': 0.16359458769466428, 'includedCategories': ['code', 'governance', 'community', 'market', 'operation', 'fundamental'], 'score': 73.05, 'scoreCodeSecurity': 53.5, 'scoreCommunity': 91.01, 'scoreFundamental': 79.5, 'scoreGovernance': 53.71, 'scoreMarket': 83.81, 'scoreOperation': 68.3}",,53657,440.2667236328125,,,,,False,0,Polygon
211,Nova,novain-ai,https://skynet.certik.com/projects/novain-ai,"{'rank': 3036, 'percentile': 0.16359458769466428, 'includedCategories': ['code', 'governance', 'community', 'market', 'operation', 'fundamental'], 'score': 73.05, 'scoreCodeSecurity': 85.28, 'scoreCommunity': 84.19, 'scoreFundamental': 50.9, 'scoreGovernance': 79.35, 'scoreMarket': 79.43, 'scoreOperation': 56.3}",28.378449679475906,,8067.81966397,,,,,False,0,
212,ByteDex,bytedex,https://skynet.certik.com/projects/bytedex,"{'rank': 3043, 'percentile': 0.16410518253765638, 'includedCategories': ['code', 'community', 'operation', 'fundamental'], 'score': 73.03, 'scoreCodeSecurity': 62, 'scoreCommunity': 94.87, 'scoreFundamental': 79.5, 'scoreGovernance': None, 'scoreMarket': None, 'scoreOperation': 60.3}",,,,,,,,True,1,
213,Zenfuse,zenfuse,https://skynet.certik.com/projects/zenfuse,"{'rank': 3047, 'percentile': 0.16410518253765638, 'includedCategories': ['code', 'governance', 'community', 'operation', 'fundamental'], 'score': 73.03, 'scoreCodeSecurity': 74.51, 'scoreCommunity': 51.62, 'scoreFundamental': 85.1, 'scoreGovernance': 66.99, 'scoreMarket': None, 'scoreOperation': 73.4}",,,,,,,,False,1,BSC|Ethereum
214,stabble,stabble,https://skynet.certik.com/projects/stabble,"{'rank': 3049, 'percentile': 0.16425836099055402, 'includedCategories': ['code', 'community', 'market', 'operation', 'fundamental'], 'score': 73.02, 'scoreCodeSecurity': 48.81, 'scoreCommunity': 89.32, 'scoreFundamental': 79.85, 'scoreGovernance': None, 'scoreMarket': 81.34, 'scoreOperation': 66.5}",0.0006104990770730065,45110,671.2695922851562,,,,,False,0,Solana|Sei
215,Biswap,biswap,https://skynet.certik.com/projects/biswap,"{'rank': 3071, 'percentile': 0.16573908603523102, 'includedCategories': ['code', 'governance', 'community', 'market', 'operation', 'fundamental'], 'score': 72.95, 'scoreCodeSecurity': 68.87, 'scoreCommunity': 82.45, 'scoreFundamental': 60.310000305175784, 'scoreGovernance': 77.72000274658203, 'scoreMarket': 77.6, 'scoreOperation': 78.13999755859375}",0.00032780802291274843,224867,52557.75575704294,,,,,False,8,BSC|Ethereum
216,Wombat Exchange,wombat-exchange,https://skynet.certik.com/projects/wombat-exchange,"{'rank': 3092, 'percentile': 0.16645391881541993, 'includedCategories': ['code', 'governance', 'community', 'market', 'operation', 'fundamental'], 'score': 72.91, 'scoreCodeSecurity': 67.5, 'scoreCommunity': 91.7, 'scoreFundamental': 53.35, 'scoreGovernance': 83.24, 'scoreMarket': 79, 'scoreOperation': 75.5}",0.0006838060064212549,39967,22721.249366646633,,,,,True,0,BSC
217,SquadSwap,squadswap,https://skynet.certik.com/projects/squadswap,"{'rank': 3107, 'percentile': 0.16732193004850648, 'includedCategories': ['code', 'governance', 'community', 'market', 'operation', 'fundamental'], 'score': 72.86, 'scoreCodeSecurity': 80.5, 'scoreCommunity': 91.42, 'scoreFundamental': 57.2, 'scoreGovernance': 88.8, 'scoreMarket': 66.52, 'scoreOperation': 73.4}",0.01165253979351325,,161.56374645233154,,,,,True,3,BSC
218,StellaSwap,stellaswap,https://skynet.certik.com/projects/stellaswap,"{'rank': 3108, 'percentile': 0.16732193004850648, 'includedCategories': ['code', 'community', 'market', 'operation', 'fundamental'], 'score': 72.86, 'scoreCodeSecurity': 75.31, 'scoreCommunity': 60.9, 'scoreFundamental': 64.1, 'scoreGovernance': None, 'scoreMarket': 80.56, 'scoreOperation': 74.3}",,130688,69.7,,,,,False,1,Polkadot
219,Bunicorn,buni,https://skynet.certik.com/projects/buni,"{'rank': 3110, 'percentile': 0.16737298953280577, 'includedCategories': ['code', 'governance', 'community', 'operation', 'fundamental'], 'score': 72.85, 'scoreCodeSecurity': 78.64, 'scoreCommunity': 52.77, 'scoreFundamental': 85.1, 'scoreGovernance': 74.2, 'scoreMarket': None, 'scoreOperation': 55.5}",,,182.93633418253012,,,,,False,1,BSC
220,Dexlab,dexlab,https://skynet.certik.com/projects/dexlab,"{'rank': 3111, 'percentile': 0.1675772274700026, 'includedCategories': ['code', 'community', 'market', 'operation', 'fundamental'], 'score': 72.84, 'scoreCodeSecurity': 38, 'scoreCommunity': 94.22, 'scoreFundamental': 87.85, 'scoreGovernance': None, 'scoreMarket': 74.6, 'scoreOperation': 85.8}",0.00022214595590701607,11669,6.593881607055664,,,,,False,0,Solana
221,AntiMatter Governance Token,antimatter,https://skynet.certik.com/projects/antimatter,"{'rank': 3128, 'percentile': 0.16834311973449068, 'includedCategories': ['code', 'governance', 'community', 'market', 'operation', 'fundamental'], 'score': 72.79, 'scoreCodeSecurity': 72.73, 'scoreCommunity': 62.53, 'scoreFundamental': 58.5, 'scoreGovernance': 71.96, 'scoreMarket': 83, 'scoreOperation': 81.9}",0.002783362840016182,84175,3894.349697958125,,,,,True,1,Ethereum
222,Crepe,crepe,https://skynet.certik.com/projects/crepe,"{'rank': 3162, 'percentile': 0.1702833801378606, 'includedCategories': ['code', 'community', 'operation', 'fundamental'], 'score': 72.7, 'scoreCodeSecurity': 82.8, 'scoreCommunity': 43.32, 'scoreFundamental': 79.5, 'scoreGovernance': None, 'scoreMarket': None, 'scoreOperation': 68.3}",,,,,,,,False,0,Polygon
223,IX Token,ix-token,https://skynet.certik.com/projects/ix-token,"{'rank': 3186, 'percentile': 0.1715088077610416, 'includedCategories': ['code', 'governance', 'community', 'market', 'operation', 'fundamental'], 'score': 72.62, 'scoreCodeSecurity': 57, 'scoreCommunity': 95.66, 'scoreFundamental': 49.7, 'scoreGovernance': 95.08, 'scoreMarket': 83, 'scoreOperation': 73.06}",0.0002468799717575334,32429,68973.06495410949,,,,,False,0,Polygon
224,Regent Coin,regent-coin,https://skynet.certik.com/projects/regent-coin,"{'rank': 3192, 'percentile': 0.17186622415113606, 'includedCategories': ['code', 'governance', 'community', 'market', 'operation', 'fundamental'], 'score': 72.6, 'scoreCodeSecurity': 74.46, 'scoreCommunity': 55, 'scoreFundamental': 49.23, 'scoreGovernance': 92.36, 'scoreMarket': 89.95, 'scoreOperation': 61.42}",0.398565199375568,1134301,970476.5207974962,,,,,False,1,BSC
225,Studyum,studyum,https://skynet.certik.com/projects/studyum,"{'rank': 3210, 'percentile': 0.17293847332141943, 'includedCategories': ['code', 'governance', 'community', 'operation', 'fundamental'], 'score': 72.52, 'scoreCodeSecurity': 76.47, 'scoreCommunity': 57.42, 'scoreFundamental': 85.1, 'scoreGovernance': 58.81, 'scoreMarket': None, 'scoreOperation': 68.3}",,,,,,,,False,1,BSC
226,Vertex,vertex,https://skynet.certik.com/projects/vertex,"{'rank': 3211, 'percentile': 0.17293847332141943, 'includedCategories': ['code', 'governance', 'community', 'market', 'operation', 'fundamental'], 'score': 72.52, 'scoreCodeSecurity': 92.52, 'scoreCommunity': 43.32, 'scoreFundamental': 49.37, 'scoreGovernance': 78.59, 'scoreMarket': 77.88, 'scoreOperation': 85.85}",0.00029963493879788455,158316,0,,,,,True,2,Arbitrum|Ethereum
227,LogX,logx,https://skynet.certik.com/projects/logx,"{'rank': 3214, 'percentile': 0.17334694919581317, 'includedCategories': ['code', 'governance', 'community', 'market', 'operation', 'fundamental'], 'score': 72.51, 'scoreCodeSecurity': 82.94, 'scoreCommunity': 51.06, 'scoreFundamental': 55.45, 'scoreGovernance': 63.18, 'scoreMarket': 83.94, 'scoreOperation': 82.28}",2.924418529477414e-05,29284,19157.34638854,,,,False,True,1,Mantle|Linea|Arbitrum
228,THORSwap,thorswap,https://skynet.certik.com/projects/thorswap,"{'rank': 3218, 'percentile': 0.17334694919581317, 'includedCategories': ['code', 'governance', 'community', 'market', 'operation', 'fundamental'], 'score': 72.51, 'scoreCodeSecurity': 63.64, 'scoreCommunity': 95.73, 'scoreFundamental': 50.9, 'scoreGovernance': 79.16, 'scoreMarket': 81, 'scoreOperation': 78.16}",0.03195179111930439,9472660,86550.70571765,,,,,False,0,Ethereum
229,ALEX,alex,https://skynet.certik.com/projects/alex,"{'rank': 3262, 'percentile': 0.17559356650497826, 'includedCategories': ['code', 'community', 'market', 'operation', 'fundamental'], 'score': 72.38, 'scoreCodeSecurity': 38.3, 'scoreCommunity': 96.92, 'scoreFundamental': 64.1, 'scoreGovernance': None, 'scoreMarket': 88.6, 'scoreOperation': 83.89}",0.0015131075949086715,919747,135564.61466195,,,,,False,0,Bitcoin
230,NerveNetwork,nervenetwork,https://skynet.certik.com/projects/nervenetwork,"{'rank': 3264, 'percentile': 0.17569568547357672, 'includedCategories': ['code', 'governance', 'community', 'market', 'operation', 'fundamental'], 'score': 72.37, 'scoreCodeSecurity': 91.28, 'scoreCommunity': 62.52, 'scoreFundamental': 49.08, 'scoreGovernance': 59.94, 'scoreMarket': 82.6, 'scoreOperation': 72.72}",0.0005816415051349056,161105,14.002568244934082,,,,,True,0,
231,Lovely Finance,lovelyinu,https://skynet.certik.com/projects/lovelyinu,"{'rank': 3269, 'percentile': 0.17610416134797036, 'includedCategories': ['code', 'governance', 'community', 'operation', 'fundamental'], 'score': 72.35, 'scoreCodeSecurity': 77.36, 'scoreCommunity': 87.3, 'scoreFundamental': 68.3, 'scoreGovernance': 68.27, 'scoreMarket': None, 'scoreOperation': 59.58}",,,,,,,,False,1,BSC|Ethereum|Base|Polygon
232,BeFi Labs,befi-labs,https://skynet.certik.com/projects/befi-labs,"{'rank': 3278, 'percentile': 0.17671687515956092, 'includedCategories': ['code', 'governance', 'community', 'market', 'operation', 'fundamental'], 'score': 72.33, 'scoreCodeSecurity': 67.84, 'scoreCommunity': 52.57, 'scoreFundamental': 55.1, 'scoreGovernance': 81.73, 'scoreMarket': 87.05, 'scoreOperation': 81.97}",0.0011426958081506636,88997,211672.019274175,,,,,True,0,Bitcoin
233,Quarashi,quarashi,https://skynet.certik.com/projects/quarashi,"{'rank': 3334, 'percentile': 0.17957620628031656, 'includedCategories': ['code', 'governance', 'community', 'operation', 'fundamental'], 'score': 72.17, 'scoreCodeSecurity': 83.83, 'scoreCommunity': 44.1, 'scoreFundamental': 85.1, 'scoreGovernance': 67.73, 'scoreMarket': None, 'scoreOperation': 55.5}",,,,,,,,False,2,BSC|Ethereum
234,FEG Token,fegtoken,https://skynet.certik.com/projects/fegtoken,"{'rank': 3394, 'percentile': 0.18269083482256832, 'includedCategories': ['code', 'governance', 'community', 'market', 'operation', 'fundamental'], 'score': 72.01, 'scoreCodeSecurity': 67.67999999999999, 'scoreCommunity': 68.07000000000001, 'scoreFundamental': 47.760000000000005, 'scoreGovernance': 87.42999999999999, 'scoreMarket': 87.3, 'scoreOperation': 71.87}",3.1000004739707285e-05,2675209,361862.9477841913,,,,,True,1,Ethereum
235,TOM Finance,tom-finance,https://skynet.certik.com/projects/tom-finance,"{'rank': 3395, 'percentile': 0.18269083482256832, 'includedCategories': ['code', 'governance', 'community', 'operation', 'fundamental'], 'score': 72.01, 'scoreCodeSecurity': 80.38, 'scoreCommunity': 55, 'scoreFundamental': 79.5, 'scoreGovernance': 55.25, 'scoreMarket': None, 'scoreOperation': 74.08}",,,,,,,,True,0,Ethereum
236,Monbase,openlive-nft,https://skynet.certik.com/projects/openlive-nft,"{'rank': 3400, 'percentile': 0.1829461322440643, 'includedCategories': ['code', 'governance', 'community', 'market', 'operation', 'fundamental'], 'score': 71.98, 'scoreCodeSecurity': 77.72, 'scoreCommunity': 49.12, 'scoreFundamental': 52.3, 'scoreGovernance': 92.85, 'scoreMarket': 81.45, 'scoreOperation': 73.4}",0.04134064548328389,7884543,26844.6961962,,,,,False,2,BSC
237,OpenLeverage Protocol,openleverage,https://skynet.certik.com/projects/openleverage,"{'rank': 3437, 'percentile': 0.18488639264743423, 'includedCategories': ['code', 'governance', 'community', 'market', 'operation', 'fundamental'], 'score': 71.88, 'scoreCodeSecurity': 79.97, 'scoreCommunity': 58.55, 'scoreFundamental': 54.81, 'scoreGovernance': 72.11, 'scoreMarket': 81.11, 'scoreOperation': 75.23}",0.0010046894851093264,189524,1028.8325100859374,,,,,False,1,Ethereum|BSC|Arbitrum
238,xHashtag,xhashtag,https://skynet.certik.com/projects/xhashtag,"{'rank': 3460, 'percentile': 0.18616287975491452, 'includedCategories': ['code', 'governance', 'community', 'market', 'operation', 'fundamental'], 'score': 71.79, 'scoreCodeSecurity': 48.32, 'scoreCommunity': 93.07, 'scoreFundamental': 79.5, 'scoreGovernance': 56.15, 'scoreMarket': 81.17, 'scoreOperation': 69.48}",0.0002864491802112999,18951,1535.28469138,,,,,False,0,Solana
239,Argentine Football Association Fan Token,argentinefootballassociationfantoken,https://skynet.certik.com/projects/argentinefootballassociationfantoken,"{'rank': 3489, 'percentile': 0.18810314015828444, 'includedCategories': ['community', 'market', 'operation', 'fundamental'], 'score': 71.71, 'scoreCodeSecurity': None, 'scoreCommunity': 94.93, 'scoreFundamental': 49.22, 'scoreGovernance': None, 'scoreMarket': 80.04, 'scoreOperation': 68.49}",0.22387405273803046,4048199,1599416.6221128723,,,,,False,0,Chiliz
240,OrangeDX,orangedx,https://skynet.certik.com/projects/orangedx,"{'rank': 3497, 'percentile': 0.1884094970640796, 'includedCategories': ['code', 'governance', 'community', 'market', 'operation', 'fundamental'], 'score': 71.7, 'scoreCodeSecurity': 79.55, 'scoreCommunity': 88.9, 'scoreFundamental': 52.3, 'scoreGovernance': 68.93, 'scoreMarket': 71.55, 'scoreOperation': 80.78}",0.0004135378991609942,,257.5351015361322,,,,,True,4,Bitcoin
241,Zero,zero-tech,https://skynet.certik.com/projects/zero-tech,"{'rank': 3502, 'percentile': 0.18851161603267808, 'includedCategories': ['code', 'governance', 'community', 'market', 'operation', 'fundamental'], 'score': 71.69, 'scoreCodeSecurity': 62.06, 'scoreCommunity': 65.47, 'scoreFundamental': 49.46, 'scoreGovernance': 96.41, 'scoreMarket': 86.43, 'scoreOperation': 72.72}",0.00045946,690827,797.24,,,,,False,0,Ethereum
242,WINR Protocol,winr-protocol,https://skynet.certik.com/projects/winr-protocol,"{'rank': 3505, 'percentile': 0.18866479448557572, 'includedCategories': ['code', 'governance', 'community', 'market', 'operation', 'fundamental'], 'score': 71.68, 'scoreCodeSecurity': 76.78, 'scoreCommunity': 93.18, 'scoreFundamental': 49.35, 'scoreGovernance': 63.63, 'scoreMarket': 78.33, 'scoreOperation': 72.72}",0.0008622784603828594,614601,216.4347791671753,,,,,True,1,
243,Magicswap,magicswap,https://skynet.certik.com/projects/magicswap,"{'rank': 3511, 'percentile': 0.18907327035996935, 'includedCategories': ['code', 'governance', 'community', 'market', 'operation', 'fundamental'], 'score': 71.66, 'scoreCodeSecurity': 67.89, 'scoreCommunity': 44.01, 'scoreFundamental': 49.9, 'scoreGovernance': 88.39, 'scoreMarket': 92.71, 'scoreOperation': 70.46}",0.04422850723087094,14934424,3691112.208817649,,,,,False,0,Arbitrum
244,Bitcointry,bitcointry,https://skynet.certik.com/projects/bitcointry,"{'rank': 3518, 'percentile': 0.1894306867500638, 'includedCategories': ['code', 'governance', 'community', 'market', 'operation', 'fundamental'], 'score': 71.64, 'scoreCodeSecurity': 84.93, 'scoreCommunity': 93.42, 'scoreFundamental': 56.5, 'scoreGovernance': 84, 'scoreMarket': 62.6, 'scoreOperation': 68.3}",0.00026690598507257056,102578,71.7915267944336,,,,,True,1,BSC
245,DinoSwap,dinoswap,https://skynet.certik.com/projects/dinoswap,"{'rank': 3528, 'percentile': 0.19004340056165436, 'includedCategories': ['code', 'governance', 'community', 'market', 'operation', 'fundamental'], 'score': 71.6, 'scoreCodeSecurity': 86.91, 'scoreCommunity': 62.24, 'scoreFundamental': 49.98, 'scoreGovernance': 86.05, 'scoreMarket': 73.63, 'scoreOperation': 73.06}",0.0002202331815489377,34240,177.24641036987305,,,,,False,4,Polygon
246,RenQ Finance,renq-finance,https://skynet.certik.com/projects/renq-finance,"{'rank': 3543, 'percentile': 0.1906561143732448, 'includedCategories': ['code', 'governance', 'community', 'market', 'operation', 'fundamental'], 'score': 71.56, 'scoreCodeSecurity': 84.75, 'scoreCommunity': 63.86, 'scoreFundamental': 64.1, 'scoreGovernance': 85, 'scoreMarket': 61.35, 'scoreOperation': 85}",0.00013836108252275915,,3447.6416511535645,,,,,False,1,Ethereum
247,Metropolis,metropolis,https://skynet.certik.com/projects/metropolis,"{'rank': 3553, 'percentile': 0.19121776870053608, 'includedCategories': ['community', 'market', 'operation', 'fundamental'], 'score': 71.52, 'scoreCodeSecurity': None, 'scoreCommunity': 90.5, 'scoreFundamental': 55.1, 'scoreGovernance': None, 'scoreMarket': 81.21, 'scoreOperation': 56.3}",0.01046223,53306,422.35,,,,,False,0,Fantom
248,PERPTools,perptools,https://skynet.certik.com/projects/perptools,"{'rank': 3578, 'percentile': 0.19254531529231556, 'includedCategories': ['community', 'operation', 'fundamental'], 'score': 71.45, 'scoreCodeSecurity': None, 'scoreCommunity': 73.19999694824219, 'scoreFundamental': 71.0999984741211, 'scoreGovernance': None, 'scoreMarket': None, 'scoreOperation': 70.4000015258789}",,,,,,,,False,0,
249,PolkaBridge,polkabridge,https://skynet.certik.com/projects/polkabridge,"{'rank': 3586, 'percentile': 0.1929537911667092, 'includedCategories': ['code', 'governance', 'community', 'market', 'operation', 'fundamental'], 'score': 71.43, 'scoreCodeSecurity': 84.19, 'scoreCommunity': 44.13, 'scoreFundamental': 68.3, 'scoreGovernance': 81.66, 'scoreMarket': 74.53, 'scoreOperation': 59.92}",,,15513.73828125,,,,,False,3,Polkadot|Polygon|Ethereum
250,Voxel X Network,voxel-x-network,https://skynet.certik.com/projects/voxel-x-network,"{'rank': 3644, 'percentile': 0.1959152412560633, 'includedCategories': ['code', 'governance', 'community', 'market', 'operation', 'fundamental'], 'score': 71.31, 'scoreCodeSecurity': 77.98, 'scoreCommunity': 55, 'scoreFundamental': 85.1, 'scoreGovernance': 52.61, 'scoreMarket': 68.96, 'scoreOperation': 72.48}",,,7179.591796875,,,,,False,3,Ethereum
251,Oxchange,oxchange,https://skynet.certik.com/projects/oxchange,"{'rank': 3640, 'percentile': 0.19586418177176412, 'includedCategories': ['code', 'governance', 'community', 'market', 'operation', 'fundamental'], 'score': 71.29, 'scoreCodeSecurity': 86.6, 'scoreCommunity': 59.12, 'scoreFundamental': 49.42, 'scoreGovernance': 95.04, 'scoreMarket': 79.12, 'scoreOperation': 49.3}",0.100408119092826,,3159.375732421875,,,,,False,1,Polygon
252,Nifty League,nifty-league,https://skynet.certik.com/projects/nifty-league,"{'rank': 3670, 'percentile': 0.19760020423793723, 'includedCategories': ['code', 'governance', 'community', 'market', 'operation', 'fundamental'], 'score': 71.22, 'scoreCodeSecurity': 63.91, 'scoreCommunity': 43.72, 'scoreFundamental': 79.5, 'scoreGovernance': 74.45, 'scoreMarket': 78.17, 'scoreOperation': 72.72}",,68430,3210.40771484375,,,,,False,0,Ethereum
253,swap coffee,swap-coffee,https://skynet.certik.com/projects/swap-coffee,"{'rank': 3680, 'percentile': 0.19800868011233086, 'includedCategories': ['code', 'community', 'market', 'operation', 'fundamental'], 'score': 71.2, 'scoreCodeSecurity': 77.32, 'scoreCommunity': 91.33, 'scoreFundamental': 66.9, 'scoreGovernance': None, 'scoreMarket': 65.57, 'scoreOperation': 64.3}",0.13473813827952,,1.6655076742172241,,,,,True,1,
254,CoinMerge,coinmerge,https://skynet.certik.com/projects/coinmerge,"{'rank': 3699, 'percentile': 0.1991319887669134, 'includedCategories': ['code', 'governance', 'community', 'market', 'operation', 'fundamental'], 'score': 71.12, 'scoreCodeSecurity': 85.01, 'scoreCommunity': 43.72, 'scoreFundamental': 61.3, 'scoreGovernance': 66.64, 'scoreMarket': 78.06, 'scoreOperation': 74.08}",,,,,,,,False,2,
255,Velar,velar,https://skynet.certik.com/projects/velar,"{'rank': 3710, 'percentile': 0.19954046464130715, 'includedCategories': ['code', 'governance', 'community', 'market', 'operation', 'fundamental'], 'score': 71.1, 'scoreCodeSecurity': 60.31, 'scoreCommunity': 81.51, 'scoreFundamental': 62.1, 'scoreGovernance': 77.24, 'scoreMarket': 76.4, 'scoreOperation': 78.18}",,65392,2.67,,,,False,False,0,
256,Aperture Finance,aperture,https://skynet.certik.com/projects/aperture,"{'rank': 3711, 'percentile': 0.1998978810314016, 'includedCategories': ['code', 'governance', 'community', 'market', 'operation', 'fundamental'], 'score': 71.09, 'scoreCodeSecurity': 67.84, 'scoreCommunity': 44.01, 'scoreFundamental': 90.7, 'scoreGovernance': 60.57, 'scoreMarket': 69.61, 'scoreOperation': 80.38}",,,,,,,,True,0,Manta|Ethereum|Arbitrum
257,IPOR,ipor,https://skynet.certik.com/projects/ipor,"{'rank': 3714, 'percentile': 0.1998978810314016, 'includedCategories': ['code', 'governance', 'community', 'market', 'operation', 'fundamental'], 'score': 71.09, 'scoreCodeSecurity': 64.76, 'scoreCommunity': 94.82, 'scoreFundamental': 49.94, 'scoreGovernance': 79.07, 'scoreMarket': 78.3, 'scoreOperation': 72.72}",,,5991.61279296875,,,,,False,0,Ethereum
258,Mettalex,mettalex,https://skynet.certik.com/projects/mettalex,"{'rank': 3727, 'percentile': 0.2004084758743937, 'includedCategories': ['code', 'governance', 'community', 'market', 'operation', 'fundamental'], 'score': 71.05, 'scoreCodeSecurity': 62.21, 'scoreCommunity': 55, 'scoreFundamental': 79.5, 'scoreGovernance': 80.13, 'scoreMarket': 73.06, 'scoreOperation': 72.72}",0.02240109929707368,25157,3688.1785979270935,,,,,False,0,Ethereum
259,DFX Finance,dfx-finance,https://skynet.certik.com/projects/dfx-finance,"{'rank': 3752, 'percentile': 0.2018892009190707, 'includedCategories': ['code', 'governance', 'community', 'market', 'operation', 'fundamental'], 'score': 70.96, 'scoreCodeSecurity': 57.72, 'scoreCommunity': 57.17, 'scoreFundamental': 79.5, 'scoreGovernance': 72.32, 'scoreMarket': 77.77, 'scoreOperation': 72.38}",,32548,29.86,,,,,False,0,Ethereum
260,YieldFlow,yieldflow,https://skynet.certik.com/projects/yieldflow,"{'rank': 3796, 'percentile': 0.20408475874393672, 'includedCategories': ['code', 'governance', 'community', 'operation', 'fundamental'], 'score': 70.82, 'scoreCodeSecurity': 87.79, 'scoreCommunity': 91.43, 'scoreFundamental': 49.47, 'scoreGovernance': 61.51, 'scoreMarket': None, 'scoreOperation': 68.3}",,,,,,,,False,4,Polygon|Arbitrum
261,NuLink,nullink,https://skynet.certik.com/projects/nullink,"{'rank': 3814, 'percentile': 0.2051570079142201, 'includedCategories': ['code', 'governance', 'community', 'market', 'operation', 'fundamental'], 'score': 70.76, 'scoreCodeSecurity': 90.49, 'scoreCommunity': 55, 'scoreFundamental': 95.95, 'scoreGovernance': 78.07, 'scoreMarket': 42.06, 'scoreOperation': 75.5}",,,9.96,,,,,False,1,BSC|Ethereum
262,BitShares,bitshares,https://skynet.certik.com/projects/bitshares,"{'rank': 3819, 'percentile': 0.2056165432729129, 'includedCategories': ['code', 'community', 'market', 'operation', 'fundamental'], 'score': 70.74, 'scoreCodeSecurity': 38.62, 'scoreCommunity': 59.2, 'scoreFundamental': 79.5, 'scoreGovernance': None, 'scoreMarket': 89.11, 'scoreOperation': 73.89}",0.000981998042359567,2957371,67071.37847934,,,,,False,0,
263,CoinFLEX,coinflex,https://skynet.certik.com/projects/coinflex,"{'rank': 3826, 'percentile': 0.20592290017870818, 'includedCategories': ['code', 'governance', 'community', 'market', 'operation', 'fundamental'], 'score': 70.73, 'scoreCodeSecurity': 79.73, 'scoreCommunity': 55, 'scoreFundamental': 85.1, 'scoreGovernance': 68.81, 'scoreMarket': 82.58, 'scoreOperation': 72.72}",,,,,,,,False,2,Ethereum
264,Thetanuts Finance,thetanuts-finance,https://skynet.certik.com/projects/thetanuts-finance,"{'rank': 3835, 'percentile': 0.20617819760020428, 'includedCategories': ['code', 'governance', 'community', 'market', 'operation', 'fundamental'], 'score': 70.72, 'scoreCodeSecurity': 71.63, 'scoreCommunity': 95.51, 'scoreFundamental': 92.1, 'scoreGovernance': 50, 'scoreMarket': 50, 'scoreOperation': 84.23}",0.0011508530576946154,3641648,76323.27557776625,,,,,True,6,Ethereum|Canton
265,Belt Finance,belt,https://skynet.certik.com/projects/belt,"{'rank': 3838, 'percentile': 0.20648455450599945, 'includedCategories': ['code', 'governance', 'community', 'market', 'operation', 'fundamental'], 'score': 70.7, 'scoreCodeSecurity': 54.98, 'scoreCommunity': 60.17, 'scoreFundamental': 79.5, 'scoreGovernance': 68.62, 'scoreMarket': 84.58, 'scoreOperation': 55.5}",0.02970980837463746,282738,498.68624585773796,,,,,False,0,BSC
266,COREx Network,corex-network,https://skynet.certik.com/projects/corex-network,"{'rank': 3839, 'percentile': 0.20648455450599945, 'includedCategories': ['code', 'community', 'market', 'operation', 'fundamental'], 'score': 70.7, 'scoreCodeSecurity': 77.38, 'scoreCommunity': 65.62, 'scoreFundamental': 95.71, 'scoreGovernance': None, 'scoreMarket': 53.4, 'scoreOperation': 64.3}",,,,,,,,False,1,CoreDAO
267,Gamma,gamma-strategies,https://skynet.certik.com/projects/gamma-strategies,"{'rank': 3858, 'percentile': 0.20765892264488128, 'includedCategories': ['code', 'governance', 'community', 'market', 'operation', 'fundamental'], 'score': 70.65, 'scoreCodeSecurity': 62.58, 'scoreCommunity': 95.38, 'scoreFundamental': 49.83, 'scoreGovernance': 74.94, 'scoreMarket': 79.56, 'scoreOperation': 72.72}",,32611,1.89,,,,,False,0,Ethereum|BSC|Base|Arbitrum|Celo|Optimism|Polygon|Moonbeam|Avalanche|Fantom|opBNB
268,Luffy NFT Marketplace,luffy-nft-marketplace,https://skynet.certik.com/projects/luffy-nft-marketplace,"{'rank': 3878, 'percentile': 0.20868011233086547, 'includedCategories': ['code', 'governance', 'community', 'market', 'operation', 'fundamental'], 'score': 70.58, 'scoreCodeSecurity': 73.15, 'scoreCommunity': 94.73, 'scoreFundamental': 49.76, 'scoreGovernance': 53.14, 'scoreMarket': 79.33, 'scoreOperation': 74.08}",8.46e-06,436452,3.08,,,,,False,1,Ethereum|BSC
269,Pharaoh,pharaoh,https://skynet.certik.com/projects/pharaoh,"{'rank': 3879, 'percentile': 0.2088843502680623, 'includedCategories': ['code', 'governance', 'community', 'market', 'operation', 'fundamental'], 'score': 70.57, 'scoreCodeSecurity': 64.46, 'scoreCommunity': 94.87, 'scoreFundamental': 58.5, 'scoreGovernance': 86.33, 'scoreMarket': 74.35, 'scoreOperation': 55.5}",60.47073653608331,,177.31427001953125,,,,,True,0,Avalanche
270,Frax Price Index,frax-price-index,https://skynet.certik.com/projects/frax-price-index,"{'rank': 3890, 'percentile': 0.2093438856267552, 'includedCategories': ['code', 'governance', 'community', 'market', 'operation', 'fundamental'], 'score': 70.54, 'scoreCodeSecurity': 61.98, 'scoreCommunity': 93.58, 'scoreFundamental': 58.5, 'scoreGovernance': 73.16, 'scoreMarket': 74.78, 'scoreOperation': 73.4}",1.1431814210593612,,767.5496215820312,,,,,False,0,Ethereum
271,Blueshift,blueshift,https://skynet.certik.com/projects/blueshift,"{'rank': 3912, 'percentile': 0.21067143221853457, 'includedCategories': ['code', 'governance', 'community', 'market', 'operation', 'fundamental'], 'score': 70.49, 'scoreCodeSecurity': 77.01, 'scoreCommunity': 55, 'scoreFundamental': 85.1, 'scoreGovernance': 33.3, 'scoreMarket': 76.03, 'scoreOperation': 64.3}",,,,,,,,False,2,Cardano
272,PERI Finance,perifinance,https://skynet.certik.com/projects/perifinance,"{'rank': 3916, 'percentile': 0.21067143221853457, 'includedCategories': ['code', 'governance', 'community', 'market', 'operation', 'fundamental'], 'score': 70.49, 'scoreCodeSecurity': 82.52, 'scoreCommunity': 64.15, 'scoreFundamental': 64.1, 'scoreGovernance': 57.31, 'scoreMarket': 72.6, 'scoreOperation': 72.38}",,,2094.4462890625,,,,,False,1,BSC|Ethereum|Polygon
273,Unification,unification,https://skynet.certik.com/projects/unification,"{'rank': 3948, 'percentile': 0.21245851416900685, 'includedCategories': ['code', 'governance', 'community', 'operation', 'fundamental'], 'score': 70.41, 'scoreCodeSecurity': 58.75, 'scoreCommunity': 61.28, 'scoreFundamental': 79.5, 'scoreGovernance': 82.06, 'scoreMarket': None, 'scoreOperation': 73.06}",,,,,,,,False,0,Ethereum
274,Kiba Inu,kibainu,https://skynet.certik.com/projects/kibainu,"{'rank': 3963, 'percentile': 0.2135818228235895, 'includedCategories': ['code', 'governance', 'community', 'market', 'operation', 'fundamental'], 'score': 70.36, 'scoreCodeSecurity': 72.64, 'scoreCommunity': 90.08, 'scoreFundamental': 49.34, 'scoreGovernance': 81.81, 'scoreMarket': 75.93, 'scoreOperation': 59.92}",,,1425.966796875,,,,,False,2,BSC|Ethereum
275,Mandala Exchange,mandala-exchange,https://skynet.certik.com/projects/mandala-exchange,"{'rank': 3973, 'percentile': 0.21414347715088078, 'includedCategories': ['code', 'governance', 'community', 'market', 'operation', 'fundamental'], 'score': 70.34, 'scoreCodeSecurity': 69.11, 'scoreCommunity': 60.02, 'scoreFundamental': 85.1, 'scoreGovernance': 72.21, 'scoreMarket': 63.35, 'scoreOperation': 72.72}",0.0004136292780970354,,0,,,,,False,2,Ethereum
276,LeverFi,leverfi,https://skynet.certik.com/projects/leverfi,"{'rank': 3985, 'percentile': 0.21465407199387287, 'includedCategories': ['code', 'governance', 'community', 'market', 'operation', 'fundamental'], 'score': 70.32, 'scoreCodeSecurity': 60.51, 'scoreCommunity': 44.1, 'scoreFundamental': 78.8, 'scoreGovernance': 82.46, 'scoreMarket': 77.41, 'scoreOperation': 65.78}",,,,,,,,False,0,Ethereum
277,Foxify,foxify,https://skynet.certik.com/projects/foxify,"{'rank': 3997, 'percentile': 0.21562420219555778, 'includedCategories': ['code', 'governance', 'community', 'market', 'operation', 'fundamental'], 'score': 70.29, 'scoreCodeSecurity': 81.49, 'scoreCommunity': 95.24, 'scoreFundamental': 60.7, 'scoreGovernance': 55.53, 'scoreMarket': 66.48, 'scoreOperation': 68.3}",0.17846935712843012,,125.58833312988281,,,,,False,1,Arbitrum
278,Comdex,comdex,https://skynet.certik.com/projects/comdex,"{'rank': 4003, 'percentile': 0.21577738064845542, 'includedCategories': ['code', 'community', 'market', 'operation', 'fundamental'], 'score': 70.28, 'scoreCodeSecurity': 74.18, 'scoreCommunity': 55, 'scoreFundamental': 79.5, 'scoreGovernance': None, 'scoreMarket': 69.56, 'scoreOperation': 61.5}",9.683759509704771e-05,20265,86.94576644897461,,,,,True,3,Cosmos
279,Ariva,ariva,https://skynet.certik.com/projects/ariva,"{'rank': 4020, 'percentile': 0.2168496298187388, 'includedCategories': ['code', 'governance', 'community', 'market', 'operation', 'fundamental'], 'score': 70.23, 'scoreCodeSecurity': 80.96, 'scoreCommunity': 55, 'scoreFundamental': 49.58, 'scoreGovernance': 91.36, 'scoreMarket': 76.04, 'scoreOperation': 66.7}",1.8967289304180121e-06,137614,8195.10483552632,,,,,False,1,Ethereum|BSC
280,Integral,integral,https://skynet.certik.com/projects/integral,"{'rank': 4026, 'percentile': 0.21695174878733725, 'includedCategories': ['code', 'governance', 'community', 'market', 'operation', 'fundamental'], 'score': 70.22, 'scoreCodeSecurity': 54.24, 'scoreCommunity': 43.32, 'scoreFundamental': 79.5, 'scoreGovernance': 78.94, 'scoreMarket': 79.9, 'scoreOperation': 72.72}",,31909,84.43499755859375,,,,,False,0,Ethereum|Arbitrum
281,Polkadex,polkadex,https://skynet.certik.com/projects/polkadex,"{'rank': 4033, 'percentile': 0.21736022466173088, 'includedCategories': ['code', 'governance', 'community', 'market', 'operation', 'fundamental'], 'score': 70.2, 'scoreCodeSecurity': 76.95, 'scoreCommunity': 91.13, 'scoreFundamental': 49.25, 'scoreGovernance': 73.54, 'scoreMarket': 75.02, 'scoreOperation': 59.92}",,,991.1507568359375,,,,,False,1,Ethereum|Polkadot
282,The APIS,the-apis,https://skynet.certik.com/projects/the-apis,"{'rank': 4043, 'percentile': 0.2178197600204238, 'includedCategories': ['code', 'governance', 'community', 'operation', 'fundamental'], 'score': 70.18, 'scoreCodeSecurity': 75.84, 'scoreCommunity': 43.32, 'scoreFundamental': 85.1, 'scoreGovernance': 57.75, 'scoreMarket': None, 'scoreOperation': 68.3}",,,,,,,,False,1,Ethereum
283,Interport Token,interport-token,https://skynet.certik.com/projects/interport-token,"{'rank': 4101, 'percentile': 0.22098544804697473, 'includedCategories': ['code', 'governance', 'community', 'market', 'operation', 'fundamental'], 'score': 70.02, 'scoreCodeSecurity': 84.26, 'scoreCommunity': 51.01, 'scoreFundamental': 49.41, 'scoreGovernance': 67.2, 'scoreMarket': 80.65, 'scoreOperation': 72.72}",,,51.43528366088867,,,,,False,0,Ethereum
284,Digiverse,digiverse,https://skynet.certik.com/projects/digiverse,"{'rank': 4118, 'percentile': 0.22215981618585656, 'includedCategories': ['code', 'governance', 'community', 'operation', 'fundamental'], 'score': 69.97, 'scoreCodeSecurity': 79.87, 'scoreCommunity': 49.73, 'scoreFundamental': 68.3, 'scoreGovernance': 70.41, 'scoreMarket': None, 'scoreOperation': 73.3}",,,,,,,,False,3,Ethereum|BSC
285,IntentX,intentx,https://skynet.certik.com/projects/intentx,"{'rank': 4119, 'percentile': 0.22215981618585656, 'includedCategories': ['community', 'market', 'operation', 'fundamental'], 'score': 69.97, 'scoreCodeSecurity': None, 'scoreCommunity': 44.1, 'scoreFundamental': 65.5, 'scoreGovernance': None, 'scoreMarket': 82.24, 'scoreOperation': 68}",,,,,,,,False,0,Base|Mantle
286,JulSwap,julswap,https://skynet.certik.com/projects/julswap,"{'rank': 4138, 'percentile': 0.22318100587184064, 'includedCategories': ['code', 'governance', 'community', 'market', 'operation', 'fundamental'], 'score': 69.91, 'scoreCodeSecurity': 79.43, 'scoreCommunity': 53.2, 'scoreFundamental': 49.67, 'scoreGovernance': 84.5, 'scoreMarket': 78.3, 'scoreOperation': 68.3}",,,2.828510509803891,,,,,True,2,BSC
287,Elk Finance,elk-finance,https://skynet.certik.com/projects/elk-finance,"{'rank': 4141, 'percentile': 0.2235384222619351, 'includedCategories': ['code', 'governance', 'community', 'market', 'operation', 'fundamental'], 'score': 69.9, 'scoreCodeSecurity': 77.74, 'scoreCommunity': 60.63, 'scoreFundamental': 49.36, 'scoreGovernance': 84.07, 'scoreMarket': 77.28, 'scoreOperation': 68.3}",0.010161229006564331,164290,456.7641761302948,,,,,True,1,BSC
288,Lynex,lynex,https://skynet.certik.com/projects/lynex,"{'rank': 4150, 'percentile': 0.22384477916773038, 'includedCategories': ['community', 'market', 'operation', 'fundamental'], 'score': 69.87, 'scoreCodeSecurity': None, 'scoreCommunity': 95.6, 'scoreFundamental': 49.03, 'scoreGovernance': None, 'scoreMarket': 78.38, 'scoreOperation': 60.3}",0.0005817646663889283,16967,269.42799377441406,,,,,False,0,Linea
289,KTX Finance,ktx-finance,https://skynet.certik.com/projects/ktx-finance,"{'rank': 4162, 'percentile': 0.22445749297932094, 'includedCategories': ['governance', 'community', 'market', 'operation', 'fundamental'], 'score': 69.85, 'scoreCodeSecurity': None, 'scoreCommunity': 43.32, 'scoreFundamental': 69, 'scoreGovernance': 84.5, 'scoreMarket': 78.07, 'scoreOperation': 58.8}",,,,,,,,False,0,Mantle|Arbitrum|BSC
290,Chainge Finance,chaingefinance,https://skynet.certik.com/projects/chaingefinance,"{'rank': 4172, 'percentile': 0.22517232575950985, 'includedCategories': ['code', 'governance', 'community', 'market', 'operation', 'fundamental'], 'score': 69.83, 'scoreCodeSecurity': 81.63000000000001, 'scoreCommunity': 63.68000000000001, 'scoreFundamental': 54.81, 'scoreGovernance': 53.35, 'scoreMarket': 80.86, 'scoreOperation': 65.80999999999999}",0.00027429308644219693,117864,1731.92832482,,,,,False,5,
291,Balancer Boosted Aave USDT,balancer-boosted-aave-usdt,https://skynet.certik.com/projects/balancer-boosted-aave-usdt,"{'rank': 4179, 'percentile': 0.2255297421496043, 'includedCategories': ['code', 'governance', 'community', 'operation', 'fundamental'], 'score': 69.82, 'scoreCodeSecurity': 54.47, 'scoreCommunity': 94.19, 'scoreFundamental': 79.5, 'scoreGovernance': 59.9, 'scoreMarket': None, 'scoreOperation': 66.7}",,,,,,,,False,0,Ethereum
292,Thruster,thruster,https://skynet.certik.com/projects/thruster,"{'rank': 4184, 'percentile': 0.2255297421496043, 'includedCategories': ['community', 'market', 'operation', 'fundamental'], 'score': 69.82, 'scoreCodeSecurity': None, 'scoreCommunity': 43.32, 'scoreFundamental': 74.6, 'scoreGovernance': None, 'scoreMarket': 78.95, 'scoreOperation': 59.35}",,,,,,,,False,0,Blast
293,SORA,sora,https://skynet.certik.com/projects/sora,"{'rank': 4200, 'percentile': 0.2264998723512892, 'includedCategories': ['code', 'governance', 'community', 'operation', 'fundamental'], 'score': 69.78, 'scoreCodeSecurity': 59.2, 'scoreCommunity': 92.95, 'scoreFundamental': 49.93, 'scoreGovernance': 92.82, 'scoreMarket': None, 'scoreOperation': 84.42}",0,,66.67157745361328,,,,,False,0,Ethereum
294,BOLT,bolt,https://skynet.certik.com/projects/bolt,"{'rank': 4219, 'percentile': 0.22762318100587187, 'includedCategories': ['code', 'governance', 'community', 'market', 'operation', 'fundamental'], 'score': 69.74, 'scoreCodeSecurity': 57, 'scoreCommunity': 43.32, 'scoreFundamental': 79.5, 'scoreGovernance': 78.82, 'scoreMarket': 76.51, 'scoreOperation': 72.72}",0.00019348468337699462,185248,6632.806732177734,,,,,False,0,Ethereum
295,Signum,signum,https://skynet.certik.com/projects/signum,"{'rank': 4257, 'percentile': 0.22966556037784014, 'includedCategories': ['code', 'governance', 'community', 'market', 'operation', 'fundamental'], 'score': 69.67, 'scoreCodeSecurity': 63.57, 'scoreCommunity': 83.45, 'scoreFundamental': 49.46, 'scoreGovernance': 51.53, 'scoreMarket': 87.15, 'scoreOperation': 74.22}",0.00078941520528675,1673948,7388.536833643681,,,,,False,0,
296,SaucerSwap,saucerswap,https://skynet.certik.com/projects/saucerswap,"{'rank': 4262, 'percentile': 0.22997191728363542, 'includedCategories': ['code', 'governance', 'community', 'market', 'operation', 'fundamental'], 'score': 69.66, 'scoreCodeSecurity': 34.06, 'scoreCommunity': 95.68, 'scoreFundamental': 58.5, 'scoreGovernance': 65.3, 'scoreMarket': 92.19, 'scoreOperation': 73.89}",0.016032858981903417,14490011,92179.26302543464,,,,,False,0,Hedera
297,Ooga Booga,ooga-booga,https://skynet.certik.com/projects/ooga-booga,"{'rank': 4273, 'percentile': 0.23063569057952515, 'includedCategories': ['community', 'market', 'operation', 'fundamental'], 'score': 69.62, 'scoreCodeSecurity': None, 'scoreCommunity': 44.1, 'scoreFundamental': 74.95, 'scoreGovernance': None, 'scoreMarket': 75.09, 'scoreOperation': 68.1}",0.00113518,21728,6.05,,,,,False,0,Berachain
298,League Of Ancients,leagueOfAncients,https://skynet.certik.com/projects/leagueOfAncients,"{'rank': 4286, 'percentile': 0.2312994638754149, 'includedCategories': ['code', 'governance', 'community', 'market', 'operation', 'fundamental'], 'score': 69.58, 'scoreCodeSecurity': 70.58, 'scoreCommunity': 62.81, 'scoreFundamental': 49.24, 'scoreGovernance': 89.22, 'scoreMarket': 79.8, 'scoreOperation': 64.68}",0.00264161507458519,1143162,1439.353316145065,,,,,False,1,
299,Genie Swap,genie-swap,https://skynet.certik.com/projects/genie-swap,"{'rank': 4289, 'percentile': 0.23145264232831253, 'includedCategories': ['code', 'community', 'operation', 'fundamental'], 'score': 69.57, 'scoreCodeSecurity': 83.92, 'scoreCommunity': 89.29, 'scoreFundamental': 49.99, 'scoreGovernance': None, 'scoreMarket': None, 'scoreOperation': 60.3}",,,,,,,,False,1,Arbitrum|BSC|Ethereum|Optimism|Polygon|Tron
300,Nash,nash,https://skynet.certik.com/projects/nash,"{'rank': 4297, 'percentile': 0.23186111820270616, 'includedCategories': ['code', 'governance', 'community', 'market', 'operation', 'fundamental'], 'score': 69.56, 'scoreCodeSecurity': 60.47, 'scoreCommunity': 90.03, 'scoreFundamental': 49.94, 'scoreGovernance': 65.3, 'scoreMarket': 83.7, 'scoreOperation': 68.3}",0.1327247193255547,5881772,0,,,,,True,0,Neo
301,Green Satoshi Token (BSC),green-satoshi-token-bsc,https://skynet.certik.com/projects/green-satoshi-token-bsc,"{'rank': 4321, 'percentile': 0.2332397242787848, 'includedCategories': ['code', 'governance', 'community', 'market', 'operation', 'fundamental'], 'score': 69.5, 'scoreCodeSecurity': 49.37, 'scoreCommunity': 93.57, 'scoreFundamental': 58.5, 'scoreGovernance': 77.53, 'scoreMarket': 79.95, 'scoreOperation': 68.3}",0.001224523458223814,260104,1230.2335585965775,,,,,False,0,BSC
302,Kaizen Finance,kaizen-finance,https://skynet.certik.com/projects/kaizen-finance,"{'rank': 4333, 'percentile': 0.23415879499617054, 'includedCategories': ['code', 'governance', 'community', 'market', 'operation', 'fundamental'], 'score': 69.47, 'scoreCodeSecurity': 50.7, 'scoreCommunity': 95.23, 'scoreFundamental': 55.1, 'scoreGovernance': 53.76, 'scoreMarket': 85.54, 'scoreOperation': 77.48}",0.00030968964247463126,132879,23494.538461045333,,,,,False,0,Ethereum
303,Kattana,kattana,https://skynet.certik.com/projects/kattana,"{'rank': 4348, 'percentile': 0.23487362777635945, 'includedCategories': ['code', 'governance', 'community', 'market', 'operation', 'fundamental'], 'score': 69.44, 'scoreCodeSecurity': 48.36, 'scoreCommunity': 50.17, 'scoreFundamental': 79.5, 'scoreGovernance': 68.21, 'scoreMarket': 79.57, 'scoreOperation': 81.56}",0.005242975030264057,48949,91.96111942037109,,,,,False,0,Ethereum
304,Arken Finance,arkenfinance,https://skynet.certik.com/projects/arkenfinance,"{'rank': 4408, 'percentile': 0.2384988511616033, 'includedCategories': ['code', 'governance', 'community', 'market', 'operation', 'fundamental'], 'score': 69.29, 'scoreCodeSecurity': 76.43, 'scoreCommunity': 62.28, 'scoreFundamental': 54.05, 'scoreGovernance': 72.7, 'scoreMarket': 74.7, 'scoreOperation': 72.9}",,,,,,,,False,4,BSC|Arbitrum
305,Xswap Protocol,xswap-protocol,https://skynet.certik.com/projects/xswap-protocol,"{'rank': 4430, 'percentile': 0.23936686239468985, 'includedCategories': ['code', 'community', 'market', 'operation', 'fundamental'], 'score': 69.26, 'scoreCodeSecurity': 76.09, 'scoreCommunity': 84.81, 'scoreFundamental': 49.66, 'scoreGovernance': None, 'scoreMarket': 75.59, 'scoreOperation': 60.3}",7.038725996451814e-05,175654,695.3726196289062,,,,,False,1,
306,Retreeb,retreeb,https://skynet.certik.com/projects/retreeb,"{'rank': 4452, 'percentile': 0.24059229001787086, 'includedCategories': ['code', 'governance', 'community', 'operation', 'fundamental'], 'score': 69.21, 'scoreCodeSecurity': 74.28, 'scoreCommunity': 43.32, 'scoreFundamental': 79.5, 'scoreGovernance': 65.3, 'scoreMarket': None, 'scoreOperation': 68.3}",,,,,,,,True,1,Fantom
307,WardenSwap,wardenswap,https://skynet.certik.com/projects/wardenswap,"{'rank': 4462, 'percentile': 0.2410007658922645, 'includedCategories': ['code', 'governance', 'community', 'market', 'operation', 'fundamental'], 'score': 69.19, 'scoreCodeSecurity': 83.37, 'scoreCommunity': 55, 'scoreFundamental': 49.84, 'scoreGovernance': 62.16, 'scoreMarket': 78.65, 'scoreOperation': 72.38}",0.004067619424775179,,509.43605041503906,,,,,False,3,BSC|Arbitrum|Ethereum
308,SifChain,sifchain,https://skynet.certik.com/projects/sifchain,"{'rank': 4502, 'percentile': 0.24314526423283123, 'includedCategories': ['code', 'governance', 'community', 'market', 'operation', 'fundamental'], 'score': 69.1, 'scoreCodeSecurity': 79.13, 'scoreCommunity': 61.86, 'scoreFundamental': 49.31, 'scoreGovernance': 79.27, 'scoreMarket': 73.41, 'scoreOperation': 72.72}",,,406.1752052307129,,,,,False,2,Polygon|Ethereum
309,Steem,steem,https://skynet.certik.com/projects/steem,"{'rank': 4523, 'percentile': 0.24431963237171306, 'includedCategories': ['code', 'governance', 'community', 'market', 'operation', 'fundamental'], 'score': 69.06, 'scoreCodeSecurity': 34.71, 'scoreCommunity': 85.95, 'scoreFundamental': 72.36, 'scoreGovernance': 30, 'scoreMarket': 84.6, 'scoreOperation': 67.63}",0.042168943090174875,23299837,3435979.835666584,,,,,False,0,
310,VVS Finance,vvs-finance,https://skynet.certik.com/projects/vvs-finance,"{'rank': 4544, 'percentile': 0.24564717896349242, 'includedCategories': ['code', 'governance', 'community', 'market', 'operation', 'fundamental'], 'score': 69.01, 'scoreCodeSecurity': 52.16, 'scoreCommunity': 87.61, 'scoreFundamental': 45.56, 'scoreGovernance': 76, 'scoreMarket': 85.26, 'scoreOperation': 75.26}",1.0162547807813764e-06,44212759,147644.6290180654,,,,,False,0,Ethereum
311,Level Finance,level-finance,https://skynet.certik.com/projects/level-finance,"{'rank': 4566, 'percentile': 0.2469236660709727, 'includedCategories': ['code', 'governance', 'community', 'market', 'operation', 'fundamental'], 'score': 68.96, 'scoreCodeSecurity': 87.03, 'scoreCommunity': 53.35, 'scoreFundamental': 47.56, 'scoreGovernance': 85.55999999999999, 'scoreMarket': 73.03, 'scoreOperation': 62.37}",0.007913642168356792,138011,11787.75171661377,,,,,False,0,BSC|Arbitrum
312,Sakai Vault,sakai-vault,https://skynet.certik.com/projects/sakai-vault,"{'rank': 4570, 'percentile': 0.24702578503957107, 'includedCategories': ['code', 'governance', 'community', 'market', 'operation', 'fundamental'], 'score': 68.95, 'scoreCodeSecurity': 84.2, 'scoreCommunity': 50.4, 'scoreFundamental': 62.37, 'scoreGovernance': 79.42, 'scoreMarket': 68.1, 'scoreOperation': 62.19}",0.019305904202573734,40176,44117.03515267372,,,,,False,2,Aptos|BSC|Ethereum|Polygon|Arbitrum|Avalanche|Optimism|Fantom
313,Balancer,balancer,https://skynet.certik.com/projects/balancer,"{'rank': 4577, 'percentile': 0.24763849885116163, 'includedCategories': ['code', 'governance', 'community', 'market', 'operation', 'fundamental'], 'score': 68.92, 'scoreCodeSecurity': 56.44, 'scoreCommunity': 66.89, 'scoreFundamental': 76.4, 'scoreGovernance': 76.39, 'scoreMarket': 71.68, 'scoreOperation': 65.18}",0.09560291018890246,6719735,165473.7148260002,,,,,True,1,Ethereum|Arbitrum|Polygon|Near|Optimism
314,UniLayer,unilayer,https://skynet.certik.com/projects/unilayer,"{'rank': 4582, 'percentile': 0.24774061781975998, 'includedCategories': ['code', 'governance', 'community', 'market', 'operation', 'fundamental'], 'score': 68.91, 'scoreCodeSecurity': 85, 'scoreCommunity': 53.64, 'scoreFundamental': 49.31, 'scoreGovernance': 73.19, 'scoreMarket': 73.64, 'scoreOperation': 72.72}",0.0008619966570545273,34480,315.1556091308594,,,,,False,0,Ethereum
315,Flash,flash,https://skynet.certik.com/projects/flash,"{'rank': 4593, 'percentile': 0.24835333163135054, 'includedCategories': ['code', 'governance', 'community', 'market', 'operation', 'fundamental'], 'score': 68.88, 'scoreCodeSecurity': 74.88, 'scoreCommunity': 70.2, 'scoreFundamental': 67.7, 'scoreGovernance': 78, 'scoreMarket': 61.37, 'scoreOperation': 71.3}",,,,,,,,False,1,Solana
316,BurgerCities,burger-cities,https://skynet.certik.com/projects/burger-cities,"{'rank': 4610, 'percentile': 0.2494255808016339, 'includedCategories': ['code', 'governance', 'community', 'market', 'operation', 'fundamental'], 'score': 68.84, 'scoreCodeSecurity': 67.59, 'scoreCommunity': 53.49, 'scoreFundamental': 53.7, 'scoreGovernance': 89.8, 'scoreMarket': 76.04, 'scoreOperation': 74.4}",0.0005724534962565749,24636,2679.2498582154512,,,,,False,0,BSC
317,LuaSwap,lua-token,https://skynet.certik.com/projects/lua-token,"{'rank': 4619, 'percentile': 0.249936175644626, 'includedCategories': ['code', 'governance', 'community', 'market', 'operation', 'fundamental'], 'score': 68.83, 'scoreCodeSecurity': 71.78, 'scoreCommunity': 55, 'scoreFundamental': 49.63, 'scoreGovernance': 71.31, 'scoreMarket': 81.81, 'scoreOperation': 73.74}",,,,,,,,True,1,Ethereum
318,Micro Tuber,microtuber,https://skynet.certik.com/projects/microtuber,"{'rank': 4620, 'percentile': 0.249936175644626, 'includedCategories': ['code', 'governance', 'community', 'operation', 'fundamental'], 'score': 68.83, 'scoreCodeSecurity': 77.52, 'scoreCommunity': 54.89, 'scoreFundamental': 64.1, 'scoreGovernance': 71.33, 'scoreMarket': None, 'scoreOperation': 72.38}",,,,,,,,False,2,
319,Overline,overline,https://skynet.certik.com/projects/overline,"{'rank': 4632, 'percentile': 0.25054888945621645, 'includedCategories': ['code', 'community', 'operation', 'fundamental'], 'score': 68.8, 'scoreCodeSecurity': 88.49, 'scoreCommunity': 43.32, 'scoreFundamental': 64.1, 'scoreGovernance': None, 'scoreMarket': None, 'scoreOperation': 64.3}",,,,,,,,False,1,
320,Lenda,lenda,https://skynet.certik.com/projects/lenda,"{'rank': 4665, 'percentile': 0.25228491192238955, 'includedCategories': ['code', 'governance', 'community', 'market', 'operation', 'fundamental'], 'score': 68.72, 'scoreCodeSecurity': 80.87, 'scoreCommunity': 52.75, 'scoreFundamental': 49.73, 'scoreGovernance': 84.38, 'scoreMarket': 73.52, 'scoreOperation': 68.3}",7.588650072169239e-05,,4589.156112670898,,,,,False,2,Ethereum
321,Kasta,kasta,https://skynet.certik.com/projects/kasta,"{'rank': 4680, 'percentile': 0.2531529231554761, 'includedCategories': ['code', 'governance', 'community', 'market', 'operation', 'fundamental'], 'score': 68.69, 'scoreCodeSecurity': 78.75, 'scoreCommunity': 43.32, 'scoreFundamental': 79.5, 'scoreGovernance': 82.48, 'scoreMarket': 76.08, 'scoreOperation': 72.72}",0.00018418003456849514,140979,945.4680023193359,,,,,True,1,Polygon
322,Mizar,mizar,https://skynet.certik.com/projects/mizar,"{'rank': 4691, 'percentile': 0.253612458514169, 'includedCategories': ['code', 'governance', 'community', 'market', 'operation', 'fundamental'], 'score': 68.67, 'scoreCodeSecurity': 53.5, 'scoreCommunity': 96.46, 'scoreFundamental': 49.92, 'scoreGovernance': 61.92, 'scoreMarket': 82.92, 'scoreOperation': 72.72}",0.00015893,1514406,34.39,,,,,False,0,
323,CyberDEX,cyberdex,https://skynet.certik.com/projects/cyberdex,"{'rank': 4692, 'percentile': 0.25381669645136584, 'includedCategories': ['code', 'governance', 'community', 'market', 'operation', 'fundamental'], 'score': 68.66, 'scoreCodeSecurity': 50.84, 'scoreCommunity': 73.59, 'scoreFundamental': 61.58, 'scoreGovernance': 67.72, 'scoreMarket': 82.17, 'scoreOperation': 73.95}",0.00131563,456648,7241.22,,,,,False,0,Optimism
324,Azit,azit,https://skynet.certik.com/projects/azit,"{'rank': 4703, 'percentile': 0.25458258871585393, 'includedCategories': ['community', 'market', 'operation', 'fundamental'], 'score': 68.63, 'scoreCodeSecurity': None, 'scoreCommunity': 55.57, 'scoreFundamental': 49.82, 'scoreGovernance': None, 'scoreMarket': 86.97, 'scoreOperation': 64.3}",0.0028504654021320797,1246374,9287.22241678,,,,,False,0,Klaytn
325,DeFiBox,defibox,https://skynet.certik.com/projects/defibox,"{'rank': 4711, 'percentile': 0.2549400051059484, 'includedCategories': ['code', 'community', 'market', 'operation', 'fundamental'], 'score': 68.62, 'scoreCodeSecurity': 72.53, 'scoreCommunity': 55, 'scoreFundamental': 59.9, 'scoreGovernance': None, 'scoreMarket': 79.14, 'scoreOperation': 60.3}",,,,,,,,False,1,
326,BSX,bsx,https://skynet.certik.com/projects/bsx,"{'rank': 4741, 'percentile': 0.2564717896349247, 'includedCategories': ['code', 'governance', 'community', 'market', 'operation', 'fundamental'], 'score': 68.56, 'scoreCodeSecurity': 77.46, 'scoreCommunity': 43.32, 'scoreFundamental': 68.05, 'scoreGovernance': 65.93, 'scoreMarket': 72.17, 'scoreOperation': 68.8}",8.364970432090249e-05,15850,5.442349433898926,,,,,True,1,Base
327,Sparkpoint,sparkpoint,https://skynet.certik.com/projects/sparkpoint,"{'rank': 4746, 'percentile': 0.2564717896349247, 'includedCategories': ['code', 'governance', 'community', 'market', 'operation', 'fundamental'], 'score': 68.56, 'scoreCodeSecurity': 60.02, 'scoreCommunity': 61.93, 'scoreFundamental': 64.1, 'scoreGovernance': 77.53, 'scoreMarket': 75.05, 'scoreOperation': 72.72}",5.879781938731377e-06,76482,13063.346908569336,,,,,False,1,
328,LordToken,lordtoken,https://skynet.certik.com/projects/lordtoken,"{'rank': 4505, 'percentile': 0.24334950217002804, 'includedCategories': ['code', 'governance', 'community', 'operation', 'fundamental'], 'score': 69.15, 'scoreCodeSecurity': 67.35, 'scoreCommunity': 43.32, 'scoreFundamental': 85.1, 'scoreGovernance': 64.69, 'scoreMarket': None, 'scoreOperation': 71.12}",,,222.44995649787597,,,,,False,1,BSC
329,BeGlobal Finance,beglobal,https://skynet.certik.com/projects/beglobal,"{'rank': 4771, 'percentile': 0.2581567526167986, 'includedCategories': ['code', 'community', 'operation', 'fundamental'], 'score': 68.49, 'scoreCodeSecurity': 61.91, 'scoreCommunity': 48.63, 'scoreFundamental': 85.1, 'scoreGovernance': None, 'scoreMarket': None, 'scoreOperation': 68.3}",,,,,,,,False,1,
330,ℓUSD,linear-finance,https://skynet.certik.com/projects/linear-finance,"{'rank': 4777, 'percentile': 0.2581567526167986, 'includedCategories': ['code', 'governance', 'community', 'market', 'operation', 'fundamental'], 'score': 68.49, 'scoreCodeSecurity': 73.08, 'scoreCommunity': 63.99, 'scoreFundamental': 58.5, 'scoreGovernance': 59.12, 'scoreMarket': 77.31, 'scoreOperation': 66.7}",,,,,,,,True,1,Ethereum
331,AXL Inu,axl-token,https://skynet.certik.com/projects/axl-token,"{'rank': 4780, 'percentile': 0.25846310952259377, 'includedCategories': ['code', 'governance', 'community', 'market', 'operation', 'fundamental'], 'score': 68.47, 'scoreCodeSecurity': 70.42, 'scoreCommunity': 62.81, 'scoreFundamental': 49.8, 'scoreGovernance': 81.11, 'scoreMarket': 77.33, 'scoreOperation': 68.3}",,,908.7055053710938,,,,,False,1,Ethereum
332,Merchant Moe,merchant-moe,https://skynet.certik.com/projects/merchant-moe,"{'rank': 4785, 'percentile': 0.2586673474597907, 'includedCategories': ['code', 'community', 'market', 'operation', 'fundamental'], 'score': 68.46, 'scoreCodeSecurity': 67, 'scoreCommunity': 92.81, 'scoreFundamental': 49.5, 'scoreGovernance': None, 'scoreMarket': 75.33, 'scoreOperation': 64.3}",0.00760881318116435,1339095,2251.515152692795,,,,,True,1,Mantle
333,Day By Day,day-by-day,https://skynet.certik.com/projects/day-by-day,"{'rank': 4799, 'percentile': 0.2593821802399796, 'includedCategories': ['code', 'governance', 'community', 'market', 'operation', 'fundamental'], 'score': 68.42, 'scoreCodeSecurity': 50.7, 'scoreCommunity': 91.81, 'scoreFundamental': 79.5, 'scoreGovernance': 51.95, 'scoreMarket': 68.61, 'scoreOperation': 74.22}",0.00026164166842920273,,39271.290658256665,,,,,False,0,Ethereum
334,Metabit,metabit,https://skynet.certik.com/projects/metabit,"{'rank': 4801, 'percentile': 0.25948429920857796, 'includedCategories': ['code', 'community', 'operation', 'fundamental'], 'score': 68.41, 'scoreCodeSecurity': 74.45, 'scoreCommunity': 43.89, 'scoreFundamental': 76.7, 'scoreGovernance': None, 'scoreMarket': None, 'scoreOperation': 64.3}",,,,,,,,False,3,Ethereum
335,xSUSHI,xsushi,https://skynet.certik.com/projects/xsushi,"{'rank': 4828, 'percentile': 0.2608629052846566, 'includedCategories': ['code', 'governance', 'community', 'market', 'operation', 'fundamental'], 'score': 68.36, 'scoreCodeSecurity': 63.05, 'scoreCommunity': 94.33, 'scoreFundamental': 49.37, 'scoreGovernance': 80.79, 'scoreMarket': 71.25, 'scoreOperation': 69.86}",0.2768735804043896,,3452.30859375,,,,,False,0,Ethereum
336,Sovryn,sovryn,https://skynet.certik.com/projects/sovryn,"{'rank': 4843, 'percentile': 0.26173091651774316, 'includedCategories': ['code', 'governance', 'community', 'market', 'operation', 'fundamental'], 'score': 68.33, 'scoreCodeSecurity': 67.85000000000001, 'scoreCommunity': 42.02, 'scoreFundamental': 53.11, 'scoreGovernance': 77.69999999999999, 'scoreMarket': 82.27, 'scoreOperation': 74.81}",0.016657562275069253,997209,628.1845092773438,,,,,False,0,Ethereum|RSK|Bitcoin
337,Marvelous NFTs (Bad Days),marvelous-nfts-bad-days,https://skynet.certik.com/projects/marvelous-nfts-bad-days,"{'rank': 4849, 'percentile': 0.26198621393923927, 'includedCategories': ['code', 'governance', 'community', 'operation', 'fundamental'], 'score': 68.32, 'scoreCodeSecurity': 75.22, 'scoreCommunity': 43.64, 'scoreFundamental': 79.5, 'scoreGovernance': 69.66, 'scoreMarket': None, 'scoreOperation': 55.5}",,,,,,,,True,1,BSC
338,Biokript,biokript,https://skynet.certik.com/projects/biokript,"{'rank': 4857, 'percentile': 0.2627010467194282, 'includedCategories': ['code', 'governance', 'community', 'market', 'operation', 'fundamental'], 'score': 68.3, 'scoreCodeSecurity': 63.37, 'scoreCommunity': 90.62, 'scoreFundamental': 79.5, 'scoreGovernance': 46.92, 'scoreMarket': 63.8, 'scoreOperation': 68.3}",3.535121094435577e-05,,0,,,,,True,6,BSC
339,Premia Finance,premia,https://skynet.certik.com/projects/premia,"{'rank': 4875, 'percentile': 0.2634158794996171, 'includedCategories': ['code', 'governance', 'community', 'market', 'operation', 'fundamental'], 'score': 68.28, 'scoreCodeSecurity': 88.66, 'scoreCommunity': 55.48, 'scoreFundamental': 49.53, 'scoreGovernance': 87.29, 'scoreMarket': 63.76, 'scoreOperation': 72.38}",0.02049569357748762,1629218,322.9806671142578,,,,False,False,2,Ethereum|Arbitrum|Fantom|Optimism
340,Autonio,autonio,https://skynet.certik.com/projects/autonio,"{'rank': 4882, 'percentile': 0.2639264743426092, 'includedCategories': ['code', 'governance', 'community', 'market', 'operation', 'fundamental'], 'score': 68.26, 'scoreCodeSecurity': 49.71, 'scoreCommunity': 56.52, 'scoreFundamental': 79.5, 'scoreGovernance': 70.95, 'scoreMarket': 78.57, 'scoreOperation': 60.97}",,51306,12.85,,,,,False,0,Ethereum
341,WannaSwap,wannaswap,https://skynet.certik.com/projects/wannaswap,"{'rank': 4886, 'percentile': 0.2639264743426092, 'includedCategories': ['code', 'community', 'market', 'operation', 'fundamental'], 'score': 68.26, 'scoreCodeSecurity': 76.64, 'scoreCommunity': 57.43, 'scoreFundamental': 49.45, 'scoreGovernance': None, 'scoreMarket': 80.13, 'scoreOperation': 64.3}",0.00023016,23184,364.99,,,,,False,1,Near
342,Alium Swap,aliumswap,https://skynet.certik.com/projects/aliumswap,"{'rank': 4892, 'percentile': 0.2645902476384988, 'includedCategories': ['code', 'governance', 'community', 'market', 'operation', 'fundamental'], 'score': 68.22, 'scoreCodeSecurity': 87.47, 'scoreCommunity': 55, 'scoreFundamental': 85.1, 'scoreGovernance': 76.68, 'scoreMarket': 65.9, 'scoreOperation': 66.7}",0.001061130583849651,,31.349680420942605,,,,,False,4,BSC|Ethereum|Fantom|OKTC|Polygon
343,DEW,dew-bsc,https://skynet.certik.com/projects/dew-bsc,"{'rank': 4773, 'percentile': 0.2576972172581057, 'includedCategories': ['code', 'governance', 'community', 'market', 'operation', 'fundamental'], 'score': 68.54, 'scoreCodeSecurity': 59.45, 'scoreCommunity': 89.13, 'scoreFundamental': 49.16, 'scoreGovernance': 95.66, 'scoreMarket': 74.35, 'scoreOperation': 60.38}",0.00017130034145309458,,540.9701538085938,,,,,False,0,
344,LEVELG,levelg,https://skynet.certik.com/projects/levelg,"{'rank': 4948, 'percentile': 0.2673474597906561, 'includedCategories': ['community', 'operation', 'fundamental'], 'score': 68.1, 'scoreCodeSecurity': None, 'scoreCommunity': 49.1, 'scoreFundamental': 79.5, 'scoreGovernance': None, 'scoreMarket': None, 'scoreOperation': 64.3}",,,,,,,,False,0,
345,Metavault Trade,metavault-trade,https://skynet.certik.com/projects/metavault-trade,"{'rank': 5009, 'percentile': 0.27046208833290786, 'includedCategories': ['code', 'governance', 'community', 'market', 'operation', 'fundamental'], 'score': 68, 'scoreCodeSecurity': 79.38, 'scoreCommunity': 55, 'scoreFundamental': 49.18, 'scoreGovernance': 77.29, 'scoreMarket': 72.63, 'scoreOperation': 72.72}",0.024706071165682034,61328,53.401123046875,,,,,True,1,Polygon
346,Solarbeam,solarbeam,https://skynet.certik.com/projects/solarbeam,"{'rank': 5015, 'percentile': 0.27071738575440385, 'includedCategories': ['code', 'community', 'market', 'operation', 'fundamental'], 'score': 67.99, 'scoreCodeSecurity': 81.96, 'scoreCommunity': 55, 'scoreFundamental': 49.45, 'scoreGovernance': None, 'scoreMarket': 76.59, 'scoreOperation': 64.3}",,10772,51.38,,,,,False,1,Polkadot
347,Retik Finance,retik-finance,https://skynet.certik.com/projects/retik-finance,"{'rank': 5042, 'percentile': 0.27224917028338014, 'includedCategories': ['code', 'governance', 'community', 'market', 'operation', 'fundamental'], 'score': 67.93, 'scoreCodeSecurity': 81.63, 'scoreCommunity': 66.22, 'scoreFundamental': 49.34, 'scoreGovernance': 86.16, 'scoreMarket': 60.56, 'scoreOperation': 83.3}",0.0001956778104443953,,53.000222869448244,,,,,False,1,Ethereum
348,Zeta Markets,zeta-markets,https://skynet.certik.com/projects/zeta-markets,"{'rank': 5044, 'percentile': 0.27224917028338014, 'includedCategories': ['code', 'governance', 'community', 'market', 'operation', 'fundamental'], 'score': 67.93, 'scoreCodeSecurity': 47.06, 'scoreCommunity': 45.51, 'scoreFundamental': 86.98, 'scoreGovernance': 31.05, 'scoreMarket': 75.41, 'scoreOperation': 71.51}",,,,,,,,False,0,Solana
349,TeleportDAO,teleportdao,https://skynet.certik.com/projects/teleportdao,"{'rank': 5056, 'percentile': 0.2728618840949706, 'includedCategories': ['code', 'governance', 'community', 'market', 'operation', 'fundamental'], 'score': 67.91, 'scoreCodeSecurity': 89.9, 'scoreCommunity': 44.07, 'scoreFundamental': 68.65, 'scoreGovernance': 64.71, 'scoreMarket': 62.29, 'scoreOperation': 66.38}",0.0002120418379963428,72062,0,,,,False,True,1,Ethereum|Avalanche|Near|Bitcoin
350,CRYPTO20,c20,https://skynet.certik.com/projects/c20,"{'rank': 5057, 'percentile': 0.27321930048506515, 'includedCategories': ['code', 'governance', 'community', 'market', 'operation', 'fundamental'], 'score': 67.9, 'scoreCodeSecurity': 52.7, 'scoreCommunity': 43.32, 'scoreFundamental': 79.5, 'scoreGovernance': 69.53, 'scoreMarket': 76.47, 'scoreOperation': 72.38}",0.004482630640672195,180950,0,,,,,False,0,Ethereum
351,1Hive,1hive,https://skynet.certik.com/projects/1hive,"{'rank': 5073, 'percentile': 0.2741383712024509, 'includedCategories': ['code', 'community', 'operation', 'fundamental'], 'score': 67.86, 'scoreCodeSecurity': 75.5, 'scoreCommunity': 91.92, 'scoreFundamental': 49.98, 'scoreGovernance': None, 'scoreMarket': None, 'scoreOperation': 64.3}",0.8750798696769648,,69.91032791137695,,,,,False,1,Arbitrum|Polygon|Gnosis-gno
352,ETH 2x Flexible Leverage Index (Polygon),eth-2x-flexible-leverage-index-polygon,https://skynet.certik.com/projects/eth-2x-flexible-leverage-index-polygon,"{'rank': 5094, 'percentile': 0.27521062037273425, 'includedCategories': ['code', 'governance', 'community', 'market', 'operation', 'fundamental'], 'score': 67.81, 'scoreCodeSecurity': 47.29, 'scoreCommunity': 88.21, 'scoreFundamental': 49.68, 'scoreGovernance': 67.89, 'scoreMarket': 85.11, 'scoreOperation': 72.72}",5.2,303366,6.042513728141785,,,,,False,0,Polygon
353,FistSmartTool,fistsmarttool,https://skynet.certik.com/projects/fistsmarttool,"{'rank': 5107, 'percentile': 0.27572121521572635, 'includedCategories': ['code', 'governance', 'community', 'operation', 'fundamental'], 'score': 67.78, 'scoreCodeSecurity': 67.85, 'scoreCommunity': 79.71, 'scoreFundamental': 49.57, 'scoreGovernance': 86.64, 'scoreMarket': None, 'scoreOperation': 73.3}",,,0.7447314634919167,,,,,False,1,BSC
354,NanoMeter Bitcoin,nanometer-bitcoin,https://skynet.certik.com/projects/nanometer-bitcoin,"{'rank': 5128, 'percentile': 0.2767934643860097, 'includedCategories': ['code', 'governance', 'community', 'market', 'operation', 'fundamental'], 'score': 67.72, 'scoreCodeSecurity': 63.24, 'scoreCommunity': 85.69, 'scoreFundamental': 49.67, 'scoreGovernance': 89.66, 'scoreMarket': 73.51, 'scoreOperation': 55.5}",2.283207506323947e-08,,649.048770904541,,,,,True,2,BSC
355,Sake Swap,sake-swap,https://skynet.certik.com/projects/sake-swap,"{'rank': 5147, 'percentile': 0.2780188920091907, 'includedCategories': ['code', 'governance', 'community', 'market', 'operation', 'fundamental'], 'score': 67.68, 'scoreCodeSecurity': 79.87, 'scoreCommunity': 43.32, 'scoreFundamental': 49.48, 'scoreGovernance': 78.13, 'scoreMarket': 74.54, 'scoreOperation': 73.06}",,14621,102.20043182373047,,,,,False,0,Ethereum|BSC
356,Fly.trade,fly,https://skynet.certik.com/projects/fly,"{'rank': 5173, 'percentile': 0.27944855756956855, 'includedCategories': ['code', 'community', 'market', 'operation', 'fundamental'], 'score': 67.63, 'scoreCodeSecurity': 38, 'scoreCommunity': 74.2, 'scoreFundamental': 62.2, 'scoreGovernance': None, 'scoreMarket': 82.83, 'scoreOperation': 85.58}",0.00910753590122111,147215,1582.8712235173439,,,,,False,0,Ethereum|BSC|Polygon|Avalanche
357,Emoney,emoney,https://skynet.certik.com/projects/emoney,"{'rank': 5185, 'percentile': 0.2800612713811591, 'includedCategories': ['code', 'governance', 'community', 'market', 'operation', 'fundamental'], 'score': 67.6, 'scoreCodeSecurity': 73.11, 'scoreCommunity': 55, 'scoreFundamental': 49.67, 'scoreGovernance': 62.09, 'scoreMarket': 81.68, 'scoreOperation': 68.3}",0.004872260206196799,96800,586.2309865951538,,,,,False,1,Ethereum|Avalanche|Cosmos
358,Ramses Exchange,ramses-exchange,https://skynet.certik.com/projects/ramses-exchange,"{'rank': 5212, 'percentile': 0.28138881797293847, 'includedCategories': ['code', 'governance', 'community', 'market', 'operation', 'fundamental'], 'score': 67.55, 'scoreCodeSecurity': 66.99, 'scoreCommunity': 92.8, 'scoreFundamental': 49.61, 'scoreGovernance': 64.62, 'scoreMarket': 70.59, 'scoreOperation': 73.06}",0.00020910692125590457,12299,18.845297813415527,,,,,False,0,Arbitrum
359,Tomb,tomb,https://skynet.certik.com/projects/tomb,"{'rank': 5286, 'percentile': 0.28537145774827677, 'includedCategories': ['code', 'governance', 'community', 'market', 'operation', 'fundamental'], 'score': 67.4, 'scoreCodeSecurity': 76.06, 'scoreCommunity': 62.77, 'scoreFundamental': 49.64, 'scoreGovernance': 65.3, 'scoreMarket': 75.95, 'scoreOperation': 66.7}",,,,,,,,True,1,Fantom|BSC|Avalanche|Polygon
360,Treble,treble,https://skynet.certik.com/projects/treble,"{'rank': 5338, 'percentile': 0.28817972938473324, 'includedCategories': ['code', 'governance', 'community', 'market', 'operation', 'fundamental'], 'score': 67.28, 'scoreCodeSecurity': 49.94, 'scoreCommunity': 90.39, 'scoreFundamental': 50.9, 'scoreGovernance': 64.83, 'scoreMarket': 85.19, 'scoreOperation': 60.3}",0.01909191,278008,5604.58,,,,,False,0,Base
361,Bcpay Fintech,bcpay-fintech,https://skynet.certik.com/projects/bcpay-fintech,"{'rank': 5355, 'percentile': 0.2890477406178198, 'includedCategories': ['code', 'governance', 'community', 'market', 'operation', 'fundamental'], 'score': 67.25, 'scoreCodeSecurity': 85.94, 'scoreCommunity': 48.13, 'scoreFundamental': 56.5, 'scoreGovernance': 75.91, 'scoreMarket': 69.37, 'scoreOperation': 55.5}",,,,,,,,False,1,BSC
362,CargoX,cargox,https://skynet.certik.com/projects/cargox,"{'rank': 5409, 'percentile': 0.2925197855501659, 'includedCategories': ['code', 'governance', 'community', 'market', 'operation', 'fundamental'], 'score': 67.13, 'scoreCodeSecurity': 42.61, 'scoreCommunity': 89.71, 'scoreFundamental': 49.51, 'scoreGovernance': 80.9, 'scoreMarket': 81.25, 'scoreOperation': 72.72}",0.15076248639696346,24809764,16934.77197265625,,,,,False,0,Ethereum
363,MakiSwap,makiswap,https://skynet.certik.com/projects/makiswap,"{'rank': 5414, 'percentile': 0.2925197855501659, 'includedCategories': ['code', 'community', 'operation', 'fundamental'], 'score': 67.13, 'scoreCodeSecurity': 66.68, 'scoreCommunity': 53.83, 'scoreFundamental': 74.25, 'scoreGovernance': None, 'scoreMarket': None, 'scoreOperation': 67.1}",,,,,,,,False,2,Solana
364,Benchmark Protocol,benchmark-protocol,https://skynet.certik.com/projects/benchmark-protocol,"{'rank': 5445, 'percentile': 0.29440898646923663, 'includedCategories': ['code', 'governance', 'community', 'operation', 'fundamental'], 'score': 67.04, 'scoreCodeSecurity': 77.54, 'scoreCommunity': 55, 'scoreFundamental': 49.86, 'scoreGovernance': 86.41, 'scoreMarket': None, 'scoreOperation': 73.06}",,,,,,,,False,3,
365,RadioShack,radioshack,https://skynet.certik.com/projects/radioshack,"{'rank': 5452, 'percentile': 0.29440898646923663, 'includedCategories': ['code', 'governance', 'community', 'market', 'operation', 'fundamental'], 'score': 67.04, 'scoreCodeSecurity': 78.02, 'scoreCommunity': 91.07, 'scoreFundamental': 49.37, 'scoreGovernance': 46.23, 'scoreMarket': 67.98, 'scoreOperation': 74.42}",0.00021441133040952842,,1624.3079948425293,,,,,False,1,Polygon|Optimism
366,Galaxy Finance,galaxy-finance,https://skynet.certik.com/projects/galaxy-finance,"{'rank': 5486, 'percentile': 0.2962471279040082, 'includedCategories': ['code', 'governance', 'community', 'operation', 'fundamental'], 'score': 66.95, 'scoreCodeSecurity': 72.15, 'scoreCommunity': 52.67, 'scoreFundamental': 60, 'scoreGovernance': 74.66, 'scoreMarket': None, 'scoreOperation': 77}",,,16877.977591857314,,,,,True,1,BSC
367,BeamSwap,beamswap,https://skynet.certik.com/projects/beamswap,"{'rank': 5489, 'percentile': 0.296706663262701, 'includedCategories': ['community', 'market', 'operation', 'fundamental'], 'score': 66.94, 'scoreCodeSecurity': None, 'scoreCommunity': 62.56, 'scoreFundamental': 58.5, 'scoreGovernance': None, 'scoreMarket': 76.24, 'scoreOperation': 60.3}",,27694,9.19,,,,,False,0,Moonbeam
368,Dannycoin,dannycoin,https://skynet.certik.com/projects/dannycoin,"{'rank': 5512, 'percentile': 0.2977789124329844, 'includedCategories': ['code', 'governance', 'community', 'market', 'operation', 'fundamental'], 'score': 66.89, 'scoreCodeSecurity': 63.56, 'scoreCommunity': 55, 'scoreFundamental': 50.9, 'scoreGovernance': 98, 'scoreMarket': 75.55, 'scoreOperation': 60.3}",0.0002258102469004549,,4045.156982421875,,,,,False,0,
369,MacaronSwap,macaronswap,https://skynet.certik.com/projects/macaronswap,"{'rank': 5527, 'percentile': 0.2982895072759765, 'includedCategories': ['code', 'governance', 'community', 'market', 'operation', 'fundamental'], 'score': 66.87, 'scoreCodeSecurity': 78.86, 'scoreCommunity': 55, 'scoreFundamental': 49.46, 'scoreGovernance': 66.08, 'scoreMarket': 74.22, 'scoreOperation': 68.3}",,,562.1357949450612,,,,,False,2,BSC
370,Gradient,usegradient,https://skynet.certik.com/projects/usegradient,"{'rank': 5531, 'percentile': 0.29864692366607093, 'includedCategories': ['code', 'governance', 'community', 'market', 'operation', 'fundamental'], 'score': 66.86, 'scoreCodeSecurity': 50.43, 'scoreCommunity': 81.37, 'scoreFundamental': 50.9, 'scoreGovernance': 86.19, 'scoreMarket': 77.87, 'scoreOperation': 64.72}",0.024946105485413803,253421,689.9965209960938,,,,,False,0,Ethereum
371,WOOF,woof,https://skynet.certik.com/projects/woof,"{'rank': 5532, 'percentile': 0.29864692366607093, 'includedCategories': ['code', 'governance', 'community', 'market', 'operation', 'fundamental'], 'score': 66.86, 'scoreCodeSecurity': 56.91, 'scoreCommunity': 95.59, 'scoreFundamental': 49.82, 'scoreGovernance': 48.74, 'scoreMarket': 82.16, 'scoreOperation': 64.3}",6.221789688576105e-06,111498,933.150764465332,,,,,False,0,Solana
372,EVRYNET,evrynet,https://skynet.certik.com/projects/evrynet,"{'rank': 5548, 'percentile': 0.29956599438345677, 'includedCategories': ['code', 'governance', 'community', 'operation', 'fundamental'], 'score': 66.81, 'scoreCodeSecurity': 53.5, 'scoreCommunity': 60.02, 'scoreFundamental': 79.5, 'scoreGovernance': 73.36, 'scoreMarket': None, 'scoreOperation': 68.3}",,,,,,,,False,0,Ethereum
373,NASDEX,nasdex,https://skynet.certik.com/projects/nasdex,"{'rank': 5558, 'percentile': 0.3000255297421496, 'includedCategories': ['code', 'governance', 'community', 'operation', 'fundamental'], 'score': 66.79, 'scoreCodeSecurity': 78.29, 'scoreCommunity': 62.21, 'scoreFundamental': 49.37, 'scoreGovernance': 68.1, 'scoreMarket': None, 'scoreOperation': 81.9}",0.002782470410197702,,738.8169796355069,,,,,True,1,Polygon
374,Akt.io,akt-io,https://skynet.certik.com/projects/akt-io,"{'rank': 5593, 'percentile': 0.3020168496298188, 'includedCategories': ['code', 'governance', 'community', 'market', 'operation', 'fundamental'], 'score': 66.7, 'scoreCodeSecurity': 74.84, 'scoreCommunity': 43.32, 'scoreFundamental': 58.5, 'scoreGovernance': 68.56, 'scoreMarket': 71.42, 'scoreOperation': 74.22}",0.007898535566826454,,30.15282746,,,,,False,0,Ethereum
375,delta.theta,delta-theta,https://skynet.certik.com/projects/delta-theta,"{'rank': 5597, 'percentile': 0.3022721470513148, 'includedCategories': ['code', 'governance', 'community', 'market', 'operation', 'fundamental'], 'score': 66.69, 'scoreCodeSecurity': 74.81, 'scoreCommunity': 59.18, 'scoreFundamental': 49.07, 'scoreGovernance': 59.94, 'scoreMarket': 76.4, 'scoreOperation': 70.78}",,,2506.129638671875,,,,,True,1,Ethereum
376,ALEX Lab,alex-lab,https://skynet.certik.com/projects/alex-lab,"{'rank': 5602, 'percentile': 0.30237426601991324, 'includedCategories': ['code', 'community', 'market', 'operation', 'fundamental'], 'score': 66.68, 'scoreCodeSecurity': 56.07, 'scoreCommunity': 94.2, 'scoreFundamental': 47.57, 'scoreGovernance': None, 'scoreMarket': 85.94, 'scoreOperation': 77.49}",0.0015120367024247189,919747,135564.61466195,,,,,True,2,Stacks|Bitcoin
377,Chainbing,chainbing,https://skynet.certik.com/projects/chainbing,"{'rank': 5603, 'percentile': 0.30237426601991324, 'includedCategories': ['code', 'governance', 'community', 'market', 'operation', 'fundamental'], 'score': 66.68, 'scoreCodeSecurity': 58.92, 'scoreCommunity': 89.62, 'scoreFundamental': 49.67, 'scoreGovernance': 77.31, 'scoreMarket': 71.45, 'scoreOperation': 68.3}",0.0003370114387799999,11111,8397.96483197,,,,,False,0,Ethereum
378,Welups Blockchain,welups-blockchain,https://skynet.certik.com/projects/welups-blockchain,"{'rank': 5614, 'percentile': 0.3029359203472045, 'includedCategories': ['community', 'operation', 'fundamental'], 'score': 66.66, 'scoreCodeSecurity': None, 'scoreCommunity': 43.32, 'scoreFundamental': 79.5, 'scoreGovernance': None, 'scoreMarket': None, 'scoreOperation': 64.3}",,,,,,,,False,0,
379,Cardence,cardence-io,https://skynet.certik.com/projects/cardence-io,"{'rank': 5623, 'percentile': 0.30354863415879496, 'includedCategories': ['code', 'governance', 'community', 'market', 'operation', 'fundamental'], 'score': 66.63, 'scoreCodeSecurity': 66.17, 'scoreCommunity': 43.32, 'scoreFundamental': 58.5, 'scoreGovernance': 90.86, 'scoreMarket': 75.77, 'scoreOperation': 55.5}",,39268,16.70728094043443,,,,,True,2,BSC
380,Swapsicle,swapsicle,https://skynet.certik.com/projects/swapsicle,"{'rank': 5653, 'percentile': 0.30508041868777125, 'includedCategories': ['code', 'governance', 'community', 'market', 'operation', 'fundamental'], 'score': 66.58, 'scoreCodeSecurity': 70.15, 'scoreCommunity': 43.32, 'scoreFundamental': 85.1, 'scoreGovernance': 83.62, 'scoreMarket': 53.35, 'scoreOperation': 68.3}",,,,,,,,False,1,Ethereum
381,Civilization,civilization,https://skynet.certik.com/projects/civilization,"{'rank': 5696, 'percentile': 0.3079397498085269, 'includedCategories': ['code', 'governance', 'community', 'market', 'operation', 'fundamental'], 'score': 66.48, 'scoreCodeSecurity': 69.17999999999999, 'scoreCommunity': 52.25, 'scoreFundamental': 48.43, 'scoreGovernance': 77.38, 'scoreMarket': 77.66, 'scoreOperation': 66.99000000000001}",,99376,13.997200965881348,,,,,False,1,Ethereum|Polygon
382,Roseon,roseon,https://skynet.certik.com/projects/roseon,"{'rank': 5710, 'percentile': 0.30809292826142454, 'includedCategories': ['code', 'governance', 'community', 'market', 'operation', 'fundamental'], 'score': 66.47, 'scoreCodeSecurity': 67.49, 'scoreCommunity': 55, 'scoreFundamental': 71.1, 'scoreGovernance': 53.99, 'scoreMarket': 74.35, 'scoreOperation': 55.5}",,,,,,,,True,1,BSC|Arbitrum
383,BlocX,blocx,https://skynet.certik.com/projects/blocx,"{'rank': 5715, 'percentile': 0.3086545825887158, 'includedCategories': ['code', 'governance', 'community', 'operation', 'fundamental'], 'score': 66.45, 'scoreCodeSecurity': 80.6, 'scoreCommunity': 49.83, 'scoreFundamental': 64.1, 'scoreGovernance': 57.64, 'scoreMarket': None, 'scoreOperation': 68.3}",,,,,,,,False,1,BSC
384,LFGSwap,lfgswap,https://skynet.certik.com/projects/lfgswap,"{'rank': 5736, 'percentile': 0.3094715343375032, 'includedCategories': ['code', 'governance', 'community', 'market', 'operation', 'fundamental'], 'score': 66.42, 'scoreCodeSecurity': 78.06, 'scoreCommunity': 65.74, 'scoreFundamental': 49.03, 'scoreGovernance': 70, 'scoreMarket': 70, 'scoreOperation': 64.3}",4.142818344742426e-06,,2.9445836544036865,,,,,False,2,Ethereum|Arbitrum
385,SakeToken,sake-token,https://skynet.certik.com/projects/sake-token,"{'rank': 5746, 'percentile': 0.31003318866479446, 'includedCategories': ['code', 'governance', 'community', 'market', 'operation', 'fundamental'], 'score': 66.4, 'scoreCodeSecurity': 73.87, 'scoreCommunity': 43.32, 'scoreFundamental': 49.06, 'scoreGovernance': 78.13, 'scoreMarket': 74.53, 'scoreOperation': 73.06}",,14621,102.20043182373047,,,,,True,0,Ethereum
386,FutureCoin,futurecoin,https://skynet.certik.com/projects/futurecoin,"{'rank': 5777, 'percentile': 0.311871330099566, 'includedCategories': ['code', 'governance', 'community', 'market', 'operation', 'fundamental'], 'score': 66.32, 'scoreCodeSecurity': 71.12, 'scoreCommunity': 55, 'scoreFundamental': 49.82, 'scoreGovernance': 56.63, 'scoreMarket': 80.99, 'scoreOperation': 66.7}",,,,,,,,False,1,BSC
387,NIOB,niob-finance,https://skynet.certik.com/projects/niob-finance,"{'rank': 5779, 'percentile': 0.311871330099566, 'includedCategories': ['code', 'governance', 'community', 'market', 'operation', 'fundamental'], 'score': 66.32, 'scoreCodeSecurity': 69.28, 'scoreCommunity': 55, 'scoreFundamental': 49.25, 'scoreGovernance': 65.98, 'scoreMarket': 78.95, 'scoreOperation': 68.3}",,,,,,,,False,1,BSC
388,Interlay,interlay-intr,https://skynet.certik.com/projects/interlay-intr,"{'rank': 5852, 'percentile': 0.31580291039060504, 'includedCategories': ['code', 'community', 'market', 'operation', 'fundamental'], 'score': 66.17, 'scoreCodeSecurity': 38.21, 'scoreCommunity': 43.32, 'scoreFundamental': 90, 'scoreGovernance': None, 'scoreMarket': 74.72, 'scoreOperation': 71.6}",,,,,,,,False,0,Polkadot|Bitcoin
389,Vortex Gaming,vortex-gaming,https://skynet.certik.com/projects/vortex-gaming,"{'rank': 5877, 'percentile': 0.31697727852948687, 'includedCategories': ['code', 'community', 'market', 'operation', 'fundamental'], 'score': 66.12, 'scoreCodeSecurity': 76.67, 'scoreCommunity': 44.1, 'scoreFundamental': 85.43, 'scoreGovernance': None, 'scoreMarket': 54.17, 'scoreOperation': 64.3}",,,,,,,,False,1,Near
390,BTC 2x Flexible Leverage Index,index-coop,https://skynet.certik.com/projects/index-coop,"{'rank': 5880, 'percentile': 0.31733469491958133, 'includedCategories': ['code', 'governance', 'community', 'market', 'operation', 'fundamental'], 'score': 66.11, 'scoreCodeSecurity': 54.14, 'scoreCommunity': 88.46, 'scoreFundamental': 49.5, 'scoreGovernance': 73.75, 'scoreMarket': 72.96, 'scoreOperation': 72.72}",13.018431288140139,,465.98406982421875,,,,,True,1,Ethereum|Polygon
391,Nucleon,nucleon-,https://skynet.certik.com/projects/nucleon-,"{'rank': 5887, 'percentile': 0.3176921113096758, 'includedCategories': ['code', 'community', 'market', 'operation', 'fundamental'], 'score': 66.1, 'scoreCodeSecurity': 71.46, 'scoreCommunity': 91.79, 'scoreFundamental': 49.59, 'scoreGovernance': None, 'scoreMarket': 65.56, 'scoreOperation': 64.3}",0.0696805555027135,,16.71164894104004,,,,,True,2,
392,Ardana,ardana,https://skynet.certik.com/projects/ardana,"{'rank': 5895, 'percentile': 0.3182027061526679, 'includedCategories': ['community', 'market', 'operation', 'fundamental'], 'score': 66.08, 'scoreCodeSecurity': None, 'scoreCommunity': 43.32, 'scoreFundamental': 79.5, 'scoreGovernance': None, 'scoreMarket': 70.91, 'scoreOperation': 47.5}",,,,,,,,False,0,Cardano
393,DeHealth,dehealth,https://skynet.certik.com/projects/dehealth,"{'rank': 5901, 'percentile': 0.3184580035741639, 'includedCategories': ['code', 'governance', 'community', 'operation', 'fundamental'], 'score': 66.07, 'scoreCodeSecurity': 71.64, 'scoreCommunity': 62.95, 'scoreFundamental': 58.5, 'scoreGovernance': 70.99, 'scoreMarket': None, 'scoreOperation': 68.3}",,,50.289717910811305,,,,,True,1,BSC
394,Unstoppable Defi,unstoppable-defi,https://skynet.certik.com/projects/unstoppable-defi,"{'rank': 5919, 'percentile': 0.31927495532295125, 'includedCategories': ['code', 'governance', 'community', 'market', 'operation', 'fundamental'], 'score': 66.04, 'scoreCodeSecurity': 53.5, 'scoreCommunity': 55, 'scoreFundamental': 65.15, 'scoreGovernance': 61.83, 'scoreMarket': 77.45, 'scoreOperation': 73.9}",,,,,,,,False,0,Arbitrum
395,Ellipsis Finance,ellipsis,https://skynet.certik.com/projects/ellipsis,"{'rank': 5927, 'percentile': 0.3201429665560378, 'includedCategories': ['code', 'governance', 'community', 'market', 'operation', 'fundamental'], 'score': 66.03, 'scoreCodeSecurity': 73.29, 'scoreCommunity': 53.35, 'scoreFundamental': 47.940000000000005, 'scoreGovernance': 59.15, 'scoreMarket': 80.99, 'scoreOperation': 62.37}",0.012870037696986632,9314067,18.48634386062622,,,,,False,1,BSC
396,$FiPi,fipi,https://skynet.certik.com/projects/fipi,"{'rank': 5966, 'percentile': 0.3218279295379116, 'includedCategories': ['code', 'governance', 'community', 'operation', 'fundamental'], 'score': 65.97, 'scoreCodeSecurity': 67.02, 'scoreCommunity': 55, 'scoreFundamental': 79.5, 'scoreGovernance': 58.25, 'scoreMarket': None, 'scoreOperation': 55.5}",,,,,,,,True,1,BSC
397,Tidex Token,tidex-token,https://skynet.certik.com/projects/tidex-token,"{'rank': 5989, 'percentile': 0.3231554761296911, 'includedCategories': ['code', 'governance', 'community', 'market', 'operation', 'fundamental'], 'score': 65.93, 'scoreCodeSecurity': 50.7, 'scoreCommunity': 43.32, 'scoreFundamental': 79.5, 'scoreGovernance': 62.85, 'scoreMarket': 73.45, 'scoreOperation': 72.38}",,,,,,,,False,0,Ethereum
398,Konomi Network,konomi-network,https://skynet.certik.com/projects/konomi-network,"{'rank': 5998, 'percentile': 0.3236660709726832, 'includedCategories': ['code', 'governance', 'community', 'market', 'operation', 'fundamental'], 'score': 65.91, 'scoreCodeSecurity': 65.89, 'scoreCommunity': 64.59, 'scoreFundamental': 49.54, 'scoreGovernance': 74.62, 'scoreMarket': 72.11, 'scoreOperation': 72.72}",,5505,12934.8359375,,,,,False,0,Ethereum
399,Swaperry,swaperry,https://skynet.certik.com/projects/swaperry,"{'rank': 6006, 'percentile': 0.3240745468470768, 'includedCategories': ['code', 'governance', 'community', 'market', 'operation', 'fundamental'], 'score': 65.89, 'scoreCodeSecurity': 71.69, 'scoreCommunity': 55, 'scoreFundamental': 49.37, 'scoreGovernance': 67.49, 'scoreMarket': 75.33, 'scoreOperation': 68.3}",0.00011027463499360729,,49215.496144499724,,,,,False,1,Polkadot
400,CoinSwap Space,coinswap,https://skynet.certik.com/projects/coinswap,"{'rank': 6021, 'percentile': 0.32494255808016337, 'includedCategories': ['code', 'governance', 'community', 'operation', 'fundamental'], 'score': 65.86, 'scoreCodeSecurity': 83.39, 'scoreCommunity': 55, 'scoreFundamental': 49.11, 'scoreGovernance': 72.75, 'scoreMarket': None, 'scoreOperation': 68.3}",,,14.405511856079102,,,,,False,3,BSC
401,DackieSwap,dackieswap,https://skynet.certik.com/projects/dackieswap,"{'rank': 6029, 'percentile': 0.3256063313760531, 'includedCategories': ['code', 'governance', 'community', 'market', 'operation', 'fundamental'], 'score': 65.83, 'scoreCodeSecurity': 83.5, 'scoreCommunity': 95.19, 'scoreFundamental': 50.9, 'scoreGovernance': 65.8, 'scoreMarket': 53.39, 'scoreOperation': 68.3}",,,,,,,,True,0,Base
402,Offshift (new),offshift-new,https://skynet.certik.com/projects/offshift-new,"{'rank': 6054, 'percentile': 0.3266275210620373, 'includedCategories': ['code', 'governance', 'community', 'market', 'operation', 'fundamental'], 'score': 65.79, 'scoreCodeSecurity': 48.5, 'scoreCommunity': 58.84, 'scoreFundamental': 49, 'scoreGovernance': 77.32, 'scoreMarket': 84.67, 'scoreOperation': 72.72}",,514918,7416.892578125,,,,,False,0,Ethereum
403,Chronos Exchange,chronos-exchange,https://skynet.certik.com/projects/chronos-exchange,"{'rank': 6056, 'percentile': 0.3269338779678326, 'includedCategories': ['code', 'governance', 'community', 'market', 'operation', 'fundamental'], 'score': 65.78, 'scoreCodeSecurity': 89.08, 'scoreCommunity': 49.37, 'scoreFundamental': 49.1, 'scoreGovernance': 62.92, 'scoreMarket': 67.47, 'scoreOperation': 66.7}",0.0006373111456939613,,8.268386363983154,,,,,False,2,Arbitrum
404,Alien Base,alien-base,https://skynet.certik.com/projects/alien-base,"{'rank': 6062, 'percentile': 0.3271381159050294, 'includedCategories': ['code', 'governance', 'community', 'market', 'operation', 'fundamental'], 'score': 65.77, 'scoreCodeSecurity': 56.07, 'scoreCommunity': 83.02, 'scoreFundamental': 47.940000000000005, 'scoreGovernance': 65.17, 'scoreMarket': 79.69000000000001, 'scoreOperation': 62.37}",0.00448290462245383,1067592,6680.458251953125,,,,,False,0,Base
405,Open World,open-world,https://skynet.certik.com/projects/open-world,"{'rank': 6096, 'percentile': 0.3290273168241, 'includedCategories': ['code', 'governance', 'community', 'operation', 'fundamental'], 'score': 65.7, 'scoreCodeSecurity': 80.82, 'scoreCommunity': 49.14, 'scoreFundamental': 49.62, 'scoreGovernance': 83.18, 'scoreMarket': None, 'scoreOperation': 66.7}",,,,,,,,False,1,BSC
406,Governance ALGO,governance-algo,https://skynet.certik.com/projects/governance-algo,"{'rank': 6112, 'percentile': 0.3298442685728874, 'includedCategories': ['code', 'community', 'market', 'operation', 'fundamental'], 'score': 65.67, 'scoreCodeSecurity': 70.54, 'scoreCommunity': 97.05, 'scoreFundamental': 59.9, 'scoreGovernance': None, 'scoreMarket': 57.25, 'scoreOperation': 61.35}",,,,,,,,False,1,Algorand
407,Deta Finance,deta-finance,https://skynet.certik.com/projects/deta-finance,"{'rank': 6133, 'percentile': 0.33096757722747006, 'includedCategories': ['code', 'governance', 'community', 'operation', 'fundamental'], 'score': 65.63, 'scoreCodeSecurity': 75.2, 'scoreCommunity': 48.95, 'scoreFundamental': 79.1, 'scoreGovernance': 42.25, 'scoreMarket': None, 'scoreOperation': 59.58}",,,,,,,,False,1,Ethereum
408,Codex Multichain,codex-multichain,https://skynet.certik.com/projects/codex-multichain,"{'rank': 6162, 'percentile': 0.3325504212407455, 'includedCategories': ['code', 'governance', 'community', 'market', 'operation', 'fundamental'], 'score': 65.57, 'scoreCodeSecurity': 64.9, 'scoreCommunity': 49.76, 'scoreFundamental': 62.1, 'scoreGovernance': 50.74, 'scoreMarket': 76.27, 'scoreOperation': 72.38}",,,,,,,False,True,0,Ethereum
409,Titan Trading Platform,titan-trading-platform,https://skynet.certik.com/projects/titan-trading-platform,"{'rank': 6175, 'percentile': 0.33326525402093443, 'includedCategories': ['code', 'governance', 'community', 'operation', 'fundamental'], 'score': 65.55, 'scoreCodeSecurity': 81.68000030517578, 'scoreCommunity': 94.22, 'scoreFundamental': 49.74, 'scoreGovernance': 33.49, 'scoreMarket': None, 'scoreOperation': 68.3}",,,,,,,,False,1,BSC
410,Squirt Game,squirt-game,https://skynet.certik.com/projects/squirt-game,"{'rank': 6181, 'percentile': 0.3335716109267296, 'includedCategories': ['code', 'governance', 'community', 'operation', 'fundamental'], 'score': 65.54, 'scoreCodeSecurity': 82.68, 'scoreCommunity': 60.11, 'scoreFundamental': 49.03, 'scoreGovernance': 68.57, 'scoreMarket': None, 'scoreOperation': 66.7}",,,,,,,,True,1,BSC
411,KumaDex Token,kumadex-token,https://skynet.certik.com/projects/kumadex-token,"{'rank': 6191, 'percentile': 0.3343375031912178, 'includedCategories': ['code', 'governance', 'community', 'market', 'operation', 'fundamental'], 'score': 65.51, 'scoreCodeSecurity': 50.3, 'scoreCommunity': 88.86, 'scoreFundamental': 49.47, 'scoreGovernance': 63.07, 'scoreMarket': 77.07, 'scoreOperation': 72.38}",,13216,325.0785827636719,,,,,False,0,Ethereum
412,sudoswap,sudoswap,https://skynet.certik.com/projects/sudoswap,"{'rank': 6214, 'percentile': 0.33546081184580034, 'includedCategories': ['code', 'governance', 'community', 'market', 'operation', 'fundamental'], 'score': 65.46, 'scoreCodeSecurity': 64.52, 'scoreCommunity': 43.32, 'scoreFundamental': 49.21, 'scoreGovernance': 92.53, 'scoreMarket': 72.86, 'scoreOperation': 72.72}",0.025899475440085973,655919,5989.862884521484,,,,,False,0,
413,MandoX ,mandox,https://skynet.certik.com/projects/mandox,"{'rank': 6225, 'percentile': 0.3360735256573909, 'includedCategories': ['code', 'governance', 'community', 'operation', 'fundamental'], 'score': 65.44, 'scoreCodeSecurity': 72.56, 'scoreCommunity': 92.85, 'scoreFundamental': 49.21, 'scoreGovernance': 61.74, 'scoreMarket': None, 'scoreOperation': 59.92}",,,,,,,,False,2,Ethereum
414,SwapBased,swapbased,https://skynet.certik.com/projects/swapbased,"{'rank': 6237, 'percentile': 0.33668623946898135, 'includedCategories': ['code', 'governance', 'community', 'market', 'operation', 'fundamental'], 'score': 65.42, 'scoreCodeSecurity': 53.33, 'scoreCommunity': 50.76, 'scoreFundamental': 49.29, 'scoreGovernance': 66.73, 'scoreMarket': 87.71, 'scoreOperation': 68.3}",9.510749571997903e-07,885203,2430.5976173877716,,,,,False,0,Base
415,YFLink,yflink,https://skynet.certik.com/projects/yflink,"{'rank': 6251, 'percentile': 0.33745213173346944, 'includedCategories': ['code', 'governance', 'community', 'market', 'operation', 'fundamental'], 'score': 65.4, 'scoreCodeSecurity': 71.56, 'scoreCommunity': 43.32, 'scoreFundamental': 49.42, 'scoreGovernance': 67.98, 'scoreMarket': 76.53, 'scoreOperation': 71.12}",,,,,,,,False,1,
416,BRC App,brc-app,https://skynet.certik.com/projects/brc-app,"{'rank': 6257, 'percentile': 0.33791166709216236, 'includedCategories': ['code', 'governance', 'community', 'operation', 'fundamental'], 'score': 65.38, 'scoreCodeSecurity': 58.75, 'scoreCommunity': 59.92, 'scoreFundamental': 79.5, 'scoreGovernance': 61.29, 'scoreMarket': None, 'scoreOperation': 59.92}",,,,,,,,False,0,Bitcoin
417,SellToken,selltoken,https://skynet.certik.com/projects/selltoken,"{'rank': 6259, 'percentile': 0.33791166709216236, 'includedCategories': ['code', 'governance', 'community', 'operation', 'fundamental'], 'score': 65.38, 'scoreCodeSecurity': 86.11, 'scoreCommunity': 47.29, 'scoreFundamental': 49.35, 'scoreGovernance': 71.18, 'scoreMarket': None, 'scoreOperation': 68.3}",,,0.03197188302874565,,,,,False,1,Ethereum|BSC
418,SpartaDEX,spartadex,https://skynet.certik.com/projects/spartadex,"{'rank': 6279, 'percentile': 0.3390860352310442, 'includedCategories': ['code', 'governance', 'community', 'market', 'operation', 'fundamental'], 'score': 65.34, 'scoreCodeSecurity': 74.45, 'scoreCommunity': 43.32, 'scoreFundamental': 49.64, 'scoreGovernance': 60.05, 'scoreMarket': 78.39, 'scoreOperation': 66.7}",,61878,1.35,,,,,True,2,Arbitrum
419,BitcoinBR,bitcoinbr,https://skynet.certik.com/projects/bitcoinbr,"{'rank': 6332, 'percentile': 0.341996425836099, 'includedCategories': ['code', 'governance', 'community', 'operation', 'fundamental'], 'score': 65.31, 'scoreCodeSecurity': 64.67, 'scoreCommunity': 86.92, 'scoreFundamental': 49.64, 'scoreGovernance': 67.18, 'scoreMarket': None, 'scoreOperation': 74.42}",,,,,,,,False,0,Ethereum
420,Cellana Finance,cellana-finance,https://skynet.certik.com/projects/cellana-finance,"{'rank': 6331, 'percentile': 0.3423027827418943, 'includedCategories': ['community', 'market', 'operation', 'fundamental'], 'score': 65.2, 'scoreCodeSecurity': None, 'scoreCommunity': 65.26, 'scoreFundamental': 71.1, 'scoreGovernance': None, 'scoreMarket': 64.21, 'scoreOperation': 56.3}",6.976627661922081e-05,,8.55485725402832,,,,,False,0,Aptos
421,Puff,puff-dragon,https://skynet.certik.com/projects/puff-dragon,"{'rank': 6339, 'percentile': 0.34245596119479194, 'includedCategories': ['code', 'governance', 'community', 'market', 'operation', 'fundamental'], 'score': 65.19, 'scoreCodeSecurity': 50.7, 'scoreCommunity': 59.84, 'scoreFundamental': 49.89, 'scoreGovernance': 65.14, 'scoreMarket': 82.74, 'scoreOperation': 77.48}",0.07512765996942462,66508060,85885.00366286366,,,,,False,0,Mantle
422,Netswap,netswap,https://skynet.certik.com/projects/netswap,"{'rank': 6350, 'percentile': 0.34317079397498085, 'includedCategories': ['code', 'community', 'market', 'operation', 'fundamental'], 'score': 65.16, 'scoreCodeSecurity': 48.68, 'scoreCommunity': 89.68, 'scoreFundamental': 49.55, 'scoreGovernance': None, 'scoreMarket': 75.61, 'scoreOperation': 73.48}",0.009866139901551215,108709,2945.8257387874023,,,,,True,1,Metisdao
423,ADDAMS AI,addams-ai,https://skynet.certik.com/projects/addams-ai,"{'rank': 6367, 'percentile': 0.34419198366096504, 'includedCategories': ['code', 'governance', 'community', 'operation', 'fundamental'], 'score': 65.11, 'scoreCodeSecurity': 85.75, 'scoreCommunity': 43.32, 'scoreFundamental': 49.26, 'scoreGovernance': 70.07, 'scoreMarket': None, 'scoreOperation': 72.38}",,,,,,,,False,0,Ethereum
424,Zap Protocol,zap,https://skynet.certik.com/projects/zap,"{'rank': 6385, 'percentile': 0.34495787592545313, 'includedCategories': ['code', 'governance', 'community', 'market', 'operation', 'fundamental'], 'score': 65.08, 'scoreCodeSecurity': 53.1, 'scoreCommunity': 59.23, 'scoreFundamental': 55.1, 'scoreGovernance': 71.79, 'scoreMarket': 76.9, 'scoreOperation': 72.72}",0.0010055248798472864,237449,8867.154296875,,,,,False,0,Ethereum|BSC|Solana
425,Kinesis Money,kinesis-money,https://skynet.certik.com/projects/kinesis-money,"{'rank': 6396, 'percentile': 0.3457237681899413, 'includedCategories': ['code', 'community', 'market', 'operation', 'fundamental'], 'score': 65.05, 'scoreCodeSecurity': 34.31, 'scoreCommunity': 95.35, 'scoreFundamental': 49.83, 'scoreGovernance': None, 'scoreMarket': 84.68, 'scoreOperation': 67.77}",134.1328716233259,333063537,55759.48592876,,,,,False,0,Ethereum
426,Friend3,friend3,https://skynet.certik.com/projects/friend3,"{'rank': 6404, 'percentile': 0.34613224406433496, 'includedCategories': ['code', 'community', 'market', 'operation', 'fundamental'], 'score': 65.03, 'scoreCodeSecurity': 63.04, 'scoreCommunity': 95.56, 'scoreFundamental': 49.39, 'scoreGovernance': None, 'scoreMarket': 66.84, 'scoreOperation': 64.3}",0.0001195686812583371,,2.544548511505127,,,,,True,1,opBNB|BSC
427,ArcherSwap,archerswap,https://skynet.certik.com/projects/archerswap,"{'rank': 6409, 'percentile': 0.34643860097013024, 'includedCategories': ['governance', 'community', 'market', 'operation', 'fundamental'], 'score': 65.02, 'scoreCodeSecurity': None, 'scoreCommunity': 82.03, 'scoreFundamental': 49.58, 'scoreGovernance': 70, 'scoreMarket': 69.56, 'scoreOperation': 60.3}",0.001427658436820305,,229.8018341064453,,,,,False,0,CoreDAO
428,Dexa Coin,dexacoin,https://skynet.certik.com/projects/dexacoin,"{'rank': 6434, 'percentile': 0.3477661475619096, 'includedCategories': ['code', 'governance', 'community', 'operation', 'fundamental'], 'score': 64.97, 'scoreCodeSecurity': 69.5, 'scoreCommunity': 64.15, 'scoreFundamental': 64.1, 'scoreGovernance': 55.15, 'scoreMarket': None, 'scoreOperation': 68.3}",,,,,,,,False,1,
429,Swappi Finance,swappi-finance,https://skynet.certik.com/projects/swappi-finance,"{'rank': 6439, 'percentile': 0.3480214449834057, 'includedCategories': ['code', 'community', 'operation', 'fundamental'], 'score': 64.96, 'scoreCodeSecurity': 67.19, 'scoreCommunity': 91.39, 'scoreFundamental': 49.84, 'scoreGovernance': None, 'scoreMarket': None, 'scoreOperation': 64.3}",0.0010374776939169321,,833.2248687744141,,,,,False,1,Ethereum
430,Intelly,intelly,https://skynet.certik.com/projects/intelly,"{'rank': 6486, 'percentile': 0.35057441919836607, 'includedCategories': ['code', 'governance', 'community', 'market', 'operation', 'fundamental'], 'score': 64.88, 'scoreCodeSecurity': 72.81, 'scoreCommunity': 55, 'scoreFundamental': 49.1, 'scoreGovernance': 70.05, 'scoreMarket': 68.56, 'scoreOperation': 74.22}",0.10120848301012092,,55818.09131355,,,,,False,1,BSC
431,OX FUN,ox-fun,https://skynet.certik.com/projects/ox-fun,"{'rank': 6488, 'percentile': 0.35057441919836607, 'includedCategories': ['code', 'governance', 'community', 'market', 'operation', 'fundamental'], 'score': 64.88, 'scoreCodeSecurity': 53.5, 'scoreCommunity': 55, 'scoreFundamental': 55.1, 'scoreGovernance': 73.21, 'scoreMarket': 76.31, 'scoreOperation': 74.42}",1.5393874044868034e-05,50553,16.28266751766205,,,,,False,0,Ethereum
432,Proton,proton,https://skynet.certik.com/projects/proton,"{'rank': 6505, 'percentile': 0.3514934899157518, 'includedCategories': ['code', 'governance', 'community', 'market', 'operation', 'fundamental'], 'score': 64.85, 'scoreCodeSecurity': 60.099998474121094, 'scoreCommunity': 69.30000305175781, 'scoreFundamental': 68.30000305175781, 'scoreGovernance': 63.20000076293945, 'scoreMarket': 66.30000305175781, 'scoreOperation': 60.29999923706055}",0.0022321401459244913,64807854,1323361.283789338,,,,,False,0,Ethereum|BSC
433,WOWswap,wowswap,https://skynet.certik.com/projects/wowswap,"{'rank': 6525, 'percentile': 0.352514679601736, 'includedCategories': ['code', 'governance', 'community', 'market', 'operation', 'fundamental'], 'score': 64.8, 'scoreCodeSecurity': 66.5, 'scoreCommunity': 55, 'scoreFundamental': 49.88, 'scoreGovernance': 73.25, 'scoreMarket': 72.88, 'scoreOperation': 68.3}",0.010984455129149655,10979,0.7243127450346947,,,,,True,3,BSC
434,Whales Market,whales-market,https://skynet.certik.com/projects/whales-market,"{'rank': 6542, 'percentile': 0.35338269083482254, 'includedCategories': ['code', 'community', 'market', 'operation', 'fundamental'], 'score': 64.77, 'scoreCodeSecurity': 47.69, 'scoreCommunity': 95.41, 'scoreFundamental': 49.5, 'scoreGovernance': None, 'scoreMarket': 76.46, 'scoreOperation': 63.77}",0.006855193484910788,178470,88.49651336669922,,,,,False,0,Solana
435,Callisto Network,callisto-network,https://skynet.certik.com/projects/callisto-network,"{'rank': 6560, 'percentile': 0.3545570589737044, 'includedCategories': ['code', 'governance', 'community', 'market', 'operation', 'fundamental'], 'score': 64.73, 'scoreCodeSecurity': 58.46, 'scoreCommunity': 65.58, 'scoreFundamental': 58.5, 'scoreGovernance': 47.11, 'scoreMarket': 77.45, 'scoreOperation': 68.3}",,,,,,,,False,0,
436,Canary,canary,https://skynet.certik.com/projects/canary,"{'rank': 6566, 'percentile': 0.3550165943323973, 'includedCategories': ['code', 'governance', 'community', 'market', 'operation', 'fundamental'], 'score': 64.71, 'scoreCodeSecurity': 58.96, 'scoreCommunity': 55, 'scoreFundamental': 49.85, 'scoreGovernance': 82.01, 'scoreMarket': 77.84, 'scoreOperation': 58.97}",0.00016240467911545425,,4199.451916959185,,,,,False,0,Avalanche
437,DeSpace Protocol,despace-protocol,https://skynet.certik.com/projects/despace-protocol,"{'rank': 6583, 'percentile': 0.35588460556548374, 'includedCategories': ['code', 'governance', 'community', 'operation', 'fundamental'], 'score': 64.67, 'scoreCodeSecurity': 53.93, 'scoreCommunity': 53.66, 'scoreFundamental': 79.5, 'scoreGovernance': 61.08, 'scoreMarket': None, 'scoreOperation': 71.12}",,,,,,,,False,0,Ethereum
438,Hydrex,hydrex,https://skynet.certik.com/projects/hydrex,"{'rank': 6594, 'percentile': 0.35639520040847583, 'includedCategories': ['code', 'governance', 'community', 'market', 'operation', 'fundamental'], 'score': 64.65, 'scoreCodeSecurity': 59.86, 'scoreCommunity': 91.77, 'scoreFundamental': 49.28, 'scoreGovernance': 64.44, 'scoreMarket': 73.24, 'scoreOperation': 52.3}",0.02888978720795263,,118.9172534942627,,,,,False,0,Base
439,Lifinity,lifinity,https://skynet.certik.com/projects/lifinity,"{'rank': 6602, 'percentile': 0.3568036762828696, 'includedCategories': ['code', 'community', 'market', 'operation', 'fundamental'], 'score': 64.64, 'scoreCodeSecurity': 47.69, 'scoreCommunity': 90.01, 'scoreFundamental': 49.99, 'scoreGovernance': None, 'scoreMarket': 78.7, 'scoreOperation': 60.3}",1.1343621227230716,,883.0716524124146,,,,,False,0,Solana
440,Bear Inu,bear-inu,https://skynet.certik.com/projects/bear-inu,"{'rank': 6622, 'percentile': 0.35808016339034976, 'includedCategories': ['code', 'governance', 'community', 'operation', 'fundamental'], 'score': 64.6, 'scoreCodeSecurity': 82.05, 'scoreCommunity': 55, 'scoreFundamental': 49.02, 'scoreGovernance': 62.67, 'scoreMarket': None, 'scoreOperation': 72.38}",,,,,,,,False,1,Ethereum
441,USD mars,usd-mars,https://skynet.certik.com/projects/usd-mars,"{'rank': 6665, 'percentile': 0.3602246617309165, 'includedCategories': ['code', 'governance', 'community', 'market', 'operation', 'fundamental'], 'score': 64.54, 'scoreCodeSecurity': 57.11, 'scoreCommunity': 64.58, 'scoreFundamental': 49.93, 'scoreGovernance': 71.25, 'scoreMarket': 73.77, 'scoreOperation': 74.22}",0.9905959957103869,150228,246.14099999652345,,,,,False,0,BSC
442,Reddex,reddex,https://skynet.certik.com/projects/reddex,"{'rank': 6676, 'percentile': 0.36083737554250706, 'includedCategories': ['code', 'governance', 'community', 'operation', 'fundamental'], 'score': 64.52, 'scoreCodeSecurity': 80.5, 'scoreCommunity': 43.32, 'scoreFundamental': 55.1, 'scoreGovernance': 68.84, 'scoreMarket': None, 'scoreOperation': 68.3}",,,,,,,,True,2,BSC|Ethereum
443,TitanSwap,titanswap,https://skynet.certik.com/projects/titanswap,"{'rank': 6679, 'percentile': 0.36104161347970387, 'includedCategories': ['code', 'governance', 'community', 'operation', 'fundamental'], 'score': 64.51, 'scoreCodeSecurity': 78, 'scoreCommunity': 43.32, 'scoreFundamental': 58.5, 'scoreGovernance': 62.87, 'scoreMarket': None, 'scoreOperation': 72.38}",,,,,,,,True,0,Ethereum
444,UVToken,uvtoken,https://skynet.certik.com/projects/uvtoken,"{'rank': 6680, 'percentile': 0.36104161347970387, 'includedCategories': ['code', 'governance', 'community', 'market', 'operation', 'fundamental'], 'score': 64.51, 'scoreCodeSecurity': 79.01, 'scoreCommunity': 61.38, 'scoreFundamental': 49.52, 'scoreGovernance': 89.61, 'scoreMarket': 56.79, 'scoreOperation': 66.7}",0.00012143991469895096,,2004.4537963867188,,,,,False,2,BSC
445,MuesliSwap MILK,muesliswap,https://skynet.certik.com/projects/muesliswap,"{'rank': 6709, 'percentile': 0.36252233852438087, 'includedCategories': ['code', 'community', 'market', 'operation', 'fundamental'], 'score': 64.46, 'scoreCodeSecurity': 64.89, 'scoreCommunity': 95.55, 'scoreFundamental': 49.29, 'scoreGovernance': None, 'scoreMarket': 64.5, 'scoreOperation': 62.7}",,,50.89,,,,,True,1,Cardano
446,RabbitSwap,rabbitswap,https://skynet.certik.com/projects/rabbitswap,"{'rank': 6756, 'percentile': 0.36507531273934135, 'includedCategories': ['community', 'market', 'operation', 'fundamental'], 'score': 64.36, 'scoreCodeSecurity': None, 'scoreCommunity': 58.24, 'scoreFundamental': 50.9, 'scoreGovernance': None, 'scoreMarket': 78.06, 'scoreOperation': 56.3}",4.383e-05,9314,218.51,,,,,False,0,
447,Shitcoin,shitcoin,https://skynet.certik.com/projects/shitcoin,"{'rank': 6779, 'percentile': 0.36635179984682154, 'includedCategories': ['code', 'governance', 'community', 'operation', 'fundamental'], 'score': 64.32, 'scoreCodeSecurity': 81.79, 'scoreCommunity': 57.19, 'scoreFundamental': 49.5, 'scoreGovernance': 62.17, 'scoreMarket': None, 'scoreOperation': 68.3}",,,48.313751220703125,,,,,True,1,BSC
448,BlackPearl Token,blackpearl-chain,https://skynet.certik.com/projects/blackpearl-chain,"{'rank': 6806, 'percentile': 0.3681388817972938, 'includedCategories': ['code', 'governance', 'community', 'operation', 'fundamental'], 'score': 64.27, 'scoreCodeSecurity': 55.42, 'scoreCommunity': 59.55, 'scoreFundamental': 79.5, 'scoreGovernance': 52.17, 'scoreMarket': None, 'scoreOperation': 68.3}",,,,,,,,False,0,Ethereum
449,Zyberswap,zyberswap,https://skynet.certik.com/projects/zyberswap,"{'rank': 6811, 'percentile': 0.3681388817972938, 'includedCategories': ['code', 'governance', 'community', 'market', 'operation', 'fundamental'], 'score': 64.27, 'scoreCodeSecurity': 49.21, 'scoreCommunity': 55, 'scoreFundamental': 79.5, 'scoreGovernance': 60.61, 'scoreMarket': 67.12, 'scoreOperation': 68.3}",0.0003253113077179502,1829,11.662343978881836,,,,,False,0,Arbitrum
450,amped finance,amped-finance,https://skynet.certik.com/projects/amped-finance,"{'rank': 6812, 'percentile': 0.36880265509318355, 'includedCategories': ['code', 'community', 'market', 'operation', 'fundamental'], 'score': 64.26, 'scoreCodeSecurity': 48.94, 'scoreCommunity': 43.32, 'scoreFundamental': 71.1, 'scoreGovernance': None, 'scoreMarket': 76.88, 'scoreOperation': 64.3}",,13427,45.22,,,,,True,1,Arbitrum
451,Minter Network,minter-network,https://skynet.certik.com/projects/minter-network,"{'rank': 6819, 'percentile': 0.36880265509318355, 'includedCategories': ['code', 'governance', 'community', 'operation', 'fundamental'], 'score': 64.26, 'scoreCodeSecurity': 60.78, 'scoreCommunity': 55, 'scoreFundamental': 79.5, 'scoreGovernance': 45.97, 'scoreMarket': None, 'scoreOperation': 68.3}",,,0.00126270588953048,,,,,False,0,
452,StoneDefi,stonedefi,https://skynet.certik.com/projects/stonedefi,"{'rank': 6827, 'percentile': 0.36900689303038037, 'includedCategories': ['code', 'governance', 'community', 'operation', 'fundamental'], 'score': 64.25, 'scoreCodeSecurity': 77.49, 'scoreCommunity': 55, 'scoreFundamental': 49.68, 'scoreGovernance': 68.04, 'scoreMarket': None, 'scoreOperation': 72.38}",,,,,,,,False,5,
453,PrintDex,printdex,https://skynet.certik.com/projects/printdex,"{'rank': 6831, 'percentile': 0.3692111309675772, 'includedCategories': ['code', 'community', 'market', 'operation', 'fundamental'], 'score': 64.24, 'scoreCodeSecurity': 72.26, 'scoreCommunity': 52.78, 'scoreFundamental': 52.3, 'scoreGovernance': None, 'scoreMarket': 71.98, 'scoreOperation': 60.3}",,8054,1.18,,,,,False,1,Solana
454,Swerve,swerve,https://skynet.certik.com/projects/swerve,"{'rank': 6832, 'percentile': 0.3692111309675772, 'includedCategories': ['code', 'governance', 'community', 'market', 'operation', 'fundamental'], 'score': 64.24, 'scoreCodeSecurity': 62.98, 'scoreCommunity': 43.32, 'scoreFundamental': 49.71, 'scoreGovernance': 70.43, 'scoreMarket': 76.72, 'scoreOperation': 73.06}",,,,,,,,False,0,Ethereum
455,Hydro,hydro,https://skynet.certik.com/projects/hydro,"{'rank': 6843, 'percentile': 0.3699259637477661, 'includedCategories': ['code', 'governance', 'community', 'operation', 'fundamental'], 'score': 64.22, 'scoreCodeSecurity': 58.52, 'scoreCommunity': 60.55, 'scoreFundamental': 79.5, 'scoreGovernance': 44.68, 'scoreMarket': None, 'scoreOperation': 68.3}",,,,,,,,False,0,Ethereum
456,0xLSD,0xlsd,https://skynet.certik.com/projects/0xlsd,"{'rank': 6845, 'percentile': 0.370130201684963, 'includedCategories': ['code', 'governance', 'community', 'operation', 'fundamental'], 'score': 64.21, 'scoreCodeSecurity': 77.64, 'scoreCommunity': 57.75, 'scoreFundamental': 64.1, 'scoreGovernance': 39.96, 'scoreMarket': None, 'scoreOperation': 68.3}",,,,,,,,False,1,Arbitrum|BSC
457,Crypto International,crypto-international,https://skynet.certik.com/projects/crypto-international,"{'rank': 6851, 'percentile': 0.3704365585907582, 'includedCategories': ['code', 'governance', 'community', 'operation', 'fundamental'], 'score': 64.2, 'scoreCodeSecurity': 50.7, 'scoreCommunity': 58.14, 'scoreFundamental': 79.5, 'scoreGovernance': 58.48, 'scoreMarket': None, 'scoreOperation': 72.38}",,,,,,,,False,0,Ethereum
458,Shibnobi,shibnobi,https://skynet.certik.com/projects/shibnobi,"{'rank': 6853, 'percentile': 0.3704365585907582, 'includedCategories': ['code', 'governance', 'community', 'operation', 'fundamental'], 'score': 64.2, 'scoreCodeSecurity': 77.13, 'scoreCommunity': 56.82, 'scoreFundamental': 49.64, 'scoreGovernance': 78.8, 'scoreMarket': None, 'scoreOperation': 60.26}",,,,,,,,False,1,Ethereum
459,Hera Finance,hera-finance,https://skynet.certik.com/projects/hera-finance,"{'rank': 6868, 'percentile': 0.3714066887924432, 'includedCategories': ['code', 'governance', 'community', 'market', 'operation', 'fundamental'], 'score': 64.17, 'scoreCodeSecurity': 47.1, 'scoreCommunity': 87.64, 'scoreFundamental': 50.9, 'scoreGovernance': 65.3, 'scoreMarket': 74.83, 'scoreOperation': 68.3}",1.3760701718685335,6052085,206.51640129089355,,,,False,True,0,Metisdao|Ethereum|Arbitrum|Base|Avalanche|BSC|Fantom|Mantle
460,QI Blockchain,qi-blockchain,https://skynet.certik.com/projects/qi-blockchain,"{'rank': 6915, 'percentile': 0.37380648455450605, 'includedCategories': ['code', 'community', 'market', 'operation', 'fundamental'], 'score': 64.08, 'scoreCodeSecurity': 33.6, 'scoreCommunity': 65.69, 'scoreFundamental': 49.63, 'scoreGovernance': None, 'scoreMarket': 90.71, 'scoreOperation': 72.46}",0.1939583546972405,16230886,12648.49820104,,,,,False,0,
461,Loser Coin,loser-coin,https://skynet.certik.com/projects/loser-coin,"{'rank': 6924, 'percentile': 0.37447025785039567, 'includedCategories': ['code', 'governance', 'community', 'market', 'operation', 'fundamental'], 'score': 64.06, 'scoreCodeSecurity': 53.5, 'scoreCommunity': 92.79, 'scoreFundamental': 49.01, 'scoreGovernance': 53.24, 'scoreMarket': 76.53, 'scoreOperation': 59.92}",2.1489315906609918e-07,12957,35.08852767944336,,,,,False,0,Ethereum
462,SparkPoint Fuel,sparkpoint-fuel,https://skynet.certik.com/projects/sparkpoint-fuel,"{'rank': 6944, 'percentile': 0.37549144753637986, 'includedCategories': ['code', 'governance', 'community', 'market', 'operation', 'fundamental'], 'score': 64.03, 'scoreCodeSecurity': 59.93, 'scoreCommunity': 55, 'scoreFundamental': 58.5, 'scoreGovernance': 80.59, 'scoreMarket': 70.79, 'scoreOperation': 55.5}",,,82.33505740761757,,,,,False,0,BSC
463,Broovs Projects,broovs-projects,https://skynet.certik.com/projects/broovs-projects,"{'rank': 6950, 'percentile': 0.3759509828950728, 'includedCategories': ['code', 'governance', 'community', 'operation', 'fundamental'], 'score': 64.01, 'scoreCodeSecurity': 60.93, 'scoreCommunity': 43.32, 'scoreFundamental': 79.5, 'scoreGovernance': 55.61, 'scoreMarket': None, 'scoreOperation': 68.3}",,,357.89544677734375,,,,,False,0,BSC
464,Niftyx Protocol,niftyx-protocol,https://skynet.certik.com/projects/niftyx-protocol,"{'rank': 6960, 'percentile': 0.3763594587694664, 'includedCategories': ['code', 'governance', 'community', 'market', 'operation', 'fundamental'], 'score': 63.99, 'scoreCodeSecurity': 53.04, 'scoreCommunity': 59.23, 'scoreFundamental': 49.57, 'scoreGovernance': 79.64, 'scoreMarket': 75.32, 'scoreOperation': 69.86}",0.0017400111353192847,89412,142.37326526641846,,,,,False,0,Ethereum
465,RIDGE,ridge,https://skynet.certik.com/projects/ridge,"{'rank': 6966, 'percentile': 0.37671687515956087, 'includedCategories': ['code', 'governance', 'community', 'operation', 'fundamental'], 'score': 63.98, 'scoreCodeSecurity': 72.89, 'scoreCommunity': 55, 'scoreFundamental': 49.31, 'scoreGovernance': 87.53, 'scoreMarket': None, 'scoreOperation': 60.94}",,,,,,,,False,1,
466,PulseX,pulsex,https://skynet.certik.com/projects/pulsex,"{'rank': 6970, 'percentile': 0.3769211130967577, 'includedCategories': ['community', 'market', 'operation', 'fundamental'], 'score': 63.97, 'scoreCodeSecurity': None, 'scoreCommunity': 68.81, 'scoreFundamental': 49.36, 'scoreGovernance': None, 'scoreMarket': 73.33, 'scoreOperation': 60.3}",4.995227698634803e-06,,0,,,,,False,0,
467,GTE,gte,https://skynet.certik.com/projects/gte,"{'rank': 6979, 'percentile': 0.37753382690834825, 'includedCategories': ['code', 'community', 'operation', 'fundamental'], 'score': 63.95, 'scoreCodeSecurity': 67.5, 'scoreCommunity': 44.01, 'scoreFundamental': 69.65, 'scoreGovernance': None, 'scoreMarket': None, 'scoreOperation': 65.4}",,,,,,,,True,2,
468,Bzzone,bzzone,https://skynet.certik.com/projects/bzzone,"{'rank': 7030, 'percentile': 0.3801889200919071, 'includedCategories': ['code', 'governance', 'community', 'operation', 'fundamental'], 'score': 63.84, 'scoreCodeSecurity': 73.81, 'scoreCommunity': 67.42, 'scoreFundamental': 49.94, 'scoreGovernance': 76.43, 'scoreMarket': None, 'scoreOperation': 55.5}",,,29.38088607788086,,,,,False,1,
469,VaporDEX,vapordex,https://skynet.certik.com/projects/vapordex,"{'rank': 7056, 'percentile': 0.3814143477150881, 'includedCategories': ['code', 'governance', 'community', 'market', 'operation', 'fundamental'], 'score': 63.81, 'scoreCodeSecurity': 70.86, 'scoreCommunity': 91.82, 'scoreFundamental': 64.1, 'scoreGovernance': 95.34, 'scoreMarket': 37.56, 'scoreOperation': 68.3}",0.00019556370911733074,,8.475481271743774,,,,,False,2,Avalanche
470,DigiSwap,digiswap,https://skynet.certik.com/projects/digiswap,"{'rank': 7091, 'percentile': 0.38330354863415883, 'includedCategories': ['code', 'governance', 'community', 'operation', 'fundamental'], 'score': 63.75, 'scoreCodeSecurity': 55.71, 'scoreCommunity': 43.32, 'scoreFundamental': 79.5, 'scoreGovernance': 64.23, 'scoreMarket': None, 'scoreOperation': 68.3}",,,43.42842102050781,,,,,False,0,BSC
471,Algofi,algofi,https://skynet.certik.com/projects/algofi,"{'rank': 7098, 'percentile': 0.38396732193004846, 'includedCategories': ['code', 'community', 'operation', 'fundamental'], 'score': 63.73, 'scoreCodeSecurity': 75.36, 'scoreCommunity': 54.29, 'scoreFundamental': 92.25, 'scoreGovernance': None, 'scoreMarket': None, 'scoreOperation': 64.7}",,,,,,,,False,1,Algorand
472,MMOCoin,mmocoin,https://skynet.certik.com/projects/mmocoin,"{'rank': 7155, 'percentile': 0.3871330099565994, 'includedCategories': ['code', 'governance', 'community', 'market', 'operation', 'fundamental'], 'score': 63.65, 'scoreCodeSecurity': 52.84, 'scoreCommunity': 91.69, 'scoreFundamental': 49.63, 'scoreGovernance': 74.93, 'scoreMarket': 69.8, 'scoreOperation': 55.5}",7.022656825145512e-06,481,5.35e-06,,,,,False,0,BSC
473,OTSea,otsea,https://skynet.certik.com/projects/otsea,"{'rank': 7162, 'percentile': 0.387286188409497, 'includedCategories': ['code', 'governance', 'community', 'operation', 'fundamental'], 'score': 63.64, 'scoreCodeSecurity': 80.39, 'scoreCommunity': 50.75, 'scoreFundamental': 49.02, 'scoreGovernance': 65.12, 'scoreMarket': None, 'scoreOperation': 70.78}",,,,,,,,False,0,Ethereum
474,AdaSwap,adaswap,https://skynet.certik.com/projects/adaswap,"{'rank': 7173, 'percentile': 0.3881541996425836, 'includedCategories': ['code', 'governance', 'community', 'operation', 'fundamental'], 'score': 63.61, 'scoreCodeSecurity': 74.5, 'scoreCommunity': 63.25, 'scoreFundamental': 49.71, 'scoreGovernance': 65.3, 'scoreMarket': None, 'scoreOperation': 68.3}",,,,,,,,False,1,
475,Copiosa Coin,copiosa-coin,https://skynet.certik.com/projects/copiosa-coin,"{'rank': 7209, 'percentile': 0.39024763849885113, 'includedCategories': ['code', 'governance', 'community', 'market', 'operation', 'fundamental'], 'score': 63.55, 'scoreCodeSecurity': 75.04, 'scoreCommunity': 43.32, 'scoreFundamental': 79.5, 'scoreGovernance': 93.06, 'scoreMarket': 73.47, 'scoreOperation': 63.05}",0.00026468694123594284,,1099972.0538173916,,,,,True,1,BSC
476,Radiant,radiant,https://skynet.certik.com/projects/radiant,"{'rank': 7291, 'percentile': 0.39448557569568543, 'includedCategories': ['code', 'community', 'market', 'operation', 'fundamental'], 'score': 63.41, 'scoreCodeSecurity': 34.53, 'scoreCommunity': 60.63, 'scoreFundamental': 49.75, 'scoreGovernance': None, 'scoreMarket': 89.89, 'scoreOperation': 71.85}",7.705104408753796e-05,1224986,53727.02021173,,,,,False,0,
477,xcDOT,xcdot,https://skynet.certik.com/projects/xcdot,"{'rank': 7306, 'percentile': 0.39520040847587434, 'includedCategories': ['community', 'operation', 'fundamental'], 'score': 63.39, 'scoreCodeSecurity': None, 'scoreCommunity': 94.57, 'scoreFundamental': 49.34, 'scoreGovernance': None, 'scoreMarket': None, 'scoreOperation': 60.3}",,,,,,,,False,0,Moonbeam
478,DragonSwap,dragonswap,https://skynet.certik.com/projects/dragonswap,"{'rank': 7328, 'percentile': 0.3965279550676538, 'includedCategories': ['code', 'community', 'market', 'operation', 'fundamental'], 'score': 63.34, 'scoreCodeSecurity': 34.66, 'scoreCommunity': 86.51, 'scoreFundamental': 50.9, 'scoreGovernance': None, 'scoreMarket': 80.2, 'scoreOperation': 71.85}",0.010157631404396742,2508108,22237.874032480002,,,,,False,0,
479,Wasabix Finance,wasabixfinance,https://skynet.certik.com/projects/wasabixfinance,"{'rank': 7390, 'percentile': 0.3997447025785039, 'includedCategories': ['code', 'governance', 'community', 'operation', 'fundamental'], 'score': 63.22, 'scoreCodeSecurity': 82.97, 'scoreCommunity': 55, 'scoreFundamental': 49.96, 'scoreGovernance': 61.76, 'scoreMarket': None, 'scoreOperation': 59.92}",,,,,,,,False,2,
480,TOR,tor,https://skynet.certik.com/projects/tor,"{'rank': 7392, 'percentile': 0.3998468215471024, 'includedCategories': ['code', 'governance', 'community', 'market', 'operation', 'fundamental'], 'score': 63.21, 'scoreCodeSecurity': 75.89, 'scoreCommunity': 55, 'scoreFundamental': 85.1, 'scoreGovernance': 65.3, 'scoreMarket': 77.07, 'scoreOperation': 78.3}",,,,,,,,False,2,Fantom
481,MetalSwap,metalswap,https://skynet.certik.com/projects/metalswap,"{'rank': 7411, 'percentile': 0.4010211896859842, 'includedCategories': ['code', 'governance', 'community', 'market', 'operation', 'fundamental'], 'score': 63.18, 'scoreCodeSecurity': 77.02, 'scoreCommunity': 55, 'scoreFundamental': 56.5, 'scoreGovernance': 77.35, 'scoreMarket': 67.34, 'scoreOperation': 72.72}",0.00858261906923327,,32.921629905700684,,,,,False,3,Ethereum|Polygon|BSC
482,NMKR,nft-maker,https://skynet.certik.com/projects/nft-maker,"{'rank': 7440, 'percentile': 0.40270615266785803, 'includedCategories': ['code', 'governance', 'community', 'market', 'operation', 'fundamental'], 'score': 63.12, 'scoreCodeSecurity': 35.81, 'scoreCommunity': 55.42, 'scoreFundamental': 79.5, 'scoreGovernance': 65.3, 'scoreMarket': 71.86, 'scoreOperation': 64.3}",8.293018451678487e-05,99046,0,,,,,False,0,Cardano
483,Gameswap,gameswap,https://skynet.certik.com/projects/gameswap,"{'rank': 7446, 'percentile': 0.40342098544804694, 'includedCategories': ['code', 'governance', 'community', 'market', 'operation', 'fundamental'], 'score': 63.11, 'scoreCodeSecurity': 55.33, 'scoreCommunity': 55, 'scoreFundamental': 49.68, 'scoreGovernance': 56.82, 'scoreMarket': 78.83, 'scoreOperation': 72.72}",0.01359568,119590,13.02,,,,,False,0,Ethereum
484,Solidly,solidlydex,https://skynet.certik.com/projects/solidlydex,"{'rank': 7454, 'percentile': 0.40342098544804694, 'includedCategories': ['code', 'governance', 'community', 'market', 'operation', 'fundamental'], 'score': 63.11, 'scoreCodeSecurity': 50.7, 'scoreCommunity': 43.32, 'scoreFundamental': 49.8, 'scoreGovernance': 79.59, 'scoreMarket': 78.04, 'scoreOperation': 73.06}",,55994,4.08,,,,,False,0,
485,xExchange,xexchange,https://skynet.certik.com/projects/xexchange,"{'rank': 7456, 'percentile': 0.40342098544804694, 'includedCategories': ['code', 'community', 'market', 'operation', 'fundamental'], 'score': 63.11, 'scoreCodeSecurity': 38.31, 'scoreCommunity': 91.08, 'scoreFundamental': 49.7, 'scoreGovernance': None, 'scoreMarket': 77.72, 'scoreOperation': 67.77}",2.671671922646344e-07,,2974.7916870117188,,,,,False,0,Multiversx
486,ZILLION AAKAR XO,zillion-aakar-xo,https://skynet.certik.com/projects/zillion-aakar-xo,"{'rank': 7457, 'percentile': 0.40342098544804694, 'includedCategories': ['code', 'governance', 'community', 'market', 'operation', 'fundamental'], 'score': 63.11, 'scoreCodeSecurity': 68.92, 'scoreCommunity': 55, 'scoreFundamental': 49.88, 'scoreGovernance': 57.42, 'scoreMarket': 70.92, 'scoreOperation': 68.3}",0.001059967053044,,579.046242194834,,,,,True,1,BSC
487,Carbon Protocol,switcheo,https://skynet.certik.com/projects/switcheo,"{'rank': 7474, 'percentile': 0.40444217513403113, 'includedCategories': ['code', 'governance', 'community', 'market', 'operation', 'fundamental'], 'score': 63.07, 'scoreCodeSecurity': 52.1, 'scoreCommunity': 93.5, 'scoreFundamental': 79.5, 'scoreGovernance': 60.83, 'scoreMarket': 48.3, 'scoreOperation': 68.3}",,,,,,,,False,0,Ethereum
488,Dot Dot Finance,dot-dot-finance,https://skynet.certik.com/projects/dot-dot-finance,"{'rank': 7482, 'percentile': 0.4050038294613224, 'includedCategories': ['code', 'governance', 'community', 'market', 'operation', 'fundamental'], 'score': 63.05, 'scoreCodeSecurity': 50.46, 'scoreCommunity': 55, 'scoreFundamental': 58.5, 'scoreGovernance': 82.27, 'scoreMarket': 69.01, 'scoreOperation': 68.3}",,1593,1984.425537109375,,,,,False,0,BSC
489,Shibaverse,shibaverse,https://skynet.certik.com/projects/shibaverse,"{'rank': 7495, 'percentile': 0.4055654837886138, 'includedCategories': ['code', 'governance', 'community', 'market', 'operation', 'fundamental'], 'score': 63.02, 'scoreCodeSecurity': 58.75, 'scoreCommunity': 50.14, 'scoreFundamental': 49.84, 'scoreGovernance': 67.63, 'scoreMarket': 74.71, 'scoreOperation': 71.12}",,,13.712666511535645,,,,,False,0,Ethereum
490,Swapscanner,swapscanner,https://skynet.certik.com/projects/swapscanner,"{'rank': 7511, 'percentile': 0.4062803165688027, 'includedCategories': ['code', 'community', 'operation', 'fundamental'], 'score': 63, 'scoreCodeSecurity': 82.21, 'scoreCommunity': 50.1, 'scoreFundamental': 49.6, 'scoreGovernance': None, 'scoreMarket': None, 'scoreOperation': 64.3}",,,,,,,,False,1,
491,Xdoge,xdoge,https://skynet.certik.com/projects/xdoge,"{'rank': 7533, 'percentile': 0.4075568036762829, 'includedCategories': ['code', 'governance', 'community', 'operation', 'fundamental'], 'score': 62.96, 'scoreCodeSecurity': 82.29, 'scoreCommunity': 57.36, 'scoreFundamental': 49.11, 'scoreGovernance': 65.05, 'scoreMarket': None, 'scoreOperation': 55.5}",,,,,,,,False,1,Base|Linea
492,CreamPYE,creampye,https://skynet.certik.com/projects/creampye,"{'rank': 7555, 'percentile': 0.4091907071738575, 'includedCategories': ['code', 'governance', 'community', 'operation', 'fundamental'], 'score': 62.91, 'scoreCodeSecurity': 75.29, 'scoreCommunity': 43.32, 'scoreFundamental': 49.12, 'scoreGovernance': 81.54, 'scoreMarket': None, 'scoreOperation': 66.7}",,,,,,,,False,0,BSC
493,tSILVER,tsilver,https://skynet.certik.com/projects/tsilver,"{'rank': 7568, 'percentile': 0.40959918304825116, 'includedCategories': ['code', 'governance', 'community', 'operation', 'fundamental'], 'score': 62.89, 'scoreCodeSecurity': 51.17, 'scoreCommunity': 55, 'scoreFundamental': 79.5, 'scoreGovernance': 57.2, 'scoreMarket': None, 'scoreOperation': 66.7}",,,,,,,,False,0,Ethereum
494,Duet Protocol,duet,https://skynet.certik.com/projects/duet,"{'rank': 7574, 'percentile': 0.40985448046974726, 'includedCategories': ['code', 'governance', 'community', 'market', 'operation', 'fundamental'], 'score': 62.88, 'scoreCodeSecurity': 86.9, 'scoreCommunity': 43.32, 'scoreFundamental': 49.55, 'scoreGovernance': 69.93, 'scoreMarket': 58.12, 'scoreOperation': 68.3}",8.253554047669909e-05,,1.6628351211547852,,,,,False,2,BSC|Ethereum
495,Glory Finance,glory-finance,https://skynet.certik.com/projects/glory-finance,"{'rank': 7579, 'percentile': 0.41016083737554254, 'includedCategories': ['code', 'governance', 'community', 'operation', 'fundamental'], 'score': 62.87, 'scoreCodeSecurity': 79.78, 'scoreCommunity': 55, 'scoreFundamental': 49.11, 'scoreGovernance': 59.01, 'scoreMarket': None, 'scoreOperation': 68.3}",,,,,,,,False,1,BSC
496,OpenEX,openex,https://skynet.certik.com/projects/openex,"{'rank': 7614, 'percentile': 0.4120500382946132, 'includedCategories': ['code', 'community', 'operation', 'fundamental'], 'score': 62.81, 'scoreCodeSecurity': 74.08, 'scoreCommunity': 66.28, 'scoreFundamental': 49.05, 'scoreGovernance': None, 'scoreMarket': None, 'scoreOperation': 64.3}",,,,,,,,False,2,CoreDAO
497,Compendium,compendium-finance,https://skynet.certik.com/projects/compendium-finance,"{'rank': 7633, 'percentile': 0.41312228746489665, 'includedCategories': ['code', 'community', 'market', 'operation', 'fundamental'], 'score': 62.77, 'scoreCodeSecurity': 49.45, 'scoreCommunity': 43.32, 'scoreFundamental': 79.5, 'scoreGovernance': None, 'scoreMarket': 66.46, 'scoreOperation': 64.3}",5.047599328813856e-05,6019,39.827486515045166,,,,,False,0,Solana
498,Pylon Eco Token,pylon-eco-token,https://skynet.certik.com/projects/pylon-eco-token,"{'rank': 7636, 'percentile': 0.41312228746489665, 'includedCategories': ['code', 'governance', 'community', 'operation', 'fundamental'], 'score': 62.77, 'scoreCodeSecurity': 54.7, 'scoreCommunity': 43.32, 'scoreFundamental': 79.5, 'scoreGovernance': 59.36, 'scoreMarket': None, 'scoreOperation': 68.3}",,,,,,,,False,0,BSC
499,TXA,txa,https://skynet.certik.com/projects/txa,"{'rank': 7644, 'percentile': 0.41363288230788864, 'includedCategories': ['code', 'governance', 'community', 'market', 'operation', 'fundamental'], 'score': 62.76, 'scoreCodeSecurity': 76.07, 'scoreCommunity': 43.32, 'scoreFundamental': 49.4, 'scoreGovernance': 64.92, 'scoreMarket': 66.71, 'scoreOperation': 68.3}",,,,,,,,False,1,Ethereum
500,Soldex,soldex,https://skynet.certik.com/projects/soldex,"{'rank': 7657, 'percentile': 0.4142455961194792, 'includedCategories': ['code', 'governance', 'community', 'market', 'operation', 'fundamental'], 'score': 62.74, 'scoreCodeSecurity': 47.9, 'scoreCommunity': 55, 'scoreFundamental': 79.5, 'scoreGovernance': 32.74, 'scoreMarket': 74.86, 'scoreOperation': 60.3}",,,,,,,,False,0,Solana
501,Mate,mate,https://skynet.certik.com/projects/mate,"{'rank': 7662, 'percentile': 0.4145008935409752, 'includedCategories': ['code', 'governance', 'community', 'market', 'operation', 'fundamental'], 'score': 62.73, 'scoreCodeSecurity': 73.58, 'scoreCommunity': 43.32, 'scoreFundamental': 49.02, 'scoreGovernance': 56.87, 'scoreMarket': 71.2, 'scoreOperation': 68.3}",0.0005212460562687306,1407,125.3631820678711,,,,,True,1,BSC
502,MANE,mane,https://skynet.certik.com/projects/mane,"{'rank': 7665, 'percentile': 0.41480725044677047, 'includedCategories': ['code', 'governance', 'community', 'market', 'operation', 'fundamental'], 'score': 62.72, 'scoreCodeSecurity': 64.92, 'scoreCommunity': 43.32, 'scoreFundamental': 49.41, 'scoreGovernance': 59.58, 'scoreMarket': 74.31, 'scoreOperation': 72.72}",,,,,,,,True,1,Ethereum
503,StarkDeFi,starkdefi,https://skynet.certik.com/projects/starkdefi,"{'rank': 7675, 'percentile': 0.4152667858054634, 'includedCategories': ['code', 'community', 'market', 'operation', 'fundamental'], 'score': 62.71, 'scoreCodeSecurity': 33.95, 'scoreCommunity': 50.75, 'scoreFundamental': 55.1, 'scoreGovernance': None, 'scoreMarket': 90.41, 'scoreOperation': 64.3}",,,87366,,,,,False,0,Starknet
504,RabbitX,rabbitx,https://skynet.certik.com/projects/rabbitx,"{'rank': 7682, 'percentile': 0.41562420219555785, 'includedCategories': ['code', 'governance', 'community', 'market', 'operation', 'fundamental'], 'score': 62.7, 'scoreCodeSecurity': 53.5, 'scoreCommunity': 43.32, 'scoreFundamental': 49.88, 'scoreGovernance': 86.38, 'scoreMarket': 76.88, 'scoreOperation': 59.92}",,,,,,,,False,0,Ethereum
505,FinToken,fintoken,https://skynet.certik.com/projects/fintoken,"{'rank': 7701, 'percentile': 0.4167475108501404, 'includedCategories': ['code', 'governance', 'community', 'operation', 'fundamental'], 'score': 62.66, 'scoreCodeSecurity': 79.03, 'scoreCommunity': 55, 'scoreFundamental': 49.12, 'scoreGovernance': 60.64, 'scoreMarket': None, 'scoreOperation': 66.7}",,,,,,,,False,1,BSC|Ethereum|Tron
506,RBX,rbx,https://skynet.certik.com/projects/rbx,"{'rank': 7734, 'percentile': 0.4184835333163135, 'includedCategories': ['code', 'governance', 'community', 'operation', 'fundamental'], 'score': 62.61, 'scoreCodeSecurity': 72.44, 'scoreCommunity': 49.52, 'scoreFundamental': 49.55, 'scoreGovernance': 72.38, 'scoreMarket': None, 'scoreOperation': 72.38}",,,,,,,,True,2,Ethereum
507,Bee Trade Finance,beetradefinance,https://skynet.certik.com/projects/beetradefinance,"{'rank': 7736, 'percentile': 0.41863671176921113, 'includedCategories': ['code', 'governance', 'community', 'operation', 'fundamental'], 'score': 62.6, 'scoreCodeSecurity': 77.52, 'scoreCommunity': 53.24, 'scoreFundamental': 49.91, 'scoreGovernance': 60.57, 'scoreMarket': None, 'scoreOperation': 69.5}",,,,,,,,False,1,Avalanche
508,HeHe,hehe,https://skynet.certik.com/projects/hehe,"{'rank': 7737, 'percentile': 0.41863671176921113, 'includedCategories': ['code', 'governance', 'community', 'operation', 'fundamental'], 'score': 62.6, 'scoreCodeSecurity': 76.72, 'scoreCommunity': 43.32, 'scoreFundamental': 49.05, 'scoreGovernance': 70.96, 'scoreMarket': None, 'scoreOperation': 72.38}",,,,,,,,False,1,Ethereum|BSC|Arbitrum|Polygon|Fantom|Avalanche|Optimism|Harmony
509,Modex,modex,https://skynet.certik.com/projects/modex,"{'rank': 7743, 'percentile': 0.41909624712790405, 'includedCategories': ['code', 'governance', 'community', 'market', 'operation', 'fundamental'], 'score': 62.59, 'scoreCodeSecurity': 46.38, 'scoreCommunity': 87.9, 'scoreFundamental': 79.5, 'scoreGovernance': 75.88, 'scoreMarket': 45.87, 'scoreOperation': 72.72}",,,19.62,,,,,False,0,Ethereum
510,Smash Cash,smashcash,https://skynet.certik.com/projects/smashcash,"{'rank': 7745, 'percentile': 0.41909624712790405, 'includedCategories': ['code', 'governance', 'community', 'operation', 'fundamental'], 'score': 62.59, 'scoreCodeSecurity': 73.12, 'scoreCommunity': 59.3, 'scoreFundamental': 49.12, 'scoreGovernance': 67.67, 'scoreMarket': None, 'scoreOperation': 66.7}",,,,,,,,False,1,BSC
511,Yoshi.exchange,yoshi-exchange,https://skynet.certik.com/projects/yoshi-exchange,"{'rank': 7746, 'percentile': 0.41909624712790405, 'includedCategories': ['code', 'governance', 'community', 'market', 'operation', 'fundamental'], 'score': 62.59, 'scoreCodeSecurity': 72.37, 'scoreCommunity': 43.32, 'scoreFundamental': 49.86, 'scoreGovernance': 56.93, 'scoreMarket': 70.96, 'scoreOperation': 68.3}",0.0005247767557745031,79595,465.89759826660156,,,,,True,1,Ethereum
512,Mad Meerkat Finance,mmfinance,https://skynet.certik.com/projects/mmfinance,"{'rank': 7749, 'percentile': 0.41935154454940005, 'includedCategories': ['code', 'community', 'market', 'operation', 'fundamental'], 'score': 62.58, 'scoreCodeSecurity': 77.41, 'scoreCommunity': 65.59, 'scoreFundamental': 85.1, 'scoreGovernance': None, 'scoreMarket': 76.28, 'scoreOperation': 51.5}",8.144846215421415e-05,79843,438.0010528564453,,,,,False,1,Cronos
513,HorizonDEX,horizondex,https://skynet.certik.com/projects/horizondex,"{'rank': 7757, 'percentile': 0.4197600204237937, 'includedCategories': ['code', 'community', 'market', 'operation', 'fundamental'], 'score': 62.56, 'scoreCodeSecurity': 71.53, 'scoreCommunity': 92.12, 'scoreFundamental': 49.5, 'scoreGovernance': None, 'scoreMarket': 55.4, 'scoreOperation': 62.7}",,,,,,,,True,3,Linea|Base
514,Globiance Exchange Token,globiance-exchange-token,https://skynet.certik.com/projects/globiance-exchange-token,"{'rank': 7770, 'percentile': 0.42062803165688023, 'includedCategories': ['community', 'operation', 'fundamental'], 'score': 62.53, 'scoreCodeSecurity': None, 'scoreCommunity': 91.3, 'scoreFundamental': 49.26, 'scoreGovernance': None, 'scoreMarket': None, 'scoreOperation': 60.3}",,,,,,,,False,0,Xinfin
515,SuperBots,superbots,https://skynet.certik.com/projects/superbots,"{'rank': 7774, 'percentile': 0.42062803165688023, 'includedCategories': ['code', 'governance', 'community', 'operation', 'fundamental'], 'score': 62.53, 'scoreCodeSecurity': 77.7, 'scoreCommunity': 53.45, 'scoreFundamental': 49.28, 'scoreGovernance': 61.98, 'scoreMarket': None, 'scoreOperation': 68.3}",,,0.775131999514997,,,,,False,1,BSC
516,Swing,swing_xyz,https://skynet.certik.com/projects/swing_xyz,"{'rank': 7779, 'percentile': 0.4209854480469747, 'includedCategories': ['code', 'governance', 'community', 'market', 'operation', 'fundamental'], 'score': 62.52, 'scoreCodeSecurity': 47.96, 'scoreCommunity': 58.52, 'scoreFundamental': 62.7, 'scoreGovernance': 71.17, 'scoreMarket': 68.78, 'scoreOperation': 67.85}",7.26143726440495e-05,,50644.53721088,,,,,False,0,Ethereum|Solana|BSC
517,CronaSwap,cronaswap,https://skynet.certik.com/projects/cronaswap,"{'rank': 7783, 'percentile': 0.42134286443706914, 'includedCategories': ['code', 'community', 'market', 'operation', 'fundamental'], 'score': 62.51, 'scoreCodeSecurity': 75.19, 'scoreCommunity': 43.32, 'scoreFundamental': 49.57, 'scoreGovernance': None, 'scoreMarket': 69.01, 'scoreOperation': 62.7}",0.00021862407008442394,,118.20763778686523,,,,,False,1,
518,Dojoswap,dojoswap,https://skynet.certik.com/projects/dojoswap,"{'rank': 7794, 'percentile': 0.42185345928006124, 'includedCategories': ['code', 'governance', 'community', 'operation', 'fundamental'], 'score': 62.49, 'scoreCodeSecurity': 78.49, 'scoreCommunity': 56.82, 'scoreFundamental': 49.15, 'scoreGovernance': 64.08, 'scoreMarket': None, 'scoreOperation': 61.28}",,,,,,,,False,1,Ethereum
519,Total Crypto Market Cap Token,total-crypto-market-cap-token,https://skynet.certik.com/projects/total-crypto-market-cap-token,"{'rank': 7819, 'percentile': 0.4231810058718407, 'includedCategories': ['code', 'governance', 'community', 'operation', 'fundamental'], 'score': 62.46, 'scoreCodeSecurity': 52.76, 'scoreCommunity': 93.06, 'scoreFundamental': 49.31, 'scoreGovernance': 67.3, 'scoreMarket': None, 'scoreOperation': 72.72}",,,,,,,,False,0,Ethereum
520,ZooCoin,zoocoin,https://skynet.certik.com/projects/zoocoin,"{'rank': 7821, 'percentile': 0.4231810058718407, 'includedCategories': ['community', 'operation', 'fundamental'], 'score': 62.46, 'scoreCodeSecurity': None, 'scoreCommunity': 43.32, 'scoreFundamental': 79.5, 'scoreGovernance': None, 'scoreMarket': None, 'scoreOperation': 47.5}",,,,,,,,False,0,Fantom
521,Spherium,spherium,https://skynet.certik.com/projects/spherium,"{'rank': 7824, 'percentile': 0.4234363032933367, 'includedCategories': ['code', 'governance', 'community', 'operation', 'fundamental'], 'score': 62.45, 'scoreCodeSecurity': 76.2, 'scoreCommunity': 61.77, 'scoreFundamental': 49.56, 'scoreGovernance': 55.54, 'scoreMarket': None, 'scoreOperation': 68.3}",,,,,,,,True,2,Ethereum
522,Comsats,comsats,https://skynet.certik.com/projects/comsats,"{'rank': 7837, 'percentile': 0.42430431452642325, 'includedCategories': ['governance', 'community', 'market', 'operation', 'fundamental'], 'score': 62.42, 'scoreCodeSecurity': None, 'scoreCommunity': 43.32, 'scoreFundamental': 49.75, 'scoreGovernance': 65.3, 'scoreMarket': 74.31, 'scoreOperation': 68.3}",,,,,,,,False,0,Bitcoin
523,Wrapped-Energi,wrapped-energi,https://skynet.certik.com/projects/wrapped-energi,"{'rank': 7843, 'percentile': 0.42430431452642325, 'includedCategories': ['code', 'community', 'market', 'operation', 'fundamental'], 'score': 62.42, 'scoreCodeSecurity': 36.03, 'scoreCommunity': 96.82, 'scoreFundamental': 49.99, 'scoreGovernance': None, 'scoreMarket': 76.21, 'scoreOperation': 64.3}",0.010691294497147777,150544,476.33367919921875,,,,,False,0,
524,ChainCade,chaincade,https://skynet.certik.com/projects/chaincade,"{'rank': 7846, 'percentile': 0.42455961194791936, 'includedCategories': ['code', 'governance', 'community', 'market', 'operation', 'fundamental'], 'score': 62.41, 'scoreCodeSecurity': 60.17, 'scoreCommunity': 59.04, 'scoreFundamental': 49.5, 'scoreGovernance': 83.99, 'scoreMarket': 64.47, 'scoreOperation': 68.3}",4.8189245979549e-10,,6.864806435816975,,,,,False,0,BSC
525,EUROe Stablecoin,euroe-stablecoin,https://skynet.certik.com/projects/euroe-stablecoin,"{'rank': 7856, 'percentile': 0.4251723257595098, 'includedCategories': ['code', 'governance', 'community', 'operation', 'fundamental'], 'score': 62.38, 'scoreCodeSecurity': 77.95, 'scoreCommunity': 43.32, 'scoreFundamental': 49.92, 'scoreGovernance': 55.21, 'scoreMarket': None, 'scoreOperation': 82.38}",0.3617569491999493,,0,,,,,True,1,
526,Blind Boxes,blind-boxes,https://skynet.certik.com/projects/blind-boxes,"{'rank': 7866, 'percentile': 0.4256318611182027, 'includedCategories': ['code', 'governance', 'community', 'market', 'operation', 'fundamental'], 'score': 62.36, 'scoreCodeSecurity': 59.31, 'scoreCommunity': 55, 'scoreFundamental': 49.94, 'scoreGovernance': 77.56, 'scoreMarket': 67.26, 'scoreOperation': 70.78}",,26,269.87,,,,,False,0,Ethereum
527,Xenify,xenify,https://skynet.certik.com/projects/xenify,"{'rank': 7577, 'percentile': 0.4099565994383457, 'includedCategories': ['code', 'governance', 'community', 'operation', 'fundamental'], 'score': 62.96, 'scoreCodeSecurity': 68.11, 'scoreCommunity': 43.32, 'scoreFundamental': 58.5, 'scoreGovernance': 71.43, 'scoreMarket': None, 'scoreOperation': 72.72}",,,,,,,,True,0,BSC|Arbitrum|Polygon|Fantom
528,ET Swap,et-swap,https://skynet.certik.com/projects/et-swap,"{'rank': 7902, 'percentile': 0.42757212152157265, 'includedCategories': ['code', 'community', 'operation', 'fundamental'], 'score': 62.3, 'scoreCodeSecurity': 84.08, 'scoreCommunity': 55, 'scoreFundamental': 49.58, 'scoreGovernance': None, 'scoreMarket': None, 'scoreOperation': 51.5}",,,,,,,,False,1,BSC|Ethereum
529,Pera Finance,pera-finance,https://skynet.certik.com/projects/pera-finance,"{'rank': 7949, 'percentile': 0.43002297676793466, 'includedCategories': ['code', 'governance', 'community', 'market', 'operation', 'fundamental'], 'score': 62.22, 'scoreCodeSecurity': 69.84, 'scoreCommunity': 55, 'scoreFundamental': 49.41, 'scoreGovernance': 56.68, 'scoreMarket': 67.91, 'scoreOperation': 68.3}",,,,,,,,True,1,Avalanche
530,Malinka,malinka,https://skynet.certik.com/projects/malinka,"{'rank': 7959, 'percentile': 0.4306867500638244, 'includedCategories': ['community', 'market', 'operation', 'fundamental'], 'score': 62.21, 'scoreCodeSecurity': None, 'scoreCommunity': 55, 'scoreFundamental': 49.48, 'scoreGovernance': None, 'scoreMarket': 73.73, 'scoreOperation': 60.3}",0.05424735640832617,,70586.9171295166,,,,,False,0,
531,BTAF token,btaf-token,https://skynet.certik.com/projects/btaf-token,"{'rank': 7980, 'percentile': 0.43181005871840694, 'includedCategories': ['code', 'governance', 'community', 'market', 'operation', 'fundamental'], 'score': 62.18, 'scoreCodeSecurity': 45.59, 'scoreCommunity': 43.32, 'scoreFundamental': 49.04, 'scoreGovernance': 79.03, 'scoreMarket': 78.64, 'scoreOperation': 74.22}",0.01568563890696923,,14669.196053889218,,,,,False,0,BSC
532,Kodiak Finance,kodiak-finance,https://skynet.certik.com/projects/kodiak-finance,"{'rank': 7996, 'percentile': 0.43252489149859585, 'includedCategories': ['code', 'community', 'market', 'operation', 'fundamental'], 'score': 62.16, 'scoreCodeSecurity': 34.46, 'scoreCommunity': 58.24, 'scoreFundamental': 54.05, 'scoreGovernance': None, 'scoreMarket': 81.11, 'scoreOperation': 80.88}",0.15725581549110912,,22616.75308615375,,,,,False,0,Ethereum
533,Dex On Crypto,dex-on-crypto,https://skynet.certik.com/projects/dex-on-crypto,"{'rank': 8004, 'percentile': 0.4330865458258871, 'includedCategories': ['code', 'governance', 'community', 'operation', 'fundamental'], 'score': 62.15, 'scoreCodeSecurity': 84.42, 'scoreCommunity': 43.32, 'scoreFundamental': 49.12, 'scoreGovernance': 56.38, 'scoreMarket': None, 'scoreOperation': 68.3}",,,,,,,,True,1,BSC
534,DAEX,daex,https://skynet.certik.com/projects/daex,"{'rank': 8011, 'percentile': 0.4333929027316824, 'includedCategories': ['code', 'governance', 'community', 'market', 'operation', 'fundamental'], 'score': 62.14, 'scoreCodeSecurity': 53.5, 'scoreCommunity': 56.68, 'scoreFundamental': 49.16, 'scoreGovernance': 60.24, 'scoreMarket': 77.5, 'scoreOperation': 66.7}",,,,,,,,False,0,Ethereum
535,Spaceswap MILK2,spaceswap,https://skynet.certik.com/projects/spaceswap,"{'rank': 8013, 'percentile': 0.4333929027316824, 'includedCategories': ['code', 'governance', 'community', 'market', 'operation', 'fundamental'], 'score': 62.14, 'scoreCodeSecurity': 49.37, 'scoreCommunity': 43.32, 'scoreFundamental': 58.5, 'scoreGovernance': 68.55, 'scoreMarket': 73.7, 'scoreOperation': 72.72}",,12856,2.91,,,,,False,0,Ethereum
536,ZOO - Crypto World,zoocrypto,https://skynet.certik.com/projects/zoocrypto,"{'rank': 8020, 'percentile': 0.43380137860607604, 'includedCategories': ['code', 'governance', 'community', 'market', 'operation', 'fundamental'], 'score': 62.13, 'scoreCodeSecurity': 68.62, 'scoreCommunity': 62.12, 'scoreFundamental': 49.34, 'scoreGovernance': 81.87, 'scoreMarket': 57.7, 'scoreOperation': 68.3}",0.00012133517252509747,,59.63620547414757,,,,,False,1,BSC
537,Tinyman,tinyman,https://skynet.certik.com/projects/tinyman,"{'rank': 8033, 'percentile': 0.4346183303548634, 'includedCategories': ['code', 'community', 'market', 'operation', 'fundamental'], 'score': 62.11, 'scoreCodeSecurity': 36.12, 'scoreCommunity': 91.74, 'scoreFundamental': 64.45, 'scoreGovernance': None, 'scoreMarket': 64.99, 'scoreOperation': 71.1}",0.00064761,,7128.09,,,,,False,0,Algorand
538,Broken Bound,broken-bound,https://skynet.certik.com/projects/broken-bound,"{'rank': 8054, 'percentile': 0.43604799591524124, 'includedCategories': ['code', 'governance', 'community', 'operation', 'fundamental'], 'score': 62.06, 'scoreCodeSecurity': 74.74, 'scoreCommunity': 60.44, 'scoreFundamental': 49.15, 'scoreGovernance': 65.9, 'scoreMarket': None, 'scoreOperation': 60.3}",,,,,,,,False,1,BSC|Ethereum|Avalanche
539,Kibble,kibble,https://skynet.certik.com/projects/kibble,"{'rank': 8056, 'percentile': 0.43604799591524124, 'includedCategories': ['code', 'governance', 'community', 'market', 'operation', 'fundamental'], 'score': 62.06, 'scoreCodeSecurity': 50.7, 'scoreCommunity': 69.19, 'scoreFundamental': 50.9, 'scoreGovernance': 64.11, 'scoreMarket': 74.59, 'scoreOperation': 60.3}",,,,,,,,False,0,TON|Avalanche
540,Anypad,anypad,https://skynet.certik.com/projects/anypad,"{'rank': 8061, 'percentile': 0.4363543528210365, 'includedCategories': ['code', 'governance', 'community', 'operation', 'fundamental'], 'score': 62.05, 'scoreCodeSecurity': 78.28, 'scoreCommunity': 55, 'scoreFundamental': 49.9, 'scoreGovernance': 57.89, 'scoreMarket': None, 'scoreOperation': 65.1}",,,811.0406123599969,,,,,False,1,
541,Ordiswap,ordiswap,https://skynet.certik.com/projects/ordiswap,"{'rank': 8080, 'percentile': 0.4371713045698239, 'includedCategories': ['code', 'governance', 'community', 'market', 'operation', 'fundamental'], 'score': 62.03, 'scoreCodeSecurity': 61.68, 'scoreCommunity': 55, 'scoreFundamental': 49.87, 'scoreGovernance': 92.31, 'scoreMarket': 62.18, 'scoreOperation': 63.39}",0.00013464675936845,,675.1475219726562,,,,,False,0,Bitcoin|Ethereum
542,Cadence Protocol,cadence-protocol,https://skynet.certik.com/projects/cadence-protocol,"{'rank': 8127, 'percentile': 0.4398774572376819, 'includedCategories': ['code', 'governance', 'community', 'market', 'operation', 'fundamental'], 'score': 61.94, 'scoreCodeSecurity': 54.44, 'scoreCommunity': 43.32, 'scoreFundamental': 49.27, 'scoreGovernance': 69, 'scoreMarket': 75.65, 'scoreOperation': 72.72}",,,,,,,,False,0,Canto
543,DIDSWAP,didswap,https://skynet.certik.com/projects/didswap,"{'rank': 8138, 'percentile': 0.44049017104927235, 'includedCategories': ['code', 'governance', 'community', 'operation', 'fundamental'], 'score': 61.92, 'scoreCodeSecurity': 75.29, 'scoreCommunity': 43.32, 'scoreFundamental': 49.55, 'scoreGovernance': 84.93, 'scoreMarket': None, 'scoreOperation': 55.5}",,,11.51778507232666,,,,,False,1,BSC
544,Brewlabs,brewlabs,https://skynet.certik.com/projects/brewlabs,"{'rank': 8142, 'percentile': 0.44094970640796527, 'includedCategories': ['code', 'governance', 'community', 'market', 'operation', 'fundamental'], 'score': 61.91, 'scoreCodeSecurity': 79, 'scoreCommunity': 48.04, 'scoreFundamental': 60.7, 'scoreGovernance': 62.71, 'scoreMarket': 52.2, 'scoreOperation': 72.38}",,,250.22911071777344,,,,,False,4,BSC|Ethereum
545,Phoenix Blockchain,phoenix-blockchain,https://skynet.certik.com/projects/phoenix-blockchain,"{'rank': 8148, 'percentile': 0.44094970640796527, 'includedCategories': ['code', 'governance', 'community', 'market', 'operation', 'fundamental'], 'score': 61.91, 'scoreCodeSecurity': 67.5, 'scoreCommunity': 43.32, 'scoreFundamental': 49.94, 'scoreGovernance': 61.34, 'scoreMarket': 74.7, 'scoreOperation': 55.5}",,,,,,,,True,1,
546,Spume Protocol,spume,https://skynet.certik.com/projects/spume,"{'rank': 8162, 'percentile': 0.441613479703855, 'includedCategories': ['code', 'governance', 'community', 'operation', 'fundamental'], 'score': 61.89, 'scoreCodeSecurity': 51.3, 'scoreCommunity': 43.32, 'scoreFundamental': 79.5, 'scoreGovernance': 68.72, 'scoreMarket': None, 'scoreOperation': 59.58}",,,,,,,,False,0,Ethereum
547,Timeswap,timeswap,https://skynet.certik.com/projects/timeswap,"{'rank': 8199, 'percentile': 0.4438090375287209, 'includedCategories': ['code', 'community', 'market', 'operation', 'fundamental'], 'score': 61.8, 'scoreCodeSecurity': 35.21, 'scoreCommunity': 43.32, 'scoreFundamental': 69, 'scoreGovernance': None, 'scoreMarket': 78.34, 'scoreOperation': 69.4}",,122148,0.178755,,,,,False,0,Arbitrum|Ethereum|Polygon|Base|Optimism|Mantle|Monad
548,Dpex,dpex,https://skynet.certik.com/projects/dpex,"{'rank': 8201, 'percentile': 0.44421751340311466, 'includedCategories': ['code', 'community', 'operation', 'fundamental'], 'score': 61.79, 'scoreCodeSecurity': 75.88, 'scoreCommunity': 55, 'scoreFundamental': 49.84, 'scoreGovernance': None, 'scoreMarket': None, 'scoreOperation': 64.3}",,,20.04,,,,,False,1,Polygon
549,Acsi Finance,acsi-finance,https://skynet.certik.com/projects/acsi-finance,"{'rank': 8208, 'percentile': 0.44467704876180747, 'includedCategories': ['code', 'governance', 'community', 'market', 'operation', 'fundamental'], 'score': 61.78, 'scoreCodeSecurity': 77.71, 'scoreCommunity': 64.14, 'scoreFundamental': 49.88, 'scoreGovernance': 80.21, 'scoreMarket': 50, 'scoreOperation': 68.3}",,,1.4069475531578064,,,,,False,0,BSC
550,Mars Doge,mars-doge,https://skynet.certik.com/projects/mars-doge,"{'rank': 8246, 'percentile': 0.44651519019657904, 'includedCategories': ['code', 'governance', 'community', 'operation', 'fundamental'], 'score': 61.72, 'scoreCodeSecurity': 72.07, 'scoreCommunity': 55, 'scoreFundamental': 49.05, 'scoreGovernance': 68.08, 'scoreMarket': None, 'scoreOperation': 66.7}",,,,,,,,False,2,BSC
551,PiBridge,pibridge,https://skynet.certik.com/projects/pibridge,"{'rank': 8248, 'percentile': 0.44651519019657904, 'includedCategories': ['code', 'governance', 'community', 'market', 'operation', 'fundamental'], 'score': 61.72, 'scoreCodeSecurity': 72.46, 'scoreCommunity': 51.78, 'scoreFundamental': 49.61, 'scoreGovernance': 79.48, 'scoreMarket': 57.84, 'scoreOperation': 68.3}",0.002385878609939262,,267.29072308540344,,,,,True,1,BSC
552,SafeSwap,safeswap,https://skynet.certik.com/projects/safeswap,"{'rank': 8264, 'percentile': 0.4473832014296656, 'includedCategories': ['code', 'governance', 'community', 'market', 'operation', 'fundamental'], 'score': 61.69, 'scoreCodeSecurity': 48.24, 'scoreCommunity': 53.8, 'scoreFundamental': 49.76, 'scoreGovernance': 60.12, 'scoreMarket': 79.55, 'scoreOperation': 68.3}",,,136.3693408642066,,,,,False,0,
553,FalXDex,falxdex,https://skynet.certik.com/projects/falxdex,"{'rank': 8269, 'percentile': 0.4476384988511616, 'includedCategories': ['code', 'governance', 'community', 'market', 'operation', 'fundamental'], 'score': 61.68, 'scoreCodeSecurity': 74.91, 'scoreCommunity': 44.01, 'scoreFundamental': 55.1, 'scoreGovernance': 32.74, 'scoreMarket': 77.52, 'scoreOperation': 47.5}",8.73e-06,92441,5.1,,,,,True,4,Solana
554,My Liquidity Partner,my-liquidity-partner,https://skynet.certik.com/projects/my-liquidity-partner,"{'rank': 8274, 'percentile': 0.44799591524125604, 'includedCategories': ['code', 'governance', 'community', 'operation', 'fundamental'], 'score': 61.67, 'scoreCodeSecurity': 48.24, 'scoreCommunity': 43.32, 'scoreFundamental': 79.5, 'scoreGovernance': 61.77, 'scoreMarket': None, 'scoreOperation': 71.12}",,,,,,,,False,0,Ethereum
555,Leonicorn Swap,leonicornswap,https://skynet.certik.com/projects/leonicornswap,"{'rank': 8281, 'percentile': 0.4483022721470513, 'includedCategories': ['code', 'governance', 'community', 'market', 'operation', 'fundamental'], 'score': 61.66, 'scoreCodeSecurity': 82.54, 'scoreCommunity': 65.71, 'scoreFundamental': 49.64, 'scoreGovernance': 70.57, 'scoreMarket': 53.49, 'scoreOperation': 55.5}",,,,,,,,False,2,BSC
556,1Sol,1sol,https://skynet.certik.com/projects/1sol,"{'rank': 8295, 'percentile': 0.44927240234873633, 'includedCategories': ['code', 'governance', 'community', 'operation', 'fundamental'], 'score': 61.63, 'scoreCodeSecurity': 69.28, 'scoreCommunity': 65.8, 'scoreFundamental': 49.04, 'scoreGovernance': 62.25, 'scoreMarket': None, 'scoreOperation': 66.7}",,,,,,,,True,2,Ethereum
557,Aloha,aloha,https://skynet.certik.com/projects/aloha,"{'rank': 8318, 'percentile': 0.4508552463620118, 'includedCategories': ['code', 'governance', 'community', 'operation', 'fundamental'], 'score': 61.59, 'scoreCodeSecurity': 57.1, 'scoreCommunity': 43.32, 'scoreFundamental': 79.5, 'scoreGovernance': 55.05, 'scoreMarket': None, 'scoreOperation': 59.58}",,,,,,,,False,0,Ethereum
558,Dexpools,dexpools,https://skynet.certik.com/projects/dexpools,"{'rank': 8338, 'percentile': 0.45172325759509824, 'includedCategories': ['code', 'governance', 'community', 'operation', 'fundamental'], 'score': 61.56, 'scoreCodeSecurity': 48.03, 'scoreCommunity': 47.29, 'scoreFundamental': 79.5, 'scoreGovernance': 59.42, 'scoreMarket': None, 'scoreOperation': 69.18}",,,,,,,,False,0,Ethereum
559,Nucleon,nucleon,https://skynet.certik.com/projects/nucleon,"{'rank': 8373, 'percentile': 0.453357161092673, 'includedCategories': ['code', 'community', 'market', 'operation', 'fundamental'], 'score': 61.51, 'scoreCodeSecurity': 63.5, 'scoreCommunity': 82.17, 'scoreFundamental': 49.62, 'scoreGovernance': None, 'scoreMarket': 61.64, 'scoreOperation': 60.3}",0.2531786908966509,,59.417226791381836,,,,,True,0,Conflux
560,CRIR MSH,crir-msh,https://skynet.certik.com/projects/crir-msh,"{'rank': 8399, 'percentile': 0.4548889456216493, 'includedCategories': ['code', 'governance', 'community', 'operation', 'fundamental'], 'score': 61.45, 'scoreCodeSecurity': 74.99, 'scoreCommunity': 54.42, 'scoreFundamental': 49.86, 'scoreGovernance': 70.52, 'scoreMarket': None, 'scoreOperation': 55.5}",,,,,,,,True,1,BSC
561,HMX,hmx,https://skynet.certik.com/projects/hmx,"{'rank': 8446, 'percentile': 0.45764615777380646, 'includedCategories': ['code', 'governance', 'community', 'market', 'operation', 'fundamental'], 'score': 61.37, 'scoreCodeSecurity': 56.05, 'scoreCommunity': 43.32, 'scoreFundamental': 49.7, 'scoreGovernance': 59.72, 'scoreMarket': 76.96, 'scoreOperation': 68.3}",,,,,,,,False,0,Arbitrum
562,Balancer Boosted Aave USDC,balancer-boosted-aave-usdc,https://skynet.certik.com/projects/balancer-boosted-aave-usdc,"{'rank': 8501, 'percentile': 0.46065866734745975, 'includedCategories': ['code', 'governance', 'community', 'operation', 'fundamental'], 'score': 61.27, 'scoreCodeSecurity': 54.47, 'scoreCommunity': 94.19, 'scoreFundamental': 49.45, 'scoreGovernance': 60.15, 'scoreMarket': None, 'scoreOperation': 66.7}",,,,,,,,False,0,Ethereum
563,StrongHands Finance,stronghands-finance,https://skynet.certik.com/projects/stronghands-finance,"{'rank': 8543, 'percentile': 0.4627521062037273, 'includedCategories': ['code', 'governance', 'community', 'market', 'operation', 'fundamental'], 'score': 61.22, 'scoreCodeSecurity': 53.16, 'scoreCommunity': 58.27, 'scoreFundamental': 49.95, 'scoreGovernance': 61.05, 'scoreMarket': 73.32, 'scoreOperation': 66.7}",,,,,,,,False,0,Ethereum
564,Bitx,bitx,https://skynet.certik.com/projects/bitx,"{'rank': 8571, 'percentile': 0.4642328312484044, 'includedCategories': ['code', 'governance', 'community', 'operation', 'fundamental'], 'score': 61.17, 'scoreCodeSecurity': 66, 'scoreCommunity': 84.52, 'scoreFundamental': 49.05, 'scoreGovernance': 53.24, 'scoreMarket': None, 'scoreOperation': 60.3}",,,,,,,,True,1,Bitcoin
565,Metria,metria,https://skynet.certik.com/projects/metria,"{'rank': 8595, 'percentile': 0.4655093183558846, 'includedCategories': ['code', 'governance', 'community', 'operation', 'fundamental'], 'score': 61.14, 'scoreCodeSecurity': 50.7, 'scoreCommunity': 55, 'scoreFundamental': 79.5, 'scoreGovernance': 41.8, 'scoreMarket': None, 'scoreOperation': 70.78}",,,,,,,,False,0,Ethereum
566,Titano,titano,https://skynet.certik.com/projects/titano,"{'rank': 8615, 'percentile': 0.4664794485575696, 'includedCategories': ['code', 'governance', 'community', 'operation', 'fundamental'], 'score': 61.12, 'scoreCodeSecurity': 72.21, 'scoreCommunity': 43.32, 'scoreFundamental': 49.21, 'scoreGovernance': 74.95, 'scoreMarket': None, 'scoreOperation': 66.7}",,,,,,,,False,2,BSC
567,YodeSwap,yodeswap,https://skynet.certik.com/projects/yodeswap,"{'rank': 8651, 'percentile': 0.4684707684452387, 'includedCategories': ['community', 'market', 'operation', 'fundamental'], 'score': 61.07, 'scoreCodeSecurity': None, 'scoreCommunity': 56.36, 'scoreFundamental': 49.66, 'scoreGovernance': None, 'scoreMarket': 70.51, 'scoreOperation': 60.3}",,3457,1.62,,,,,False,0,Dogecoin
568,Luna Inu,luna-inu-,https://skynet.certik.com/projects/luna-inu-,"{'rank': 8653, 'percentile': 0.468777125351034, 'includedCategories': ['code', 'governance', 'community', 'market', 'operation', 'fundamental'], 'score': 61.06, 'scoreCodeSecurity': 59.45, 'scoreCommunity': 55.47, 'scoreFundamental': 49.12, 'scoreGovernance': 84.94, 'scoreMarket': 64.38, 'scoreOperation': 59.92}",4.38584554700342e-10,326322,18366.98544883728,,,,,False,0,Ethereum
569,PayRue (Propel),payrue-propel,https://skynet.certik.com/projects/payrue-propel,"{'rank': 8654, 'percentile': 0.468777125351034, 'includedCategories': ['code', 'governance', 'community', 'market', 'operation', 'fundamental'], 'score': 61.06, 'scoreCodeSecurity': 57.89, 'scoreCommunity': 43.32, 'scoreFundamental': 49.35, 'scoreGovernance': 73.48, 'scoreMarket': 74.61, 'scoreOperation': 55.5}",,,0.00015029885980766267,,,,,False,0,BSC
570,Kawakami,kawakami,https://skynet.certik.com/projects/kawakami,"{'rank': 8686, 'percentile': 0.47035996936430946, 'includedCategories': ['code', 'governance', 'community', 'operation', 'fundamental'], 'score': 61.01, 'scoreCodeSecurity': 73.42, 'scoreCommunity': 53.32, 'scoreFundamental': 49.26, 'scoreGovernance': 67.09, 'scoreMarket': None, 'scoreOperation': 61.28}",,,,,,,,False,1,Ethereum
571,Firefly,firefly,https://skynet.certik.com/projects/firefly,"{'rank': 8712, 'percentile': 0.4719428133775849, 'includedCategories': ['community', 'operation', 'fundamental'], 'score': 60.98, 'scoreCodeSecurity': None, 'scoreCommunity': 43.32, 'scoreFundamental': 67.7, 'scoreGovernance': None, 'scoreMarket': None, 'scoreOperation': 65.2}",,,,,,,,False,0,Manta
572,Sashimi,sashimi,https://skynet.certik.com/projects/sashimi,"{'rank': 8717, 'percentile': 0.4719428133775849, 'includedCategories': ['code', 'governance', 'community', 'market', 'operation', 'fundamental'], 'score': 60.98, 'scoreCodeSecurity': 47.96, 'scoreCommunity': 43.32, 'scoreFundamental': 49.43, 'scoreGovernance': 70.48, 'scoreMarket': 76.06, 'scoreOperation': 73.06}",,52614,2.16,,,,,False,0,Ethereum
573,Ignitechain,ignitechain,https://skynet.certik.com/projects/ignitechain,"{'rank': 8725, 'percentile': 0.4727597651263722, 'includedCategories': ['code', 'governance', 'community', 'operation', 'fundamental'], 'score': 60.96, 'scoreCodeSecurity': 75.1, 'scoreCommunity': 55, 'scoreFundamental': 49.72, 'scoreGovernance': 55.36, 'scoreMarket': None, 'scoreOperation': 66.7}",,,,,,,,False,1,BSC
574,Tigris,tigris,https://skynet.certik.com/projects/tigris,"{'rank': 8731, 'percentile': 0.4727597651263722, 'includedCategories': ['code', 'governance', 'community', 'market', 'operation', 'fundamental'], 'score': 60.96, 'scoreCodeSecurity': 65.52, 'scoreCommunity': 53.87, 'scoreFundamental': 49.13, 'scoreGovernance': 50, 'scoreMarket': 73.63, 'scoreOperation': 55.5}",,,,,,,,True,1,Arbitrum
575,Wrapped BESC,wrapped-besc,https://skynet.certik.com/projects/wrapped-besc,"{'rank': 8732, 'percentile': 0.4727597651263722, 'includedCategories': ['code', 'governance', 'community', 'market', 'operation', 'fundamental'], 'score': 60.96, 'scoreCodeSecurity': 49.37, 'scoreCommunity': 53.82, 'scoreFundamental': 49.28, 'scoreGovernance': 57.21, 'scoreMarket': 77.66, 'scoreOperation': 68.3}",0.8975918582285741,,12171.197265625,,,,,False,0,BSC
576,OolongSwap,oolongswap,https://skynet.certik.com/projects/oolongswap,"{'rank': 8755, 'percentile': 0.47413837120245084, 'includedCategories': ['code', 'community', 'operation', 'fundamental'], 'score': 60.91, 'scoreCodeSecurity': 73.39, 'scoreCommunity': 56.27, 'scoreFundamental': 49.06, 'scoreGovernance': None, 'scoreMarket': None, 'scoreOperation': 64.3}",,,,,,,,False,1,
577,Varen,varen,https://skynet.certik.com/projects/varen,"{'rank': 8764, 'percentile': 0.47454684707684447, 'includedCategories': ['code', 'governance', 'community', 'market', 'operation', 'fundamental'], 'score': 60.9, 'scoreCodeSecurity': 58.75, 'scoreCommunity': 54.96, 'scoreFundamental': 49.93, 'scoreGovernance': 65.7, 'scoreMarket': 70.48, 'scoreOperation': 59.58}",,,,,,,,False,0,Ethereum
578,Charge DeFi,chargedefi,https://skynet.certik.com/projects/chargedefi,"{'rank': 8769, 'percentile': 0.47515956088843503, 'includedCategories': ['code', 'governance', 'community', 'operation', 'fundamental'], 'score': 60.88, 'scoreCodeSecurity': 76.63, 'scoreCommunity': 47.03, 'scoreFundamental': 49.56, 'scoreGovernance': 60.08, 'scoreMarket': None, 'scoreOperation': 66.7}",,,29.032217025756836,,,,,False,2,BSC
579,Sat.is,sat-is,https://skynet.certik.com/projects/sat-is,"{'rank': 8774, 'percentile': 0.47515956088843503, 'includedCategories': ['code', 'community', 'operation', 'fundamental'], 'score': 60.88, 'scoreCodeSecurity': 81.33, 'scoreCommunity': 51.72, 'scoreFundamental': 49.7, 'scoreGovernance': None, 'scoreMarket': None, 'scoreOperation': 51.5}",,,,,,,,False,1,Arbitrum|Avalanche|Optimism|Polygon|Ethereum
580,NeoCortexAI,neocortexai,https://skynet.certik.com/projects/neocortexai,"{'rank': 8778, 'percentile': 0.47536379882563184, 'includedCategories': ['code', 'governance', 'community', 'operation', 'fundamental'], 'score': 60.87, 'scoreCodeSecurity': 69.96, 'scoreCommunity': 63.26, 'scoreFundamental': 49.35, 'scoreGovernance': 55.93, 'scoreMarket': None, 'scoreOperation': 68.3}",,,,,,,,True,2,
581,Agile Finance,agile-finance,https://skynet.certik.com/projects/agile-finance,"{'rank': 8780, 'percentile': 0.4757212152157263, 'includedCategories': ['code', 'community', 'operation', 'fundamental'], 'score': 60.86, 'scoreCodeSecurity': 73.11, 'scoreCommunity': 55, 'scoreFundamental': 49.83, 'scoreGovernance': None, 'scoreMarket': None, 'scoreOperation': 64.3}",,,,,,,,False,1,
582,ChilliSwap,chilliswap,https://skynet.certik.com/projects/chilliswap,"{'rank': 8835, 'percentile': 0.47904008169517487, 'includedCategories': ['code', 'governance', 'community', 'operation', 'fundamental'], 'score': 60.75, 'scoreCodeSecurity': 69.78, 'scoreCommunity': 54.35, 'scoreFundamental': 49.46, 'scoreGovernance': 60.03, 'scoreMarket': None, 'scoreOperation': 72.38}",0.04605257862263111,,0,,,,,False,1,
583,Fortuneum,fortuneum,https://skynet.certik.com/projects/fortuneum,"{'rank': 8837, 'percentile': 0.47904008169517487, 'includedCategories': ['code', 'governance', 'community', 'operation', 'fundamental'], 'score': 60.75, 'scoreCodeSecurity': 75.77, 'scoreCommunity': 55, 'scoreFundamental': 49.15, 'scoreGovernance': 52.09, 'scoreMarket': None, 'scoreOperation': 68.3}",,,,,,,,False,1,BSC
584,Psyop,psyop,https://skynet.certik.com/projects/psyop,"{'rank': 8842, 'percentile': 0.47904008169517487, 'includedCategories': ['code', 'governance', 'community', 'market', 'operation', 'fundamental'], 'score': 60.75, 'scoreCodeSecurity': 50.09, 'scoreCommunity': 51.62, 'scoreFundamental': 49.78, 'scoreGovernance': 78.57, 'scoreMarket': 68.16, 'scoreOperation': 73.06}",1.0148358698563528e-05,,0,,,,,False,0,Ethereum
585,ELF Wallet,elf-wallet,https://skynet.certik.com/projects/elf-wallet,"{'rank': 8860, 'percentile': 0.4801633903497574, 'includedCategories': ['code', 'governance', 'community', 'market', 'operation', 'fundamental'], 'score': 60.72, 'scoreCodeSecurity': 59.93, 'scoreCommunity': 58.3, 'scoreFundamental': 49.54, 'scoreGovernance': 79.57, 'scoreMarket': 61.23, 'scoreOperation': 66.7}",4.1886189447998696e-05,,300.08832801290555,,,,,False,0,BSC
586,Golden Doge,golden-doge,https://skynet.certik.com/projects/golden-doge,"{'rank': 8863, 'percentile': 0.480520806739852, 'includedCategories': ['code', 'governance', 'community', 'market', 'operation', 'fundamental'], 'score': 60.71, 'scoreCodeSecurity': 47.75, 'scoreCommunity': 43.32, 'scoreFundamental': 49.84, 'scoreGovernance': 73.96, 'scoreMarket': 75.45, 'scoreOperation': 68.3}",,55155,1.12,,,,,False,0,BSC
587,Dfyn Network,dfyn-network,https://skynet.certik.com/projects/dfyn-network,"{'rank': 8879, 'percentile': 0.48154199642583606, 'includedCategories': ['code', 'governance', 'community', 'market', 'operation', 'fundamental'], 'score': 60.69, 'scoreCodeSecurity': 58.06, 'scoreCommunity': 45.33, 'scoreFundamental': 44.6, 'scoreGovernance': 76.05, 'scoreMarket': 71.77, 'scoreOperation': 64.9}",0.00027338473592611746,46989,717.2623519897461,,,,,False,0,Ethereum|Polygon|Arbitrum
588,panKUKU,pankuku,https://skynet.certik.com/projects/pankuku,"{'rank': 8908, 'percentile': 0.4827163645647179, 'includedCategories': ['code', 'governance', 'community', 'market', 'operation', 'fundamental'], 'score': 60.66, 'scoreCodeSecurity': 65.56, 'scoreCommunity': 57.69, 'scoreFundamental': 49.64, 'scoreGovernance': 66.24, 'scoreMarket': 61.85, 'scoreOperation': 66.7}",3.5506033655352467e-06,,0,,,,,True,1,BSC
589,SpaceFi,spacefi,https://skynet.certik.com/projects/spacefi,"{'rank': 8927, 'percentile': 0.4836864947664029, 'includedCategories': ['community', 'market', 'operation', 'fundamental'], 'score': 60.63, 'scoreCodeSecurity': None, 'scoreCommunity': 43.32, 'scoreFundamental': 49.33, 'scoreGovernance': None, 'scoreMarket': 74.05, 'scoreOperation': 60.3}",,,,,,,,False,0,Evmos|zkSync
590,Black Stallion,black-stallion,https://skynet.certik.com/projects/black-stallion,"{'rank': 8936, 'percentile': 0.484707684452387, 'includedCategories': ['code', 'governance', 'community', 'operation', 'fundamental'], 'score': 60.61, 'scoreCodeSecurity': 67, 'scoreCommunity': 60.23, 'scoreFundamental': 49.31, 'scoreGovernance': 63.15, 'scoreMarket': None, 'scoreOperation': 68.3}",,,,,,,,True,1,
591,Pink Panda,pink-panda,https://skynet.certik.com/projects/pink-panda,"{'rank': 8950, 'percentile': 0.48511616032678073, 'includedCategories': ['code', 'governance', 'community', 'operation', 'fundamental'], 'score': 60.6, 'scoreCodeSecurity': 67.44, 'scoreCommunity': 52.45, 'scoreFundamental': 49.59, 'scoreGovernance': 69.37, 'scoreMarket': None, 'scoreOperation': 68.3}",,,0.00016870546096470207,,,,,False,1,BSC
592,Firulais,firulais,https://skynet.certik.com/projects/firulais,"{'rank': 8963, 'percentile': 0.48603523104416646, 'includedCategories': ['code', 'governance', 'community', 'operation', 'fundamental'], 'score': 60.57, 'scoreCodeSecurity': 77.45, 'scoreCommunity': 55, 'scoreFundamental': 49.1, 'scoreGovernance': 60.36, 'scoreMarket': None, 'scoreOperation': 55.5}",,,,,,,,True,1,Ethereum
593,MintSwap,mintswap,https://skynet.certik.com/projects/mintswap,"{'rank': 8977, 'percentile': 0.4866479448557569, 'includedCategories': ['code', 'governance', 'community', 'market', 'operation', 'fundamental'], 'score': 60.56, 'scoreCodeSecurity': 71.12, 'scoreCommunity': 53.28, 'scoreFundamental': 49.32, 'scoreGovernance': 46.34, 'scoreMarket': 69.88, 'scoreOperation': 55.5}",1.0610071552167755,,7860.49609375,,,,,False,1,BSC|Avalanche
594,Phame,phame,https://skynet.certik.com/projects/phame,"{'rank': 8979, 'percentile': 0.4866479448557569, 'includedCategories': ['code', 'community', 'operation', 'fundamental'], 'score': 60.56, 'scoreCodeSecurity': 72.44, 'scoreCommunity': 58.37, 'scoreFundamental': 49.91, 'scoreGovernance': None, 'scoreMarket': None, 'scoreOperation': 60.3}",,,,,,,,False,2,Ethereum|PulseChain
595,Hydro Protocol,hydro-protocol,https://skynet.certik.com/projects/hydro-protocol,"{'rank': 8990, 'percentile': 0.4874648966045443, 'includedCategories': ['code', 'governance', 'community', 'market', 'operation', 'fundamental'], 'score': 60.54, 'scoreCodeSecurity': 63.26, 'scoreCommunity': 58.83, 'scoreFundamental': 49.49, 'scoreGovernance': 64.86, 'scoreMarket': 63.7, 'scoreOperation': 65.1}",0.0002994293819678266,599427,0,,,,,False,0,Ethereum
596,Mango,mango-markets,https://skynet.certik.com/projects/mango-markets,"{'rank': 8992, 'percentile': 0.4874648966045443, 'includedCategories': ['code', 'governance', 'community', 'market', 'operation', 'fundamental'], 'score': 60.54, 'scoreCodeSecurity': 49.78, 'scoreCommunity': 38.39, 'scoreFundamental': 76.86, 'scoreGovernance': 30, 'scoreMarket': 77.86, 'scoreOperation': 51.26}",0.030430624775803477,34004972,761.8060777935937,,,,,False,0,Solana
597,YetiSwap,yetiswap,https://skynet.certik.com/projects/yetiswap,"{'rank': 8995, 'percentile': 0.4874648966045443, 'includedCategories': ['code', 'governance', 'community', 'operation', 'fundamental'], 'score': 60.54, 'scoreCodeSecurity': 61.8, 'scoreCommunity': 55, 'scoreFundamental': 49.05, 'scoreGovernance': 80.39, 'scoreMarket': None, 'scoreOperation': 66.7}",,,,,,,,False,0,Avalanche
598,TATA Coin,tata-coin,https://skynet.certik.com/projects/tata-coin,"{'rank': 9024, 'percentile': 0.48925197855501656, 'includedCategories': ['code', 'governance', 'community', 'operation', 'fundamental'], 'score': 60.49, 'scoreCodeSecurity': 60.64, 'scoreCommunity': 57.79, 'scoreFundamental': 49.72, 'scoreGovernance': 76.61, 'scoreMarket': None, 'scoreOperation': 68.3}",,,14507.2802734375,,,,,False,0,BSC
599,Cherry Network,cherry-network,https://skynet.certik.com/projects/cherry-network,"{'rank': 9053, 'percentile': 0.4913964768955833, 'includedCategories': ['code', 'governance', 'community', 'operation', 'fundamental'], 'score': 60.43, 'scoreCodeSecurity': 65.82, 'scoreCommunity': 63.42, 'scoreFundamental': 49.03, 'scoreGovernance': 74.4, 'scoreMarket': None, 'scoreOperation': 55.5}",,,0.05739474669098854,,,,,False,0,BSC
600,MocktailSwap,mocktailswap,https://skynet.certik.com/projects/mocktailswap,"{'rank': 9057, 'percentile': 0.4913964768955833, 'includedCategories': ['code', 'governance', 'community', 'operation', 'fundamental'], 'score': 60.43, 'scoreCodeSecurity': 70.5, 'scoreCommunity': 55, 'scoreFundamental': 49.47, 'scoreGovernance': 72.55, 'scoreMarket': None, 'scoreOperation': 55.5}",,,,,,,,False,1,BSC
601,Hybra Finance,hybra-finance,https://skynet.certik.com/projects/hybra-finance,"{'rank': 9068, 'percentile': 0.4917028338013786, 'includedCategories': ['community', 'operation', 'fundamental'], 'score': 60.42, 'scoreCodeSecurity': None, 'scoreCommunity': 93.56, 'scoreFundamental': 49.91, 'scoreGovernance': None, 'scoreMarket': None, 'scoreOperation': 48.3}",,,,,,,,False,0,Hyperliquid
602,BRC-20 DEX,brc-20-dex,https://skynet.certik.com/projects/brc-20-dex,"{'rank': 9070, 'percentile': 0.49206025019147304, 'includedCategories': ['code', 'governance', 'community', 'operation', 'fundamental'], 'score': 60.41, 'scoreCodeSecurity': 71.54, 'scoreCommunity': 60, 'scoreFundamental': 55.1, 'scoreGovernance': 41.29, 'scoreMarket': None, 'scoreOperation': 68.3}",,,,,,,,True,1,Bitcoin
603,BIKA,bika,https://skynet.certik.com/projects/bika,"{'rank': 9103, 'percentile': 0.4938473321419453, 'includedCategories': ['code', 'community', 'operation', 'fundamental'], 'score': 60.36, 'scoreCodeSecurity': 76.88, 'scoreCommunity': 43.32, 'scoreFundamental': 50.7, 'scoreGovernance': None, 'scoreMarket': None, 'scoreOperation': 63.7}",,,,,,,,False,1,
604,hiDOODLES,hidoodles,https://skynet.certik.com/projects/hidoodles,"{'rank': 9121, 'percentile': 0.49471534337503187, 'includedCategories': ['code', 'governance', 'community', 'operation', 'fundamental'], 'score': 60.33, 'scoreCodeSecurity': 57.54, 'scoreCommunity': 58.65, 'scoreFundamental': 58.5, 'scoreGovernance': 58.86, 'scoreMarket': None, 'scoreOperation': 72.72}",,,,,,,,False,0,Ethereum
605,CherrySwap,cherryswap,https://skynet.certik.com/projects/cherryswap,"{'rank': 9127, 'percentile': 0.4949195813122288, 'includedCategories': ['code', 'governance', 'community', 'market', 'operation', 'fundamental'], 'score': 60.32, 'scoreCodeSecurity': 75.98, 'scoreCommunity': 58.7, 'scoreFundamental': 46.06, 'scoreGovernance': 67.67, 'scoreMarket': 30, 'scoreOperation': 51.8}",,,,,,,,False,1,OKTC
606,Velorex,velorex,https://skynet.certik.com/projects/velorex,"{'rank': 9170, 'percentile': 0.49696196068419707, 'includedCategories': ['code', 'governance', 'community', 'operation', 'fundamental'], 'score': 60.28, 'scoreCodeSecurity': 67.3, 'scoreCommunity': 55, 'scoreFundamental': 49.1, 'scoreGovernance': 78.68, 'scoreMarket': None, 'scoreOperation': 55.5}",,,248.17381286621094,,,,,False,2,
607,ErcProtocol,ercprotocol,https://skynet.certik.com/projects/ercprotocol,"{'rank': 9172, 'percentile': 0.49747255552718916, 'includedCategories': ['code', 'governance', 'community', 'operation', 'fundamental'], 'score': 60.27, 'scoreCodeSecurity': 77.35, 'scoreCommunity': 43.32, 'scoreFundamental': 49.05, 'scoreGovernance': 49.98, 'scoreMarket': None, 'scoreOperation': 75.78}",,,,,,,,False,1,Ethereum
608,MSX,msx,https://skynet.certik.com/projects/msx,"{'rank': 9175, 'percentile': 0.49747255552718916, 'includedCategories': ['community', 'operation', 'fundamental'], 'score': 60.27, 'scoreCodeSecurity': None, 'scoreCommunity': 93.22, 'scoreFundamental': 49.78, 'scoreGovernance': None, 'scoreMarket': None, 'scoreOperation': 48.3}",,,,,,,,False,0,Ethereum|BSC|Solana|Sui|Base
609,CZRED,czred,https://skynet.certik.com/projects/czred,"{'rank': 9211, 'percentile': 0.4993617564462599, 'includedCategories': ['code', 'governance', 'community', 'operation', 'fundamental'], 'score': 60.22, 'scoreCodeSecurity': 53.75, 'scoreCommunity': 90.26, 'scoreFundamental': 49.06, 'scoreGovernance': 57.39, 'scoreMarket': None, 'scoreOperation': 68.3}",,,,,,,,False,0,BSC
610,Decaswap Finance,decaswap-finance,https://skynet.certik.com/projects/decaswap-finance,"{'rank': 9212, 'percentile': 0.4993617564462599, 'includedCategories': ['code', 'governance', 'community', 'operation', 'fundamental'], 'score': 60.22, 'scoreCodeSecurity': 72.82, 'scoreCommunity': 43.32, 'scoreFundamental': 49.33, 'scoreGovernance': 67.19, 'scoreMarket': None, 'scoreOperation': 66.7}",,,,,,,,False,2,BSC
611,iZUMi Bond USD,izumi-bond-usd,https://skynet.certik.com/projects/izumi-bond-usd,"{'rank': 9222, 'percentile': 0.5000255297421496, 'includedCategories': ['code', 'governance', 'community', 'market', 'operation', 'fundamental'], 'score': 60.2, 'scoreCodeSecurity': 57.79, 'scoreCommunity': 55, 'scoreFundamental': 51.95, 'scoreGovernance': 55.19, 'scoreMarket': 64.44, 'scoreOperation': 79.02}",0.31788,,24.17,,,,,False,0,Ethereum
612,YouSwap,youswap,https://skynet.certik.com/projects/youswap,"{'rank': 9227, 'percentile': 0.5000255297421496, 'includedCategories': ['code', 'community', 'operation', 'fundamental'], 'score': 60.2, 'scoreCodeSecurity': 70.9, 'scoreCommunity': 56.13, 'scoreFundamental': 49.49, 'scoreGovernance': None, 'scoreMarket': None, 'scoreOperation': 64.3}",,,,,,,,False,1,
613,Byreal,byreal,https://skynet.certik.com/projects/byreal,"{'rank': 9244, 'percentile': 0.5011488383967322, 'includedCategories': ['community', 'operation', 'fundamental'], 'score': 60.17, 'scoreCodeSecurity': None, 'scoreCommunity': 92.46, 'scoreFundamental': 49.95, 'scoreGovernance': None, 'scoreMarket': None, 'scoreOperation': 48.3}",,,,,,,,False,0,Solana
614,Kenshi,kenshi,https://skynet.certik.com/projects/kenshi,"{'rank': 9252, 'percentile': 0.5014551953025275, 'includedCategories': ['code', 'governance', 'community', 'operation', 'fundamental'], 'score': 60.16, 'scoreCodeSecurity': 45.13, 'scoreCommunity': 60.12, 'scoreFundamental': 79.5, 'scoreGovernance': 43.41, 'scoreMarket': None, 'scoreOperation': 68.3}",,,,,,,,False,0,BSC
615,Splash,splash,https://skynet.certik.com/projects/splash,"{'rank': 9339, 'percentile': 0.5058463109522594, 'includedCategories': ['community', 'operation', 'fundamental'], 'score': 60.16, 'scoreCodeSecurity': None, 'scoreCommunity': 83.74, 'scoreFundamental': 54.3, 'scoreGovernance': None, 'scoreMarket': None, 'scoreOperation': 48.3}",,,,,,,,False,0,Cardano
616,OpenSwap,openswap,https://skynet.certik.com/projects/openswap,"{'rank': 9258, 'percentile': 0.5019147306612204, 'includedCategories': ['code', 'governance', 'community', 'market', 'operation', 'fundamental'], 'score': 60.15, 'scoreCodeSecurity': 47.96, 'scoreCommunity': 59.38, 'scoreFundamental': 79.5, 'scoreGovernance': 76.87, 'scoreMarket': 47.34, 'scoreOperation': 68.3}",,,0.33630841970443726,,,,,False,0,BSC
617,ION DAO,ion-dao,https://skynet.certik.com/projects/ion-dao,"{'rank': 9276, 'percentile': 0.5027316824100077, 'includedCategories': ['community', 'operation', 'fundamental'], 'score': 60.13, 'scoreCodeSecurity': None, 'scoreCommunity': 81.72, 'scoreFundamental': 49.25, 'scoreGovernance': None, 'scoreMarket': None, 'scoreOperation': 60.3}",,,,,,,,False,0,Cosmos
618,NUTGAIN,nutgain,https://skynet.certik.com/projects/nutgain,"{'rank': 9282, 'percentile': 0.5030380393158029, 'includedCategories': ['code', 'governance', 'community', 'market', 'operation', 'fundamental'], 'score': 60.12, 'scoreCodeSecurity': 70.83, 'scoreCommunity': 48.22, 'scoreFundamental': 49.61, 'scoreGovernance': 44.82, 'scoreMarket': 66.87, 'scoreOperation': 66.7}",,,18117.27,,,,,True,3,BSC
619,Proteo DeFi,proteo-defi,https://skynet.certik.com/projects/proteo-defi,"{'rank': 9307, 'percentile': 0.5043655859075824, 'includedCategories': ['community', 'market', 'operation', 'fundamental'], 'score': 60.08, 'scoreCodeSecurity': None, 'scoreCommunity': 55, 'scoreFundamental': 49.06, 'scoreGovernance': None, 'scoreMarket': 69.05, 'scoreOperation': 60.3}",0.0022911390965451054,23349,125.22916412353516,,,,,False,0,Multiversx
620,Minereum BSC,minereum-bsc,https://skynet.certik.com/projects/minereum-bsc,"{'rank': 9311, 'percentile': 0.5044677048761808, 'includedCategories': ['code', 'governance', 'community', 'operation', 'fundamental'], 'score': 60.07, 'scoreCodeSecurity': 57.75, 'scoreCommunity': 43.32, 'scoreFundamental': 49.04, 'scoreGovernance': 96.9, 'scoreMarket': None, 'scoreOperation': 66.7}",,,,,,,,False,0,BSC
621,Hare Token,haretoken,https://skynet.certik.com/projects/haretoken,"{'rank': 9315, 'percentile': 0.504774061781976, 'includedCategories': ['code', 'governance', 'community', 'operation', 'fundamental'], 'score': 60.06, 'scoreCodeSecurity': 68.47, 'scoreCommunity': 64.2, 'scoreFundamental': 49.51, 'scoreGovernance': 64.73, 'scoreMarket': None, 'scoreOperation': 55.5}",2.4543201e-17,,11.84317398071289,,,,,False,1,BSC
622,Sandwich Network,sandwich-network,https://skynet.certik.com/projects/sandwich-network,"{'rank': 9321, 'percentile': 0.5049782997191729, 'includedCategories': ['code', 'governance', 'community', 'operation', 'fundamental'], 'score': 60.05, 'scoreCodeSecurity': 70.09, 'scoreCommunity': 55, 'scoreFundamental': 49.25, 'scoreGovernance': 58.37, 'scoreMarket': None, 'scoreOperation': 68.3}",,,10.379412651062012,,,,,False,1,
623,GooseFX,goosefx,https://skynet.certik.com/projects/goosefx,"{'rank': 9323, 'percentile': 0.505284656624968, 'includedCategories': ['code', 'governance', 'community', 'market', 'operation', 'fundamental'], 'score': 60.04, 'scoreCodeSecurity': 55.04, 'scoreCommunity': 61.06, 'scoreFundamental': 58.5, 'scoreGovernance': 32.74, 'scoreMarket': 71.73, 'scoreOperation': 64.3}",,,,,,,,False,0,Solana
624,KnightSwap,knightswap,https://skynet.certik.com/projects/knightswap,"{'rank': 9341, 'percentile': 0.5063058463109522, 'includedCategories': ['code', 'governance', 'community', 'market', 'operation', 'fundamental'], 'score': 60.01, 'scoreCodeSecurity': 56.14, 'scoreCommunity': 43.32, 'scoreFundamental': 49.88, 'scoreGovernance': 65.22, 'scoreMarket': 70.4, 'scoreOperation': 68.3}",0.0002026818850537895,,629.8993988037109,,,,,False,0,BSC
625,Garden Finance,garden-finance,https://skynet.certik.com/projects/garden-finance,"{'rank': 9375, 'percentile': 0.5082461067143222, 'includedCategories': ['code', 'governance', 'community', 'operation', 'fundamental'], 'score': 59.96, 'scoreCodeSecurity': 71.23, 'scoreCommunity': 83.42, 'scoreFundamental': 71.29, 'scoreGovernance': 74.45, 'scoreMarket': None, 'scoreOperation': 66.66}",,,,,,,,True,1,Ethereum
626,Spaceswap SHAKE,shake,https://skynet.certik.com/projects/shake,"{'rank': 9387, 'percentile': 0.508450344651519, 'includedCategories': ['code', 'governance', 'community', 'market', 'operation', 'fundamental'], 'score': 59.95, 'scoreCodeSecurity': 59.45, 'scoreCommunity': 43.32, 'scoreFundamental': 49.16, 'scoreGovernance': 55.47, 'scoreMarket': 70.26, 'scoreOperation': 72.72}",,,,,,,,False,0,Ethereum
627,Hippo Swap,hippo-swap,https://skynet.certik.com/projects/hippo-swap,"{'rank': 9407, 'percentile': 0.5095736533061016, 'includedCategories': ['code', 'governance', 'community', 'market', 'operation', 'fundamental'], 'score': 59.92, 'scoreCodeSecurity': 50.7, 'scoreCommunity': 60.99, 'scoreFundamental': 50.9, 'scoreGovernance': 60.47, 'scoreMarket': 71.42, 'scoreOperation': 60.3}",,,,,,,,False,0,Base|Scroll
628,MuskSwap,muskswapclub,https://skynet.certik.com/projects/muskswapclub,"{'rank': 9408, 'percentile': 0.5095736533061016, 'includedCategories': ['code', 'governance', 'community', 'operation', 'fundamental'], 'score': 59.92, 'scoreCodeSecurity': 72.24, 'scoreCommunity': 82.53, 'scoreFundamental': 39.08, 'scoreGovernance': 58.74, 'scoreMarket': None, 'scoreOperation': 61.56}",,,,,,,,False,1,BSC|Ethereum
629,TapSwap Finance,tapswapfinance,https://skynet.certik.com/projects/tapswapfinance,"{'rank': 9414, 'percentile': 0.5098800102118969, 'includedCategories': ['code', 'governance', 'community', 'operation', 'fundamental'], 'score': 59.91, 'scoreCodeSecurity': 78.7, 'scoreCommunity': 47.64, 'scoreFundamental': 49.25, 'scoreGovernance': 47.5, 'scoreMarket': None, 'scoreOperation': 68.3}",,,,,,,,False,1,BSC
630,XFai,xfai,https://skynet.certik.com/projects/xfai,"{'rank': 9415, 'percentile': 0.5098800102118969, 'includedCategories': ['code', 'governance', 'community', 'market', 'operation', 'fundamental'], 'score': 59.91, 'scoreCodeSecurity': 55.58, 'scoreCommunity': 51.28, 'scoreFundamental': 49.36, 'scoreGovernance': 74.73, 'scoreMarket': 64.04, 'scoreOperation': 71.12}",0.00252972,,67.33,,,,,False,0,
631,Empire Token,empiretoken,https://skynet.certik.com/projects/empiretoken,"{'rank': 9429, 'percentile': 0.5107990809292826, 'includedCategories': ['code', 'governance', 'community', 'operation', 'fundamental'], 'score': 59.89, 'scoreCodeSecurity': 73.2, 'scoreCommunity': 43.32, 'scoreFundamental': 49.11, 'scoreGovernance': 64.59, 'scoreMarket': None, 'scoreOperation': 66.7}",,,0.8163081808015704,,,,,False,3,BSC
632,YFFII Finance,yffii-finance,https://skynet.certik.com/projects/yffii-finance,"{'rank': 9439, 'percentile': 0.5111054378350779, 'includedCategories': ['code', 'governance', 'community', 'operation', 'fundamental'], 'score': 59.88, 'scoreCodeSecurity': 58.75, 'scoreCommunity': 43.32, 'scoreFundamental': 49.88, 'scoreGovernance': 90.29, 'scoreMarket': None, 'scoreOperation': 68.3}",3.324824866e-15,0,0,,,,,False,0,BSC
633,Blizzard Network,blizzard-network,https://skynet.certik.com/projects/blizzard-network,"{'rank': 9440, 'percentile': 0.5113607352565739, 'includedCategories': ['code', 'governance', 'community', 'operation', 'fundamental'], 'score': 59.87, 'scoreCodeSecurity': 71.61, 'scoreCommunity': 43.32, 'scoreFundamental': 49.84, 'scoreGovernance': 66.17, 'scoreMarket': None, 'scoreOperation': 66.7}",,,,,,,,True,1,Avalanche
634,PolyDex,polydex,https://skynet.certik.com/projects/polydex,"{'rank': 9443, 'percentile': 0.5113607352565739, 'includedCategories': ['code', 'community', 'operation', 'fundamental'], 'score': 59.87, 'scoreCodeSecurity': 71.9, 'scoreCommunity': 52.66, 'scoreFundamental': 49.24, 'scoreGovernance': None, 'scoreMarket': None, 'scoreOperation': 64.3}",,,,,,,,False,4,Polygon
635,AsgardX,asgardx,https://skynet.certik.com/projects/asgardx,"{'rank': 9444, 'percentile': 0.5119223895838652, 'includedCategories': ['code', 'governance', 'community', 'operation', 'fundamental'], 'score': 59.86, 'scoreCodeSecurity': 74.94, 'scoreCommunity': 55, 'scoreFundamental': 49.06, 'scoreGovernance': 49.35, 'scoreMarket': None, 'scoreOperation': 66.7}",,,,,,,,True,1,
636,Fibswap,fibswap,https://skynet.certik.com/projects/fibswap,"{'rank': 9447, 'percentile': 0.5119223895838652, 'includedCategories': ['code', 'governance', 'community', 'operation', 'fundamental'], 'score': 59.86, 'scoreCodeSecurity': 72.21, 'scoreCommunity': 55, 'scoreFundamental': 49.62, 'scoreGovernance': 64.84, 'scoreMarket': None, 'scoreOperation': 55.5}",,,,,,,,False,2,BSC
637,Mummy Finance,mummy-finance,https://skynet.certik.com/projects/mummy-finance,"{'rank': 9458, 'percentile': 0.5122287464896604, 'includedCategories': ['community', 'market', 'operation', 'fundamental'], 'score': 59.85, 'scoreCodeSecurity': None, 'scoreCommunity': 52.15, 'scoreFundamental': 49.51, 'scoreGovernance': None, 'scoreMarket': 69.17, 'scoreOperation': 60.3}",0.018569885495468362,69343,212.6995735168457,,,,,False,0,Fantom
638,Saber,saber,https://skynet.certik.com/projects/saber,"{'rank': 9467, 'percentile': 0.5126372223640541, 'includedCategories': ['code', 'governance', 'community', 'market', 'operation', 'fundamental'], 'score': 59.84, 'scoreCodeSecurity': 56.35, 'scoreCommunity': 43.32, 'scoreFundamental': 58.5, 'scoreGovernance': 35.94, 'scoreMarket': 71.98, 'scoreOperation': 73.48}",0.0004722219528143618,,3941.003906603457,,,,,False,0,
639,Levana Protocol,levana-protocol,https://skynet.certik.com/projects/levana-protocol,"{'rank': 9478, 'percentile': 0.513352055144243, 'includedCategories': ['code', 'community', 'market', 'operation', 'fundamental'], 'score': 59.82, 'scoreCodeSecurity': 39.5, 'scoreCommunity': 55, 'scoreFundamental': 55.1, 'scoreGovernance': None, 'scoreMarket': 77.97, 'scoreOperation': 60.3}",0.0005700270590307056,466306,43.22574806213379,,,,,True,0,Sei|Cosmos
640,Equalizer DEX,equalizer-dex,https://skynet.certik.com/projects/equalizer-dex,"{'rank': 9486, 'percentile': 0.5139137094715344, 'includedCategories': ['code', 'community', 'market', 'operation', 'fundamental'], 'score': 59.81, 'scoreCodeSecurity': 30.98, 'scoreCommunity': 92.41, 'scoreFundamental': 49.14, 'scoreGovernance': None, 'scoreMarket': 73.77, 'scoreOperation': 64.3}",,,,,,,,False,0,Fantom
641,POLYDeFI,polydefi,https://skynet.certik.com/projects/polydefi,"{'rank': 9490, 'percentile': 0.5139137094715344, 'includedCategories': ['code', 'governance', 'community', 'operation', 'fundamental'], 'score': 59.81, 'scoreCodeSecurity': 71.78, 'scoreCommunity': 54.69, 'scoreFundamental': 49.99, 'scoreGovernance': 49.35, 'scoreMarket': None, 'scoreOperation': 71.12}",,,,,,,,True,1,Polygon
642,AnchorSwap,anchorswap,https://skynet.certik.com/projects/anchorswap,"{'rank': 9494, 'percentile': 0.514322185345928, 'includedCategories': ['code', 'governance', 'community', 'market', 'operation', 'fundamental'], 'score': 59.8, 'scoreCodeSecurity': 47.43, 'scoreCommunity': 54.96, 'scoreFundamental': 49.3, 'scoreGovernance': 65.15, 'scoreMarket': 72.05, 'scoreOperation': 68.3}",,,,,,,,False,0,BSC
643,SwapX V2,swapx-v2,https://skynet.certik.com/projects/swapx-v2,"{'rank': 9559, 'percentile': 0.5175899923410774, 'includedCategories': ['community', 'market', 'operation', 'fundamental'], 'score': 59.72, 'scoreCodeSecurity': None, 'scoreCommunity': 44.13, 'scoreFundamental': 49.93, 'scoreGovernance': None, 'scoreMarket': 73.12, 'scoreOperation': 54.7}",0.0011160731997585502,,647.822151184082,,,,,False,0,Fantom
644,ZigZag,zigzag,https://skynet.certik.com/projects/zigzag,"{'rank': 9568, 'percentile': 0.5180495276997703, 'includedCategories': ['code', 'governance', 'community', 'operation', 'fundamental'], 'score': 59.71, 'scoreCodeSecurity': 66.77, 'scoreCommunity': 43.32, 'scoreFundamental': 49.36, 'scoreGovernance': 82.46, 'scoreMarket': None, 'scoreOperation': 59.92}",,,,,,,,False,0,Ethereum
645,bsc-rex.io,rex-io,https://skynet.certik.com/projects/rex-io,"{'rank': 9580, 'percentile': 0.5188664794485576, 'includedCategories': ['code', 'governance', 'community', 'market', 'operation', 'fundamental'], 'score': 59.69, 'scoreCodeSecurity': 72.97, 'scoreCommunity': 62.49, 'scoreFundamental': 49.95, 'scoreGovernance': 85.4, 'scoreMarket': 44.97, 'scoreOperation': 68.3}",,,144.87196350097656,,,,,False,1,BSC
646,AstroSwap,astroswap,https://skynet.certik.com/projects/astroswap,"{'rank': 9594, 'percentile': 0.5198366096502425, 'includedCategories': ['code', 'governance', 'community', 'market', 'operation', 'fundamental'], 'score': 59.67, 'scoreCodeSecurity': 53.1, 'scoreCommunity': 51.73, 'scoreFundamental': 49.27, 'scoreGovernance': 67.84, 'scoreMarket': 72.3, 'scoreOperation': 55.5}",,2900,9.522145756520331,,,,,False,0,BSC
647,Project X,projectx,https://skynet.certik.com/projects/projectx,"{'rank': 9600, 'percentile': 0.5198366096502425, 'includedCategories': ['code', 'governance', 'community', 'market', 'operation', 'fundamental'], 'score': 59.67, 'scoreCodeSecurity': 50.7, 'scoreCommunity': 62.41, 'scoreFundamental': 49.46, 'scoreGovernance': 49.91, 'scoreMarket': 71.91, 'scoreOperation': 68.3}",,,,,,,,False,0,BSC
648,TurboFlow,turboflow,https://skynet.certik.com/projects/turboflow,"{'rank': 9631, 'percentile': 0.5214194536635179, 'includedCategories': ['community', 'operation', 'fundamental'], 'score': 59.64, 'scoreCodeSecurity': None, 'scoreCommunity': 90.8, 'scoreFundamental': 49.72, 'scoreGovernance': None, 'scoreMarket': None, 'scoreOperation': 48.3}",,,,,,,,False,0,
649,GMD Protocol,gmd-protocol,https://skynet.certik.com/projects/gmd-protocol,"{'rank': 9643, 'percentile': 0.5225427623181006, 'includedCategories': ['code', 'governance', 'community', 'operation', 'fundamental'], 'score': 59.62, 'scoreCodeSecurity': 79.01, 'scoreCommunity': 43.32, 'scoreFundamental': 49.79, 'scoreGovernance': 60.95, 'scoreMarket': None, 'scoreOperation': 55.5}",,,,,,,,True,1,Arbitrum
650,Definix,sixnetwork,https://skynet.certik.com/projects/sixnetwork,"{'rank': 9652, 'percentile': 0.5225427623181006, 'includedCategories': ['code', 'governance', 'community', 'market', 'operation', 'fundamental'], 'score': 59.62, 'scoreCodeSecurity': 76.99, 'scoreCommunity': 68.39, 'scoreFundamental': 49.68, 'scoreGovernance': 69.89, 'scoreMarket': 45.43, 'scoreOperation': 68.3}",,,4.468594551086426,,,,,False,4,BSC
651,Cables Finance DEX,cablesfinancedex,https://skynet.certik.com/projects/cablesfinancedex,"{'rank': 9653, 'percentile': 0.5227470002552974, 'includedCategories': ['code', 'community', 'operation', 'fundamental'], 'score': 59.61, 'scoreCodeSecurity': 71.79, 'scoreCommunity': 55, 'scoreFundamental': 49.39, 'scoreGovernance': None, 'scoreMarket': None, 'scoreOperation': 60.3}",,,,,,,,False,1,Avalanche
652,BasedSwap,basedswap,https://skynet.certik.com/projects/basedswap,"{'rank': 9658, 'percentile': 0.5230533571610927, 'includedCategories': ['code', 'governance', 'community', 'operation', 'fundamental'], 'score': 59.6, 'scoreCodeSecurity': 79.62, 'scoreCommunity': 41.24, 'scoreFundamental': 44.48, 'scoreGovernance': 68.52, 'scoreMarket': None, 'scoreOperation': 63.5}",,,,,,,,True,1,Base
653,DYORSWAP,dyorswap,https://skynet.certik.com/projects/dyorswap,"{'rank': 9659, 'percentile': 0.5230533571610927, 'includedCategories': ['community', 'market', 'operation', 'fundamental'], 'score': 59.6, 'scoreCodeSecurity': None, 'scoreCommunity': 92.06, 'scoreFundamental': 49.37, 'scoreGovernance': None, 'scoreMarket': 55.91, 'scoreOperation': 58.7}",,,,,,,,False,0,Blast
654,Orcania,orcania,https://skynet.certik.com/projects/orcania,"{'rank': 9665, 'percentile': 0.5233086545825887, 'includedCategories': ['code', 'community', 'operation', 'fundamental'], 'score': 59.59, 'scoreCodeSecurity': 69.67, 'scoreCommunity': 43.32, 'scoreFundamental': 58.1, 'scoreGovernance': None, 'scoreMarket': None, 'scoreOperation': 58.7}",,,,,,,,False,1,Ethereum
655,Floor Protocol,flooring-protocol,https://skynet.certik.com/projects/flooring-protocol,"{'rank': 9671, 'percentile': 0.5236660709726833, 'includedCategories': ['code', 'governance', 'community', 'market', 'operation', 'fundamental'], 'score': 59.58, 'scoreCodeSecurity': 54.550000000000004, 'scoreCommunity': 42.02, 'scoreFundamental': 47.89, 'scoreGovernance': 69.08, 'scoreMarket': 70.95, 'scoreOperation': 66.99000000000001}",,,,,,,,False,0,Ethereum
656,Hertz Network,hertz-network,https://skynet.certik.com/projects/hertz-network,"{'rank': 9681, 'percentile': 0.5240234873627776, 'includedCategories': ['code', 'governance', 'community', 'market', 'operation', 'fundamental'], 'score': 59.56, 'scoreCodeSecurity': 55.99, 'scoreCommunity': 59.33, 'scoreFundamental': 49.52, 'scoreGovernance': 38.79, 'scoreMarket': 71.37, 'scoreOperation': 72.38}",2.0384265991391174e-06,10678,3.00836443901062,,,,,False,0,
657,Monaco Protocol,monaco-protocol,https://skynet.certik.com/projects/monaco-protocol,"{'rank': 9693, 'percentile': 0.5247893796272658, 'includedCategories': ['community', 'operation', 'fundamental'], 'score': 59.54, 'scoreCodeSecurity': None, 'scoreCommunity': 91.23, 'scoreFundamental': 49.31, 'scoreGovernance': None, 'scoreMarket': None, 'scoreOperation': 48.3}",,,,,,,,False,0,
658,InvestDex,investdex,https://skynet.certik.com/projects/investdex,"{'rank': 9715, 'percentile': 0.5261169262190453, 'includedCategories': ['code', 'governance', 'community', 'operation', 'fundamental'], 'score': 59.51, 'scoreCodeSecurity': 58.24, 'scoreCommunity': 59.02, 'scoreFundamental': 49.93, 'scoreGovernance': 72.94, 'scoreMarket': None, 'scoreOperation': 68.3}",,,,,,,,False,0,BSC
659,H2O,h2o-poseidon,https://skynet.certik.com/projects/h2o-poseidon,"{'rank': 9725, 'percentile': 0.5265254020934389, 'includedCategories': ['code', 'governance', 'community', 'market', 'operation', 'fundamental'], 'score': 59.5, 'scoreCodeSecurity': 52.66, 'scoreCommunity': 43.32, 'scoreFundamental': 49.57, 'scoreGovernance': 71.05, 'scoreMarket': 72.09, 'scoreOperation': 59.92}",,,,,,,,False,0,Ethereum
660,Energyfi,energyfi,https://skynet.certik.com/projects/energyfi,"{'rank': 9740, 'percentile': 0.5275465917794231, 'includedCategories': ['code', 'governance', 'community', 'market', 'operation', 'fundamental'], 'score': 59.48, 'scoreCodeSecurity': 48.07, 'scoreCommunity': 55, 'scoreFundamental': 49.48, 'scoreGovernance': 59.96, 'scoreMarket': 72.68, 'scoreOperation': 66.7}",,,5.790854454040527,,,,,False,0,BSC
661,FRZ Solar System,frz-solar-system,https://skynet.certik.com/projects/frz-solar-system,"{'rank': 9742, 'percentile': 0.5275465917794231, 'includedCategories': ['code', 'governance', 'community', 'operation', 'fundamental'], 'score': 59.48, 'scoreCodeSecurity': 69.33, 'scoreCommunity': 43.32, 'scoreFundamental': 49.16, 'scoreGovernance': 80.57, 'scoreMarket': None, 'scoreOperation': 55.5}",,,,,,,,False,1,BSC
662,Cap,cap,https://skynet.certik.com/projects/cap,"{'rank': 9759, 'percentile': 0.528516721981108, 'includedCategories': ['code', 'governance', 'community', 'market', 'operation', 'fundamental'], 'score': 59.45, 'scoreCodeSecurity': 55.32, 'scoreCommunity': 43.32, 'scoreFundamental': 49.27, 'scoreGovernance': 58.68, 'scoreMarket': 71.68, 'scoreOperation': 68.3}",,,,,,,,False,0,
663,Pegasus DEX,pegasus-dex,https://skynet.certik.com/projects/pegasus-dex,"{'rank': 9786, 'percentile': 0.529742149604289, 'includedCategories': ['code', 'governance', 'community', 'operation', 'fundamental'], 'score': 59.43, 'scoreCodeSecurity': 74.64, 'scoreCommunity': 54.35, 'scoreFundamental': 49.56, 'scoreGovernance': 46.54, 'scoreMarket': None, 'scoreOperation': 66.7}",,,,,,,,False,1,Arbitrum|BSC
664,MonoX Protocol,monox-protocol-token,https://skynet.certik.com/projects/monox-protocol-token,"{'rank': 9795, 'percentile': 0.5304569823844779, 'includedCategories': ['code', 'governance', 'community', 'operation', 'fundamental'], 'score': 59.42, 'scoreCodeSecurity': 45.96, 'scoreCommunity': 53.34, 'scoreFundamental': 79.5, 'scoreGovernance': 43.35, 'scoreMarket': None, 'scoreOperation': 68.3}",,,,,,,,False,0,Ethereum
665,Shen,shen,https://skynet.certik.com/projects/shen,"{'rank': 9811, 'percentile': 0.53096757722747, 'includedCategories': ['code', 'community', 'market', 'operation', 'fundamental'], 'score': 59.41, 'scoreCodeSecurity': 38.35, 'scoreCommunity': 94.37, 'scoreFundamental': 49.31, 'scoreGovernance': None, 'scoreMarket': 66.9, 'scoreOperation': 64.3}",0.07078463509224006,26962661,3262.716278076172,,,,,False,0,Cardano
666,Arbswap,arbswap,https://skynet.certik.com/projects/arbswap,"{'rank': 9813, 'percentile': 0.531222874648966, 'includedCategories': ['code', 'community', 'market', 'operation', 'fundamental'], 'score': 59.4, 'scoreCodeSecurity': 76.92, 'scoreCommunity': 64.65, 'scoreFundamental': 49.44, 'scoreGovernance': None, 'scoreMarket': 51.52, 'scoreOperation': 62.7}",,,,,,,,False,1,
667,Solana Ecosystem Index,solana-ecosystem-index,https://skynet.certik.com/projects/solana-ecosystem-index,"{'rank': 9838, 'percentile': 0.5324483022721471, 'includedCategories': ['code', 'community', 'market', 'operation', 'fundamental'], 'score': 59.37, 'scoreCodeSecurity': 45.84, 'scoreCommunity': 43.32, 'scoreFundamental': 49.95, 'scoreGovernance': None, 'scoreMarket': 79.72, 'scoreOperation': 60.3}",,,,,,,,False,0,Solana
668,UrDEX,urdex,https://skynet.certik.com/projects/urdex,"{'rank': 9868, 'percentile': 0.5341332652540209, 'includedCategories': ['code', 'governance', 'community', 'market', 'operation', 'fundamental'], 'score': 59.32, 'scoreCodeSecurity': 54.5, 'scoreCommunity': 43.32, 'scoreFundamental': 49.5, 'scoreGovernance': 62.53, 'scoreMarket': 74.61, 'scoreOperation': 55.5}",,,,,,,,False,0,Arbitrum
669,Kwenta,kwenta,https://skynet.certik.com/projects/kwenta,"{'rank': 9881, 'percentile': 0.5348480980342099, 'includedCategories': ['code', 'community', 'market', 'operation', 'fundamental'], 'score': 59.3, 'scoreCodeSecurity': 36.07, 'scoreCommunity': 43.32, 'scoreFundamental': 49.21, 'scoreGovernance': None, 'scoreMarket': 81.82, 'scoreOperation': 74.32}",4.1402786569238454,1787810,0,,,,,False,0,Optimism
670,Bunny Park,bunnypark,https://skynet.certik.com/projects/bunnypark,"{'rank': 9891, 'percentile': 0.535358692877202, 'includedCategories': ['code', 'governance', 'community', 'market', 'operation', 'fundamental'], 'score': 59.28, 'scoreCodeSecurity': 72.62, 'scoreCommunity': 58.84, 'scoreFundamental': 49.97, 'scoreGovernance': 81, 'scoreMarket': 46.49, 'scoreOperation': 68.3}",,,30.80686284089461,,,,,True,2,BSC
671,VentiSwap,ventiswap,https://skynet.certik.com/projects/ventiswap,"{'rank': 9910, 'percentile': 0.536328823078887, 'includedCategories': ['code', 'community', 'operation', 'fundamental'], 'score': 59.25, 'scoreCodeSecurity': 74.5, 'scoreCommunity': 47.34, 'scoreFundamental': 49.43, 'scoreGovernance': None, 'scoreMarket': None, 'scoreOperation': 60.3}",,,,,,,,False,1,
672,Fusotao Protocol,fusotao-protocol,https://skynet.certik.com/projects/fusotao-protocol,"{'rank': 9921, 'percentile': 0.5371457748276742, 'includedCategories': ['code', 'governance', 'community', 'operation', 'fundamental'], 'score': 59.23, 'scoreCodeSecurity': 56.74, 'scoreCommunity': 91.14, 'scoreFundamental': 49.19, 'scoreGovernance': 44.9, 'scoreMarket': None, 'scoreOperation': 66.7}",,,,,,,,False,0,Ethereum
673,Falconswap,fsw-token,https://skynet.certik.com/projects/fsw-token,"{'rank': 9929, 'percentile': 0.5376563696706663, 'includedCategories': ['code', 'governance', 'community', 'operation', 'fundamental'], 'score': 59.22, 'scoreCodeSecurity': 53.5, 'scoreCommunity': 59.31, 'scoreFundamental': 49.72, 'scoreGovernance': 77.35, 'scoreMarket': None, 'scoreOperation': 71.46}",,,,,,,,False,0,Ethereum
674,Hummus,hummus,https://skynet.certik.com/projects/hummus,"{'rank': 9931, 'percentile': 0.5376563696706663, 'includedCategories': ['community', 'market', 'operation', 'fundamental'], 'score': 59.22, 'scoreCodeSecurity': None, 'scoreCommunity': 43.32, 'scoreFundamental': 49.05, 'scoreGovernance': None, 'scoreMarket': 70.95, 'scoreOperation': 60.3}",,,,,,,,False,0,Metisdao
675,AQUANEE,aquanee,https://skynet.certik.com/projects/aquanee,"{'rank': 9953, 'percentile': 0.5388817972938473, 'includedCategories': ['code', 'governance', 'community', 'operation', 'fundamental'], 'score': 59.19, 'scoreCodeSecurity': 64.35, 'scoreCommunity': 55, 'scoreFundamental': 57.9, 'scoreGovernance': 52.74, 'scoreMarket': None, 'scoreOperation': 62.1}",,,,,,,,False,1,BSC
676,BitStable,bitstable,https://skynet.certik.com/projects/bitstable,"{'rank': 9954, 'percentile': 0.5388817972938473, 'includedCategories': ['code', 'governance', 'community', 'market', 'operation', 'fundamental'], 'score': 59.19, 'scoreCodeSecurity': 49.94, 'scoreCommunity': 50.34, 'scoreFundamental': 49.43, 'scoreGovernance': 84.6, 'scoreMarket': 61.96, 'scoreOperation': 72.38}",0.005600946636680381,,2.3517606258392334,,,,,False,0,Bitcoin|Ethereum
677,Capricorn,capricorn,https://skynet.certik.com/projects/capricorn,"{'rank': 9963, 'percentile': 0.5396987490426346, 'includedCategories': ['community', 'operation', 'fundamental'], 'score': 59.18, 'scoreCodeSecurity': None, 'scoreCommunity': 88.89, 'scoreFundamental': 49.76, 'scoreGovernance': None, 'scoreMarket': None, 'scoreOperation': 48.3}",,,,,,,,False,0,
678,Coin Of Champions,coin-of-champions,https://skynet.certik.com/projects/coin-of-champions,"{'rank': 9964, 'percentile': 0.5396987490426346, 'includedCategories': ['code', 'governance', 'community', 'market', 'operation', 'fundamental'], 'score': 59.18, 'scoreCodeSecurity': 50.15, 'scoreCommunity': 43.32, 'scoreFundamental': 49.72, 'scoreGovernance': 65.38, 'scoreMarket': 71.68, 'scoreOperation': 68.3}",,,0.9938263893127441,,,,,False,0,BSC
679,Enchanter Finance,enchanter-finance,https://skynet.certik.com/projects/enchanter-finance,"{'rank': 9966, 'percentile': 0.5396987490426346, 'includedCategories': ['code', 'community', 'operation', 'fundamental'], 'score': 59.18, 'scoreCodeSecurity': 74.21, 'scoreCommunity': 43.32, 'scoreFundamental': 49.51, 'scoreGovernance': None, 'scoreMarket': None, 'scoreOperation': 64.3}",,,,,,,,False,1,Aptos
680,Equilibrium,equilibrium-eq,https://skynet.certik.com/projects/equilibrium-eq,"{'rank': 9978, 'percentile': 0.5398519274955322, 'includedCategories': ['code', 'community', 'operation', 'fundamental'], 'score': 59.17, 'scoreCodeSecurity': 71.25, 'scoreCommunity': 51.6, 'scoreFundamental': 49.78, 'scoreGovernance': None, 'scoreMarket': None, 'scoreOperation': 61.35}",,,,,,,,True,2,
681,Canadian Inuit Dog(NEW),canadian-inuit-dog-v2,https://skynet.certik.com/projects/canadian-inuit-dog-v2,"{'rank': 9986, 'percentile': 0.540260403369926, 'includedCategories': ['code', 'governance', 'community', 'market', 'operation', 'fundamental'], 'score': 59.15, 'scoreCodeSecurity': 59.47, 'scoreCommunity': 58.02, 'scoreFundamental': 49.34, 'scoreGovernance': 58.79, 'scoreMarket': 61.75, 'scoreOperation': 71.77}",3.0002930261679767e-07,,4.633188247680664,,,,,False,0,BSC
682,FRZ Dex,frz-dex,https://skynet.certik.com/projects/frz-dex,"{'rank': 10010, 'percentile': 0.5418432473832014, 'includedCategories': ['code', 'community', 'operation', 'fundamental'], 'score': 59.12, 'scoreCodeSecurity': 74.79, 'scoreCommunity': 55, 'scoreFundamental': 49.32, 'scoreGovernance': None, 'scoreMarket': None, 'scoreOperation': 51.5}",,,,,,,,False,1,
683,Xox Labs,xox-labs,https://skynet.certik.com/projects/xox-labs,"{'rank': 10017, 'percentile': 0.5418432473832014, 'includedCategories': ['code', 'governance', 'community', 'market', 'operation', 'fundamental'], 'score': 59.12, 'scoreCodeSecurity': 72.94, 'scoreCommunity': 62.1, 'scoreFundamental': 64.1, 'scoreGovernance': 50, 'scoreMarket': 50, 'scoreOperation': 55}",,,,,,,,False,1,Ethereum|BSC|Arbitrum|Polygon|Optimism|zkSync
684,PearDAO,peardao,https://skynet.certik.com/projects/peardao,"{'rank': 10026, 'percentile': 0.5424049017104927, 'includedCategories': ['code', 'governance', 'community', 'market', 'operation', 'fundamental'], 'score': 59.1, 'scoreCodeSecurity': 64.75, 'scoreCommunity': 43.249998779296874, 'scoreFundamental': 47.39, 'scoreGovernance': 43.290000915527344, 'scoreMarket': 70.4000015258789, 'scoreOperation': 68.95000183105469}",,,,,,,,False,1,BSC
685,PonytaSwap,ponytaswap,https://skynet.certik.com/projects/ponytaswap,"{'rank': 10050, 'percentile': 0.543681388817973, 'includedCategories': ['code', 'community', 'operation', 'fundamental'], 'score': 59.07, 'scoreCodeSecurity': 71.29, 'scoreCommunity': 55, 'scoreFundamental': 49.08, 'scoreGovernance': None, 'scoreMarket': None, 'scoreOperation': 58.7}",,,,,,,,False,1,
686,DONASWAP,donaswap,https://skynet.certik.com/projects/donaswap,"{'rank': 10064, 'percentile': 0.5443451621138626, 'includedCategories': ['code', 'governance', 'community', 'operation', 'fundamental'], 'score': 59.05, 'scoreCodeSecurity': 62.22, 'scoreCommunity': 55, 'scoreFundamental': 58.5, 'scoreGovernance': 48.62, 'scoreMarket': None, 'scoreOperation': 68.3}",,,,,,,,True,1,BSC
687,DerpDEX,derpdex,https://skynet.certik.com/projects/derpdex,"{'rank': 10068, 'percentile': 0.5447025785039571, 'includedCategories': ['code', 'governance', 'community', 'operation', 'fundamental'], 'score': 59.04, 'scoreCodeSecurity': 63.81, 'scoreCommunity': 43.32, 'scoreFundamental': 49.14, 'scoreGovernance': 73.3, 'scoreMarket': None, 'scoreOperation': 70.78}",,,,,,,,False,0,zkSync|Base|opBNB
688,Defispot,defispot,https://skynet.certik.com/projects/defispot,"{'rank': 10077, 'percentile': 0.5451110543783508, 'includedCategories': ['code', 'governance', 'community', 'market', 'operation', 'fundamental'], 'score': 59.03, 'scoreCodeSecurity': 77.21, 'scoreCommunity': 55, 'scoreFundamental': 49.51, 'scoreGovernance': 68.47, 'scoreMarket': 51.26, 'scoreOperation': 59.58}",,,62.88,,,,,False,0,Ethereum
689,Port Finance,port-finance,https://skynet.certik.com/projects/port-finance,"{'rank': 10129, 'percentile': 0.5477150880776105, 'includedCategories': ['code', 'community', 'market', 'operation', 'fundamental'], 'score': 58.95, 'scoreCodeSecurity': 46.91, 'scoreCommunity': 53.41, 'scoreFundamental': 49.05, 'scoreGovernance': None, 'scoreMarket': 71.91, 'scoreOperation': 69.48}",0.00410086923818311,134261,1151.4928304551563,,,,,False,0,Solana
690,TokenSight,tokensight,https://skynet.certik.com/projects/tokensight,"{'rank': 10155, 'percentile': 0.549093694153689, 'includedCategories': ['code', 'governance', 'community', 'market', 'operation', 'fundamental'], 'score': 58.91, 'scoreCodeSecurity': 46.2, 'scoreCommunity': 43.32, 'scoreFundamental': 49.95, 'scoreGovernance': 62.84, 'scoreMarket': 76.9, 'scoreOperation': 59.92}",,,,,,,,False,0,Ethereum
691,Tokenbox,tokenbox,https://skynet.certik.com/projects/tokenbox,"{'rank': 10160, 'percentile': 0.5492468726065867, 'includedCategories': ['code', 'governance', 'community', 'market', 'operation', 'fundamental'], 'score': 58.9, 'scoreCodeSecurity': 54.87, 'scoreCommunity': 43.32, 'scoreFundamental': 49.88, 'scoreGovernance': 55.76, 'scoreMarket': 69.88, 'scoreOperation': 70.78}",0.00029399220493364186,3281,0.38978746,,,,,False,0,Ethereum
692,Cryptoindex.com 100,cryptoindex-com-100,https://skynet.certik.com/projects/cryptoindex-com-100,"{'rank': 10161, 'percentile': 0.5494000510594843, 'includedCategories': ['code', 'governance', 'community', 'operation', 'fundamental'], 'score': 58.89, 'scoreCodeSecurity': 48.24, 'scoreCommunity': 81.81, 'scoreFundamental': 49.44, 'scoreGovernance': 66.73, 'scoreMarket': None, 'scoreOperation': 68.3}",,,,,,,,False,0,Ethereum
693,Goldex Token,goldex-token,https://skynet.certik.com/projects/goldex-token,"{'rank': 10173, 'percentile': 0.5502680622925709, 'includedCategories': ['code', 'governance', 'community', 'operation', 'fundamental'], 'score': 58.87, 'scoreCodeSecurity': 50.7, 'scoreCommunity': 43.32, 'scoreFundamental': 79.5, 'scoreGovernance': 40.06, 'scoreMarket': None, 'scoreOperation': 68.3}",,,,,,,,False,0,Ethereum
694,Houstonswap,houstonswap,https://skynet.certik.com/projects/houstonswap,"{'rank': 10174, 'percentile': 0.5502680622925709, 'includedCategories': ['code', 'community', 'operation', 'fundamental'], 'score': 58.87, 'scoreCodeSecurity': 69.2, 'scoreCommunity': 55, 'scoreFundamental': 49.76, 'scoreGovernance': None, 'scoreMarket': None, 'scoreOperation': 60.3}",,,,,,,,False,1,Aptos
695,CubiSwap,cubiswap,https://skynet.certik.com/projects/cubiswap,"{'rank': 10187, 'percentile': 0.5508297166198621, 'includedCategories': ['code', 'community', 'market', 'operation', 'fundamental'], 'score': 58.85, 'scoreCodeSecurity': 73.93, 'scoreCommunity': 62.64, 'scoreFundamental': 64.1, 'scoreGovernance': None, 'scoreMarket': 44.08, 'scoreOperation': 58.7}",8.956e-05,,20.27,,,,,False,1,opBNB
696,Tethys,tethys,https://skynet.certik.com/projects/tethys,"{'rank': 10216, 'percentile': 0.5521062037273423, 'includedCategories': ['community', 'market', 'operation', 'fundamental'], 'score': 58.82, 'scoreCodeSecurity': None, 'scoreCommunity': 43.32, 'scoreFundamental': 49.65, 'scoreGovernance': None, 'scoreMarket': 72.54, 'scoreOperation': 51.5}",,,,,,,,False,0,Metisdao
697,HashBit,hashbit,https://skynet.certik.com/projects/hashbit,"{'rank': 10235, 'percentile': 0.5533826908348225, 'includedCategories': ['code', 'governance', 'community', 'operation', 'fundamental'], 'score': 58.79, 'scoreCodeSecurity': 82.54, 'scoreCommunity': 43.32, 'scoreFundamental': 49.44, 'scoreGovernance': 35.94, 'scoreMarket': None, 'scoreOperation': 68.3}",,,,,,,,False,1,Solana
698,FNDZ,fndz,https://skynet.certik.com/projects/fndz,"{'rank': 10300, 'percentile': 0.5566504978299719, 'includedCategories': ['code', 'governance', 'community', 'operation', 'fundamental'], 'score': 58.68, 'scoreCodeSecurity': 56.29, 'scoreCommunity': 43.32, 'scoreFundamental': 58.5, 'scoreGovernance': 69.56, 'scoreMarket': None, 'scoreOperation': 68.3}",,,0.0331747024320066,,,,,False,0,BSC
699,Clifford Inu,cliffordinu,https://skynet.certik.com/projects/cliffordinu,"{'rank': 10305, 'percentile': 0.5570079142200663, 'includedCategories': ['code', 'community', 'operation', 'fundamental'], 'score': 58.67, 'scoreCodeSecurity': 64.85, 'scoreCommunity': 55, 'scoreFundamental': 49.51, 'scoreGovernance': None, 'scoreMarket': None, 'scoreOperation': 68.3}",,,,,,,,False,1,
700,Trisolaris,trisolaris,https://skynet.certik.com/projects/trisolaris,"{'rank': 10310, 'percentile': 0.5570079142200663, 'includedCategories': ['code', 'community', 'market', 'operation', 'fundamental'], 'score': 58.67, 'scoreCodeSecurity': 32.82, 'scoreCommunity': 59.55, 'scoreFundamental': 55.1, 'scoreGovernance': None, 'scoreMarket': 73.88, 'scoreOperation': 71}",6.249792351974015e-05,23815,342.8011932373047,,,,,False,0,
701,Ramifi Protocol,ramifi-protocol,https://skynet.certik.com/projects/ramifi-protocol,"{'rank': 10338, 'percentile': 0.5584886392647435, 'includedCategories': ['code', 'governance', 'community', 'market', 'operation', 'fundamental'], 'score': 58.62, 'scoreCodeSecurity': 59.01, 'scoreCommunity': 43.32, 'scoreFundamental': 49.18, 'scoreGovernance': 62.36, 'scoreMarket': 65.28, 'scoreOperation': 68.3}",0.025556902204661343,,141.88150024414062,,,,,False,0,BSC
702,RocketSwap,rocketswap,https://skynet.certik.com/projects/rocketswap,"{'rank': 10362, 'percentile': 0.5596630074036253, 'includedCategories': ['code', 'governance', 'community', 'market', 'operation', 'fundamental'], 'score': 58.56, 'scoreCodeSecurity': 73.23, 'scoreCommunity': 42.02, 'scoreFundamental': 48.45, 'scoreGovernance': 73.07, 'scoreMarket': 54.919999999999995, 'scoreOperation': 62.37}",0.003979533424708565,,6.412533521652222,,,,,True,1,Ethereum
703,Vexchange,vexchange,https://skynet.certik.com/projects/vexchange,"{'rank': 10370, 'percentile': 0.5601225427623181, 'includedCategories': ['code', 'governance', 'community', 'operation', 'fundamental'], 'score': 58.55, 'scoreCodeSecurity': 74.45, 'scoreCommunity': 47.23, 'scoreFundamental': 49.66, 'scoreGovernance': 46.1, 'scoreMarket': None, 'scoreOperation': 68.3}",,,,,,,,False,1,Vechain
704,mTrader,mymetatrader,https://skynet.certik.com/projects/mymetatrader,"{'rank': 10406, 'percentile': 0.5622670411028848, 'includedCategories': ['code', 'governance', 'community', 'operation', 'fundamental'], 'score': 58.49, 'scoreCodeSecurity': 83.92, 'scoreCommunity': 55.22, 'scoreFundamental': 49.24, 'scoreGovernance': 63.68, 'scoreMarket': None, 'scoreOperation': 68.3}",,,,,,,,False,1,Arbitrum
705,Cycle Finance,cycle-finance,https://skynet.certik.com/projects/cycle-finance,"{'rank': 10468, 'percentile': 0.565739086035231, 'includedCategories': ['code', 'governance', 'community', 'operation', 'fundamental'], 'score': 58.39, 'scoreCodeSecurity': 60.48, 'scoreCommunity': 53.8, 'scoreFundamental': 49.93, 'scoreGovernance': 65.81, 'scoreMarket': None, 'scoreOperation': 68.3}",,,,,,,,False,0,Avalanche
706,Portify,portify,https://skynet.certik.com/projects/portify,"{'rank': 10477, 'percentile': 0.5660454429410263, 'includedCategories': ['code', 'governance', 'community', 'operation', 'fundamental'], 'score': 58.38, 'scoreCodeSecurity': 60.94, 'scoreCommunity': 50.13, 'scoreFundamental': 49.96, 'scoreGovernance': 70.03, 'scoreMarket': None, 'scoreOperation': 66.7}",,,4.007490634918213,,,,,True,1,BSC
707,Axia Protocol,axia-protocol,https://skynet.certik.com/projects/axia-protocol,"{'rank': 10485, 'percentile': 0.5666070972683176, 'includedCategories': ['code', 'governance', 'community', 'market', 'operation', 'fundamental'], 'score': 58.36, 'scoreCodeSecurity': 49.83, 'scoreCommunity': 57.52, 'scoreFundamental': 49.38, 'scoreGovernance': 69.91, 'scoreMarket': 66.07, 'scoreOperation': 59.58}",,,,,,,,False,0,Ethereum
708,Equation,equation,https://skynet.certik.com/projects/equation,"{'rank': 10527, 'percentile': 0.5690068930303804, 'includedCategories': ['code', 'governance', 'community', 'market', 'operation', 'fundamental'], 'score': 58.3, 'scoreCodeSecurity': 55.54, 'scoreCommunity': 43.32, 'scoreFundamental': 49.66, 'scoreGovernance': 58.28, 'scoreMarket': 71.83, 'scoreOperation': 55.5}",,,,,,,,False,0,Arbitrum
709,PLEXUS,plexus,https://skynet.certik.com/projects/plexus,"{'rank': 10532, 'percentile': 0.5690068930303804, 'includedCategories': ['code', 'governance', 'community', 'operation', 'fundamental'], 'score': 58.3, 'scoreCodeSecurity': 67.24, 'scoreCommunity': 55, 'scoreFundamental': 49.68, 'scoreGovernance': 52.59, 'scoreMarket': None, 'scoreOperation': 66.7}",,,,,,,,True,0,Arbitrum|Ethereum|Avalanche|Base|BSC|Base|Polygon|Optimism
710,Colony Avalanche Index,colony-avalanche-index,https://skynet.certik.com/projects/colony-avalanche-index,"{'rank': 10544, 'percentile': 0.5697217258105693, 'includedCategories': ['code', 'governance', 'community', 'market', 'operation', 'fundamental'], 'score': 58.28, 'scoreCodeSecurity': 54.44, 'scoreCommunity': 43.32, 'scoreFundamental': 49.34, 'scoreGovernance': 82.52, 'scoreMarket': 60.38, 'scoreOperation': 68.3}",19.027062910802645,,44.476885080337524,,,,,False,0,Avalanche
711,SphereX,spherex,https://skynet.certik.com/projects/spherex,"{'rank': 10569, 'percentile': 0.5708960939494512, 'includedCategories': ['code', 'governance', 'community', 'operation', 'fundamental'], 'score': 58.25, 'scoreCodeSecurity': 50.7, 'scoreCommunity': 65.14, 'scoreFundamental': 62.7, 'scoreGovernance': 55.54, 'scoreMarket': None, 'scoreOperation': 60.3}",,,,,,,,False,0,Ethereum|Blast
712,BelievePad,believepad,https://skynet.certik.com/projects/believepad,"{'rank': 10579, 'percentile': 0.5716109267296401, 'includedCategories': ['code', 'community', 'market', 'operation', 'fundamental'], 'score': 58.23, 'scoreCodeSecurity': 47.28, 'scoreCommunity': 49.02, 'scoreFundamental': 50.9, 'scoreGovernance': None, 'scoreMarket': 74.14, 'scoreOperation': 56.3}",,7294,10.61,,,,,False,0,Solana
713,Ltradex,ltradex,https://skynet.certik.com/projects/ltradex,"{'rank': 10586, 'percentile': 0.5719172836354353, 'includedCategories': ['code', 'governance', 'community', 'operation', 'fundamental'], 'score': 58.22, 'scoreCodeSecurity': 58.43, 'scoreCommunity': 57.81, 'scoreFundamental': 58.5, 'scoreGovernance': 47.58, 'scoreMarket': None, 'scoreOperation': 68.3}",,,,,,,,False,0,BSC
714,ryoma,ryoma,https://skynet.certik.com/projects/ryoma,"{'rank': 10595, 'percentile': 0.572325759509829, 'includedCategories': ['code', 'community', 'operation', 'fundamental'], 'score': 58.21, 'scoreCodeSecurity': 74.5, 'scoreCommunity': 43.32, 'scoreFundamental': 49.12, 'scoreGovernance': None, 'scoreMarket': None, 'scoreOperation': 58.7}",,,,,,,,False,1,
715,ROPE Token,rope-token,https://skynet.certik.com/projects/rope-token,"{'rank': 10610, 'percentile': 0.5729895328057186, 'includedCategories': ['code', 'governance', 'community', 'market', 'operation', 'fundamental'], 'score': 58.18, 'scoreCodeSecurity': 56.61, 'scoreCommunity': 43.32, 'scoreFundamental': 49.78, 'scoreGovernance': 45.54, 'scoreMarket': 73.82, 'scoreOperation': 58.7}",,6870,8.71,,,,,False,0,Solana
716,Motoswap,motoswap,https://skynet.certik.com/projects/motoswap,"{'rank': 10622, 'percentile': 0.5737043655859075, 'includedCategories': ['community', 'operation', 'fundamental'], 'score': 58.16, 'scoreCodeSecurity': None, 'scoreCommunity': 85.39, 'scoreFundamental': 49.48, 'scoreGovernance': None, 'scoreMarket': None, 'scoreOperation': 48.3}",,,,,,,,False,0,Bitcoin
717,Wrapped CANTO,wrapped-canto,https://skynet.certik.com/projects/wrapped-canto,"{'rank': 10633, 'percentile': 0.5741639009446005, 'includedCategories': ['code', 'governance', 'community', 'operation', 'fundamental'], 'score': 58.15, 'scoreCodeSecurity': 35.58, 'scoreCommunity': 43.32, 'scoreFundamental': 79.5, 'scoreGovernance': 65.3, 'scoreMarket': None, 'scoreOperation': 68.3}",,,,,,,,False,0,Canto
718,Zenlink,zenlink,https://skynet.certik.com/projects/zenlink,"{'rank': 10676, 'percentile': 0.5766658156752618, 'includedCategories': ['code', 'community', 'market', 'operation', 'fundamental'], 'score': 58.1, 'scoreCodeSecurity': 34.83, 'scoreCommunity': 43.32, 'scoreFundamental': 49.31, 'scoreGovernance': None, 'scoreMarket': 82.33, 'scoreOperation': 64.3}",,,,,,,,False,0,Moonriver
719,Jetset,jetset,https://skynet.certik.com/projects/jetset,"{'rank': 10699, 'percentile': 0.5780954812356396, 'includedCategories': ['code', 'governance', 'community', 'market', 'operation', 'fundamental'], 'score': 58.07, 'scoreCodeSecurity': 61.7, 'scoreCommunity': 59.73, 'scoreFundamental': 58.5, 'scoreGovernance': 62.28, 'scoreMarket': 50.01, 'scoreOperation': 68.3}",,,193.05416870117188,,,,,True,1,BSC
720,OraiDEX,oraidex,https://skynet.certik.com/projects/oraidex,"{'rank': 10729, 'percentile': 0.5795762062803166, 'includedCategories': ['code', 'governance', 'community', 'market', 'operation', 'fundamental'], 'score': 58.04, 'scoreCodeSecurity': 41.22, 'scoreCommunity': 43.32, 'scoreFundamental': 55.5, 'scoreGovernance': 56.12, 'scoreMarket': 75.72, 'scoreOperation': 60.38}",6.649e-05,37026,3.5,,,,,False,0,
721,Shiba's Wife,shibas-wife,https://skynet.certik.com/projects/shibas-wife,"{'rank': 10731, 'percentile': 0.5795762062803166, 'includedCategories': ['code', 'governance', 'community', 'operation', 'fundamental'], 'score': 58.04, 'scoreCodeSecurity': 73.25, 'scoreCommunity': 51.45, 'scoreFundamental': 49.89, 'scoreGovernance': 53.04, 'scoreMarket': None, 'scoreOperation': 55.5}",,,,,,,,False,1,BSC
722,BitSwap_BTC,bitswap_btc,https://skynet.certik.com/projects/bitswap_btc,"{'rank': 10825, 'percentile': 0.5847842736788358, 'includedCategories': ['code', 'governance', 'community', 'operation', 'fundamental'], 'score': 57.9, 'scoreCodeSecurity': 52.96, 'scoreCommunity': 55.83, 'scoreFundamental': 49.89, 'scoreGovernance': 71.04, 'scoreMarket': None, 'scoreOperation': 72.72}",,,,,,,False,False,0,Ethereum|Bitcoin
723,Genesis Finance,genesis-finance,https://skynet.certik.com/projects/genesis-finance,"{'rank': 10837, 'percentile': 0.5851416900689304, 'includedCategories': ['code', 'governance', 'community', 'operation', 'fundamental'], 'score': 57.88, 'scoreCodeSecurity': 73.94, 'scoreCommunity': 43.32, 'scoreFundamental': 49.81, 'scoreGovernance': 47.63, 'scoreMarket': None, 'scoreOperation': 66.7}",,,,,,,,True,1,BSC
724,PlayPad,playpad,https://skynet.certik.com/projects/playpad,"{'rank': 10921, 'percentile': 0.5896859841715598, 'includedCategories': ['code', 'governance', 'community', 'operation', 'fundamental'], 'score': 57.77, 'scoreCodeSecurity': 63.77, 'scoreCommunity': 48.44, 'scoreFundamental': 49.36, 'scoreGovernance': 74.19, 'scoreMarket': None, 'scoreOperation': 55.5}",,,,,,,,False,0,BSC
725,Newdex,newdex,https://skynet.certik.com/projects/newdex,"{'rank': 10927, 'percentile': 0.5900944600459536, 'includedCategories': ['code', 'community', 'operation', 'fundamental'], 'score': 57.76, 'scoreCodeSecurity': 71.64, 'scoreCommunity': 43.32, 'scoreFundamental': 49.82, 'scoreGovernance': None, 'scoreMarket': None, 'scoreOperation': 60.3}",,,,,,,,False,2,BSC
726,hiCOOLCATS,hicoolcats-fractionalized-nft-kucoin,https://skynet.certik.com/projects/hicoolcats-fractionalized-nft-kucoin,"{'rank': 10959, 'percentile': 0.591932601480725, 'includedCategories': ['code', 'governance', 'community', 'operation', 'fundamental'], 'score': 57.71, 'scoreCodeSecurity': 57.54, 'scoreCommunity': 58.61, 'scoreFundamental': 49.49, 'scoreGovernance': 58.93, 'scoreMarket': None, 'scoreOperation': 72.38}",,,,,,,,False,0,Ethereum
727,Tulip Protocol,solfarm,https://skynet.certik.com/projects/solfarm,"{'rank': 11011, 'percentile': 0.5943323972427879, 'includedCategories': ['code', 'community', 'market', 'operation', 'fundamental'], 'score': 57.64, 'scoreCodeSecurity': 47.28, 'scoreCommunity': 43.32, 'scoreFundamental': 49.62, 'scoreGovernance': None, 'scoreMarket': 74.3, 'scoreOperation': 58.7}",0.012114484581953413,9876,10.58368730545044,,,,,False,0,Solana
728,Bee Trade Dex ,bee-trade-dex,https://skynet.certik.com/projects/bee-trade-dex,"{'rank': 11014, 'percentile': 0.5948940515700791, 'includedCategories': ['code', 'community', 'operation', 'fundamental'], 'score': 57.63, 'scoreCodeSecurity': 68.74, 'scoreCommunity': 62.68, 'scoreFundamental': 49.07, 'scoreGovernance': None, 'scoreMarket': None, 'scoreOperation': 47.5}",,,,,,,,False,1,Avalanche
729,Aquari,aquari,https://skynet.certik.com/projects/aquari,"{'rank': 11024, 'percentile': 0.5953025274444728, 'includedCategories': ['code', 'governance', 'community', 'operation', 'fundamental'], 'score': 57.62, 'scoreCodeSecurity': 47.48, 'scoreCommunity': 88.91, 'scoreFundamental': 49.68, 'scoreGovernance': 51.82, 'scoreMarket': None, 'scoreOperation': 68.3}",,,389.285200471757,,,,,False,0,BSC
730,HotMoon Token,hotmoon-token,https://skynet.certik.com/projects/hotmoon-token,"{'rank': 11070, 'percentile': 0.5977533826908348, 'includedCategories': ['code', 'governance', 'community', 'operation', 'fundamental'], 'score': 57.56, 'scoreCodeSecurity': 60.5, 'scoreCommunity': 43.32, 'scoreFundamental': 49.01, 'scoreGovernance': 72.27, 'scoreMarket': None, 'scoreOperation': 68.3}",,,11.50378704071045,,,,,False,0,BSC
731,HarmonyLauncher DEX,harmonylauncher-dex,https://skynet.certik.com/projects/harmonylauncher-dex,"{'rank': 11080, 'percentile': 0.5981618585652284, 'includedCategories': ['code', 'community', 'operation', 'fundamental'], 'score': 57.55, 'scoreCodeSecurity': 70.38, 'scoreCommunity': 55, 'scoreFundamental': 49.01, 'scoreGovernance': None, 'scoreMarket': None, 'scoreOperation': 51.5}",,,,,,,,False,1,Harmony
732,hiSQUIGGLE,hisquiggle,https://skynet.certik.com/projects/hisquiggle,"{'rank': 11111, 'percentile': 0.5998468215471024, 'includedCategories': ['code', 'governance', 'community', 'operation', 'fundamental'], 'score': 57.5, 'scoreCodeSecurity': 57.54, 'scoreCommunity': 58.65, 'scoreFundamental': 49.51, 'scoreGovernance': 57.4, 'scoreMarket': None, 'scoreOperation': 72.38}",,,,,,,,False,0,Ethereum
733,PuddingSwap,puddingswap,https://skynet.certik.com/projects/puddingswap,"{'rank': 11128, 'percentile': 0.6006127138115904, 'includedCategories': ['code', 'community', 'operation', 'fundamental'], 'score': 57.48, 'scoreCodeSecurity': 66.93, 'scoreCommunity': 59.86, 'scoreFundamental': 49.82, 'scoreGovernance': None, 'scoreMarket': None, 'scoreOperation': 51.5}",,,,,,,,False,1,
734,NovaDEX,novadex,https://skynet.certik.com/projects/novadex,"{'rank': 11147, 'percentile': 0.6015317845289763, 'includedCategories': ['code', 'governance', 'community', 'operation', 'fundamental'], 'score': 57.46, 'scoreCodeSecurity': 80.2, 'scoreCommunity': 43.32, 'scoreFundamental': 49.12, 'scoreGovernance': 35.94, 'scoreMarket': None, 'scoreOperation': 64.3}",,,1.029,,,,,True,0,Solana
735,Arix,arix,https://skynet.certik.com/projects/arix,"{'rank': 11187, 'percentile': 0.6040847587439366, 'includedCategories': ['code', 'governance', 'community', 'market', 'operation', 'fundamental'], 'score': 57.4, 'scoreCodeSecurity': 50.47, 'scoreCommunity': 61.67, 'scoreFundamental': 49.04, 'scoreGovernance': 41.2, 'scoreMarket': 68.46, 'scoreOperation': 66.7}",,,15430.106313182972,,,,,False,0,BSC
736,hiCLONEX,hiclonex,https://skynet.certik.com/projects/hiclonex,"{'rank': 11204, 'percentile': 0.6046974725555272, 'includedCategories': ['code', 'governance', 'community', 'operation', 'fundamental'], 'score': 57.38, 'scoreCodeSecurity': 57.54, 'scoreCommunity': 58.65, 'scoreFundamental': 49.2, 'scoreGovernance': 57.17, 'scoreMarket': None, 'scoreOperation': 72.38}",,,,,,,,False,0,Ethereum
737,Logium,logium,https://skynet.certik.com/projects/logium,"{'rank': 11205, 'percentile': 0.6046974725555272, 'includedCategories': ['code', 'community', 'operation', 'fundamental'], 'score': 57.38, 'scoreCodeSecurity': 70.91, 'scoreCommunity': 43.32, 'scoreFundamental': 49.41, 'scoreGovernance': None, 'scoreMarket': None, 'scoreOperation': 60.3}",,,,,,,,False,1,Ethereum
738,Hunny Swap,hunny-swap,https://skynet.certik.com/projects/hunny-swap,"{'rank': 11248, 'percentile': 0.6073015062547868, 'includedCategories': ['code', 'community', 'operation', 'fundamental'], 'score': 57.33, 'scoreCodeSecurity': 62.31, 'scoreCommunity': 60.65, 'scoreFundamental': 49.2, 'scoreGovernance': None, 'scoreMarket': None, 'scoreOperation': 60.3}",,,,,,,,False,1,Avalanche
739,Titania Token,titania-token,https://skynet.certik.com/projects/titania-token,"{'rank': 11264, 'percentile': 0.6077099821291805, 'includedCategories': ['code', 'governance', 'community', 'operation', 'fundamental'], 'score': 57.32, 'scoreCodeSecurity': 74.91, 'scoreCommunity': 43.32, 'scoreFundamental': 49.94, 'scoreGovernance': 52.71, 'scoreMarket': None, 'scoreOperation': 55.5}",,,,,,,,True,1,BSC
740,TacoSwap,tacoswap,https://skynet.certik.com/projects/tacoswap,"{'rank': 11270, 'percentile': 0.6080163390349758, 'includedCategories': ['code', 'community', 'operation', 'fundamental'], 'score': 57.31, 'scoreCodeSecurity': 69.82, 'scoreCommunity': 43.32, 'scoreFundamental': 49.09, 'scoreGovernance': None, 'scoreMarket': None, 'scoreOperation': 62.7}",,,,,,,,False,1,
741,D-Drops,d-drops,https://skynet.certik.com/projects/d-drops,"{'rank': 11417, 'percentile': 0.6157773806484554, 'includedCategories': ['code', 'governance', 'community', 'market', 'operation', 'fundamental'], 'score': 57.27, 'scoreCodeSecurity': 41.24, 'scoreCommunity': 55, 'scoreFundamental': 49.05, 'scoreGovernance': 45.03, 'scoreMarket': 78.86, 'scoreOperation': 55.5}",,,,,,,,False,0,BSC
742,BambooDeFi,bamboo-defi,https://skynet.certik.com/projects/bamboo-defi,"{'rank': 11289, 'percentile': 0.6093438856267552, 'includedCategories': ['code', 'governance', 'community', 'operation', 'fundamental'], 'score': 57.28, 'scoreCodeSecurity': 54.12, 'scoreCommunity': 55, 'scoreFundamental': 58.5, 'scoreGovernance': 60.44, 'scoreMarket': None, 'scoreOperation': 60.26}",0.00019511474388931522,,3.0307211875915527,,,,,False,0,Ethereum
743,Pearl,pearlfi,https://skynet.certik.com/projects/pearlfi,"{'rank': 11302, 'percentile': 0.6096502425325504, 'includedCategories': ['code', 'governance', 'community', 'operation', 'fundamental'], 'score': 57.27, 'scoreCodeSecurity': 64.08, 'scoreCommunity': 43.32, 'scoreFundamental': 49.89, 'scoreGovernance': 74.11, 'scoreMarket': None, 'scoreOperation': 55.5}",,,,,,,,False,0,Polygon
744,GAMINGDOGE,gamingdoge,https://skynet.certik.com/projects/gamingdoge,"{'rank': 11305, 'percentile': 0.6101097778912433, 'includedCategories': ['code', 'governance', 'community', 'operation', 'fundamental'], 'score': 57.26, 'scoreCodeSecurity': 62.88, 'scoreCommunity': 43.32, 'scoreFundamental': 58.5, 'scoreGovernance': 48.03, 'scoreMarket': None, 'scoreOperation': 66.7}",,,,,,,,True,1,BSC
745,hiRENGA,hirenga,https://skynet.certik.com/projects/hirenga,"{'rank': 11306, 'percentile': 0.6101097778912433, 'includedCategories': ['code', 'governance', 'community', 'operation', 'fundamental'], 'score': 57.26, 'scoreCodeSecurity': 57.54, 'scoreCommunity': 58.65, 'scoreFundamental': 49.98, 'scoreGovernance': 58.81, 'scoreMarket': None, 'scoreOperation': 68.3}",,,,,,,,False,0,Ethereum
746,Holdex Finance,holdex-finance,https://skynet.certik.com/projects/holdex-finance,"{'rank': 11321, 'percentile': 0.6107735511871331, 'includedCategories': ['code', 'governance', 'community', 'operation', 'fundamental'], 'score': 57.24, 'scoreCodeSecurity': 74.64, 'scoreCommunity': 43.32, 'scoreFundamental': 49.83, 'scoreGovernance': 52.91, 'scoreMarket': None, 'scoreOperation': 55.5}",,,1.2615554332733154,,,,,False,1,
747,hiAZUKI,hiazuki,https://skynet.certik.com/projects/hiazuki,"{'rank': 11327, 'percentile': 0.6111309675772274, 'includedCategories': ['code', 'governance', 'community', 'operation', 'fundamental'], 'score': 57.23, 'scoreCodeSecurity': 57.54, 'scoreCommunity': 58.68, 'scoreFundamental': 49.21, 'scoreGovernance': 56.04, 'scoreMarket': None, 'scoreOperation': 72.38}",,,,,,,,False,0,Ethereum
748,Antfarm Finance,antfarm-finance,https://skynet.certik.com/projects/antfarm-finance,"{'rank': 11331, 'percentile': 0.6115394434516211, 'includedCategories': ['code', 'governance', 'community', 'market', 'operation', 'fundamental'], 'score': 57.22, 'scoreCodeSecurity': 56.26, 'scoreCommunity': 76.79, 'scoreFundamental': 49.75, 'scoreGovernance': 68.7, 'scoreMarket': 48.79, 'scoreOperation': 68.3}",,,,,,,,False,0,Arbitrum|Ethereum
749,Ocelex,ocelex,https://skynet.certik.com/projects/ocelex,"{'rank': 11350, 'percentile': 0.6123053357161092, 'includedCategories': ['community', 'operation', 'fundamental'], 'score': 57.2, 'scoreCodeSecurity': None, 'scoreCommunity': 81.64, 'scoreFundamental': 49.43, 'scoreGovernance': None, 'scoreMarket': None, 'scoreOperation': 48.3}",,,,,,,,False,0,
750,Ethernal Finance,ethernal-finance,https://skynet.certik.com/projects/ethernal-finance,"{'rank': 11394, 'percentile': 0.6148072504467705, 'includedCategories': ['code', 'governance', 'community', 'operation', 'fundamental'], 'score': 57.13, 'scoreCodeSecurity': 57.25, 'scoreCommunity': 43.32, 'scoreFundamental': 58.5, 'scoreGovernance': 69.6, 'scoreMarket': None, 'scoreOperation': 55.5}",,,0.04177854210138321,,,,,False,0,BSC
751,RareSwap,rareswap,https://skynet.certik.com/projects/rareswap,"{'rank': 11688, 'percentile': 0.6299719172836354, 'includedCategories': ['code', 'community', 'operation', 'fundamental'], 'score': 56.91, 'scoreCodeSecurity': 67.66, 'scoreCommunity': 43.32, 'scoreFundamental': 49.25, 'scoreGovernance': None, 'scoreMarket': None, 'scoreOperation': 64.3}",,,,,,,,False,1,Ethereum
752,Stream Finance,stream-finance,https://skynet.certik.com/projects/stream-finance,"{'rank': 11421, 'percentile': 0.6159305591013531, 'includedCategories': ['code', 'governance', 'community', 'operation', 'fundamental'], 'score': 57.1, 'scoreCodeSecurity': 56.05, 'scoreCommunity': 43.32, 'scoreFundamental': 54.05, 'scoreGovernance': 77.27, 'scoreMarket': None, 'scoreOperation': 58.9}",,,,,,,,False,0,Ethereum
753,Sonic,sonic_ooo,https://skynet.certik.com/projects/sonic_ooo,"{'rank': 11437, 'percentile': 0.6166964513658413, 'includedCategories': ['code', 'community', 'market', 'operation', 'fundamental'], 'score': 57.08, 'scoreCodeSecurity': 36.7, 'scoreCommunity': 82.83, 'scoreFundamental': 50.9, 'scoreGovernance': None, 'scoreMarket': 63.8, 'scoreOperation': 64.3}",0.003884,,0,,,,,False,0,
754,SocialSwap,socialswap,https://skynet.certik.com/projects/socialswap,"{'rank': 11474, 'percentile': 0.6186877712535104, 'includedCategories': ['code', 'community', 'market', 'operation', 'fundamental'], 'score': 57.03, 'scoreCodeSecurity': 74.38, 'scoreCommunity': 55, 'scoreFundamental': 49.97, 'scoreGovernance': None, 'scoreMarket': 54.01, 'scoreOperation': 47.5}",,,,,,,,False,1,Tron
755,Lollipop,lollipop,https://skynet.certik.com/projects/lollipop,"{'rank': 11484, 'percentile': 0.6193515445494, 'includedCategories': ['code', 'community', 'operation', 'fundamental'], 'score': 57.01, 'scoreCodeSecurity': 69.24, 'scoreCommunity': 43.32, 'scoreFundamental': 49.99, 'scoreGovernance': None, 'scoreMarket': None, 'scoreOperation': 60.3}",,,,,,,,False,1,BSC
756,EuroSwap,euroswap,https://skynet.certik.com/projects/euroswap,"{'rank': 11490, 'percentile': 0.6198110799080929, 'includedCategories': ['code', 'community', 'operation', 'fundamental'], 'score': 57, 'scoreCodeSecurity': 68.29, 'scoreCommunity': 54.35, 'scoreFundamental': 49.77, 'scoreGovernance': None, 'scoreMarket': None, 'scoreOperation': 51.5}",,,,,,,,False,1,BSC
757,FREEMOON,freemoon,https://skynet.certik.com/projects/freemoon,"{'rank': 11507, 'percentile': 0.6207812101097778, 'includedCategories': ['code', 'governance', 'community', 'operation', 'fundamental'], 'score': 56.98, 'scoreCodeSecurity': 70.96, 'scoreCommunity': 43.32, 'scoreFundamental': 49.66, 'scoreGovernance': 47.62, 'scoreMarket': None, 'scoreOperation': 66.7}",,,,,,,,True,1,BSC
758,BenSwap,bentoken-finance,https://skynet.certik.com/projects/bentoken-finance,"{'rank': 11548, 'percentile': 0.6230278274189431, 'includedCategories': ['code', 'community', 'market', 'operation', 'fundamental'], 'score': 56.92, 'scoreCodeSecurity': 72.79, 'scoreCommunity': 59.55, 'scoreFundamental': 49.49, 'scoreGovernance': None, 'scoreMarket': 47.97, 'scoreOperation': 64.3}",,,,,,,,False,1,
759,Marshall Fighting Championship,marshall-fighting-championship,https://skynet.certik.com/projects/marshall-fighting-championship,"{'rank': 11561, 'percentile': 0.623742660199132, 'includedCategories': ['code', 'governance', 'community', 'operation', 'fundamental'], 'score': 56.91, 'scoreCodeSecurity': 69.1, 'scoreCommunity': 52.23, 'scoreFundamental': 49.71, 'scoreGovernance': 37.77, 'scoreMarket': None, 'scoreOperation': 70.78}",,,,,,,,True,1,Ethereum
760,MintySwap,mintyswap,https://skynet.certik.com/projects/mintyswap,"{'rank': 11571, 'percentile': 0.6240490171049272, 'includedCategories': ['code', 'governance', 'community', 'operation', 'fundamental'], 'score': 56.9, 'scoreCodeSecurity': 65.81, 'scoreCommunity': 43.32, 'scoreFundamental': 49.2, 'scoreGovernance': 52.26, 'scoreMarket': None, 'scoreOperation': 72.72}",,,,,,,,True,1,Ethereum
761,hiMFERS,himfers,https://skynet.certik.com/projects/himfers,"{'rank': 11595, 'percentile': 0.6254276231810059, 'includedCategories': ['code', 'governance', 'community', 'operation', 'fundamental'], 'score': 56.85, 'scoreCodeSecurity': 57.54, 'scoreCommunity': 58.64, 'scoreFundamental': 49.42, 'scoreGovernance': 57.12, 'scoreMarket': None, 'scoreOperation': 68.3}",,,,,,,,False,0,Ethereum
762,Blueprint,blueprint,https://skynet.certik.com/projects/blueprint,"{'rank': 11599, 'percentile': 0.6259892775082971, 'includedCategories': ['code', 'governance', 'community', 'operation', 'fundamental'], 'score': 56.84, 'scoreCodeSecurity': 64.46, 'scoreCommunity': 43.32, 'scoreFundamental': 49.84, 'scoreGovernance': 66.03, 'scoreMarket': None, 'scoreOperation': 59.92}",,,,,,,,True,0,Ethereum
763,Rubydex,rubydex,https://skynet.certik.com/projects/rubydex,"{'rank': 11633, 'percentile': 0.6274700025529742, 'includedCategories': ['code', 'community', 'operation', 'fundamental'], 'score': 56.8, 'scoreCodeSecurity': 70.15, 'scoreCommunity': 43.32, 'scoreFundamental': 49.24, 'scoreGovernance': None, 'scoreMarket': None, 'scoreOperation': 58.7}",,,,,,,,False,1,Arbitrum|Avalanche|BSC|Polygon
764,hiBAYC,hibayc,https://skynet.certik.com/projects/hibayc,"{'rank': 11672, 'percentile': 0.6296655603778402, 'includedCategories': ['code', 'governance', 'community', 'operation', 'fundamental'], 'score': 56.75, 'scoreCodeSecurity': 57.54, 'scoreCommunity': 58.68, 'scoreFundamental': 49.09, 'scoreGovernance': 56.99, 'scoreMarket': None, 'scoreOperation': 68.3}",,,,,,,,False,0,Ethereum
765,Tales of Xtalnia,tales-of-xtalnia,https://skynet.certik.com/projects/tales-of-xtalnia,"{'rank': 11702, 'percentile': 0.6309931069696196, 'includedCategories': ['code', 'governance', 'community', 'operation', 'fundamental'], 'score': 56.72, 'scoreCodeSecurity': 53.5, 'scoreCommunity': 43.32, 'scoreFundamental': 58.5, 'scoreGovernance': 61.41, 'scoreMarket': None, 'scoreOperation': 68.3}",,,,,,,,False,0,BSC
766,Zero Exchange,zero-exchange,https://skynet.certik.com/projects/zero-exchange,"{'rank': 11733, 'percentile': 0.6326270104671943, 'includedCategories': ['code', 'governance', 'community', 'operation', 'fundamental'], 'score': 56.69, 'scoreCodeSecurity': 53.5, 'scoreCommunity': 52.64, 'scoreFundamental': 49.17, 'scoreGovernance': 78.59, 'scoreMarket': None, 'scoreOperation': 60.26}",,,,,,,,False,0,Ethereum
767,Zeniq,zeniq,https://skynet.certik.com/projects/zeniq,"{'rank': 11749, 'percentile': 0.6333929027316825, 'includedCategories': ['code', 'governance', 'community', 'operation', 'fundamental'], 'score': 56.67, 'scoreCodeSecurity': 47.96, 'scoreCommunity': 49.44, 'scoreFundamental': 49.83, 'scoreGovernance': 78.92, 'scoreMarket': None, 'scoreOperation': 72.72}",,,,,,,,False,0,Ethereum
768,DarkShield Games Studio,darkshield,https://skynet.certik.com/projects/darkshield,"{'rank': 11782, 'percentile': 0.6355884605565484, 'includedCategories': ['code', 'governance', 'community', 'operation', 'fundamental'], 'score': 56.62, 'scoreCodeSecurity': 55.58, 'scoreCommunity': 55, 'scoreFundamental': 49.82, 'scoreGovernance': 62.27, 'scoreMarket': None, 'scoreOperation': 68.3}",,,1935.1856689453125,,,,,False,0,BSC
769,Baby Meme Coin,baby-meme-coin,https://skynet.certik.com/projects/baby-meme-coin,"{'rank': 11813, 'percentile': 0.6372734235384223, 'includedCategories': ['code', 'governance', 'community', 'operation', 'fundamental'], 'score': 56.59, 'scoreCodeSecurity': 56.61, 'scoreCommunity': 43.32, 'scoreFundamental': 49.98, 'scoreGovernance': 71.31, 'scoreMarket': None, 'scoreOperation': 68.3}",,,,,,,,False,0,BSC
770,Cyber Crystal,cyber-crystal,https://skynet.certik.com/projects/cyber-crystal,"{'rank': 11840, 'percentile': 0.6388562675516978, 'includedCategories': ['code', 'governance', 'community', 'operation', 'fundamental'], 'score': 56.56, 'scoreCodeSecurity': 47.96, 'scoreCommunity': 62.18, 'scoreFundamental': 58.5, 'scoreGovernance': 52.54, 'scoreMarket': None, 'scoreOperation': 68.3}",,,0.024106105789542198,,,,,False,0,BSC
771,Jaypeggers,jaypeggers,https://skynet.certik.com/projects/jaypeggers,"{'rank': 11844, 'percentile': 0.6388562675516978, 'includedCategories': ['code', 'governance', 'community', 'market', 'operation', 'fundamental'], 'score': 56.56, 'scoreCodeSecurity': 57.49, 'scoreCommunity': 43.32, 'scoreFundamental': 49.64, 'scoreGovernance': 77.81, 'scoreMarket': 52.5, 'scoreOperation': 72.72}",,,2795.146240234375,,,,,False,0,Ethereum
772,Cultz,cultz,https://skynet.certik.com/projects/cultz,"{'rank': 11852, 'percentile': 0.6392136839417921, 'includedCategories': ['community', 'operation', 'fundamental'], 'score': 56.55, 'scoreCodeSecurity': None, 'scoreCommunity': 78.09, 'scoreFundamental': 49.91, 'scoreGovernance': None, 'scoreMarket': None, 'scoreOperation': 48.3}",,,,,,,,False,0,
773,Fluxbeam,fluxbeam,https://skynet.certik.com/projects/fluxbeam,"{'rank': 11896, 'percentile': 0.6415113607352565, 'includedCategories': ['code', 'governance', 'community', 'market', 'operation', 'fundamental'], 'score': 56.49, 'scoreCodeSecurity': 42.23, 'scoreCommunity': 43.32, 'scoreFundamental': 49.46, 'scoreGovernance': 35.94, 'scoreMarket': 80.66, 'scoreOperation': 60.3}",,993297,4.16,,,,,False,0,Solana
774,Bitbyte,bitbyte,https://skynet.certik.com/projects/bitbyte,"{'rank': 11997, 'percentile': 0.6468726065866734, 'includedCategories': ['code', 'community', 'operation', 'fundamental'], 'score': 56.34, 'scoreCodeSecurity': 69.36, 'scoreCommunity': 52.69, 'scoreFundamental': 49.56, 'scoreGovernance': None, 'scoreMarket': None, 'scoreOperation': 47.5}",,,,,,,,False,1,BSC|Ethereum
775,UltronVault,ultronvault,https://skynet.certik.com/projects/ultronvault,"{'rank': 12002, 'percentile': 0.6468726065866734, 'includedCategories': ['code', 'governance', 'community', 'operation', 'fundamental'], 'score': 56.34, 'scoreCodeSecurity': 75.24, 'scoreCommunity': 47.06, 'scoreFundamental': 49.56, 'scoreGovernance': 42.25, 'scoreMarket': None, 'scoreOperation': 55.5}",,,,,,,,False,1,BSC
776,FRZSwap,frzswap,https://skynet.certik.com/projects/frzswap,"{'rank': 12025, 'percentile': 0.6484554505999489, 'includedCategories': ['code', 'governance', 'community', 'operation', 'fundamental'], 'score': 56.3, 'scoreCodeSecurity': 52.55, 'scoreCommunity': 43.32, 'scoreFundamental': 49.95, 'scoreGovernance': 77.45, 'scoreMarket': None, 'scoreOperation': 68.3}",,,,,,,,False,0,BSC
777,WanSwap,wanswap,https://skynet.certik.com/projects/wanswap,"{'rank': 12031, 'percentile': 0.6484554505999489, 'includedCategories': ['code', 'community', 'market', 'operation', 'fundamental'], 'score': 56.3, 'scoreCodeSecurity': 33.46, 'scoreCommunity': 43.32, 'scoreFundamental': 49.84, 'scoreGovernance': None, 'scoreMarket': 77.5, 'scoreOperation': 64.3}",0.00022519,45538,7.12,,,,,False,0,
778,Padswap,padswap,https://skynet.certik.com/projects/padswap,"{'rank': 12039, 'percentile': 0.6490171049272402, 'includedCategories': ['code', 'governance', 'community', 'operation', 'fundamental'], 'score': 56.29, 'scoreCodeSecurity': 56.58, 'scoreCommunity': 55, 'scoreFundamental': 49.99, 'scoreGovernance': 59.21, 'scoreMarket': None, 'scoreOperation': 66.7}",,,,,,,,False,0,BSC
779,Metavice,metavice,https://skynet.certik.com/projects/metavice,"{'rank': 12055, 'percentile': 0.649936175644626, 'includedCategories': ['code', 'governance', 'community', 'operation', 'fundamental'], 'score': 56.27, 'scoreCodeSecurity': 51.82, 'scoreCommunity': 48.48, 'scoreFundamental': 49.66, 'scoreGovernance': 74.15, 'scoreMarket': None, 'scoreOperation': 68.3}",,,1.9236421706154943,,,,,False,0,BSC
780,DexDaddy,dexdaddy,https://skynet.certik.com/projects/dexdaddy,"{'rank': 12072, 'percentile': 0.6508041868777126, 'includedCategories': ['code', 'community', 'operation', 'fundamental'], 'score': 56.25, 'scoreCodeSecurity': 62.82, 'scoreCommunity': 53.37, 'scoreFundamental': 49.88, 'scoreGovernance': None, 'scoreMarket': None, 'scoreOperation': 58.7}",,,,,,,,False,1,Avalanche
781,CATO,cato,https://skynet.certik.com/projects/cato,"{'rank': 12076, 'percentile': 0.6513658412050038, 'includedCategories': ['code', 'governance', 'community', 'market', 'operation', 'fundamental'], 'score': 56.24, 'scoreCodeSecurity': 61.95, 'scoreCommunity': 43.32, 'scoreFundamental': 49.87, 'scoreGovernance': 45.54, 'scoreMarket': 66.12, 'scoreOperation': 51.5}",0.00018121557884694732,,10.080024003982544,,,,,False,0,Solana
782,hiOD,hiod,https://skynet.certik.com/projects/hiod,"{'rank': 12079, 'percentile': 0.6513658412050038, 'includedCategories': ['code', 'governance', 'community', 'operation', 'fundamental'], 'score': 56.24, 'scoreCodeSecurity': 57.54, 'scoreCommunity': 58.68, 'scoreFundamental': 49.56, 'scoreGovernance': 48.45, 'scoreMarket': None, 'scoreOperation': 72.38}",,,,,,,,False,0,Ethereum
783,Wateenswap,wateenswap,https://skynet.certik.com/projects/wateenswap,"{'rank': 12086, 'percentile': 0.6513658412050038, 'includedCategories': ['code', 'governance', 'community', 'operation', 'fundamental'], 'score': 56.24, 'scoreCodeSecurity': 59.78, 'scoreCommunity': 43.32, 'scoreFundamental': 49.85, 'scoreGovernance': 75.63, 'scoreMarket': None, 'scoreOperation': 55.5}",,,916.82373046875,,,,,True,1,BSC
784,Forus,forus,https://skynet.certik.com/projects/forus,"{'rank': 12104, 'percentile': 0.652642328312484, 'includedCategories': ['code', 'governance', 'community', 'operation', 'fundamental'], 'score': 56.21, 'scoreCodeSecurity': 58.29, 'scoreCommunity': 59.43, 'scoreFundamental': 49.84, 'scoreGovernance': 49.46, 'scoreMarket': None, 'scoreOperation': 68.3}",,,0.5736438035964966,,,,,True,1,BSC
785,ETHAX,ethax,https://skynet.certik.com/projects/ethax,"{'rank': 12238, 'percentile': 0.6600970130201684, 'includedCategories': ['code', 'governance', 'community', 'operation', 'fundamental'], 'score': 56.03, 'scoreCodeSecurity': 53.5, 'scoreCommunity': 55, 'scoreFundamental': 50.9, 'scoreGovernance': 60.14, 'scoreMarket': None, 'scoreOperation': 68.3}",,,0.2817759921308607,,,,,False,0,BSC
786,Animal Farm Dogs,animal-farm-dogs,https://skynet.certik.com/projects/animal-farm-dogs,"{'rank': 12273, 'percentile': 0.6621393923921368, 'includedCategories': ['code', 'governance', 'community', 'operation', 'fundamental'], 'score': 55.98, 'scoreCodeSecurity': 45.09, 'scoreCommunity': 63.99, 'scoreFundamental': 49.6, 'scoreGovernance': 83.02, 'scoreMarket': None, 'scoreOperation': 55.5}",,,,,,,,False,0,BSC
787,Garbi Protocol,garbi-protocol,https://skynet.certik.com/projects/garbi-protocol,"{'rank': 12278, 'percentile': 0.6621393923921368, 'includedCategories': ['code', 'governance', 'community', 'market', 'operation', 'fundamental'], 'score': 55.98, 'scoreCodeSecurity': 68.01, 'scoreCommunity': 43.32, 'scoreFundamental': 49.23, 'scoreGovernance': 56.07, 'scoreMarket': 52.55, 'scoreOperation': 68.3}",,,,,,,,True,0,Arbitrum
788,Jumbo Exchange,jumbo-exchange,https://skynet.certik.com/projects/jumbo-exchange,"{'rank': 12279, 'percentile': 0.6621393923921368, 'includedCategories': ['community', 'market', 'operation', 'fundamental'], 'score': 55.98, 'scoreCodeSecurity': None, 'scoreCommunity': 49.39, 'scoreFundamental': 54.05, 'scoreGovernance': None, 'scoreMarket': 55.45, 'scoreOperation': 68}",,,,,,,,False,0,Near
789,VizslaSwap,vizslaswap,https://skynet.certik.com/projects/vizslaswap,"{'rank': 12341, 'percentile': 0.6650497829971918, 'includedCategories': ['code', 'governance', 'community', 'market', 'operation', 'fundamental'], 'score': 55.92, 'scoreCodeSecurity': 44.87, 'scoreCommunity': 55, 'scoreFundamental': 49.95, 'scoreGovernance': 62.9, 'scoreMarket': 61.11, 'scoreOperation': 68.3}",8.78276605373484e-05,,305.05392837524414,,,,,False,0,BSC
790,ADO.Network,ado-network,https://skynet.certik.com/projects/ado-network,"{'rank': 12361, 'percentile': 0.6665815675261679, 'includedCategories': ['code', 'governance', 'community', 'operation', 'fundamental'], 'score': 55.89, 'scoreCodeSecurity': 52.99, 'scoreCommunity': 58.89, 'scoreFundamental': 49.09, 'scoreGovernance': 65.1, 'scoreMarket': None, 'scoreOperation': 63.05}",,,,,,,,False,0,BSC
791,Shabu Shabu Finance,shabu-shabu-finance,https://skynet.certik.com/projects/shabu-shabu-finance,"{'rank': 12395, 'percentile': 0.6679091141179474, 'includedCategories': ['code', 'governance', 'community', 'operation', 'fundamental'], 'score': 55.86, 'scoreCodeSecurity': 54.29, 'scoreCommunity': 55, 'scoreFundamental': 49.83, 'scoreGovernance': 55.04, 'scoreMarket': None, 'scoreOperation': 72.72}",,,,,,,,False,0,Ethereum
792,Cresio,cresio,https://skynet.certik.com/projects/cresio,"{'rank': 12399, 'percentile': 0.6683686494766403, 'includedCategories': ['code', 'governance', 'community', 'operation', 'fundamental'], 'score': 55.85, 'scoreCodeSecurity': 58.75, 'scoreCommunity': 43.32, 'scoreFundamental': 49.89, 'scoreGovernance': 57.97, 'scoreMarket': None, 'scoreOperation': 72.38}",,,,,,,,False,0,
793,EAGLE MINING NETWORK,eagle-mining-network,https://skynet.certik.com/projects/eagle-mining-network,"{'rank': 12400, 'percentile': 0.6683686494766403, 'includedCategories': ['code', 'governance', 'community', 'operation', 'fundamental'], 'score': 55.85, 'scoreCodeSecurity': 55.48, 'scoreCommunity': 55, 'scoreFundamental': 49.7, 'scoreGovernance': 70.09, 'scoreMarket': None, 'scoreOperation': 55.5}",,,,,,,,False,0,BSC
794,KRYZA Network,kryza-network,https://skynet.certik.com/projects/kryza-network,"{'rank': 12414, 'percentile': 0.6690324227725299, 'includedCategories': ['code', 'governance', 'community', 'operation', 'fundamental'], 'score': 55.83, 'scoreCodeSecurity': 54.53, 'scoreCommunity': 55, 'scoreFundamental': 55.1, 'scoreGovernance': 61.04, 'scoreMarket': None, 'scoreOperation': 55.5}",,,,,,,,False,0,BSC
795,HypeBoy,hypeboy,https://skynet.certik.com/projects/hypeboy,"{'rank': 12535, 'percentile': 0.6752616798570334, 'includedCategories': ['code', 'governance', 'community', 'operation', 'fundamental'], 'score': 55.67, 'scoreCodeSecurity': 76.96, 'scoreCommunity': 39.75, 'scoreFundamental': 40.61, 'scoreGovernance': 58.84, 'scoreMarket': None, 'scoreOperation': 62.67}",,,,,,,,False,1,Arbitrum
796,Atlas DEX,atlas-dex,https://skynet.certik.com/projects/atlas-dex,"{'rank': 12542, 'percentile': 0.675874393668624, 'includedCategories': ['code', 'community', 'market', 'operation', 'fundamental'], 'score': 55.65, 'scoreCodeSecurity': 47.08, 'scoreCommunity': 50.5, 'scoreFundamental': 49.41, 'scoreGovernance': None, 'scoreMarket': 68.62, 'scoreOperation': 51.5}",,,,,,,,False,0,Solana
797,Croissant Games,croissant-games,https://skynet.certik.com/projects/croissant-games,"{'rank': 12561, 'percentile': 0.6768445238703089, 'includedCategories': ['code', 'community', 'operation', 'fundamental'], 'score': 55.63, 'scoreCodeSecurity': 66.86, 'scoreCommunity': 54, 'scoreFundamental': 49.28, 'scoreGovernance': None, 'scoreMarket': None, 'scoreOperation': 47.5}",,,,,,,,False,1,
798,Venera,veneraswap,https://skynet.certik.com/projects/veneraswap,"{'rank': 12565, 'percentile': 0.6768445238703089, 'includedCategories': ['code', 'governance', 'community', 'operation', 'fundamental'], 'score': 55.63, 'scoreCodeSecurity': 65.59, 'scoreCommunity': 47.46, 'scoreFundamental': 49.56, 'scoreGovernance': 56.18, 'scoreMarket': None, 'scoreOperation': 55.5}",,,,,,,,True,1,BSC
799,Tegro,tgr,https://skynet.certik.com/projects/tgr,"{'rank': 12621, 'percentile': 0.6799080929282615, 'includedCategories': ['code', 'governance', 'community', 'operation', 'fundamental'], 'score': 55.55, 'scoreCodeSecurity': 64.32, 'scoreCommunity': 43.32, 'scoreFundamental': 58.5, 'scoreGovernance': 44.37, 'scoreMarket': None, 'scoreOperation': 55.5}",,,3.7524968036450446,,,,,False,0,BSC
800,Clipper,clipper,https://skynet.certik.com/projects/clipper,"{'rank': 12634, 'percentile': 0.680776104161348, 'includedCategories': ['code', 'governance', 'community', 'market', 'operation', 'fundamental'], 'score': 55.53, 'scoreCodeSecurity': 42.96, 'scoreCommunity': 33.27, 'scoreFundamental': 61.34, 'scoreGovernance': 61.21, 'scoreMarket': 59.26, 'scoreOperation': 58.97}",,,,,,,,False,0,Arbitrum|Ethereum|Optimism|Polygon
801,hiPUNKS,hipunks,https://skynet.certik.com/projects/hipunks,"{'rank': 12646, 'percentile': 0.6814398774572377, 'includedCategories': ['code', 'governance', 'community', 'operation', 'fundamental'], 'score': 55.51, 'scoreCodeSecurity': 57.54, 'scoreCommunity': 58.65, 'scoreFundamental': 49.57, 'scoreGovernance': 47.42, 'scoreMarket': None, 'scoreOperation': 68.3}",,,,,,,,False,0,Ethereum
802,Pinkie Inu,pinkie-inu,https://skynet.certik.com/projects/pinkie-inu,"{'rank': 12667, 'percentile': 0.6824610671432219, 'includedCategories': ['code', 'governance', 'community', 'operation', 'fundamental'], 'score': 55.48, 'scoreCodeSecurity': 47.64, 'scoreCommunity': 57.68, 'scoreFundamental': 58.5, 'scoreGovernance': 50.09, 'scoreMarket': None, 'scoreOperation': 68.3}",,,,,,,,False,0,BSC
803,zkEra,zkera,https://skynet.certik.com/projects/zkera,"{'rank': 12698, 'percentile': 0.683992851672198, 'includedCategories': ['code', 'governance', 'community', 'market', 'operation', 'fundamental'], 'score': 55.44, 'scoreCodeSecurity': 47.29, 'scoreCommunity': 43.32, 'scoreFundamental': 49.72, 'scoreGovernance': 42.12, 'scoreMarket': 68.87, 'scoreOperation': 68.3}",,,,,,,,False,0,Arbitrum|Avalanche|BSC|Ethereum|Fantom|Optimism|Polygon|zkSync
804,Ballswap,ballswap,https://skynet.certik.com/projects/ballswap,"{'rank': 12699, 'percentile': 0.684452387030891, 'includedCategories': ['code', 'governance', 'community', 'operation', 'fundamental'], 'score': 55.43, 'scoreCodeSecurity': 50.7, 'scoreCommunity': 57.71, 'scoreFundamental': 49.69, 'scoreGovernance': 56.8, 'scoreMarket': None, 'scoreOperation': 72.72}",,,,,,,,False,0,Ethereum
805,Rigel Finance,rigel-finance,https://skynet.certik.com/projects/rigel-finance,"{'rank': 12854, 'percentile': 0.6919070717385755, 'includedCategories': ['code', 'governance', 'community', 'operation', 'fundamental'], 'score': 55.4, 'scoreCodeSecurity': 52.74, 'scoreCommunity': 48.85, 'scoreFundamental': 49.27, 'scoreGovernance': 62.57, 'scoreMarket': None, 'scoreOperation': 72.38}",,,,,,,,False,0,Ethereum
806,hiFIDENZA,hifidenza,https://skynet.certik.com/projects/hifidenza,"{'rank': 12751, 'percentile': 0.6869543017615523, 'includedCategories': ['code', 'governance', 'community', 'operation', 'fundamental'], 'score': 55.35, 'scoreCodeSecurity': 57.54, 'scoreCommunity': 58.63, 'scoreFundamental': 49.33, 'scoreGovernance': 46.78, 'scoreMarket': None, 'scoreOperation': 68.3}",,,,,,,,False,0,Ethereum
807,LavaSwap,lavaswap,https://skynet.certik.com/projects/lavaswap,"{'rank': 12752, 'percentile': 0.6869543017615523, 'includedCategories': ['community', 'operation', 'fundamental'], 'score': 55.35, 'scoreCodeSecurity': None, 'scoreCommunity': 59.91, 'scoreFundamental': 49.39, 'scoreGovernance': None, 'scoreMarket': None, 'scoreOperation': 62.7}",,,,,,,,False,0,Huobi
808,Coinversation-KACO,coinversation,https://skynet.certik.com/projects/coinversation,"{'rank': 12788, 'percentile': 0.6891498595864182, 'includedCategories': ['code', 'community', 'market', 'operation', 'fundamental'], 'score': 55.3, 'scoreCodeSecurity': 65.82, 'scoreCommunity': 60.14, 'scoreFundamental': 49.01, 'scoreGovernance': None, 'scoreMarket': 49.19, 'scoreOperation': 60.3}",,,,,,,,False,1,
809,Operation Phoenix,operation-phoenix,https://skynet.certik.com/projects/operation-phoenix,"{'rank': 12794, 'percentile': 0.6891498595864182, 'includedCategories': ['code', 'governance', 'community', 'operation', 'fundamental'], 'score': 55.3, 'scoreCodeSecurity': 62.49, 'scoreCommunity': 47.38, 'scoreFundamental': 49.61, 'scoreGovernance': 60.05, 'scoreMarket': None, 'scoreOperation': 55.5}",,,,,,,,True,1,BSC
810,Baby X,baby-x,https://skynet.certik.com/projects/baby-x,"{'rank': 12798, 'percentile': 0.6895072759765126, 'includedCategories': ['code', 'governance', 'community', 'operation', 'fundamental'], 'score': 55.29, 'scoreCodeSecurity': 55.57, 'scoreCommunity': 43.32, 'scoreFundamental': 49.01, 'scoreGovernance': 73.61, 'scoreMarket': None, 'scoreOperation': 60.94}",,,,,,,,False,0,BSC
811,YFX,yfx,https://skynet.certik.com/projects/yfx,"{'rank': 12821, 'percentile': 0.6904263466938985, 'includedCategories': ['code', 'governance', 'community', 'market', 'operation', 'fundamental'], 'score': 55.27, 'scoreCodeSecurity': 83.22, 'scoreCommunity': 55, 'scoreFundamental': 49.86, 'scoreGovernance': 62.54, 'scoreMarket': 32.2, 'scoreOperation': 72.38}",,,,,,,,False,6,Ethereum|Tron|BSC|Arbitrum
812,hiPENGUINS,hipenguins,https://skynet.certik.com/projects/hipenguins,"{'rank': 12848, 'percentile': 0.6922134286443706, 'includedCategories': ['code', 'governance', 'community', 'operation', 'fundamental'], 'score': 55.23, 'scoreCodeSecurity': 57.54, 'scoreCommunity': 58.65, 'scoreFundamental': 49.62, 'scoreGovernance': 45.32, 'scoreMarket': None, 'scoreOperation': 68.3}",,,,,,,,False,0,Ethereum
813,MetaPlanet AI,metaplanet-ai,https://skynet.certik.com/projects/metaplanet-ai,"{'rank': 12862, 'percentile': 0.6927240234873628, 'includedCategories': ['code', 'governance', 'community', 'operation', 'fundamental'], 'score': 55.22, 'scoreCodeSecurity': 63.37, 'scoreCommunity': 49.83, 'scoreFundamental': 49.06, 'scoreGovernance': 43.58, 'scoreMarket': None, 'scoreOperation': 68.3}",,,,,,,,True,0,
814,LionDEX,liondex,https://skynet.certik.com/projects/liondex,"{'rank': 12902, 'percentile': 0.6949195813122288, 'includedCategories': ['code', 'governance', 'community', 'operation', 'fundamental'], 'score': 55.18, 'scoreCodeSecurity': 50.7, 'scoreCommunity': 55, 'scoreFundamental': 49.22, 'scoreGovernance': 63.09, 'scoreMarket': None, 'scoreOperation': 68.3}",,,,,,,,False,0,Arbitrum
815,Race,race,https://skynet.certik.com/projects/race,"{'rank': 12912, 'percentile': 0.6951748787337249, 'includedCategories': ['code', 'governance', 'community', 'operation', 'fundamental'], 'score': 55.17, 'scoreCodeSecurity': 69.22, 'scoreCommunity': 55, 'scoreFundamental': 49.71, 'scoreGovernance': 37.83, 'scoreMarket': None, 'scoreOperation': 55.5}",,,,,,,,False,1,BSC
816,MetaVerse-M,metaverse-m,https://skynet.certik.com/projects/metaverse-m,"{'rank': 12927, 'percentile': 0.6961960684197089, 'includedCategories': ['code', 'governance', 'community', 'market', 'operation', 'fundamental'], 'score': 55.15, 'scoreCodeSecurity': 52.2, 'scoreCommunity': 54.82, 'scoreFundamental': 49.69, 'scoreGovernance': 56.5, 'scoreMarket': 56.56, 'scoreOperation': 66.7}",0.00024584948660613616,,17.390047512948513,,,,,False,0,BSC
817,Monsoon Finance,monsoon-finance,https://skynet.certik.com/projects/monsoon-finance,"{'rank': 12928, 'percentile': 0.6961960684197089, 'includedCategories': ['code', 'governance', 'community', 'operation', 'fundamental'], 'score': 55.15, 'scoreCodeSecurity': 58.85, 'scoreCommunity': 50.08, 'scoreFundamental': 49.47, 'scoreGovernance': 51, 'scoreMarket': None, 'scoreOperation': 68.3}",,,,,,,,False,0,Polygon
818,Kine Finance,kine-finance,https://skynet.certik.com/projects/kine-finance,"{'rank': 12935, 'percentile': 0.696451365841205, 'includedCategories': ['code', 'governance', 'community', 'operation', 'fundamental'], 'score': 55.14, 'scoreCodeSecurity': 49.94, 'scoreCommunity': 43.32, 'scoreFundamental': 49.51, 'scoreGovernance': 84.21, 'scoreMarket': None, 'scoreOperation': 59.58}",,,427.0198059082031,,,,,False,0,Ethereum|Polygon|Avalanche|BSC
819,Corgiswap,corgiswap,https://skynet.certik.com/projects/corgiswap,"{'rank': 13003, 'percentile': 0.7000765892264489, 'includedCategories': ['code', 'governance', 'community', 'operation', 'fundamental'], 'score': 55.05, 'scoreCodeSecurity': 50.74, 'scoreCommunity': 62.74, 'scoreFundamental': 49.59, 'scoreGovernance': 66.44, 'scoreMarket': None, 'scoreOperation': 55.5}",,,0.9994005872868001,,,,,False,0,BSC
820,Lillion,lillion,https://skynet.certik.com/projects/lillion,"{'rank': 13009, 'percentile': 0.7003318866479449, 'includedCategories': ['governance', 'community', 'operation', 'fundamental'], 'score': 55.04, 'scoreCodeSecurity': None, 'scoreCommunity': 43.32, 'scoreFundamental': 49.94, 'scoreGovernance': 65.3, 'scoreMarket': None, 'scoreOperation': 66.7}",,,,,,,,False,0,Tron
821,HiveSwap,hiveswap,https://skynet.certik.com/projects/hiveswap,"{'rank': 13037, 'percentile': 0.7019147306612203, 'includedCategories': ['code', 'community', 'market', 'operation', 'fundamental'], 'score': 55, 'scoreCodeSecurity': 32.39, 'scoreCommunity': 55, 'scoreFundamental': 55.1, 'scoreGovernance': None, 'scoreMarket': 71.17, 'scoreOperation': 51.5}",,,,,,,,False,0,Bitcoin
822,NeptuneX,neptunex,https://skynet.certik.com/projects/neptunex,"{'rank': 13055, 'percentile': 0.7027827418943069, 'includedCategories': ['code', 'community', 'operation', 'fundamental'], 'score': 54.98, 'scoreCodeSecurity': 61.29, 'scoreCommunity': 43.32, 'scoreFundamental': 49.84, 'scoreGovernance': None, 'scoreMarket': None, 'scoreOperation': 64.3}",,,,,,,,True,1,Blast
823,KLEVA Protocol,kleva-protocol,https://skynet.certik.com/projects/kleva-protocol,"{'rank': 13073, 'percentile': 0.7038549910645903, 'includedCategories': ['community', 'market', 'operation', 'fundamental'], 'score': 54.94, 'scoreCodeSecurity': None, 'scoreCommunity': 93.73, 'scoreFundamental': 49.72, 'scoreGovernance': None, 'scoreMarket': 41.03, 'scoreOperation': 68.3}",,,,,,,,False,0,Klaytn
824,DriftDelivery.CC,driftdelivery-cc,https://skynet.certik.com/projects/driftdelivery-cc,"{'rank': 13099, 'percentile': 0.7050804186877713, 'includedCategories': ['code', 'governance', 'community', 'operation', 'fundamental'], 'score': 54.9, 'scoreCodeSecurity': 56.24, 'scoreCommunity': 58.74, 'scoreFundamental': 49.52, 'scoreGovernance': 58.52, 'scoreMarket': None, 'scoreOperation': 55.5}",,,,,,,,False,0,BSC
825,hiODBS,hiodbs,https://skynet.certik.com/projects/hiodbs,"{'rank': 13112, 'percentile': 0.7058463109522594, 'includedCategories': ['code', 'governance', 'community', 'operation', 'fundamental'], 'score': 54.88, 'scoreCodeSecurity': 57.54, 'scoreCommunity': 43.32, 'scoreFundamental': 49.27, 'scoreGovernance': 58.92, 'scoreMarket': None, 'scoreOperation': 68.3}",,,,,,,,False,0,Ethereum
826,ADAX,adax,https://skynet.certik.com/projects/adax,"{'rank': 13162, 'percentile': 0.7087056420730151, 'includedCategories': ['community', 'operation', 'fundamental'], 'score': 54.82, 'scoreCodeSecurity': None, 'scoreCommunity': 54.76, 'scoreFundamental': 58.5, 'scoreGovernance': None, 'scoreMarket': None, 'scoreOperation': 47.5}",,,,,,,,False,0,Cardano
827,BerrySwap,berryswap,https://skynet.certik.com/projects/berryswap,"{'rank': 13218, 'percentile': 0.711871330099566, 'includedCategories': ['code', 'governance', 'community', 'operation', 'fundamental'], 'score': 54.75, 'scoreCodeSecurity': 58.78, 'scoreCommunity': 43.32, 'scoreFundamental': 49.97, 'scoreGovernance': 66.9, 'scoreMarket': None, 'scoreOperation': 55.5}",,,3.6975079774856567,,,,,True,1,BSC
828,hiENS3,hiens3,https://skynet.certik.com/projects/hiens3,"{'rank': 13222, 'percentile': 0.711871330099566, 'includedCategories': ['code', 'governance', 'community', 'operation', 'fundamental'], 'score': 54.75, 'scoreCodeSecurity': 57.54, 'scoreCommunity': 43.32, 'scoreFundamental': 49.34, 'scoreGovernance': 57.89, 'scoreMarket': None, 'scoreOperation': 68.3}",,,,,,,,False,0,Ethereum
829,MarX,marx,https://skynet.certik.com/projects/marx,"{'rank': 13232, 'percentile': 0.7123308654582589, 'includedCategories': ['code', 'governance', 'community', 'operation', 'fundamental'], 'score': 54.74, 'scoreCodeSecurity': 51.58, 'scoreCommunity': 53.57, 'scoreFundamental': 49.07, 'scoreGovernance': 60.02, 'scoreMarket': None, 'scoreOperation': 68.3}",,,,,,,,False,0,Ethereum
830,LoopSwap,loopswap,https://skynet.certik.com/projects/loopswap,"{'rank': 13306, 'percentile': 0.7161603267806995, 'includedCategories': ['code', 'governance', 'community', 'operation', 'fundamental'], 'score': 54.64, 'scoreCodeSecurity': 41.75, 'scoreCommunity': 65.41, 'scoreFundamental': 49.56, 'scoreGovernance': 66.14, 'scoreMarket': None, 'scoreOperation': 68.3}",2.1950332182910097e-05,,1491.6096411421895,,,,,False,0,BSC
831,Yield Optimization Platform & Protocol,yop,https://skynet.certik.com/projects/yop,"{'rank': 13342, 'percentile': 0.7179474087311718, 'includedCategories': ['code', 'governance', 'community', 'market', 'operation', 'fundamental'], 'score': 54.6, 'scoreCodeSecurity': 76.83, 'scoreCommunity': 59.1, 'scoreFundamental': 49.44, 'scoreGovernance': 68.19, 'scoreMarket': 30.8, 'scoreOperation': 73.74}",,,,,,,,True,1,Ethereum
832,ProspectorCrane,prospectorcrane,https://skynet.certik.com/projects/prospectorcrane,"{'rank': 13351, 'percentile': 0.7184580035741639, 'includedCategories': ['code', 'governance', 'community', 'operation', 'fundamental'], 'score': 54.58, 'scoreCodeSecurity': 53.5, 'scoreCommunity': 54.8, 'scoreFundamental': 49.37, 'scoreGovernance': 66.01, 'scoreMarket': None, 'scoreOperation': 55.5}",,,,,,,,False,0,BSC
833,Bidao,bidao,https://skynet.certik.com/projects/bidao,"{'rank': 13353, 'percentile': 0.7190707173857545, 'includedCategories': ['code', 'governance', 'community', 'operation', 'fundamental'], 'score': 54.57, 'scoreCodeSecurity': 44.12, 'scoreCommunity': 43.32, 'scoreFundamental': 49.56, 'scoreGovernance': 78.26, 'scoreMarket': None, 'scoreOperation': 73.06}",0.00010173788904590091,,1517.6270303726196,,,,,False,0,Ethereum
834,Unknown Finance,unknown-finance,https://skynet.certik.com/projects/unknown-finance,"{'rank': 13363, 'percentile': 0.7190707173857545, 'includedCategories': ['code', 'governance', 'community', 'operation', 'fundamental'], 'score': 54.57, 'scoreCodeSecurity': 53.5, 'scoreCommunity': 43.32, 'scoreFundamental': 52.5, 'scoreGovernance': 59.97, 'scoreMarket': None, 'scoreOperation': 66.7}",,,,,,,,False,0,BSC
835,Aldrin,aldrin,https://skynet.certik.com/projects/aldrin,"{'rank': 13365, 'percentile': 0.7194281337758488, 'includedCategories': ['code', 'community', 'market', 'operation', 'fundamental'], 'score': 54.56, 'scoreCodeSecurity': 42.63, 'scoreCommunity': 43.32, 'scoreFundamental': 49.34, 'scoreGovernance': None, 'scoreMarket': 76.71, 'scoreOperation': 47.5}",0.00123962,15892,3.85,,,,,False,0,Solana
836,LifeTime,lifetime,https://skynet.certik.com/projects/lifetime,"{'rank': 13370, 'percentile': 0.7194281337758488, 'includedCategories': ['code', 'governance', 'community', 'operation', 'fundamental'], 'score': 54.56, 'scoreCodeSecurity': 59.45, 'scoreCommunity': 43.32, 'scoreFundamental': 49.56, 'scoreGovernance': 65.11, 'scoreMarket': None, 'scoreOperation': 55.5}",,,3785.40625,,,,,False,0,BSC
837,Pi Protocol,pi-protocol,https://skynet.certik.com/projects/pi-protocol,"{'rank': 13402, 'percentile': 0.7210620372734236, 'includedCategories': ['code', 'governance', 'community', 'operation', 'fundamental'], 'score': 54.51, 'scoreCodeSecurity': 55.39, 'scoreCommunity': 61.32, 'scoreFundamental': 49.21, 'scoreGovernance': 55.54, 'scoreMarket': None, 'scoreOperation': 55.5}",,,,,,,,False,0,BSC
838,TradingDAO,tradingdao,https://skynet.certik.com/projects/tradingdao,"{'rank': 13453, 'percentile': 0.7237681899412816, 'includedCategories': ['code', 'governance', 'community', 'operation', 'fundamental'], 'score': 54.45, 'scoreCodeSecurity': 60.5, 'scoreCommunity': 43.32, 'scoreFundamental': 49.76, 'scoreGovernance': 61.78, 'scoreMarket': None, 'scoreOperation': 55.5}",,,,,,,,False,0,Polygon
839,SheepDex,sheepdex,https://skynet.certik.com/projects/sheepdex,"{'rank': 13470, 'percentile': 0.7247893796272658, 'includedCategories': ['code', 'community', 'operation', 'fundamental'], 'score': 54.42, 'scoreCodeSecurity': 63.22, 'scoreCommunity': 43.32, 'scoreFundamental': 49.04, 'scoreGovernance': None, 'scoreMarket': None, 'scoreOperation': 58.7}",,,,,,,,False,2,BSC
840,Trans Pepe,trans-pepe,https://skynet.certik.com/projects/trans-pepe,"{'rank': 13479, 'percentile': 0.7251467960173602, 'includedCategories': ['code', 'governance', 'community', 'operation', 'fundamental'], 'score': 54.41, 'scoreCodeSecurity': 53.5, 'scoreCommunity': 53.64, 'scoreFundamental': 49.56, 'scoreGovernance': 52.83, 'scoreMarket': None, 'scoreOperation': 68.3}",,,,,,,,False,0,BSC
841,BaseSwap,baseswap,https://skynet.certik.com/projects/baseswap,"{'rank': 13481, 'percentile': 0.7257595098289507, 'includedCategories': ['code', 'governance', 'community', 'market', 'operation', 'fundamental'], 'score': 54.4, 'scoreCodeSecurity': 49.94, 'scoreCommunity': 43.32, 'scoreFundamental': 49.5, 'scoreGovernance': 66.91, 'scoreMarket': 55.52, 'scoreOperation': 68.3}",0.004406328374840702,,183.56858825683594,,,,,False,0,Base|Arbitrum
842,CandleAI,candleai,https://skynet.certik.com/projects/candleai,"{'rank': 13495, 'percentile': 0.7262701046719429, 'includedCategories': ['code', 'governance', 'community', 'operation', 'fundamental'], 'score': 54.38, 'scoreCodeSecurity': 53.71, 'scoreCommunity': 49.02, 'scoreFundamental': 49.03, 'scoreGovernance': 53.75, 'scoreMarket': None, 'scoreOperation': 72.38}",,,,,,,,False,0,Ethereum
843,COLLARSWAP,collarswap,https://skynet.certik.com/projects/collarswap,"{'rank': 13504, 'percentile': 0.7268828184835333, 'includedCategories': ['code', 'governance', 'community', 'operation', 'fundamental'], 'score': 54.37, 'scoreCodeSecurity': 54.07, 'scoreCommunity': 47.68, 'scoreFundamental': 49.77, 'scoreGovernance': 52.84, 'scoreMarket': None, 'scoreOperation': 72.38}",,,,,,,,False,0,
844,mirror,mirrorfinance,https://skynet.certik.com/projects/mirrorfinance,"{'rank': 13510, 'percentile': 0.7268828184835333, 'includedCategories': ['code', 'governance', 'community', 'operation', 'fundamental'], 'score': 54.37, 'scoreCodeSecurity': 51.3, 'scoreCommunity': 55, 'scoreFundamental': 49.45, 'scoreGovernance': 68.62, 'scoreMarket': None, 'scoreOperation': 55.5}",,,,,,,,False,0,BSC
845,Torus Farm,torus-farm,https://skynet.certik.com/projects/torus-farm,"{'rank': 13520, 'percentile': 0.7273423538422261, 'includedCategories': ['code', 'governance', 'community', 'market', 'operation', 'fundamental'], 'score': 54.36, 'scoreCodeSecurity': 44.24, 'scoreCommunity': 41.78, 'scoreFundamental': 45.58, 'scoreGovernance': 49.13, 'scoreMarket': 70.14, 'scoreOperation': 65.88}",5.67e-06,8846,2.2,,,,,False,0,Base
846,DexBrowser,dexbrowser,https://skynet.certik.com/projects/dexbrowser,"{'rank': 13572, 'percentile': 0.7303038039315803, 'includedCategories': ['community', 'operation', 'fundamental'], 'score': 54.28, 'scoreCodeSecurity': None, 'scoreCommunity': 59.49, 'scoreFundamental': 49.46, 'scoreGovernance': None, 'scoreMarket': None, 'scoreOperation': 58.7}",,,,,,,,False,0,Fantom
847,VentiSwap Token,ventiswap-token,https://skynet.certik.com/projects/ventiswap-token,"{'rank': 13591, 'percentile': 0.7310186367117693, 'includedCategories': ['code', 'governance', 'community', 'operation', 'fundamental'], 'score': 54.26, 'scoreCodeSecurity': 58.75, 'scoreCommunity': 47.34, 'scoreFundamental': 49.31, 'scoreGovernance': 43.99, 'scoreMarket': None, 'scoreOperation': 72.38}",,,,,,,,False,0,Ethereum
848,ShibaNova,shibanova,https://skynet.certik.com/projects/shibanova,"{'rank': 13606, 'percentile': 0.7318355884605565, 'includedCategories': ['code', 'governance', 'community', 'operation', 'fundamental'], 'score': 54.24, 'scoreCodeSecurity': 55.12, 'scoreCommunity': 49.76, 'scoreFundamental': 49.24, 'scoreGovernance': 65.67, 'scoreMarket': None, 'scoreOperation': 55.5}",,,,,,,,False,0,BSC
849,Array,array,https://skynet.certik.com/projects/array,"{'rank': 13634, 'percentile': 0.7334694919581313, 'includedCategories': ['code', 'governance', 'community', 'operation', 'fundamental'], 'score': 54.2, 'scoreCodeSecurity': 60.6, 'scoreCommunity': 43.32, 'scoreFundamental': 49.5, 'scoreGovernance': 60.35, 'scoreMarket': None, 'scoreOperation': 55.5}",,,,,,,,True,1,Arbitrum|zkSync
850,Banana Index,banana-index,https://skynet.certik.com/projects/banana-index,"{'rank': 13638, 'percentile': 0.733673729895328, 'includedCategories': ['code', 'governance', 'community', 'operation', 'fundamental'], 'score': 54.19, 'scoreCodeSecurity': 57.12, 'scoreCommunity': 61.18, 'scoreFundamental': 49.82, 'scoreGovernance': 30.56, 'scoreMarket': None, 'scoreOperation': 73.74}",,,,,,,,True,2,Ethereum
851,DECOIN,decoin,https://skynet.certik.com/projects/decoin,"{'rank': 13644, 'percentile': 0.7341843247383202, 'includedCategories': ['community', 'operation', 'fundamental'], 'score': 54.18, 'scoreCodeSecurity': None, 'scoreCommunity': 51.59, 'scoreFundamental': 49.21, 'scoreGovernance': None, 'scoreMarket': None, 'scoreOperation': 66.7}",,,,,,,,False,0,
852,NFT2STAKE,nft2stake,https://skynet.certik.com/projects/nft2stake,"{'rank': 13649, 'percentile': 0.7341843247383202, 'includedCategories': ['code', 'governance', 'community', 'operation', 'fundamental'], 'score': 54.18, 'scoreCodeSecurity': 60.79, 'scoreCommunity': 55, 'scoreFundamental': 49.58, 'scoreGovernance': 48.02, 'scoreMarket': None, 'scoreOperation': 55.5}",,,,,,,,True,1,BSC
853,SphereX,spherexdex,https://skynet.certik.com/projects/spherexdex,"{'rank': 13657, 'percentile': 0.7345928006127138, 'includedCategories': ['code', 'governance', 'community', 'operation', 'fundamental'], 'score': 54.17, 'scoreCodeSecurity': 56.14, 'scoreCommunity': 65.14, 'scoreFundamental': 49.36, 'scoreGovernance': 55.54, 'scoreMarket': None, 'scoreOperation': 47.5}",,,,,,,,False,0,Ethereum|BSC|Blast|Base|opBNB
854,Flokimooni,flokimooni,https://skynet.certik.com/projects/flokimooni,"{'rank': 13673, 'percentile': 0.7356650497829972, 'includedCategories': ['code', 'governance', 'community', 'operation', 'fundamental'], 'score': 54.15, 'scoreCodeSecurity': 58.64, 'scoreCommunity': 43.32, 'scoreFundamental': 49.14, 'scoreGovernance': 64.68, 'scoreMarket': None, 'scoreOperation': 55.5}",,,221.24847412109375,,,,,True,1,BSC
855,Swych Finance,swych-finance,https://skynet.certik.com/projects/swych-finance,"{'rank': 13678, 'percentile': 0.7356650497829972, 'includedCategories': ['code', 'governance', 'community', 'market', 'operation', 'fundamental'], 'score': 54.15, 'scoreCodeSecurity': 46.77, 'scoreCommunity': 43.32, 'scoreFundamental': 49.42, 'scoreGovernance': 87.52, 'scoreMarket': 50, 'scoreOperation': 68.3}",,,,,,,,False,0,BSC
856,Firebird Finance,firebirdfinance,https://skynet.certik.com/projects/firebirdfinance,"{'rank': 13717, 'percentile': 0.7377584886392647, 'includedCategories': ['code', 'governance', 'community', 'operation', 'fundamental'], 'score': 54.09, 'scoreCodeSecurity': 68.11, 'scoreCommunity': 49.65, 'scoreFundamental': 39.7, 'scoreGovernance': 64.69, 'scoreMarket': None, 'scoreOperation': 61.09}",,,6.753670692443848,,,,,False,1,BSC
857,Zenswap Network Token,zenswap-network-token,https://skynet.certik.com/projects/zenswap-network-token,"{'rank': 13744, 'percentile': 0.7390349757467449, 'includedCategories': ['code', 'governance', 'community', 'operation', 'fundamental'], 'score': 54.06, 'scoreCodeSecurity': 61.38, 'scoreCommunity': 43.32, 'scoreFundamental': 49.53, 'scoreGovernance': 57.8, 'scoreMarket': None, 'scoreOperation': 55.5}",,,,,,,,False,0,Ethereum
858,CoFiX,cofix,https://skynet.certik.com/projects/cofix,"{'rank': 13783, 'percentile': 0.7411284146030125, 'includedCategories': ['code', 'governance', 'community', 'market', 'operation', 'fundamental'], 'score': 54.01, 'scoreCodeSecurity': 84.83, 'scoreCommunity': 52.85, 'scoreFundamental': 49.98, 'scoreGovernance': 62.82, 'scoreMarket': 71.63, 'scoreOperation': 59.58}",,,,,,,,False,1,
859,xCRX,xcrx,https://skynet.certik.com/projects/xcrx,"{'rank': 13817, 'percentile': 0.7429154965534848, 'includedCategories': ['community', 'market', 'operation', 'fundamental'], 'score': 53.96, 'scoreCodeSecurity': None, 'scoreCommunity': 55, 'scoreFundamental': 49.47, 'scoreGovernance': None, 'scoreMarket': 53.17, 'scoreOperation': 64.3}",,,,,,,,False,0,Cronos
860,Padre,padre,https://skynet.certik.com/projects/padre,"{'rank': 13819, 'percentile': 0.74322185345928, 'includedCategories': ['code', 'governance', 'community', 'market', 'operation', 'fundamental'], 'score': 53.95, 'scoreCodeSecurity': 49.37, 'scoreCommunity': 49.76, 'scoreFundamental': 77.75, 'scoreGovernance': 81.17, 'scoreMarket': 30.36, 'scoreOperation': 63.28}",0.00045313,,1.88,,,,,False,0,Ethereum
861,Cakebot,cakebot,https://skynet.certik.com/projects/cakebot,"{'rank': 13833, 'percentile': 0.7440388052080674, 'includedCategories': ['code', 'governance', 'community', 'operation', 'fundamental'], 'score': 53.93, 'scoreCodeSecurity': 53, 'scoreCommunity': 43.32, 'scoreFundamental': 49.87, 'scoreGovernance': 60.18, 'scoreMarket': None, 'scoreOperation': 68.3}",,,,,,,,False,0,BSC
862,Espento,espento,https://skynet.certik.com/projects/espento,"{'rank': 13841, 'percentile': 0.7442941026295634, 'includedCategories': ['code', 'governance', 'community', 'operation', 'fundamental'], 'score': 53.92, 'scoreCodeSecurity': 53.5, 'scoreCommunity': 48.62, 'scoreFundamental': 49.85, 'scoreGovernance': 66.64, 'scoreMarket': None, 'scoreOperation': 55.5}",,,,,,,,False,0,BSC
863,Cash Tokens,cash-tokens,https://skynet.certik.com/projects/cash-tokens,"{'rank': 13860, 'percentile': 0.7454174112841461, 'includedCategories': ['code', 'community', 'operation', 'fundamental'], 'score': 53.89, 'scoreCodeSecurity': 67.01, 'scoreCommunity': 43.32, 'scoreFundamental': 49.26, 'scoreGovernance': None, 'scoreMarket': None, 'scoreOperation': 47.5}",,,,,,,,False,1,Ethereum
864,FibSWAP DEx,fibswap-dex-v2,https://skynet.certik.com/projects/fibswap-dex-v2,"{'rank': 13861, 'percentile': 0.7454174112841461, 'includedCategories': ['code', 'governance', 'community', 'operation', 'fundamental'], 'score': 53.89, 'scoreCodeSecurity': 49.94, 'scoreCommunity': 55, 'scoreFundamental': 49.69, 'scoreGovernance': 67.49, 'scoreMarket': None, 'scoreOperation': 55.5}",,,,,,,,False,0,Polygon
865,UniDexAI,unidexai,https://skynet.certik.com/projects/unidexai,"{'rank': 13873, 'percentile': 0.7458258871585397, 'includedCategories': ['code', 'governance', 'community', 'operation', 'fundamental'], 'score': 53.87, 'scoreCodeSecurity': 56.03, 'scoreCommunity': 49.02, 'scoreFundamental': 49.08, 'scoreGovernance': 58.27, 'scoreMarket': None, 'scoreOperation': 59.58}",,,,,,,,False,0,Ethereum
866,SokuSwap,sokuswap,https://skynet.certik.com/projects/sokuswap,"{'rank': 13882, 'percentile': 0.7463364820015318, 'includedCategories': ['code', 'governance', 'community', 'market', 'operation', 'fundamental'], 'score': 53.86, 'scoreCodeSecurity': 77.56, 'scoreCommunity': 43.32, 'scoreFundamental': 49.43, 'scoreGovernance': 71.53, 'scoreMarket': 38.08, 'scoreOperation': 55.5}",7.215833957388637e-06,,17.834507703781128,,,,,False,1,BSC
867,MEMETOON,memetoon,https://skynet.certik.com/projects/memetoon,"{'rank': 13890, 'percentile': 0.7470513147817207, 'includedCategories': ['code', 'governance', 'community', 'operation', 'fundamental'], 'score': 53.85, 'scoreCodeSecurity': 50.7, 'scoreCommunity': 43.32, 'scoreFundamental': 49.4, 'scoreGovernance': 65.1, 'scoreMarket': None, 'scoreOperation': 68.3}",,,0,,,,,False,0,Polygon
868,SafeMoon V2,safemoon-v2,https://skynet.certik.com/projects/safemoon-v2,"{'rank': 13893, 'percentile': 0.7470513147817207, 'includedCategories': ['code', 'governance', 'community', 'market', 'operation', 'fundamental'], 'score': 53.85, 'scoreCodeSecurity': 65.18, 'scoreCommunity': 56.72, 'scoreFundamental': 30, 'scoreGovernance': 45, 'scoreMarket': 65.44, 'scoreOperation': 50.06}",1.822712839005443e-06,1121956,713.2640912590625,,,,,False,0,BSC
869,Lodestar Finance,lodestar-finance,https://skynet.certik.com/projects/lodestar-finance,"{'rank': 13927, 'percentile': 0.7486852182792954, 'includedCategories': ['code', 'governance', 'community', 'market', 'operation', 'fundamental'], 'score': 53.78, 'scoreCodeSecurity': 71.94, 'scoreCommunity': 42.02, 'scoreFundamental': 47.800000000000004, 'scoreGovernance': 55.85, 'scoreMarket': 44.71, 'scoreOperation': 66.33}",5.733935131652927e-05,,0,,,,,True,1,Arbitrum
870,CortexDAO,cortexdao,https://skynet.certik.com/projects/cortexdao,"{'rank': 13932, 'percentile': 0.7491447536379883, 'includedCategories': ['code', 'governance', 'community', 'operation', 'fundamental'], 'score': 53.77, 'scoreCodeSecurity': 50.7, 'scoreCommunity': 43.32, 'scoreFundamental': 49.85, 'scoreGovernance': 65.26, 'scoreMarket': None, 'scoreOperation': 66.7}",,,,,,,,False,0,Ethereum
871,Lumenswap,lumenswap,https://skynet.certik.com/projects/lumenswap,"{'rank': 13933, 'percentile': 0.7491447536379883, 'includedCategories': ['community', 'market', 'operation', 'fundamental'], 'score': 53.77, 'scoreCodeSecurity': None, 'scoreCommunity': 43.32, 'scoreFundamental': 49.92, 'scoreGovernance': None, 'scoreMarket': 56.32, 'scoreOperation': 64.3}",0.0001456,,289.18,,,,,False,0,Stellar
872,TrendAI,trendai,https://skynet.certik.com/projects/trendai,"{'rank': 13992, 'percentile': 0.7518509063058463, 'includedCategories': ['code', 'governance', 'community', 'operation', 'fundamental'], 'score': 53.85, 'scoreCodeSecurity': 53.5, 'scoreCommunity': 43.32, 'scoreFundamental': 49.64, 'scoreGovernance': 59.06, 'scoreMarket': None, 'scoreOperation': 68.3}",,,,,,,,False,0,
873,Glide Finance,glide-finance,https://skynet.certik.com/projects/glide-finance,"{'rank': 13966, 'percentile': 0.7510850140413582, 'includedCategories': ['code', 'community', 'operation', 'fundamental'], 'score': 53.72, 'scoreCodeSecurity': 54, 'scoreCommunity': 55, 'scoreFundamental': 49.52, 'scoreGovernance': None, 'scoreMarket': None, 'scoreOperation': 60.3}",,,,,,,,True,1,Elastos
874,GlitzKoin,glitzkoin,https://skynet.certik.com/projects/glitzkoin,"{'rank': 13982, 'percentile': 0.7519019657901456, 'includedCategories': ['community', 'operation', 'fundamental'], 'score': 53.7, 'scoreCodeSecurity': None, 'scoreCommunity': 54.8, 'scoreFundamental': 49.85, 'scoreGovernance': None, 'scoreMarket': None, 'scoreOperation': 60.3}",0.00136688,,0.00991128,,,,,False,0,
875,PokeDX,pokedx,https://skynet.certik.com/projects/pokedx,"{'rank': 14010, 'percentile': 0.7533316313505234, 'includedCategories': ['code', 'governance', 'community', 'operation', 'fundamental'], 'score': 53.67, 'scoreCodeSecurity': 57.76, 'scoreCommunity': 43.32, 'scoreFundamental': 49.85, 'scoreGovernance': 61.63, 'scoreMarket': None, 'scoreOperation': 55.5}",,,,,,,,True,1,BSC
876,Add.xyz,add-xyz,https://skynet.certik.com/projects/add-xyz,"{'rank': 14032, 'percentile': 0.7548634158794996, 'includedCategories': ['code', 'governance', 'community', 'operation', 'fundamental'], 'score': 53.64, 'scoreCodeSecurity': 53.84, 'scoreCommunity': 48.83, 'scoreFundamental': 49.25, 'scoreGovernance': 60.56, 'scoreMarket': None, 'scoreOperation': 59.92}",,,,,,,,False,0,Ethereum
877,Decentralized data crypto system,decentralized-data-crypto-system,https://skynet.certik.com/projects/decentralized-data-crypto-system,"{'rank': 14037, 'percentile': 0.7548634158794996, 'includedCategories': ['code', 'governance', 'community', 'operation', 'fundamental'], 'score': 53.64, 'scoreCodeSecurity': 46.84, 'scoreCommunity': 54.55, 'scoreFundamental': 49, 'scoreGovernance': 73.73, 'scoreMarket': None, 'scoreOperation': 55.5}",,,2.8704440593719482,,,,,False,0,BSC
878,Animal Farm Pigs,animal-farm-pigs,https://skynet.certik.com/projects/animal-farm-pigs,"{'rank': 14049, 'percentile': 0.755425070206791, 'includedCategories': ['code', 'governance', 'community', 'operation', 'fundamental'], 'score': 53.62, 'scoreCodeSecurity': 44.29, 'scoreCommunity': 55, 'scoreFundamental': 49.99, 'scoreGovernance': 76.25, 'scoreMarket': None, 'scoreOperation': 55.5}",,,4060.692901611328,,,,,False,0,BSC
879,TsunamiX,tsunamix,https://skynet.certik.com/projects/tsunamix,"{'rank': 14071, 'percentile': 0.7563952004084759, 'includedCategories': ['code', 'community', 'market', 'operation', 'fundamental'], 'score': 53.59, 'scoreCodeSecurity': 66, 'scoreCommunity': 43.32, 'scoreFundamental': 49.16, 'scoreGovernance': None, 'scoreMarket': 47.26, 'scoreOperation': 66.9}",,,,,,,,True,1,Mantle
880,Arbitrum Pad,arbitrum-pad,https://skynet.certik.com/projects/arbitrum-pad,"{'rank': 14073, 'percentile': 0.756650497829972, 'includedCategories': ['code', 'governance', 'community', 'operation', 'fundamental'], 'score': 53.58, 'scoreCodeSecurity': 55.94, 'scoreCommunity': 43.32, 'scoreFundamental': 49.64, 'scoreGovernance': 52.3, 'scoreMarket': None, 'scoreOperation': 68.3}",,,,,,,,False,0,
881,LFG,lfg,https://skynet.certik.com/projects/lfg,"{'rank': 14077, 'percentile': 0.756650497829972, 'includedCategories': ['governance', 'community', 'operation', 'fundamental'], 'score': 53.58, 'scoreCodeSecurity': None, 'scoreCommunity': 43.32, 'scoreFundamental': 49.49, 'scoreGovernance': 65.3, 'scoreMarket': None, 'scoreOperation': 60.3}",,,,,,,,False,0,Bitcoin
882,Honeyswap,honey-token,https://skynet.certik.com/projects/honey-token,"{'rank': 14123, 'percentile': 0.75935665049783, 'includedCategories': ['code', 'community', 'operation', 'fundamental'], 'score': 53.51, 'scoreCodeSecurity': 51.5, 'scoreCommunity': 55, 'scoreFundamental': 49.39, 'scoreGovernance': None, 'scoreMarket': None, 'scoreOperation': 64.3}",0.8750798696769648,,69.91032791137695,,,,,True,0,Gnosis-gno|Polygon|Arbitrum
883,Falcon Swaps,falcon-swaps,https://skynet.certik.com/projects/falcon-swaps,"{'rank': 14133, 'percentile': 0.7601736022466173, 'includedCategories': ['code', 'governance', 'community', 'operation', 'fundamental'], 'score': 53.5, 'scoreCodeSecurity': 50.7, 'scoreCommunity': 43.32, 'scoreFundamental': 49.89, 'scoreGovernance': 61.67, 'scoreMarket': None, 'scoreOperation': 68.3}",,,0.011194922029972076,,,,,False,0,BSC
884,Scaleton,scaleton,https://skynet.certik.com/projects/scaleton,"{'rank': 14141, 'percentile': 0.7601736022466173, 'includedCategories': ['code', 'governance', 'community', 'operation', 'fundamental'], 'score': 53.5, 'scoreCodeSecurity': 52.39, 'scoreCommunity': 63.35, 'scoreFundamental': 49.98, 'scoreGovernance': 46.1, 'scoreMarket': None, 'scoreOperation': 60.3}",,,,,,,,False,0,
885,SolanaPrime,solanaprime,https://skynet.certik.com/projects/solanaprime,"{'rank': 14175, 'percentile': 0.7618585652284912, 'includedCategories': ['code', 'community', 'operation', 'fundamental'], 'score': 53.45, 'scoreCodeSecurity': 41.03, 'scoreCommunity': 61.34, 'scoreFundamental': 58.5, 'scoreGovernance': None, 'scoreMarket': None, 'scoreOperation': 60.3}",,,,,,,,False,0,Solana
886,Algomint,gomint,https://skynet.certik.com/projects/gomint,"{'rank': 14202, 'percentile': 0.7633392902731683, 'includedCategories': ['community', 'operation', 'fundamental'], 'score': 53.42, 'scoreCodeSecurity': None, 'scoreCommunity': 55, 'scoreFundamental': 49.19, 'scoreGovernance': None, 'scoreMarket': None, 'scoreOperation': 60.3}",,,,,,,,False,0,Algorand
887,Beluga Protocol,beluga-protocol,https://skynet.certik.com/projects/beluga-protocol,"{'rank': 14213, 'percentile': 0.7642073015062548, 'includedCategories': ['code', 'governance', 'community', 'operation', 'fundamental'], 'score': 53.4, 'scoreCodeSecurity': 52.6, 'scoreCommunity': 43.32, 'scoreFundamental': 49.5, 'scoreGovernance': 59.56, 'scoreMarket': None, 'scoreOperation': 66.7}",,,,,,,,False,0,Arbitrum|Solana
888,Tail Finance,tail-finance,https://skynet.certik.com/projects/tail-finance,"{'rank': 14241, 'percentile': 0.7651774317079397, 'includedCategories': ['code', 'governance', 'community', 'operation', 'fundamental'], 'score': 53.38, 'scoreCodeSecurity': 51.9, 'scoreCommunity': 43.32, 'scoreFundamental': 49.52, 'scoreGovernance': 53.39, 'scoreMarket': None, 'scoreOperation': 74.08}",,,,,,,,False,0,
889,Calaswap,calaswap,https://skynet.certik.com/projects/calaswap,"{'rank': 14252, 'percentile': 0.7660454429410263, 'includedCategories': ['code', 'governance', 'community', 'operation', 'fundamental'], 'score': 53.36, 'scoreCodeSecurity': 53.5, 'scoreCommunity': 43.32, 'scoreFundamental': 49.69, 'scoreGovernance': 57.09, 'scoreMarket': None, 'scoreOperation': 66.7}",,,,,,,,False,0,BSC
890,hiENS4,hiens4,https://skynet.certik.com/projects/hiens4,"{'rank': 14266, 'percentile': 0.7666070972683175, 'includedCategories': ['code', 'governance', 'community', 'operation', 'fundamental'], 'score': 53.34, 'scoreCodeSecurity': 57.54, 'scoreCommunity': 43.32, 'scoreFundamental': 49.72, 'scoreGovernance': 47.26, 'scoreMarket': None, 'scoreOperation': 68.3}",,,,,,,,False,0,Ethereum
891,KAIDEX,kaidex,https://skynet.certik.com/projects/kaidex,"{'rank': 14295, 'percentile': 0.7683431197344907, 'includedCategories': ['community', 'operation', 'fundamental'], 'score': 53.3, 'scoreCodeSecurity': None, 'scoreCommunity': 50.82, 'scoreFundamental': 49.04, 'scoreGovernance': None, 'scoreMarket': None, 'scoreOperation': 64.3}",,,,,,,,False,0,Kardiachain
892,Renascent Finance,renascent-finance,https://skynet.certik.com/projects/renascent-finance,"{'rank': 14818, 'percentile': 0.7963747766147562, 'includedCategories': ['code', 'governance', 'community', 'market', 'operation', 'fundamental'], 'score': 52.62, 'scoreCodeSecurity': 49.94, 'scoreCommunity': 43.32, 'scoreFundamental': 49.22, 'scoreGovernance': 69.61, 'scoreMarket': 51.57, 'scoreOperation': 60.26}",0.02017244,,33.86,,,,,False,0,Ethereum
893,SOLA Token,sola,https://skynet.certik.com/projects/sola,"{'rank': 14359, 'percentile': 0.7717641051825377, 'includedCategories': ['code', 'governance', 'community', 'operation', 'fundamental'], 'score': 53.21, 'scoreCodeSecurity': 58.77, 'scoreCommunity': 49.13, 'scoreFundamental': 49.59, 'scoreGovernance': 42.34, 'scoreMarket': None, 'scoreOperation': 64.3}",,,,,,,,False,0,Solana
894,Kintsugi,kintsugi,https://skynet.certik.com/projects/kintsugi,"{'rank': 14366, 'percentile': 0.7723768189941281, 'includedCategories': ['code', 'community', 'market', 'operation', 'fundamental'], 'score': 53.2, 'scoreCodeSecurity': 38.21, 'scoreCommunity': 61.23, 'scoreFundamental': 49.71, 'scoreGovernance': None, 'scoreMarket': 59.13, 'scoreOperation': 64.3}",0.003789701117000105,,287.7418212890625,,,,,False,0,Bitcoin
895,BIB Token,bib-token,https://skynet.certik.com/projects/bib-token,"{'rank': 14402, 'percentile': 0.7742660199131989, 'includedCategories': ['code', 'governance', 'community', 'operation', 'fundamental'], 'score': 53.13, 'scoreCodeSecurity': 49.37, 'scoreCommunity': 43.32, 'scoreFundamental': 49.85, 'scoreGovernance': 61.87, 'scoreMarket': None, 'scoreOperation': 68.3}",,,,,,,,False,0,BSC
896,Kols Offering Token,kols-offering-token,https://skynet.certik.com/projects/kols-offering-token,"{'rank': 14425, 'percentile': 0.7753893285677815, 'includedCategories': ['code', 'governance', 'community', 'operation', 'fundamental'], 'score': 53.1, 'scoreCodeSecurity': 46.77, 'scoreCommunity': 43.32, 'scoreFundamental': 58.5, 'scoreGovernance': 62.37, 'scoreMarket': None, 'scoreOperation': 55.5}",,,0.016386065632104874,,,,,False,0,BSC
897,Derify Protocol,derify-protocol,https://skynet.certik.com/projects/derify-protocol,"{'rank': 14469, 'percentile': 0.7777380648455451, 'includedCategories': ['code', 'governance', 'community', 'operation', 'fundamental'], 'score': 53.04, 'scoreCodeSecurity': 80.06, 'scoreCommunity': 55, 'scoreFundamental': 49.77, 'scoreGovernance': 72.13, 'scoreMarket': None, 'scoreOperation': 68.3}",,,,,,,,False,3,BSC
898,Xrp Classic,xrp-classic-token,https://skynet.certik.com/projects/xrp-classic-token,"{'rank': 14498, 'percentile': 0.7791677304059229, 'includedCategories': ['code', 'governance', 'community', 'operation', 'fundamental'], 'score': 53, 'scoreCodeSecurity': 48.36, 'scoreCommunity': 59.43, 'scoreFundamental': 49.99, 'scoreGovernance': 48.16, 'scoreMarket': None, 'scoreOperation': 66.7}",,,,,,,,False,0,BSC
899,Yoda Coin Swap,yoda-coin-swap,https://skynet.certik.com/projects/yoda-coin-swap,"{'rank': 14499, 'percentile': 0.7791677304059229, 'includedCategories': ['code', 'governance', 'community', 'operation', 'fundamental'], 'score': 53, 'scoreCodeSecurity': 52.1, 'scoreCommunity': 51.76, 'scoreFundamental': 49.26, 'scoreGovernance': 49.79, 'scoreMarket': None, 'scoreOperation': 66.7}",,,,,,,,False,0,BSC
900,OrbSwap,orbswap,https://skynet.certik.com/projects/orbswap,"{'rank': 14512, 'percentile': 0.7800357416390095, 'includedCategories': ['code', 'community', 'operation', 'fundamental'], 'score': 52.97, 'scoreCodeSecurity': 35.95, 'scoreCommunity': 81.89, 'scoreFundamental': 49.87, 'scoreGovernance': None, 'scoreMarket': None, 'scoreOperation': 64.3}",,,,,,,,False,0,Arbitrum
901,Kwikswap Protocol,kwikswap,https://skynet.certik.com/projects/kwikswap,"{'rank': 14519, 'percentile': 0.7806484554505999, 'includedCategories': ['code', 'governance', 'community', 'operation', 'fundamental'], 'score': 52.95, 'scoreCodeSecurity': 50.16, 'scoreCommunity': 43.32, 'scoreFundamental': 49.34, 'scoreGovernance': 67.04, 'scoreMarket': None, 'scoreOperation': 61.28}",,,,,,,,False,0,Ethereum
902,Multipool,multipool,https://skynet.certik.com/projects/multipool,"{'rank': 14531, 'percentile': 0.7810058718406945, 'includedCategories': ['code', 'governance', 'community', 'operation', 'fundamental'], 'score': 52.94, 'scoreCodeSecurity': 50.7, 'scoreCommunity': 44.01, 'scoreFundamental': 49.67, 'scoreGovernance': 57.53, 'scoreMarket': None, 'scoreOperation': 68.3}",,,,,,,,False,0,Ethereum
903,Eifi FInance,eifi-finance,https://skynet.certik.com/projects/eifi-finance,"{'rank': 14547, 'percentile': 0.7819249425580802, 'includedCategories': ['code', 'governance', 'community', 'market', 'operation', 'fundamental'], 'score': 52.91, 'scoreCodeSecurity': 47.96, 'scoreCommunity': 43.32, 'scoreFundamental': 49.14, 'scoreGovernance': 69.65, 'scoreMarket': 51.2, 'scoreOperation': 68.3}",0.0004472237512160346,,73.06081771850586,,,,,False,0,BSC
904,Yobit Token,yobit-token,https://skynet.certik.com/projects/yobit-token,"{'rank': 14556, 'percentile': 0.7822312994638754, 'includedCategories': ['code', 'governance', 'community', 'operation', 'fundamental'], 'score': 52.9, 'scoreCodeSecurity': 53.5, 'scoreCommunity': 43.32, 'scoreFundamental': 49.58, 'scoreGovernance': 48.12, 'scoreMarket': None, 'scoreOperation': 72.72}",384.4706042106101,,0,,,,,False,0,Ethereum
905,DragonBnB.co,dragonbnb-co,https://skynet.certik.com/projects/dragonbnb-co,"{'rank': 14571, 'percentile': 0.7834567270870564, 'includedCategories': ['code', 'governance', 'community', 'operation', 'fundamental'], 'score': 52.87, 'scoreCodeSecurity': 57.75, 'scoreCommunity': 48.09, 'scoreFundamental': 49.86, 'scoreGovernance': 51.26, 'scoreMarket': None, 'scoreOperation': 55.5}",,,,,,,,False,0,BSC
906,PawStars,pawstars,https://skynet.certik.com/projects/pawstars,"{'rank': 14582, 'percentile': 0.7837630839928517, 'includedCategories': ['code', 'governance', 'community', 'operation', 'fundamental'], 'score': 52.86, 'scoreCodeSecurity': 57.25, 'scoreCommunity': 43.32, 'scoreFundamental': 49.87, 'scoreGovernance': 56.93, 'scoreMarket': None, 'scoreOperation': 55.5}",,,,,,,,False,0,BSC
907,PeerEx,peerex,https://skynet.certik.com/projects/peerex,"{'rank': 14589, 'percentile': 0.7839673219300485, 'includedCategories': ['code', 'governance', 'community', 'operation', 'fundamental'], 'score': 52.85, 'scoreCodeSecurity': 43.14, 'scoreCommunity': 47.4, 'scoreFundamental': 49.9, 'scoreGovernance': 62.76, 'scoreMarket': None, 'scoreOperation': 73.74}",,,,,,,,False,0,Ethereum
908,Okage Inu,okage-inu,https://skynet.certik.com/projects/okage-inu,"{'rank': 14636, 'percentile': 0.7865713556293081, 'includedCategories': ['code', 'governance', 'community', 'operation', 'fundamental'], 'score': 52.78, 'scoreCodeSecurity': 50.61, 'scoreCommunity': 43.32, 'scoreFundamental': 49.91, 'scoreGovernance': 69.59, 'scoreMarket': None, 'scoreOperation': 55.5}",,,,,,,,False,0,Ethereum
909,Velocore,velocore,https://skynet.certik.com/projects/velocore,"{'rank': 14669, 'percentile': 0.7882563186111821, 'includedCategories': ['code', 'community', 'market', 'operation', 'fundamental'], 'score': 52.74, 'scoreCodeSecurity': 53.5, 'scoreCommunity': 43.32, 'scoreFundamental': 49.3, 'scoreGovernance': None, 'scoreMarket': 55.14, 'scoreOperation': 60.3}",,,,,,,,False,0,zkSync|Linea
910,HeroesTD CGC,heroestd-cgc,https://skynet.certik.com/projects/heroestd-cgc,"{'rank': 14670, 'percentile': 0.7884094970640796, 'includedCategories': ['code', 'governance', 'community', 'operation', 'fundamental'], 'score': 52.73, 'scoreCodeSecurity': 46.2, 'scoreCommunity': 43.32, 'scoreFundamental': 58.5, 'scoreGovernance': 48.09, 'scoreMarket': None, 'scoreOperation': 68.3}",,,,,,,,False,0,BSC
911,MilkshakeSwap,milkshakeswap-finance,https://skynet.certik.com/projects/milkshakeswap-finance,"{'rank': 14682, 'percentile': 0.7890222108756701, 'includedCategories': ['code', 'governance', 'community', 'operation', 'fundamental'], 'score': 52.71, 'scoreCodeSecurity': 49.51, 'scoreCommunity': 48.46, 'scoreFundamental': 49.2, 'scoreGovernance': 56.37, 'scoreMarket': None, 'scoreOperation': 66.7}",2.6829129410267433e-07,,834.6998044364154,,,,,False,0,BSC
912,High Performance Blockchain,high-performance-blockchain,https://skynet.certik.com/projects/high-performance-blockchain,"{'rank': 14686, 'percentile': 0.7893796272657646, 'includedCategories': ['code', 'community', 'operation', 'fundamental'], 'score': 52.7, 'scoreCodeSecurity': 35.53, 'scoreCommunity': 63.85, 'scoreFundamental': 58.5, 'scoreGovernance': None, 'scoreMarket': None, 'scoreOperation': 64.3}",,,,,,,,False,0,
913,MonkeyFi,monkeyfi,https://skynet.certik.com/projects/monkeyfi,"{'rank': 14699, 'percentile': 0.7899412815930559, 'includedCategories': ['code', 'governance', 'community', 'operation', 'fundamental'], 'score': 52.68, 'scoreCodeSecurity': 48.5, 'scoreCommunity': 43.32, 'scoreFundamental': 49.21, 'scoreGovernance': 69.69, 'scoreMarket': None, 'scoreOperation': 60.3}",,,,,,,,False,0,Base|Ethereum
914,WagyuSwap,wagyuswap,https://skynet.certik.com/projects/wagyuswap,"{'rank': 14715, 'percentile': 0.7907582333418433, 'includedCategories': ['code', 'governance', 'community', 'operation', 'fundamental'], 'score': 52.65, 'scoreCodeSecurity': 48.17, 'scoreCommunity': 50.87, 'scoreFundamental': 49.22, 'scoreGovernance': 52.15, 'scoreMarket': None, 'scoreOperation': 70.78}",,,,,,,,False,0,Ethereum
915,Shiba Classic,shibc,https://skynet.certik.com/projects/shibc,"{'rank': 14735, 'percentile': 0.7919836609650243, 'includedCategories': ['governance', 'community', 'operation', 'fundamental'], 'score': 52.62, 'scoreCodeSecurity': None, 'scoreCommunity': 43.32, 'scoreFundamental': 49.5, 'scoreGovernance': 65.3, 'scoreMarket': None, 'scoreOperation': 55.5}",,,,,,,,False,0,Ethereum
916,IFToken,iftoken,https://skynet.certik.com/projects/iftoken,"{'rank': 14744, 'percentile': 0.7925453152923155, 'includedCategories': ['code', 'governance', 'community', 'operation', 'fundamental'], 'score': 52.61, 'scoreCodeSecurity': 55.79, 'scoreCommunity': 55, 'scoreFundamental': 49.75, 'scoreGovernance': 35.49, 'scoreMarket': None, 'scoreOperation': 66.7}",,,,,,,,False,0,Ethereum
917,Martik,martik,https://skynet.certik.com/projects/martik,"{'rank': 14745, 'percentile': 0.7925453152923155, 'includedCategories': ['code', 'governance', 'community', 'operation', 'fundamental'], 'score': 52.61, 'scoreCodeSecurity': 50.68, 'scoreCommunity': 61.3, 'scoreFundamental': 49.93, 'scoreGovernance': 39.04, 'scoreMarket': None, 'scoreOperation': 66.7}",,,,,,,,False,0,
918,DR1VER,dr1ver,https://skynet.certik.com/projects/dr1ver,"{'rank': 14753, 'percentile': 0.7930559101353076, 'includedCategories': ['code', 'governance', 'community', 'operation', 'fundamental'], 'score': 52.6, 'scoreCodeSecurity': 47.96, 'scoreCommunity': 55, 'scoreFundamental': 49.16, 'scoreGovernance': 52.28, 'scoreMarket': None, 'scoreOperation': 66.7}",,,,,,,,False,0,BSC
919,AIIInXSwap,aiiinxswap,https://skynet.certik.com/projects/aiiinxswap,"{'rank': 14778, 'percentile': 0.7942302782741895, 'includedCategories': ['code', 'governance', 'community', 'operation', 'fundamental'], 'score': 52.57, 'scoreCodeSecurity': 50.81, 'scoreCommunity': 43.32, 'scoreFundamental': 49.15, 'scoreGovernance': 59.28, 'scoreMarket': None, 'scoreOperation': 65.5}",,,,,,,,False,0,opBNB
920,SwapDEX,swapdex,https://skynet.certik.com/projects/swapdex,"{'rank': 14788, 'percentile': 0.7946387541485831, 'includedCategories': ['code', 'governance', 'community', 'operation', 'fundamental'], 'score': 52.56, 'scoreCodeSecurity': 51.87, 'scoreCommunity': 43.32, 'scoreFundamental': 49.61, 'scoreGovernance': 53.34, 'scoreMarket': None, 'scoreOperation': 68.3}",,,,,,,,False,0,
921,Zeepr,zeepr,https://skynet.certik.com/projects/zeepr,"{'rank': 14801, 'percentile': 0.7952514679601737, 'includedCategories': ['code', 'community', 'operation', 'fundamental'], 'score': 52.55, 'scoreCodeSecurity': 49.21, 'scoreCommunity': 65.81, 'scoreFundamental': 49.77, 'scoreGovernance': None, 'scoreMarket': None, 'scoreOperation': 51.5}",,,,,,,,False,0,Arbitrum
922,Baby Doge CEO,baby-doge-ceo,https://skynet.certik.com/projects/baby-doge-ceo,"{'rank': 14802, 'percentile': 0.7958131222874649, 'includedCategories': ['code', 'governance', 'community', 'operation', 'fundamental'], 'score': 52.54, 'scoreCodeSecurity': 57.2, 'scoreCommunity': 43.32, 'scoreFundamental': 49.67, 'scoreGovernance': 55.2, 'scoreMarket': None, 'scoreOperation': 55.5}",,,,,,,,False,0,
923,Tigerfinance,tigerfinance,https://skynet.certik.com/projects/tigerfinance,"{'rank': 14814, 'percentile': 0.7960684197089609, 'includedCategories': ['code', 'governance', 'community', 'operation', 'fundamental'], 'score': 52.53, 'scoreCodeSecurity': 48.32, 'scoreCommunity': 43.32, 'scoreFundamental': 49.99, 'scoreGovernance': 61.07, 'scoreMarket': None, 'scoreOperation': 66.7}",,,0.15870456854463555,,,,,False,0,BSC
924,veSync,vesync,https://skynet.certik.com/projects/vesync,"{'rank': 14817, 'percentile': 0.7960684197089609, 'includedCategories': ['community', 'market', 'operation', 'fundamental'], 'score': 52.53, 'scoreCodeSecurity': None, 'scoreCommunity': 43.32, 'scoreFundamental': 49.8, 'scoreGovernance': None, 'scoreMarket': 54.82, 'scoreOperation': 60.3}",,,,,,,,False,0,zkSync
925,Market Ledger,market-ledger,https://skynet.certik.com/projects/market-ledger,"{'rank': 14831, 'percentile': 0.7970385499106459, 'includedCategories': ['code', 'governance', 'community', 'operation', 'fundamental'], 'score': 52.51, 'scoreCodeSecurity': 48.72, 'scoreCommunity': 57.66, 'scoreFundamental': 49.18, 'scoreGovernance': 58.58, 'scoreMarket': None, 'scoreOperation': 55.5}",,,,,,,,False,0,BSC
926,Newsolution2.0,newsolution-token,https://skynet.certik.com/projects/newsolution-token,"{'rank': 14838, 'percentile': 0.7976002042379372, 'includedCategories': ['code', 'governance', 'community', 'operation', 'fundamental'], 'score': 52.5, 'scoreCodeSecurity': 53.5, 'scoreCommunity': 55.85, 'scoreFundamental': 49.03, 'scoreGovernance': 51.11, 'scoreMarket': None, 'scoreOperation': 55.5}",,,1.0345739126205444,,,,,False,0,BSC
927,Switch,switch,https://skynet.certik.com/projects/switch,"{'rank': 14870, 'percentile': 0.799029869798315, 'includedCategories': ['code', 'governance', 'community', 'operation', 'fundamental'], 'score': 52.46, 'scoreCodeSecurity': 50.7, 'scoreCommunity': 43.32, 'scoreFundamental': 49.01, 'scoreGovernance': 57.75, 'scoreMarket': None, 'scoreOperation': 66.7}",,,,,,,,False,0,Ethereum
928,Zeedex,zeedex,https://skynet.certik.com/projects/zeedex,"{'rank': 14871, 'percentile': 0.799029869798315, 'includedCategories': ['code', 'governance', 'community', 'operation', 'fundamental'], 'score': 52.46, 'scoreCodeSecurity': 54.51, 'scoreCommunity': 43.32, 'scoreFundamental': 49.9, 'scoreGovernance': 59.58, 'scoreMarket': None, 'scoreOperation': 55.5}",,,,,,,,False,0,Ethereum
929,Befy Protocol,befy-protocol,https://skynet.certik.com/projects/befy-protocol,"{'rank': 14906, 'percentile': 0.8011743681388818, 'includedCategories': ['code', 'governance', 'community', 'operation', 'fundamental'], 'score': 52.38, 'scoreCodeSecurity': 49.72, 'scoreCommunity': 48.3, 'scoreFundamental': 49.56, 'scoreGovernance': 60.25, 'scoreMarket': None, 'scoreOperation': 59.58}",,,,,,,,False,0,Bitcoin
930,Pembrock,pembrock,https://skynet.certik.com/projects/pembrock,"{'rank': 14911, 'percentile': 0.8011743681388818, 'includedCategories': ['code', 'community', 'operation', 'fundamental'], 'score': 52.38, 'scoreCodeSecurity': 30.22, 'scoreCommunity': 43.32, 'scoreFundamental': 79.5, 'scoreGovernance': None, 'scoreMarket': None, 'scoreOperation': 51.5}",,,,,,,,False,0,Near
931,Moonlana,moonlana,https://skynet.certik.com/projects/moonlana,"{'rank': 14925, 'percentile': 0.8020934388562675, 'includedCategories': ['code', 'governance', 'community', 'market', 'operation', 'fundamental'], 'score': 52.35, 'scoreCodeSecurity': 57.35, 'scoreCommunity': 55, 'scoreFundamental': 49.32, 'scoreGovernance': 42.34, 'scoreMarket': 50.03, 'scoreOperation': 62.7}",,,,,,,,False,0,Solana
932,Indigo Protocol - iBTC,indigo-protocol-ibtc,https://skynet.certik.com/projects/indigo-protocol-ibtc,"{'rank': 14960, 'percentile': 0.8038805208067399, 'includedCategories': ['code', 'community', 'market', 'operation', 'fundamental'], 'score': 52.3, 'scoreCodeSecurity': 35.36, 'scoreCommunity': 91.06, 'scoreFundamental': 49.05, 'scoreGovernance': None, 'scoreMarket': 48.85, 'scoreOperation': 64.3}",65830,,235.01311874389648,,,,,False,0,
933,ThalaSwap,thalaswap,https://skynet.certik.com/projects/thalaswap,"{'rank': 14979, 'percentile': 0.8048506510084248, 'includedCategories': ['code', 'governance', 'community', 'market', 'operation', 'fundamental'], 'score': 52.28, 'scoreCodeSecurity': 56.7400016784668, 'scoreCommunity': 77.30000305175781, 'scoreFundamental': 34.88999938964844, 'scoreGovernance': 30.5, 'scoreMarket': 79.27999877929688, 'scoreOperation': 33.459999084472656}",0.0084719,588201,4205.8,,,,,True,2,Aptos
934,Eagle Token,eagle-token,https://skynet.certik.com/projects/eagle-token,"{'rank': 15013, 'percentile': 0.8069440898646923, 'includedCategories': ['code', 'governance', 'community', 'operation', 'fundamental'], 'score': 52.21, 'scoreCodeSecurity': 46.67, 'scoreCommunity': 54.41, 'scoreFundamental': 49.89, 'scoreGovernance': 62.47, 'scoreMarket': None, 'scoreOperation': 55.5}",,,,,,,,False,0,BSC
935,Pikachu Inu,pikachu-inu,https://skynet.certik.com/projects/pikachu-inu,"{'rank': 15030, 'percentile': 0.8076589226448813, 'includedCategories': ['code', 'governance', 'community', 'operation', 'fundamental'], 'score': 52.19, 'scoreCodeSecurity': 49.07, 'scoreCommunity': 53.62, 'scoreFundamental': 49.74, 'scoreGovernance': 41.97, 'scoreMarket': None, 'scoreOperation': 72.14}",,,,,,,,False,0,Ethereum
936,Wish Finance,wish-finance,https://skynet.certik.com/projects/wish-finance,"{'rank': 15033, 'percentile': 0.8076589226448813, 'includedCategories': ['code', 'governance', 'community', 'operation', 'fundamental'], 'score': 52.19, 'scoreCodeSecurity': 45.96, 'scoreCommunity': 53.8, 'scoreFundamental': 49.36, 'scoreGovernance': 52.56, 'scoreMarket': None, 'scoreOperation': 68.3}",,,2.4342763423919678,,,,,False,0,BSC
937,Pangolin Swap,pangolin-swap,https://skynet.certik.com/projects/pangolin-swap,"{'rank': 15065, 'percentile': 0.8094970640796528, 'includedCategories': ['code', 'governance', 'community', 'operation', 'fundamental'], 'score': 52.14, 'scoreCodeSecurity': 49.37, 'scoreCommunity': 57.31, 'scoreFundamental': 49.77, 'scoreGovernance': 42.67, 'scoreMarket': None, 'scoreOperation': 66.7}",,,42.22920227050781,,,,,False,0,BSC
938,SwapBlast,swapblast,https://skynet.certik.com/projects/swapblast,"{'rank': 15072, 'percentile': 0.8097013020168496, 'includedCategories': ['community', 'market', 'operation', 'fundamental'], 'score': 52.13, 'scoreCodeSecurity': None, 'scoreCommunity': 43.32, 'scoreFundamental': 49.49, 'scoreGovernance': None, 'scoreMarket': 54.1, 'scoreOperation': 60.3}",,,,,,,,False,0,Blast
939,FiboDex,fibodex,https://skynet.certik.com/projects/fibodex,"{'rank': 15074, 'percentile': 0.8098034209854481, 'includedCategories': ['code', 'governance', 'community', 'operation', 'fundamental'], 'score': 52.12, 'scoreCodeSecurity': 47.01, 'scoreCommunity': 49.23, 'scoreFundamental': 49.07, 'scoreGovernance': 55.16, 'scoreMarket': None, 'scoreOperation': 68.3}",,,,,,,,False,0,BSC
940,Moon Light Night,moon-light-night,https://skynet.certik.com/projects/moon-light-night,"{'rank': 15086, 'percentile': 0.810518253765637, 'includedCategories': ['community', 'operation', 'fundamental'], 'score': 52.09, 'scoreCodeSecurity': None, 'scoreCommunity': 49.22, 'scoreFundamental': 49.41, 'scoreGovernance': None, 'scoreMarket': None, 'scoreOperation': 60.3}",,,,,,,,False,0,Xrp
941,CoinField Coin,coinfield-coin,https://skynet.certik.com/projects/coinfield-coin,"{'rank': 15095, 'percentile': 0.8111820270615266, 'includedCategories': ['code', 'governance', 'community', 'operation', 'fundamental'], 'score': 52.06, 'scoreCodeSecurity': 50.43, 'scoreCommunity': 52.19, 'scoreFundamental': 58.5, 'scoreGovernance': 38.88, 'scoreMarket': None, 'scoreOperation': 55.5}",,,,,,,,False,0,Ethereum
942,AskJimmy,askjimmy,https://skynet.certik.com/projects/askjimmy,"{'rank': 15105, 'percentile': 0.8118968598417156, 'includedCategories': ['code', 'community', 'operation', 'fundamental'], 'score': 52.04, 'scoreCodeSecurity': 52.5, 'scoreCommunity': 43.32, 'scoreFundamental': 49.82, 'scoreGovernance': None, 'scoreMarket': None, 'scoreOperation': 64.3}",,,,,,,,False,0,Solana
943,Billion Local Coin Gold,billion-local-coin,https://skynet.certik.com/projects/billion-local-coin,"{'rank': 15106, 'percentile': 0.8118968598417156, 'includedCategories': ['code', 'governance', 'community', 'operation', 'fundamental'], 'score': 52.04, 'scoreCodeSecurity': 74.7, 'scoreCommunity': 43.32, 'scoreFundamental': 69.5, 'scoreGovernance': 55.87, 'scoreMarket': None, 'scoreOperation': 60.5}",,,,,,,,False,1,BSC
944,Solvent,solvent,https://skynet.certik.com/projects/solvent,"{'rank': 15111, 'percentile': 0.8118968598417156, 'includedCategories': ['code', 'community', 'operation', 'fundamental'], 'score': 52.04, 'scoreCodeSecurity': 47.58, 'scoreCommunity': 55, 'scoreFundamental': 49.68, 'scoreGovernance': None, 'scoreMarket': None, 'scoreOperation': 62.7}",,,,,,,,False,0,Solana
945,XShiba Inu,xshiba-inu,https://skynet.certik.com/projects/xshiba-inu,"{'rank': 15112, 'percentile': 0.8118968598417156, 'includedCategories': ['code', 'governance', 'community', 'operation', 'fundamental'], 'score': 52.04, 'scoreCodeSecurity': 48.72, 'scoreCommunity': 47.47, 'scoreFundamental': 49.99, 'scoreGovernance': 59.83, 'scoreMarket': None, 'scoreOperation': 59.58}",,,,,,,,False,0,Ethereum
946,Dracula Finance,dracula-finance,https://skynet.certik.com/projects/dracula-finance,"{'rank': 15179, 'percentile': 0.8153689047740618, 'includedCategories': ['code', 'community', 'market', 'operation', 'fundamental'], 'score': 51.91, 'scoreCodeSecurity': 56.5, 'scoreCommunity': 43.32, 'scoreFundamental': 49.22, 'scoreGovernance': None, 'scoreMarket': 50.72, 'scoreOperation': 60.3}",,,,,,,,True,1,zkSync
947,iPulse,ipulse,https://skynet.certik.com/projects/ipulse,"{'rank': 15216, 'percentile': 0.8177176410518254, 'includedCategories': ['code', 'governance', 'community', 'operation', 'fundamental'], 'score': 51.86, 'scoreCodeSecurity': 45.05, 'scoreCommunity': 53.98, 'scoreFundamental': 49.85, 'scoreGovernance': 63.72, 'scoreMarket': None, 'scoreOperation': 55.5}",,,0.3386611044406891,,,,,False,0,BSC
948,UpStableToken,upstabletoken,https://skynet.certik.com/projects/upstabletoken,"{'rank': 15250, 'percentile': 0.8191983660965024, 'includedCategories': ['code', 'community', 'market', 'operation', 'fundamental'], 'score': 51.81, 'scoreCodeSecurity': 44.28, 'scoreCommunity': 54.72, 'scoreFundamental': 49.71, 'scoreGovernance': None, 'scoreMarket': 53.1, 'scoreOperation': 64.3}",,,,,,,,True,1,Tron
949,ZKUP,zkup,https://skynet.certik.com/projects/zkup,"{'rank': 15264, 'percentile': 0.8199642583609905, 'includedCategories': ['code', 'governance', 'community', 'operation', 'fundamental'], 'score': 51.8, 'scoreCodeSecurity': 47.96, 'scoreCommunity': 55.81, 'scoreFundamental': 49.28, 'scoreGovernance': 39.93, 'scoreMarket': None, 'scoreOperation': 72.38}",,,,,,,,False,0,
950,Acadex Network,acadex-network,https://skynet.certik.com/projects/acadex-network,"{'rank': 15274, 'percentile': 0.8206280316568803, 'includedCategories': ['code', 'governance', 'community', 'operation', 'fundamental'], 'score': 51.77, 'scoreCodeSecurity': 53.5, 'scoreCommunity': 52.88, 'scoreFundamental': 49.73, 'scoreGovernance': 47.54, 'scoreMarket': None, 'scoreOperation': 55.5}",,,,,,,,False,0,BSC
951,Crypto Volatility Token,crypto-volatility-token,https://skynet.certik.com/projects/crypto-volatility-token,"{'rank': 15278, 'percentile': 0.8209343885626755, 'includedCategories': ['code', 'governance', 'community', 'market', 'operation', 'fundamental'], 'score': 51.76, 'scoreCodeSecurity': 74.9, 'scoreCommunity': 43.32, 'scoreFundamental': 49.43, 'scoreGovernance': 62.68, 'scoreMarket': 31.53, 'scoreOperation': 68.3}",,,,,,,,True,1,Polygon
952,Dexfin,dexfin,https://skynet.certik.com/projects/dexfin,"{'rank': 15279, 'percentile': 0.8209343885626755, 'includedCategories': ['code', 'governance', 'community', 'operation', 'fundamental'], 'score': 51.76, 'scoreCodeSecurity': 47.97, 'scoreCommunity': 43.32, 'scoreFundamental': 49.4, 'scoreGovernance': 51.85, 'scoreMarket': None, 'scoreOperation': 72.38}",,,,,,,,False,0,Ethereum
953,Chamcha,chamcha,https://skynet.certik.com/projects/chamcha,"{'rank': 15285, 'percentile': 0.8213428644370692, 'includedCategories': ['community', 'operation', 'fundamental'], 'score': 51.75, 'scoreCodeSecurity': None, 'scoreCommunity': 43.32, 'scoreFundamental': 49.68, 'scoreGovernance': None, 'scoreMarket': None, 'scoreOperation': 64.3}",,,,,,,,False,0,Bitcoin
954,Meta Course,meta-course,https://skynet.certik.com/projects/meta-course,"{'rank': 15289, 'percentile': 0.8213428644370692, 'includedCategories': ['code', 'governance', 'community', 'operation', 'fundamental'], 'score': 51.75, 'scoreCodeSecurity': 58.24, 'scoreCommunity': 43.32, 'scoreFundamental': 49.04, 'scoreGovernance': 36.09, 'scoreMarket': None, 'scoreOperation': 68.3}",,,,,,,,False,0,BSC
955,Chickenkebab Finance,chickenkebab-finance,https://skynet.certik.com/projects/chickenkebab-finance,"{'rank': 15297, 'percentile': 0.8220066377329589, 'includedCategories': ['code', 'governance', 'community', 'operation', 'fundamental'], 'score': 51.73, 'scoreCodeSecurity': 48.17, 'scoreCommunity': 43.32, 'scoreFundamental': 49.27, 'scoreGovernance': 55.6, 'scoreMarket': None, 'scoreOperation': 68.3}",,,4.5975693836808205,,,,,False,0,BSC
956,JoJo Token,jojo-token,https://skynet.certik.com/projects/jojo-token,"{'rank': 15316, 'percentile': 0.8228235894817463, 'includedCategories': ['code', 'governance', 'community', 'operation', 'fundamental'], 'score': 51.71, 'scoreCodeSecurity': 75.25, 'scoreCommunity': 44.47, 'scoreFundamental': 39.22, 'scoreGovernance': 44.84, 'scoreMarket': None, 'scoreOperation': 50.61}",,,,,,,,False,1,BSC
957,UME Token,ume-token,https://skynet.certik.com/projects/ume-token,"{'rank': 15360, 'percentile': 0.8251723257595098, 'includedCategories': ['community', 'market', 'operation', 'fundamental'], 'score': 51.64, 'scoreCodeSecurity': None, 'scoreCommunity': 43.32, 'scoreFundamental': 49.54, 'scoreGovernance': None, 'scoreMarket': 55.86, 'scoreOperation': 51.5}",,,,,,,,False,0,Tron
958,Symmetric,symmetric,https://skynet.certik.com/projects/symmetric,"{'rank': 15387, 'percentile': 0.8267041102884861, 'includedCategories': ['code', 'governance', 'community', 'market', 'operation', 'fundamental'], 'score': 51.59, 'scoreCodeSecurity': 34.48, 'scoreCommunity': 57.15, 'scoreFundamental': 49.29, 'scoreGovernance': 65.3, 'scoreMarket': 52.52, 'scoreOperation': 68.3}",,,,,,,,False,0,Gnosis-gno
959,LadderCaster,laddercaster,https://skynet.certik.com/projects/laddercaster,"{'rank': 15394, 'percentile': 0.8271636456471789, 'includedCategories': ['code', 'community', 'operation', 'fundamental'], 'score': 51.57, 'scoreCodeSecurity': 51.45, 'scoreCommunity': 43.32, 'scoreFundamental': 49.46, 'scoreGovernance': None, 'scoreMarket': None, 'scoreOperation': 64.3}",,,,,,,,False,0,Solana
960,FidexToken,fidex-token,https://skynet.certik.com/projects/fidex-token,"{'rank': 15442, 'percentile': 0.8300740362522339, 'includedCategories': ['code', 'governance', 'community', 'operation', 'fundamental'], 'score': 51.5, 'scoreCodeSecurity': 44.72, 'scoreCommunity': 57.78, 'scoreFundamental': 49.33, 'scoreGovernance': 55.07, 'scoreMarket': None, 'scoreOperation': 59.58}",,,,,,,,False,0,Ethereum
961,GianniDoge Esport,giannidoge-esport,https://skynet.certik.com/projects/giannidoge-esport,"{'rank': 15443, 'percentile': 0.8300740362522339, 'includedCategories': ['code', 'governance', 'community', 'operation', 'fundamental'], 'score': 51.5, 'scoreCodeSecurity': 43.42, 'scoreCommunity': 47.56, 'scoreFundamental': 49.8, 'scoreGovernance': 59.8, 'scoreMarket': None, 'scoreOperation': 66.7}",,,,,,,,False,0,BSC
962,Baymax Finance,baymax-finance,https://skynet.certik.com/projects/baymax-finance,"{'rank': 15449, 'percentile': 0.8304314526423283, 'includedCategories': ['code', 'governance', 'community', 'operation', 'fundamental'], 'score': 51.49, 'scoreCodeSecurity': 47.29, 'scoreCommunity': 59.22, 'scoreFundamental': 49.71, 'scoreGovernance': 51.71, 'scoreMarket': None, 'scoreOperation': 55.5}",,,,,,,,False,0,Avalanche
963,Sonic Suite,sonic-suite,https://skynet.certik.com/projects/sonic-suite,"{'rank': 15462, 'percentile': 0.8308909880010211, 'includedCategories': ['code', 'governance', 'community', 'operation', 'fundamental'], 'score': 51.48, 'scoreCodeSecurity': 47.82, 'scoreCommunity': 47.76, 'scoreFundamental': 49.45, 'scoreGovernance': 58.5, 'scoreMarket': None, 'scoreOperation': 59.58}",,,,,,,,False,0,
964,BitGuild PLAT,bitguild-plat,https://skynet.certik.com/projects/bitguild-plat,"{'rank': 15470, 'percentile': 0.8317079397498085, 'includedCategories': ['community', 'operation', 'fundamental'], 'score': 51.46, 'scoreCodeSecurity': None, 'scoreCommunity': 43.32, 'scoreFundamental': 49.9, 'scoreGovernance': None, 'scoreMarket': None, 'scoreOperation': 62.7}",,,,,,,,False,0,Tron
965,Price Gap,price-gap,https://skynet.certik.com/projects/price-gap,"{'rank': 15485, 'percentile': 0.8321674751085014, 'includedCategories': ['code', 'governance', 'community', 'operation', 'fundamental'], 'score': 51.45, 'scoreCodeSecurity': 50.7, 'scoreCommunity': 43.32, 'scoreFundamental': 49.95, 'scoreGovernance': 60.04, 'scoreMarket': None, 'scoreOperation': 55.5}",,,,,,,,False,0,BSC
966,Shakita Inu,shakita-inu,https://skynet.certik.com/projects/shakita-inu,"{'rank': 15537, 'percentile': 0.8348225682920603, 'includedCategories': ['code', 'governance', 'community', 'operation', 'fundamental'], 'score': 51.35, 'scoreCodeSecurity': 47.64, 'scoreCommunity': 43.32, 'scoreFundamental': 49.17, 'scoreGovernance': 54.23, 'scoreMarket': None, 'scoreOperation': 68.3}",,,,,,,,False,0,BSC
967,0xACID,acid-token,https://skynet.certik.com/projects/acid-token,"{'rank': 15564, 'percentile': 0.8366096502425325, 'includedCategories': ['code', 'governance', 'community', 'operation', 'fundamental'], 'score': 51.29, 'scoreCodeSecurity': 48.92, 'scoreCommunity': 43.32, 'scoreFundamental': 49.8, 'scoreGovernance': 62.78, 'scoreMarket': None, 'scoreOperation': 55.5}",,,,,,,,False,0,Arbitrum
968,HurricaneSwap Token,hurricaneswap-token,https://skynet.certik.com/projects/hurricaneswap-token,"{'rank': 15582, 'percentile': 0.8374776614756191, 'includedCategories': ['code', 'governance', 'community', 'market', 'operation', 'fundamental'], 'score': 51.27, 'scoreCodeSecurity': 51.32, 'scoreCommunity': 61.04, 'scoreFundamental': 49.23, 'scoreGovernance': 78.44, 'scoreMarket': 34.6, 'scoreOperation': 68.3}",5.724959093029156e-06,,2.5182721614837646,,,,,False,0,Avalanche
969,Swaprum,swaprum,https://skynet.certik.com/projects/swaprum,"{'rank': 15619, 'percentile': 0.8392647434260914, 'includedCategories': ['code', 'governance', 'community', 'operation', 'fundamental'], 'score': 51.19, 'scoreCodeSecurity': 70.07, 'scoreCommunity': 72.75, 'scoreFundamental': 48.14, 'scoreGovernance': 51.89, 'scoreMarket': None, 'scoreOperation': 60.82}",,,,,,,True,False,1,Arbitrum
970,Alien,alien-fi,https://skynet.certik.com/projects/alien-fi,"{'rank': 15672, 'percentile': 0.8425325504212408, 'includedCategories': ['code', 'governance', 'community', 'market', 'operation', 'fundamental'], 'score': 51.08, 'scoreCodeSecurity': 47.96, 'scoreCommunity': 51.61, 'scoreFundamental': 49.59, 'scoreGovernance': 49.91, 'scoreMarket': 47.14, 'scoreOperation': 72.72}",4.3755120436355825e-05,,2.1030969619750977,,,,,False,0,
971,Gale Network,gale-network,https://skynet.certik.com/projects/gale-network,"{'rank': 15698, 'percentile': 0.8437069185601225, 'includedCategories': ['code', 'governance', 'community', 'operation', 'fundamental'], 'score': 51.04, 'scoreCodeSecurity': 39.61, 'scoreCommunity': 57.44, 'scoreFundamental': 49.44, 'scoreGovernance': 53.43, 'scoreMarket': None, 'scoreOperation': 68.3}",,,,,,,,True,0,BSC
972,CakeWSwap,cakewswap,https://skynet.certik.com/projects/cakewswap,"{'rank': 15708, 'percentile': 0.844064334950217, 'includedCategories': ['code', 'governance', 'community', 'operation', 'fundamental'], 'score': 51.01, 'scoreCodeSecurity': 51.63, 'scoreCommunity': 43.32, 'scoreFundamental': 49.03, 'scoreGovernance': 56.94, 'scoreMarket': None, 'scoreOperation': 55.5}",,,21.023658752441406,,,,,False,0,BSC
973,Kaiken Shiba,kaiken-shiba,https://skynet.certik.com/projects/kaiken-shiba,"{'rank': 10540, 'percentile': 0.5694153689047741, 'includedCategories': ['code', 'governance', 'community', 'market', 'operation', 'fundamental'], 'score': 58.46, 'scoreCodeSecurity': 67.21, 'scoreCommunity': 48.58, 'scoreFundamental': 49.82, 'scoreGovernance': 71.04, 'scoreMarket': 54.75, 'scoreOperation': 66.7}",8.4844973804e-14,,93.40736389160156,,,,,True,2,BSC
974,XERIUM,xerium,https://skynet.certik.com/projects/xerium,"{'rank': 15716, 'percentile': 0.8444217513403115, 'includedCategories': ['code', 'governance', 'community', 'operation', 'fundamental'], 'score': 51, 'scoreCodeSecurity': 50.06, 'scoreCommunity': 47.66, 'scoreFundamental': 49.93, 'scoreGovernance': 42.66, 'scoreMarket': None, 'scoreOperation': 66.7}",,,,,,,,False,0,Ethereum
975,W3Swap,w3swap,https://skynet.certik.com/projects/w3swap,"{'rank': 15735, 'percentile': 0.8453918815419964, 'includedCategories': ['code', 'governance', 'community', 'operation', 'fundamental'], 'score': 50.96, 'scoreCodeSecurity': 48.36, 'scoreCommunity': 43.32, 'scoreFundamental': 49.88, 'scoreGovernance': 61.42, 'scoreMarket': None, 'scoreOperation': 55.5}",,,,,,,,False,0,BSC
976,KuSwap Finance,kuswapfinance,https://skynet.certik.com/projects/kuswapfinance,"{'rank': 15748, 'percentile': 0.846259892775083, 'includedCategories': ['code', 'community', 'market', 'operation', 'fundamental'], 'score': 50.94, 'scoreCodeSecurity': 72.57, 'scoreCommunity': 60.19, 'scoreFundamental': 49.24, 'scoreGovernance': None, 'scoreMarket': 30.11, 'scoreOperation': 64.3}",,,1.82,,,,,False,1,
977,CRODEX,crodex,https://skynet.certik.com/projects/crodex,"{'rank': 15758, 'percentile': 0.8466173091651774, 'includedCategories': ['community', 'market', 'operation', 'fundamental'], 'score': 50.92, 'scoreCodeSecurity': None, 'scoreCommunity': 47.36, 'scoreFundamental': 49.04, 'scoreGovernance': None, 'scoreMarket': 53.17, 'scoreOperation': 51.5}",0.08548075403552109,,42.69121551513672,,,,,False,0,Cronos
978,GokuMarket Credit,gokumarket-credit,https://skynet.certik.com/projects/gokumarket-credit,"{'rank': 15766, 'percentile': 0.8472810824610671, 'includedCategories': ['code', 'governance', 'community', 'operation', 'fundamental'], 'score': 50.9, 'scoreCodeSecurity': 47.96, 'scoreCommunity': 51.51, 'scoreFundamental': 49.34, 'scoreGovernance': 54.72, 'scoreMarket': None, 'scoreOperation': 55.5}",,,,,,,,False,0,BSC
979,SolanaLite,solanalite,https://skynet.certik.com/projects/solanalite,"{'rank': 15770, 'percentile': 0.8472810824610671, 'includedCategories': ['code', 'community', 'operation', 'fundamental'], 'score': 50.9, 'scoreCodeSecurity': 45.84, 'scoreCommunity': 54.11, 'scoreFundamental': 49.66, 'scoreGovernance': None, 'scoreMarket': None, 'scoreOperation': 60.3}",,,,,,,,False,0,Solana
980,CronosVerse,cronosverse,https://skynet.certik.com/projects/cronosverse,"{'rank': 15774, 'percentile': 0.8476895583354608, 'includedCategories': ['community', 'operation', 'fundamental'], 'score': 50.89, 'scoreCodeSecurity': None, 'scoreCommunity': 43.32, 'scoreFundamental': 49.98, 'scoreGovernance': None, 'scoreMarket': None, 'scoreOperation': 60.3}",,,,,,,,False,0,Cronos
981,Morphex,morphex,https://skynet.certik.com/projects/morphex,"{'rank': 15804, 'percentile': 0.8490681644115394, 'includedCategories': ['community', 'operation', 'fundamental'], 'score': 50.85, 'scoreCodeSecurity': None, 'scoreCommunity': 43.32, 'scoreFundamental': 49.89, 'scoreGovernance': None, 'scoreMarket': None, 'scoreOperation': 60.3}",,,,,,,,False,0,Fantom|BSC
982,Pollchain,pollchain,https://skynet.certik.com/projects/pollchain,"{'rank': 15817, 'percentile': 0.8497829971917283, 'includedCategories': ['code', 'governance', 'community', 'operation', 'fundamental'], 'score': 50.82, 'scoreCodeSecurity': 47.76, 'scoreCommunity': 52.82, 'scoreFundamental': 49.46, 'scoreGovernance': 53.01, 'scoreMarket': None, 'scoreOperation': 55.5}",,,,,,,,False,0,Ethereum
983,Swole Doge,swole-doge,https://skynet.certik.com/projects/swole-doge,"{'rank': 15819, 'percentile': 0.8497829971917283, 'includedCategories': ['code', 'governance', 'community', 'market', 'operation', 'fundamental'], 'score': 50.82, 'scoreCodeSecurity': 49.88, 'scoreCommunity': 43.32, 'scoreFundamental': 49.36, 'scoreGovernance': 42.34, 'scoreMarket': 53.78, 'scoreOperation': 62.7}",,,,,,,,False,0,Solana
984,GhostyCash,ghostycash,https://skynet.certik.com/projects/ghostycash,"{'rank': 15888, 'percentile': 0.8535103395455705, 'includedCategories': ['community', 'operation', 'fundamental'], 'score': 50.7, 'scoreCodeSecurity': None, 'scoreCommunity': 43.32, 'scoreFundamental': 49.59, 'scoreGovernance': None, 'scoreMarket': None, 'scoreOperation': 60.3}",,,,,,,,False,0,Bitcoin|Ethereum|BSC|Base|Polygon|Dogechain|Avalanche
985,WX Token,waves-exchange-token,https://skynet.certik.com/projects/waves-exchange-token,"{'rank': 15901, 'percentile': 0.8540719938728619, 'includedCategories': ['code', 'governance', 'community', 'market', 'operation', 'fundamental'], 'score': 50.69, 'scoreCodeSecurity': 34.04, 'scoreCommunity': 47.43, 'scoreFundamental': 49.73, 'scoreGovernance': 42.9, 'scoreMarket': 62.91, 'scoreOperation': 60.3}",0.00134733801,,159.58363342285156,,,,,False,0,Waves
986,Matrak Fan Token,matrak-fan-token,https://skynet.certik.com/projects/matrak-fan-token,"{'rank': 15925, 'percentile': 0.8553995404646413, 'includedCategories': ['community', 'operation', 'fundamental'], 'score': 50.64, 'scoreCodeSecurity': None, 'scoreCommunity': 43.32, 'scoreFundamental': 49.46, 'scoreGovernance': None, 'scoreMarket': None, 'scoreOperation': 60.3}",,,,,,,,False,0,Bitcicoin
987,Kintaman,kintaman,https://skynet.certik.com/projects/kintaman,"{'rank': 15947, 'percentile': 0.8564717896349247, 'includedCategories': ['code', 'governance', 'community', 'operation', 'fundamental'], 'score': 50.61, 'scoreCodeSecurity': 49.37, 'scoreCommunity': 43.32, 'scoreFundamental': 49.4, 'scoreGovernance': 57.89, 'scoreMarket': None, 'scoreOperation': 55.5}",,,,,,,,False,0,BSC
988,Carbon,carb,https://skynet.certik.com/projects/carb,"{'rank': 15989, 'percentile': 0.8589226448812867, 'includedCategories': ['community', 'operation', 'fundamental'], 'score': 50.53, 'scoreCodeSecurity': None, 'scoreCommunity': 43.32, 'scoreFundamental': 49.24, 'scoreGovernance': None, 'scoreMarket': None, 'scoreOperation': 60.3}",,,,,,,,False,0,Zilliqa
989,APEX,apex,https://skynet.certik.com/projects/apex,"{'rank': 15998, 'percentile': 0.859229001787082, 'includedCategories': ['code', 'community', 'operation', 'fundamental'], 'score': 50.52, 'scoreCodeSecurity': 71.39, 'scoreCommunity': 43.32, 'scoreFundamental': 49.35, 'scoreGovernance': None, 'scoreMarket': None, 'scoreOperation': 55.5}",,,,,,,,False,2,Avalanche
990,Winerz,winerz,https://skynet.certik.com/projects/winerz,"{'rank': 16008, 'percentile': 0.8595353586928772, 'includedCategories': ['community', 'operation', 'fundamental'], 'score': 50.51, 'scoreCodeSecurity': None, 'scoreCommunity': 43.32, 'scoreFundamental': 49.21, 'scoreGovernance': None, 'scoreMarket': None, 'scoreOperation': 60.3}",,,,,,,,False,0,
991,Alita,alita,https://skynet.certik.com/projects/alita,"{'rank': 16010, 'percentile': 0.8601480725044677, 'includedCategories': ['code', 'governance', 'community', 'market', 'operation', 'fundamental'], 'score': 50.5, 'scoreCodeSecurity': 65.07, 'scoreCommunity': 40.09, 'scoreFundamental': 40.18, 'scoreGovernance': 63.5, 'scoreMarket': 30, 'scoreOperation': 43.45}",,,,,,,,False,1,BSC
992,StepEx,stepex,https://skynet.certik.com/projects/stepex,"{'rank': 16021, 'percentile': 0.8601480725044677, 'includedCategories': ['community', 'operation', 'fundamental'], 'score': 50.5, 'scoreCodeSecurity': None, 'scoreCommunity': 43.32, 'scoreFundamental': 49.18, 'scoreGovernance': None, 'scoreMarket': None, 'scoreOperation': 60.3}",,,,,,,,False,0,Step
993,PunkSwap,punkswap,https://skynet.certik.com/projects/punkswap,"{'rank': 16041, 'percentile': 0.8612713811590503, 'includedCategories': ['community', 'operation', 'fundamental'], 'score': 50.47, 'scoreCodeSecurity': None, 'scoreCommunity': 43.32, 'scoreFundamental': 49.93, 'scoreGovernance': None, 'scoreMarket': None, 'scoreOperation': 58.7}",9.981e-05,,1.16,,,,,False,0,opBNB
994,Binary Swap,binary-swap,https://skynet.certik.com/projects/binary-swap,"{'rank': 16079, 'percentile': 0.8633648200153179, 'includedCategories': ['community', 'operation', 'fundamental'], 'score': 50.41, 'scoreCodeSecurity': None, 'scoreCommunity': 43.32, 'scoreFundamental': 49.8, 'scoreGovernance': None, 'scoreMarket': None, 'scoreOperation': 58.7}",,,,,,,,False,0,opBNB
995,FONSmartChain,fonsmartchain,https://skynet.certik.com/projects/fonsmartchain,"{'rank': 16087, 'percentile': 0.8637222364054123, 'includedCategories': ['code', 'community', 'operation', 'fundamental'], 'score': 50.4, 'scoreCodeSecurity': 30.29, 'scoreCommunity': 83.04, 'scoreFundamental': 49.25, 'scoreGovernance': None, 'scoreMarket': None, 'scoreOperation': 60.3}",,,,,,,,False,0,
996,YuzuSwap,yuzuswap,https://skynet.certik.com/projects/yuzuswap,"{'rank': 16134, 'percentile': 0.8660199131988767, 'includedCategories': ['code', 'community', 'market', 'operation', 'fundamental'], 'score': 50.32, 'scoreCodeSecurity': 32.24, 'scoreCommunity': 60.92, 'scoreFundamental': 49.99, 'scoreGovernance': None, 'scoreMarket': 55.47, 'scoreOperation': 61.1}",,,,,,,,False,0,Oasis
997,PixelSwap,pixelswap,https://skynet.certik.com/projects/pixelswap,"{'rank': 16156, 'percentile': 0.8671942813377584, 'includedCategories': ['community', 'operation', 'fundamental'], 'score': 50.27, 'scoreCodeSecurity': None, 'scoreCommunity': 43.32, 'scoreFundamental': 49.52, 'scoreGovernance': None, 'scoreMarket': None, 'scoreOperation': 58.7}",,,,,,,,False,0,Base|Arbitrum|zkSync|opBNB
998,Cranium Dex,cranium-dex,https://skynet.certik.com/projects/cranium-dex,"{'rank': 16178, 'percentile': 0.8683686494766403, 'includedCategories': ['community', 'operation', 'fundamental'], 'score': 50.22, 'scoreCodeSecurity': None, 'scoreCommunity': 43.32, 'scoreFundamental': 49.43, 'scoreGovernance': None, 'scoreMarket': None, 'scoreOperation': 58.7}",7.285381497287683e-06,,0,,,,,False,0,Fantom
999,Momo Protocol,momo-protocol,https://skynet.certik.com/projects/momo-protocol,"{'rank': 16183, 'percentile': 0.8686239468981363, 'includedCategories': ['code', 'governance', 'community', 'operation', 'fundamental'], 'score': 50.21, 'scoreCodeSecurity': 81.27, 'scoreCommunity': 55.86, 'scoreFundamental': 49.91, 'scoreGovernance': 61.53, 'scoreMarket': None, 'scoreOperation': 55.5}",,,3.7612523436546326,,,,,True,1,BSC
1000,Liquid Collectibles,liquid-collectibles,https://skynet.certik.com/projects/liquid-collectibles,"{'rank': 16212, 'percentile': 0.8701046719428134, 'includedCategories': ['code', 'governance', 'community', 'market', 'operation', 'fundamental'], 'score': 50.13, 'scoreCodeSecurity': 47.96, 'scoreCommunity': 55, 'scoreFundamental': 49.69, 'scoreGovernance': 54.04, 'scoreMarket': 42.88, 'scoreOperation': 68.3}",3.09326406202446e-05,,26.81681251525879,,,,,False,0,BSC
1001,DOEX,doex,https://skynet.certik.com/projects/doex,"{'rank': 16219, 'percentile': 0.8709216236916008, 'includedCategories': ['community', 'operation', 'fundamental'], 'score': 50.11, 'scoreCodeSecurity': None, 'scoreCommunity': 43.32, 'scoreFundamental': 49.22, 'scoreGovernance': None, 'scoreMarket': None, 'scoreOperation': 58.7}",,,,,,,,False,0,Cardano
1002,ScarySwap.Io,scaryswap,https://skynet.certik.com/projects/scaryswap,"{'rank': 16224, 'percentile': 0.8709216236916008, 'includedCategories': ['code', 'governance', 'community', 'operation', 'fundamental'], 'score': 50.11, 'scoreCodeSecurity': 40.75, 'scoreCommunity': 53.57, 'scoreFundamental': 49.12, 'scoreGovernance': 61.95, 'scoreMarket': None, 'scoreOperation': 55.5}",,,,,,,,False,0,BSC
1003,Space Chain,space-chain,https://skynet.certik.com/projects/space-chain,"{'rank': 16330, 'percentile': 0.8761807505744192, 'includedCategories': ['code', 'governance', 'community', 'operation', 'fundamental'], 'score': 50.08, 'scoreCodeSecurity': 46.2, 'scoreCommunity': 48.42, 'scoreFundamental': 49.85, 'scoreGovernance': 54.52, 'scoreMarket': None, 'scoreOperation': 55.5}",,,,,,,,False,0,BSC
1004,UniDex Exchange,unidex-exchange,https://skynet.certik.com/projects/unidex-exchange,"{'rank': 16323, 'percentile': 0.8757722747000255, 'includedCategories': ['code', 'governance', 'community', 'market', 'operation', 'fundamental'], 'score': 50.09, 'scoreCodeSecurity': 50.7, 'scoreCommunity': 55, 'scoreFundamental': 50.9, 'scoreGovernance': 76.41, 'scoreMarket': 31.72, 'scoreOperation': 71.12}",,,,,,,,False,0,Ethereum|Arbitrum|Fantom|Metisdao|zkSync
1005,Rocket Raccoon,rocket-raccoon-roc,https://skynet.certik.com/projects/rocket-raccoon-roc,"{'rank': 16268, 'percentile': 0.8730150625478683, 'includedCategories': ['code', 'governance', 'community', 'operation', 'fundamental'], 'score': 50.03, 'scoreCodeSecurity': 47.49, 'scoreCommunity': 51.47, 'scoreFundamental': 49.78, 'scoreGovernance': 48.72, 'scoreMarket': None, 'scoreOperation': 55.5}",,,,,,,,False,0,BSC
1006,SalmonSwap,salmonswap,https://skynet.certik.com/projects/salmonswap,"{'rank': 16222, 'percentile': 0.8705642073015063, 'includedCategories': ['code', 'community', 'operation', 'fundamental'], 'score': 50.27, 'scoreCodeSecurity': 50, 'scoreCommunity': 43.32, 'scoreFundamental': 49.8, 'scoreGovernance': None, 'scoreMarket': None, 'scoreOperation': 58.7}",,,,,,,,True,0,Tron
1007,ApeXit Finance,apexit-finance,https://skynet.certik.com/projects/apexit-finance,"{'rank': 16263, 'percentile': 0.8730661220321675, 'includedCategories': ['code', 'community', 'operation', 'fundamental'], 'score': 50.18, 'scoreCodeSecurity': 42.92, 'scoreCommunity': 55, 'scoreFundamental': 49.97, 'scoreGovernance': None, 'scoreMarket': None, 'scoreOperation': 60.3}",,,,,,,,False,0,Solana
1008,Suteku,suteku,https://skynet.certik.com/projects/suteku,"{'rank': 16289, 'percentile': 0.8740873117181517, 'includedCategories': ['code', 'governance', 'community', 'operation', 'fundamental'], 'score': 50, 'scoreCodeSecurity': 47.96, 'scoreCommunity': 43.32, 'scoreFundamental': 49.73, 'scoreGovernance': 55.8, 'scoreMarket': None, 'scoreOperation': 55.5}",,,0.002507187193259597,,,,,False,0,BSC
1009,Shard,shard,https://skynet.certik.com/projects/shard,"{'rank': 16255, 'percentile': 0.8723002297676794, 'includedCategories': ['code', 'governance', 'community', 'operation', 'fundamental'], 'score': 50.2, 'scoreCodeSecurity': 45.1, 'scoreCommunity': 43.32, 'scoreFundamental': 49.94, 'scoreGovernance': 62.47, 'scoreMarket': None, 'scoreOperation': 55.5}",,,,,,,,False,0,Ethereum
1010,AvaOne Finance,avaone-finance,https://skynet.certik.com/projects/avaone-finance,"{'rank': 16296, 'percentile': 0.8747000255297421, 'includedCategories': ['code', 'governance', 'community', 'operation', 'fundamental'], 'score': 49.98, 'scoreCodeSecurity': 47.96, 'scoreCommunity': 51.27, 'scoreFundamental': 49.7, 'scoreGovernance': 47.76, 'scoreMarket': None, 'scoreOperation': 55.5}",,,,,,,,False,0,Avalanche
1011,SwapFish,swapfish,https://skynet.certik.com/projects/swapfish,"{'rank': 16411, 'percentile': 0.8803676282869544, 'includedCategories': ['code', 'governance', 'community', 'market', 'operation', 'fundamental'], 'score': 49.88, 'scoreCodeSecurity': 55.81, 'scoreCommunity': 48.16, 'scoreFundamental': 49.54, 'scoreGovernance': 51.65, 'scoreMarket': 39.98, 'scoreOperation': 68.3}",,,,,,,,False,0,Arbitrum
1012,Alongside Crypto Market Index,alongside-crypto-market-index,https://skynet.certik.com/projects/alongside-crypto-market-index,"{'rank': 16331, 'percentile': 0.8764871074802144, 'includedCategories': ['code', 'governance', 'community', 'market', 'operation', 'fundamental'], 'score': 49.91, 'scoreCodeSecurity': 50.7, 'scoreCommunity': 43.32, 'scoreFundamental': 54.75, 'scoreGovernance': 75.44, 'scoreMarket': 65.06, 'scoreOperation': 85.24}",118.58214395940934,292715,0,,,,,False,0,Ethereum
1013,Jump DeFi,jump-defi,https://skynet.certik.com/projects/jump-defi,"{'rank': 16362, 'percentile': 0.8779678325248915, 'includedCategories': ['community', 'operation', 'fundamental'], 'score': 49.86, 'scoreCodeSecurity': None, 'scoreCommunity': 43.32, 'scoreFundamental': 50.7, 'scoreGovernance': None, 'scoreMarket': None, 'scoreOperation': 54.7}",,,,,,,,False,0,
1014,POLYX,polyx,https://skynet.certik.com/projects/polyx,"{'rank': 16365, 'percentile': 0.8779678325248915, 'includedCategories': ['code', 'governance', 'community', 'operation', 'fundamental'], 'score': 49.86, 'scoreCodeSecurity': 47.64, 'scoreCommunity': 43.32, 'scoreFundamental': 49.72, 'scoreGovernance': 42.65, 'scoreMarket': None, 'scoreOperation': 68.3}",,,,,,,,False,0,BSC
1015,SeamlessSwap,seamlessswap,https://skynet.certik.com/projects/seamlessswap,"{'rank': 16370, 'percentile': 0.8781720704620883, 'includedCategories': ['code', 'governance', 'community', 'operation', 'fundamental'], 'score': 49.84, 'scoreCodeSecurity': 47.96, 'scoreCommunity': 43.32, 'scoreFundamental': 49.61, 'scoreGovernance': 54.92, 'scoreMarket': None, 'scoreOperation': 55.5}",,,0.7565694451332092,,,,,False,0,BSC
1016,Gridex,gridex,https://skynet.certik.com/projects/gridex,"{'rank': 16430, 'percentile': 0.8813888179729384, 'includedCategories': ['code', 'governance', 'community', 'operation', 'fundamental'], 'score': 49.82, 'scoreCodeSecurity': 86.06, 'scoreCommunity': 44.01, 'scoreFundamental': 49.44, 'scoreGovernance': 62.01, 'scoreMarket': None, 'scoreOperation': 55.5}",,,,,,,,False,2,Ethereum|Arbitrum|Optimism|Polygon
1017,Shido,shido,https://skynet.certik.com/projects/shido,"{'rank': 16467, 'percentile': 0.8831758999234107, 'includedCategories': ['code', 'governance', 'community', 'market', 'operation', 'fundamental'], 'score': 49.74, 'scoreCodeSecurity': 56.61, 'scoreCommunity': 43.32, 'scoreFundamental': 49.28, 'scoreGovernance': 44.57, 'scoreMarket': 46.05, 'scoreOperation': 59.58}",,,,,,,,False,0,BSC|Ethereum
1018,Janus Network,janus-network,https://skynet.certik.com/projects/janus-network,"{'rank': 16409, 'percentile': 0.8802655093183559, 'includedCategories': ['code', 'governance', 'community', 'operation', 'fundamental'], 'score': 49.75, 'scoreCodeSecurity': 43.42, 'scoreCommunity': 43.32, 'scoreFundamental': 49.35, 'scoreGovernance': 51.08, 'scoreMarket': None, 'scoreOperation': 68.3}",,,,,,,,False,0,Avalanche
1019,YaySwap,yayswap,https://skynet.certik.com/projects/yayswap,"{'rank': 16497, 'percentile': 0.884707684452387, 'includedCategories': ['code', 'governance', 'community', 'operation', 'fundamental'], 'score': 49.67, 'scoreCodeSecurity': 47.29, 'scoreCommunity': 43.32, 'scoreFundamental': 49.41, 'scoreGovernance': 51.38, 'scoreMarket': None, 'scoreOperation': 59.58}",,,,,,,,False,0,Ethereum
1020,LEXER Markets,lexer,https://skynet.certik.com/projects/lexer,"{'rank': 16534, 'percentile': 0.8865968853714578, 'includedCategories': ['code', 'governance', 'community', 'operation', 'fundamental'], 'score': 49.59, 'scoreCodeSecurity': 47.29, 'scoreCommunity': 43.32, 'scoreFundamental': 49.36, 'scoreGovernance': 55.03, 'scoreMarket': None, 'scoreOperation': 55.5}",,,,,,,,False,0,Arbitrum
1021,Zena Finance,zena-finance,https://skynet.certik.com/projects/zena-finance,"{'rank': 16449, 'percentile': 0.882256829206025, 'includedCategories': ['community', 'operation', 'fundamental'], 'score': 49.64, 'scoreCodeSecurity': None, 'scoreCommunity': 43.32, 'scoreFundamental': 49.07, 'scoreGovernance': None, 'scoreMarket': None, 'scoreOperation': 57.1}",,,,,,,,False,0,opBNB
1022,UNODEX,unodex,https://skynet.certik.com/projects/unodex,"{'rank': 16531, 'percentile': 0.8864437069185601, 'includedCategories': ['code', 'governance', 'community', 'operation', 'fundamental'], 'score': 49.6, 'scoreCodeSecurity': 44.06, 'scoreCommunity': 49.25, 'scoreFundamental': 55.1, 'scoreGovernance': 40.05, 'scoreMarket': None, 'scoreOperation': 59.58}",,,,,,,,False,0,
1023,Codi Finance,codi-finance,https://skynet.certik.com/projects/codi-finance,"{'rank': 16581, 'percentile': 0.889098800102119, 'includedCategories': ['code', 'governance', 'community', 'operation', 'fundamental'], 'score': 49.49, 'scoreCodeSecurity': 51.82, 'scoreCommunity': 43.32, 'scoreFundamental': 49.62, 'scoreGovernance': 35.94, 'scoreMarket': None, 'scoreOperation': 64.3}",,,,,,,,False,0,Solana
1024,CakeSwap,cakeswap,https://skynet.certik.com/projects/cakeswap,"{'rank': 16305, 'percentile': 0.8753637988256319, 'includedCategories': ['code', 'governance', 'community', 'operation', 'fundamental'], 'score': 50.1, 'scoreCodeSecurity': 43.35, 'scoreCommunity': 55.78, 'scoreFundamental': 49.64, 'scoreGovernance': 36.21, 'scoreMarket': None, 'scoreOperation': 72.72}",,,,,,,,False,0,BSC
1025,MobiusDEX,mobiusdex,https://skynet.certik.com/projects/mobiusdex,"{'rank': 16531, 'percentile': 0.8865968853714578, 'includedCategories': ['community', 'operation', 'fundamental'], 'score': 49.45, 'scoreCodeSecurity': None, 'scoreCommunity': 43.32, 'scoreFundamental': 49.09, 'scoreGovernance': None, 'scoreMarket': None, 'scoreOperation': 56.3}",,,,,,,,False,0,Fantom
1026,SoBit,sobit,https://skynet.certik.com/projects/sobit,"{'rank': 16536, 'percentile': 0.8868521827929537, 'includedCategories': ['code', 'governance', 'community', 'operation', 'fundamental'], 'score': 49.44, 'scoreCodeSecurity': 47.31, 'scoreCommunity': 61.64, 'scoreFundamental': 49.99, 'scoreGovernance': 42.34, 'scoreMarket': None, 'scoreOperation': 47.5}",,,,,,,,False,0,Solana
1027,Micromines,micromines,https://skynet.certik.com/projects/micromines,"{'rank': 16542, 'percentile': 0.8873117181516467, 'includedCategories': ['code', 'governance', 'community', 'market', 'operation', 'fundamental'], 'score': 49.41, 'scoreCodeSecurity': 45.1, 'scoreCommunity': 43.32, 'scoreFundamental': 49.65, 'scoreGovernance': 47.72, 'scoreMarket': 52.68, 'scoreOperation': 55.5}",4.385487498950561e-08,,5.195282459259033,,,,,False,0,Ethereum
1028,AVATA Network,avata-network,https://skynet.certik.com/projects/avata-network,"{'rank': 16547, 'percentile': 0.8875159560888435, 'includedCategories': ['code', 'governance', 'community', 'operation', 'fundamental'], 'score': 49.4, 'scoreCodeSecurity': 48.72, 'scoreCommunity': 43.32, 'scoreFundamental': 49.34, 'scoreGovernance': 50.85, 'scoreMarket': None, 'scoreOperation': 55.5}",,,,,,,,False,0,Avalanche
1029,Cykura,cyclos,https://skynet.certik.com/projects/cyclos,"{'rank': 16638, 'percentile': 0.8921623691600715, 'includedCategories': ['code', 'governance', 'community', 'operation', 'fundamental'], 'score': 49.35, 'scoreCodeSecurity': 49.81, 'scoreCommunity': 49.86, 'scoreFundamental': 49.45, 'scoreGovernance': 32.74, 'scoreMarket': None, 'scoreOperation': 64.3}",,,,,,,,False,0,Solana
1030,Degen Dex,degen-dex,https://skynet.certik.com/projects/degen-dex,"{'rank': 16598, 'percentile': 0.890068930303804, 'includedCategories': ['code', 'governance', 'community', 'operation', 'fundamental'], 'score': 49.29, 'scoreCodeSecurity': 53.5, 'scoreCommunity': 43.32, 'scoreFundamental': 49.23, 'scoreGovernance': 48.74, 'scoreMarket': None, 'scoreOperation': 47.5}",,,,,,,,False,0,Solana
1031,Monopoly Finance,monopoly-finance,https://skynet.certik.com/projects/monopoly-finance,"{'rank': 16613, 'percentile': 0.8908858820525912, 'includedCategories': ['code', 'governance', 'community', 'market', 'operation', 'fundamental'], 'score': 49.26, 'scoreCodeSecurity': 53.5, 'scoreCommunity': 43.32, 'scoreFundamental': 49.66, 'scoreGovernance': 58.51, 'scoreMarket': 38.71, 'scoreOperation': 68.3}",,,,,,,,False,0,Arbitrum
1032,Shekel Swap,shekel-swap,https://skynet.certik.com/projects/shekel-swap,"{'rank': 16618, 'percentile': 0.8909880010211897, 'includedCategories': ['code', 'governance', 'community', 'operation', 'fundamental'], 'score': 49.25, 'scoreCodeSecurity': 49.37, 'scoreCommunity': 43.32, 'scoreFundamental': 49.76, 'scoreGovernance': 34.85, 'scoreMarket': None, 'scoreOperation': 68.3}",,,,,,,,False,0,Arbitrum
1033,Bored Candy City,bored-candy-city,https://skynet.certik.com/projects/bored-candy-city,"{'rank': 16629, 'percentile': 0.8917538932856778, 'includedCategories': ['code', 'community', 'operation', 'fundamental'], 'score': 49.22, 'scoreCodeSecurity': 68.57, 'scoreCommunity': 80.16, 'scoreFundamental': 47.74, 'scoreGovernance': None, 'scoreMarket': None, 'scoreOperation': 59.459999999999994}",0.0001838993521258092,,15.41353464126587,,,,,False,1,Cronos
1034,Tapp Exchange,tapp-exchange,https://skynet.certik.com/projects/tapp-exchange,"{'rank': 16671, 'percentile': 0.8936941536890477, 'includedCategories': ['community', 'operation', 'fundamental'], 'score': 49.11, 'scoreCodeSecurity': None, 'scoreCommunity': 49.61, 'scoreFundamental': 49.26, 'scoreGovernance': None, 'scoreMarket': None, 'scoreOperation': 48.3}",,,,,,,,False,0,Aptos
1035,Utility NFT Coin,utility-nft-coin,https://skynet.certik.com/projects/utility-nft-coin,"{'rank': 16425, 'percentile': 0.8811335205514425, 'includedCategories': ['code', 'governance', 'community', 'operation', 'fundamental'], 'score': 49.84, 'scoreCodeSecurity': 47.5, 'scoreCommunity': 43.32, 'scoreFundamental': 49.14, 'scoreGovernance': 38.57, 'scoreMarket': None, 'scoreOperation': 73.74}",,,,,,,,False,0,BSC
1036,Beskar,beskar,https://skynet.certik.com/projects/beskar,"{'rank': 16716, 'percentile': 0.8962471279040082, 'includedCategories': ['community', 'market', 'operation', 'fundamental'], 'score': 48.95, 'scoreCodeSecurity': None, 'scoreCommunity': 43.32, 'scoreFundamental': 49.81, 'scoreGovernance': None, 'scoreMarket': 50.73, 'scoreOperation': 47.5}",4.991035636086878e-08,,0,,,,,False,0,Multiversx
1037,Musk Doge,musk-doge,https://skynet.certik.com/projects/musk-doge,"{'rank': 16726, 'percentile': 0.8966045442941026, 'includedCategories': ['code', 'governance', 'community', 'operation', 'fundamental'], 'score': 48.93, 'scoreCodeSecurity': 45.84, 'scoreCommunity': 55, 'scoreFundamental': 49.78, 'scoreGovernance': 35.94, 'scoreMarket': None, 'scoreOperation': 60.3}",,,,,,,,False,0,Solana
1038,Kim Exchange,kim-exchange,https://skynet.certik.com/projects/kim-exchange,"{'rank': 16734, 'percentile': 0.8971151391370947, 'includedCategories': ['code', 'governance', 'community', 'market', 'operation', 'fundamental'], 'score': 48.91, 'scoreCodeSecurity': 32.47, 'scoreCommunity': 54.13, 'scoreFundamental': 49.34, 'scoreGovernance': 46.1, 'scoreMarket': 53.64, 'scoreOperation': 64.3}",6.00541654446192e-06,,5.33901659,,,,,False,0,
1039,LinkCoin Token,linkcoin-token,https://skynet.certik.com/projects/linkcoin-token,"{'rank': 16735, 'percentile': 0.8971151391370947, 'includedCategories': ['code', 'governance', 'community', 'operation', 'fundamental'], 'score': 48.91, 'scoreCodeSecurity': 50.7, 'scoreCommunity': 43.32, 'scoreFundamental': 49.84, 'scoreGovernance': 42.48, 'scoreMarket': None, 'scoreOperation': 55.5}",,,,,,,,False,0,Ethereum
1040,ClaimSwap,claimswap,https://skynet.certik.com/projects/claimswap,"{'rank': 16738, 'percentile': 0.8972172581056932, 'includedCategories': ['code', 'community', 'market', 'operation', 'fundamental'], 'score': 48.9, 'scoreCodeSecurity': 30.66, 'scoreCommunity': 43.32, 'scoreFundamental': 49.62, 'scoreGovernance': None, 'scoreMarket': 61.57, 'scoreOperation': 51.5}",,,,,,,,False,0,Klaytn
1041,Dino,dino,https://skynet.certik.com/projects/dino,"{'rank': 16744, 'percentile': 0.8976257339800868, 'includedCategories': ['code', 'governance', 'community', 'market', 'operation', 'fundamental'], 'score': 48.88, 'scoreCodeSecurity': 50.39, 'scoreCommunity': 43.32, 'scoreFundamental': 49.2, 'scoreGovernance': 32.74, 'scoreMarket': 55.35, 'scoreOperation': 47.5}",0.00013960986721422614,,190.64111518859863,,,,,False,0,Solana
1042,SoulSwap Finance,soulswap-finance,https://skynet.certik.com/projects/soulswap-finance,"{'rank': 16764, 'percentile': 0.8985958641817717, 'includedCategories': ['code', 'community', 'market', 'operation', 'fundamental'], 'score': 48.83, 'scoreCodeSecurity': 36.3, 'scoreCommunity': 43.32, 'scoreFundamental': 49.48, 'scoreGovernance': None, 'scoreMarket': 53.43, 'scoreOperation': 64.3}",5.503452380819295e-06,,0,,,,,False,0,Fantom|Avalanche
1043,SmurfsINU,smurfsinu,https://skynet.certik.com/projects/smurfsinu,"{'rank': 16612, 'percentile': 0.8907837630839929, 'includedCategories': ['code', 'governance', 'community', 'operation', 'fundamental'], 'score': 49.4, 'scoreCodeSecurity': 48.72, 'scoreCommunity': 43.32, 'scoreFundamental': 49.8, 'scoreGovernance': 77.71, 'scoreMarket': None, 'scoreOperation': 71.12}",,,0.05326053872704506,,,,,False,0,BSC
1044,skyup,skyup,https://skynet.certik.com/projects/skyup,"{'rank': 16795, 'percentile': 0.9002808271636457, 'includedCategories': ['code', 'governance', 'community', 'operation', 'fundamental'], 'score': 48.77, 'scoreCodeSecurity': 40.75, 'scoreCommunity': 43.32, 'scoreFundamental': 49.7, 'scoreGovernance': 52.05, 'scoreMarket': None, 'scoreOperation': 65.1}",,,,,,,,False,0,BSC
1045,DODbase,dodbase,https://skynet.certik.com/projects/dodbase,"{'rank': 16808, 'percentile': 0.9009956599438346, 'includedCategories': ['code', 'governance', 'community', 'operation', 'fundamental'], 'score': 48.73, 'scoreCodeSecurity': 45.34, 'scoreCommunity': 43.32, 'scoreFundamental': 49.71, 'scoreGovernance': 39.36, 'scoreMarket': None, 'scoreOperation': 68.3}",,,,,,,,False,0,BSC
1046,Ethrix,ethrix,https://skynet.certik.com/projects/ethrix,"{'rank': 16809, 'percentile': 0.9009956599438346, 'includedCategories': ['code', 'governance', 'community', 'operation', 'fundamental'], 'score': 48.73, 'scoreCodeSecurity': 50.39, 'scoreCommunity': 43.32, 'scoreFundamental': 49.59, 'scoreGovernance': 39.14, 'scoreMarket': None, 'scoreOperation': 58.7}",,,,,,,,False,0,Solana
1047,SOLBERRY,solberry,https://skynet.certik.com/projects/solberry,"{'rank': 16839, 'percentile': 0.9024763849885116, 'includedCategories': ['code', 'governance', 'community', 'operation', 'fundamental'], 'score': 48.63, 'scoreCodeSecurity': 43.43, 'scoreCommunity': 55, 'scoreFundamental': 49.54, 'scoreGovernance': 39.14, 'scoreMarket': None, 'scoreOperation': 60.3}",,,,,,,,False,0,Solana
1048,Playground,playground,https://skynet.certik.com/projects/playground,"{'rank': 16848, 'percentile': 0.9029869798315037, 'includedCategories': ['code', 'community', 'operation', 'fundamental'], 'score': 48.61, 'scoreCodeSecurity': 42.63, 'scoreCommunity': 47.92, 'scoreFundamental': 49.89, 'scoreGovernance': None, 'scoreMarket': None, 'scoreOperation': 58.7}",,,,,,,,False,0,Solana
1049,Mumubit,metacraftpro,https://skynet.certik.com/projects/metacraftpro,"{'rank': 16895, 'percentile': 0.9054378350778657, 'includedCategories': ['code', 'governance', 'community', 'market', 'operation', 'fundamental'], 'score': 48.45, 'scoreCodeSecurity': 50.73, 'scoreCommunity': 45.11, 'scoreFundamental': 32.09, 'scoreGovernance': 30, 'scoreMarket': 58.02, 'scoreOperation': 54.02}",0.026980778652966175,,106081.37422148,,,,,False,5,BSC|Ethereum|Polygon|TON
1050,ETH RSI 60/40 Crossover Set,eth-rsi-60-40-crossover-set,https://skynet.certik.com/projects/eth-rsi-60-40-crossover-set,"{'rank': 16963, 'percentile': 0.9090630584631095, 'includedCategories': ['code', 'governance', 'community', 'market', 'operation', 'fundamental'], 'score': 48.29, 'scoreCodeSecurity': 48.65, 'scoreCommunity': 43.32, 'scoreFundamental': 49.73, 'scoreGovernance': 54.29, 'scoreMarket': 40.62, 'scoreOperation': 66.7}",,,,,,,,False,0,Ethereum
1051,RunNode,runnode,https://skynet.certik.com/projects/runnode,"{'rank': 16980, 'percentile': 0.9099310696961961, 'includedCategories': ['code', 'governance', 'community', 'operation', 'fundamental'], 'score': 48.25, 'scoreCodeSecurity': 48.88, 'scoreCommunity': 43.32, 'scoreFundamental': 49.82, 'scoreGovernance': 32.74, 'scoreMarket': None, 'scoreOperation': 64.3}",,,,,,,,False,0,Solana
1052,SOLFINA PROTOCOL,solfina-protocol,https://skynet.certik.com/projects/solfina-protocol,"{'rank': 17020, 'percentile': 0.9119734490681644, 'includedCategories': ['code', 'community', 'operation', 'fundamental'], 'score': 48.13, 'scoreCodeSecurity': 47.06, 'scoreCommunity': 43.32, 'scoreFundamental': 49.92, 'scoreGovernance': None, 'scoreMarket': None, 'scoreOperation': 51.5}",,,,,,,,False,0,Solana
1053,Solar,solardex,https://skynet.certik.com/projects/solardex,"{'rank': 17038, 'percentile': 0.9128414603012509, 'includedCategories': ['code', 'governance', 'community', 'operation', 'fundamental'], 'score': 48.05, 'scoreCodeSecurity': 44.03, 'scoreCommunity': 43.32, 'scoreFundamental': 49.26, 'scoreGovernance': 46.15, 'scoreMarket': None, 'scoreOperation': 60.3}",,,,,,,,False,0,Solana
1054,Cheese (V2),cheese-v2,https://skynet.certik.com/projects/cheese-v2,"{'rank': 17058, 'percentile': 0.9140158284401327, 'includedCategories': ['code', 'governance', 'community', 'market', 'operation', 'fundamental'], 'score': 48, 'scoreCodeSecurity': 39.48, 'scoreCommunity': 55, 'scoreFundamental': 49.31, 'scoreGovernance': 40.45, 'scoreMarket': 46.22, 'scoreOperation': 68.3}",,,4.009563446044922,,,,,False,0,BSC
1055,MM Finance (Polygon),mm-finance-polygon,https://skynet.certik.com/projects/mm-finance-polygon,"{'rank': 17076, 'percentile': 0.9148838396732193, 'includedCategories': ['code', 'governance', 'community', 'market', 'operation', 'fundamental'], 'score': 48.03, 'scoreCodeSecurity': 54.9, 'scoreCommunity': 63.8, 'scoreFundamental': 49.68, 'scoreGovernance': 83.25, 'scoreMarket': 56.9, 'scoreOperation': 73.06}",4.536519495013381e-06,,6.831059455871582,,,,,False,0,Polygon
1056,FastSwap,fastswap,https://skynet.certik.com/projects/fastswap,"{'rank': 17205, 'percentile': 0.9217768700536124, 'includedCategories': ['code', 'governance', 'community', 'operation', 'fundamental'], 'score': 47.78, 'scoreCodeSecurity': 43.29, 'scoreCommunity': 78.53, 'scoreFundamental': 40.09, 'scoreGovernance': 42.93, 'scoreMarket': None, 'scoreOperation': 60.13}",,,,,,,,False,0,Ethereum
1057,Glyde,glyde,https://skynet.certik.com/projects/glyde,"{'rank': 17103, 'percentile': 0.9163645647178964, 'includedCategories': ['community', 'operation', 'fundamental'], 'score': 47.89, 'scoreCodeSecurity': None, 'scoreCommunity': 43.32, 'scoreFundamental': 49.97, 'scoreGovernance': None, 'scoreMarket': None, 'scoreOperation': 48.3}",,,,,,,,False,0,Solana
1058,WarpGate,warpgate,https://skynet.certik.com/projects/warpgate,"{'rank': 17130, 'percentile': 0.9176410518253766, 'includedCategories': ['community', 'operation', 'fundamental'], 'score': 47.86, 'scoreCodeSecurity': None, 'scoreCommunity': 43.32, 'scoreFundamental': 49.91, 'scoreGovernance': None, 'scoreMarket': None, 'scoreOperation': 48.3}",,,,,,,,False,0,
1059,Scenium,scenium,https://skynet.certik.com/projects/scenium,"{'rank': 17138, 'percentile': 0.9181516466683687, 'includedCategories': ['community', 'operation', 'fundamental'], 'score': 47.85, 'scoreCodeSecurity': None, 'scoreCommunity': 43.32, 'scoreFundamental': 49.88, 'scoreGovernance': None, 'scoreMarket': None, 'scoreOperation': 48.3}",,,,,,,,False,0,
1060,MONALLO,monallo,https://skynet.certik.com/projects/monallo,"{'rank': 17158, 'percentile': 0.9193260148072504, 'includedCategories': ['community', 'operation', 'fundamental'], 'score': 47.82, 'scoreCodeSecurity': None, 'scoreCommunity': 43.32, 'scoreFundamental': 49.83, 'scoreGovernance': None, 'scoreMarket': None, 'scoreOperation': 48.3}",,,,,,,,False,0,
1061,super.exchange,super-exchange,https://skynet.certik.com/projects/super-exchange,"{'rank': 17162, 'percentile': 0.9193260148072504, 'includedCategories': ['code', 'community', 'operation', 'fundamental'], 'score': 47.82, 'scoreCodeSecurity': 45.47, 'scoreCommunity': 50.68, 'scoreFundamental': 50.9, 'scoreGovernance': None, 'scoreMarket': None, 'scoreOperation': 43.5}",,,,,,,,False,0,Solana
1062,Hercules,hercules,https://skynet.certik.com/projects/hercules,"{'rank': 17178, 'percentile': 0.9204493234618331, 'includedCategories': ['community', 'operation', 'fundamental'], 'score': 47.79, 'scoreCodeSecurity': None, 'scoreCommunity': 43.32, 'scoreFundamental': 49.76, 'scoreGovernance': None, 'scoreMarket': None, 'scoreOperation': 48.3}",,,,,,,,False,0,
1063,TOKAMAK,tokamak,https://skynet.certik.com/projects/tokamak,"{'rank': 17190, 'percentile': 0.9208067398519275, 'includedCategories': ['code', 'community', 'operation', 'fundamental'], 'score': 47.78, 'scoreCodeSecurity': 45.47, 'scoreCommunity': 48.62, 'scoreFundamental': 49.8, 'scoreGovernance': None, 'scoreMarket': None, 'scoreOperation': 47.5}",,,,,,,,False,0,Solana
1064,Eddy Finance,eddy-finance,https://skynet.certik.com/projects/eddy-finance,"{'rank': 17201, 'percentile': 0.9213683941792188, 'includedCategories': ['community', 'operation', 'fundamental'], 'score': 47.76, 'scoreCodeSecurity': None, 'scoreCommunity': 43.32, 'scoreFundamental': 49.7, 'scoreGovernance': None, 'scoreMarket': None, 'scoreOperation': 48.3}",,,,,,,,False,0,
1065,UniversalX,universalx,https://skynet.certik.com/projects/universalx,"{'rank': 17227, 'percentile': 0.9227470002552974, 'includedCategories': ['community', 'operation', 'fundamental'], 'score': 47.73, 'scoreCodeSecurity': None, 'scoreCommunity': 43.32, 'scoreFundamental': 49.64, 'scoreGovernance': None, 'scoreMarket': None, 'scoreOperation': 48.3}",,,,,,,,False,0,
1066,Alyra,alyra,https://skynet.certik.com/projects/alyra,"{'rank': 17229, 'percentile': 0.9235639520040848, 'includedCategories': ['community', 'operation', 'fundamental'], 'score': 47.71, 'scoreCodeSecurity': None, 'scoreCommunity': 43.32, 'scoreFundamental': 49.62, 'scoreGovernance': None, 'scoreMarket': None, 'scoreOperation': 48.3}",,,,,,,,False,0,
1067,Hop,hop,https://skynet.certik.com/projects/hop,"{'rank': 17238, 'percentile': 0.9235639520040848, 'includedCategories': ['community', 'operation', 'fundamental'], 'score': 47.71, 'scoreCodeSecurity': None, 'scoreCommunity': 43.32, 'scoreFundamental': 49.62, 'scoreGovernance': None, 'scoreMarket': None, 'scoreOperation': 48.3}",,,,,,,,False,0,Sui
1068,Sparkswap,sparkswap,https://skynet.certik.com/projects/sparkswap,"{'rank': 17255, 'percentile': 0.9243298442685729, 'includedCategories': ['community', 'operation', 'fundamental'], 'score': 47.7, 'scoreCodeSecurity': None, 'scoreCommunity': 43.32, 'scoreFundamental': 49.99, 'scoreGovernance': None, 'scoreMarket': None, 'scoreOperation': 47.5}",,,,,,,,False,0,PulseChain
1069,NuDEX,nudex,https://skynet.certik.com/projects/nudex,"{'rank': 17264, 'percentile': 0.924840439111565, 'includedCategories': ['community', 'operation', 'fundamental'], 'score': 47.69, 'scoreCodeSecurity': None, 'scoreCommunity': 43.32, 'scoreFundamental': 49.56, 'scoreGovernance': None, 'scoreMarket': None, 'scoreOperation': 48.3}",,,,,,,,False,0,
1070,ChillPill,chillpill,https://skynet.certik.com/projects/chillpill,"{'rank': 17292, 'percentile': 0.9261679857033444, 'includedCategories': ['community', 'operation', 'fundamental'], 'score': 47.65, 'scoreCodeSecurity': None, 'scoreCommunity': 43.32, 'scoreFundamental': 49.89, 'scoreGovernance': None, 'scoreMarket': None, 'scoreOperation': 47.5}",,,,,,,,False,0,
1071,LABS Protocol,labs-protocol,https://skynet.certik.com/projects/labs-protocol,"{'rank': 17307, 'percentile': 0.9270359969364309, 'includedCategories': ['code', 'governance', 'community', 'operation', 'fundamental'], 'score': 47.63, 'scoreCodeSecurity': 47.52, 'scoreCommunity': 43.32, 'scoreFundamental': 49.8, 'scoreGovernance': 32.74, 'scoreMarket': None, 'scoreOperation': 62.7}",,,,,,,,False,0,Solana
1072,Solid Protocol,solid-protocol,https://skynet.certik.com/projects/solid-protocol,"{'rank': 17310, 'percentile': 0.9270359969364309, 'includedCategories': ['code', 'governance', 'community', 'operation', 'fundamental'], 'score': 47.63, 'scoreCodeSecurity': 48.1, 'scoreCommunity': 55.78, 'scoreFundamental': 49.01, 'scoreGovernance': 35.94, 'scoreMarket': None, 'scoreOperation': 47.5}",,,,,,,,False,0,Solana
1073,Terminal Finance,terminal-finance,https://skynet.certik.com/projects/terminal-finance,"{'rank': 17330, 'percentile': 0.9281082461067143, 'includedCategories': ['community', 'operation', 'fundamental'], 'score': 47.61, 'scoreCodeSecurity': None, 'scoreCommunity': 43.32, 'scoreFundamental': 49.41, 'scoreGovernance': None, 'scoreMarket': None, 'scoreOperation': 48.3}",,,,,,,,False,0,
1074,DDKoin,ddkoin,https://skynet.certik.com/projects/ddkoin,"{'rank': 17342, 'percentile': 0.9288230788869032, 'includedCategories': ['code', 'governance', 'community', 'operation', 'fundamental'], 'score': 47.58, 'scoreCodeSecurity': 50.26, 'scoreCommunity': 43.32, 'scoreFundamental': 49.19, 'scoreGovernance': 35.37, 'scoreMarket': None, 'scoreOperation': 55.5}",,,,,,,,True,1,Ethereum|BSC
1075,PiperX,piperx,https://skynet.certik.com/projects/piperx,"{'rank': 17344, 'percentile': 0.9288230788869032, 'includedCategories': ['community', 'operation', 'fundamental'], 'score': 47.58, 'scoreCodeSecurity': None, 'scoreCommunity': 43.32, 'scoreFundamental': 49.34, 'scoreGovernance': None, 'scoreMarket': None, 'scoreOperation': 48.3}",,,,,,,,False,0,Story Protocol
1076,MotionWreck Games,motionwreck-games,https://skynet.certik.com/projects/motionwreck-games,"{'rank': 17363, 'percentile': 0.929742149604289, 'includedCategories': ['community', 'operation', 'fundamental'], 'score': 47.56, 'scoreCodeSecurity': None, 'scoreCommunity': 43.32, 'scoreFundamental': 49.7, 'scoreGovernance': None, 'scoreMarket': None, 'scoreOperation': 47.5}",,,,,,,,False,0,Xrp
1077,JujubeFinance,jujubefinance,https://skynet.certik.com/projects/jujubefinance,"{'rank': 17394, 'percentile': 0.9316313505233598, 'includedCategories': ['community', 'operation', 'fundamental'], 'score': 47.53, 'scoreCodeSecurity': None, 'scoreCommunity': 43.32, 'scoreFundamental': 49.64, 'scoreGovernance': None, 'scoreMarket': None, 'scoreOperation': 47.5}",,,,,,,,False,0,
1078,Prerich,prerich,https://skynet.certik.com/projects/prerich,"{'rank': 17409, 'percentile': 0.9322440643349502, 'includedCategories': ['community', 'operation', 'fundamental'], 'score': 47.51, 'scoreCodeSecurity': None, 'scoreCommunity': 43.32, 'scoreFundamental': 49.21, 'scoreGovernance': None, 'scoreMarket': None, 'scoreOperation': 48.3}",,,,,,,,False,0,Solana
1079,Optimex,optimex,https://skynet.certik.com/projects/optimex,"{'rank': 17417, 'percentile': 0.9327546591779423, 'includedCategories': ['community', 'operation', 'fundamental'], 'score': 47.5, 'scoreCodeSecurity': None, 'scoreCommunity': 43.32, 'scoreFundamental': 49.19, 'scoreGovernance': None, 'scoreMarket': None, 'scoreOperation': 48.3}",,,,,,,,False,0,Bitcoin
1080,Yummi Universe,yummi-universe,https://skynet.certik.com/projects/yummi-universe,"{'rank': 17421, 'percentile': 0.9327546591779423, 'includedCategories': ['community', 'operation', 'fundamental'], 'score': 47.5, 'scoreCodeSecurity': None, 'scoreCommunity': 43.32, 'scoreFundamental': 49.59, 'scoreGovernance': None, 'scoreMarket': None, 'scoreOperation': 47.5}",,,,,,,,False,0,Cardano
1081,Nakamoto Finance,nakamoto-finance,https://skynet.certik.com/projects/nakamoto-finance,"{'rank': 17426, 'percentile': 0.9331120755680368, 'includedCategories': ['community', 'operation', 'fundamental'], 'score': 47.49, 'scoreCodeSecurity': None, 'scoreCommunity': 43.32, 'scoreFundamental': 49.16, 'scoreGovernance': None, 'scoreMarket': None, 'scoreOperation': 48.3}",,,,,,,,False,0,Bitcoin
1082,9inch,9inch,https://skynet.certik.com/projects/9inch,"{'rank': 17430, 'percentile': 0.933673729895328, 'includedCategories': ['community', 'operation', 'fundamental'], 'score': 47.48, 'scoreCodeSecurity': None, 'scoreCommunity': 43.32, 'scoreFundamental': 49.55, 'scoreGovernance': None, 'scoreMarket': None, 'scoreOperation': 47.5}",,,,,,,,False,0,Ethereum|PulseChain
1083,Gambit Exchange,gambit-exchange,https://skynet.certik.com/projects/gambit-exchange,"{'rank': 17436, 'percentile': 0.933673729895328, 'includedCategories': ['code', 'community', 'market', 'operation', 'fundamental'], 'score': 47.48, 'scoreCodeSecurity': 69.95, 'scoreCommunity': 47.95, 'scoreFundamental': 49.36, 'scoreGovernance': None, 'scoreMarket': 31.07, 'scoreOperation': 47.5}",,,,,,,,False,1,zkSync
1084,GasSwap,gasswap,https://skynet.certik.com/projects/gasswap,"{'rank': 17452, 'percentile': 0.9349502170028082, 'includedCategories': ['community', 'operation', 'fundamental'], 'score': 47.46, 'scoreCodeSecurity': None, 'scoreCommunity': 43.32, 'scoreFundamental': 49.51, 'scoreGovernance': None, 'scoreMarket': None, 'scoreOperation': 47.5}",,,,,,,,False,0,Blast
1085,LN Exchange,ln-exchange,https://skynet.certik.com/projects/ln-exchange,"{'rank': 17455, 'percentile': 0.9349502170028082, 'includedCategories': ['community', 'operation', 'fundamental'], 'score': 47.46, 'scoreCodeSecurity': None, 'scoreCommunity': 43.32, 'scoreFundamental': 49.12, 'scoreGovernance': None, 'scoreMarket': None, 'scoreOperation': 48.3}",,,,,,,,False,0,Bitcoin
1086,Chicken,chicken,https://skynet.certik.com/projects/chicken,"{'rank': 17467, 'percentile': 0.9355118713300996, 'includedCategories': ['code', 'governance', 'community', 'market', 'operation', 'fundamental'], 'score': 47.45, 'scoreCodeSecurity': 49.37, 'scoreCommunity': 53.41, 'scoreFundamental': 49.61, 'scoreGovernance': 51.38, 'scoreMarket': 33.01, 'scoreOperation': 72.72}",,,,,,,,False,0,Ethereum
1087,ZillaCoin,zillacoin,https://skynet.certik.com/projects/zillacoin,"{'rank': 17475, 'percentile': 0.9355118713300996, 'includedCategories': ['code', 'governance', 'community', 'operation', 'fundamental'], 'score': 47.45, 'scoreCodeSecurity': 44.92, 'scoreCommunity': 43.32, 'scoreFundamental': 49.88, 'scoreGovernance': 43.74, 'scoreMarket': None, 'scoreOperation': 55.5}",,,,,,,,False,0,BSC
1088,Foil,foil,https://skynet.certik.com/projects/foil,"{'rank': 17479, 'percentile': 0.9359714066887924, 'includedCategories': ['community', 'operation', 'fundamental'], 'score': 47.44, 'scoreCodeSecurity': None, 'scoreCommunity': 43.32, 'scoreFundamental': 49.06, 'scoreGovernance': None, 'scoreMarket': None, 'scoreOperation': 48.3}",,,,,,,,False,0,Base
1089,8020,8020,https://skynet.certik.com/projects/8020,"{'rank': 17485, 'percentile': 0.936584120500383, 'includedCategories': ['community', 'operation', 'fundamental'], 'score': 47.43, 'scoreCodeSecurity': None, 'scoreCommunity': 43.32, 'scoreFundamental': 49.04, 'scoreGovernance': None, 'scoreMarket': None, 'scoreOperation': 48.3}",,,,,,,,False,0,
1090,DexWallet,dexwallet,https://skynet.certik.com/projects/dexwallet,"{'rank': 17487, 'percentile': 0.936584120500383, 'includedCategories': ['code', 'governance', 'community', 'operation', 'fundamental'], 'score': 47.43, 'scoreCodeSecurity': 45.66, 'scoreCommunity': 43.32, 'scoreFundamental': 49.22, 'scoreGovernance': 32.2, 'scoreMarket': None, 'scoreOperation': 66.7}",,,,,,,,False,0,BSC
1091,Metapocket,metapocket,https://skynet.certik.com/projects/metapocket,"{'rank': 17517, 'percentile': 0.9378606076078632, 'includedCategories': ['code', 'governance', 'community', 'operation', 'fundamental'], 'score': 47.38, 'scoreCodeSecurity': 45.66, 'scoreCommunity': 48.92, 'scoreFundamental': 49.24, 'scoreGovernance': 37.41, 'scoreMarket': None, 'scoreOperation': 55.5}",,,,,,,,False,0,BSC
1092,VEX,vex,https://skynet.certik.com/projects/vex,"{'rank': 17536, 'percentile': 0.9386264998723512, 'includedCategories': ['community', 'operation', 'fundamental'], 'score': 47.32, 'scoreCodeSecurity': None, 'scoreCommunity': 43.32, 'scoreFundamental': 49.63, 'scoreGovernance': None, 'scoreMarket': None, 'scoreOperation': 46.7}",,,,,,,,False,0,
1093,LuminaDEX,luminadex,https://skynet.certik.com/projects/luminadex,"{'rank': 17545, 'percentile': 0.9391881541996426, 'includedCategories': ['community', 'operation', 'fundamental'], 'score': 47.29, 'scoreCodeSecurity': None, 'scoreCommunity': 43.32, 'scoreFundamental': 49.57, 'scoreGovernance': None, 'scoreMarket': None, 'scoreOperation': 46.7}",,,,,,,,False,0,
1094,Matrix,matrix-533ba916-8d8a-4979-b5d5-34483cdee5b1,https://skynet.certik.com/projects/matrix-533ba916-8d8a-4979-b5d5-34483cdee5b1,"{'rank': 17550, 'percentile': 0.9395455705897371, 'includedCategories': ['community', 'operation', 'fundamental'], 'score': 47.28, 'scoreCodeSecurity': None, 'scoreCommunity': 43.32, 'scoreFundamental': 49.15, 'scoreGovernance': None, 'scoreMarket': None, 'scoreOperation': 47.5}",,,,,,,,False,0,Canto
1095,Zappy,zappy,https://skynet.certik.com/projects/zappy,"{'rank': 17560, 'percentile': 0.9398519274955323, 'includedCategories': ['community', 'operation', 'fundamental'], 'score': 47.26, 'scoreCodeSecurity': None, 'scoreCommunity': 43.32, 'scoreFundamental': 49.11, 'scoreGovernance': None, 'scoreMarket': None, 'scoreOperation': 47.5}",,,,,,,,False,0,
1096,Double Swap Token,double-swap-token,https://skynet.certik.com/projects/double-swap-token,"{'rank': 17563, 'percentile': 0.9400561654327291, 'includedCategories': ['community', 'operation', 'fundamental'], 'score': 47.25, 'scoreCodeSecurity': None, 'scoreCommunity': 43.32, 'scoreFundamental': 49.08, 'scoreGovernance': None, 'scoreMarket': None, 'scoreOperation': 47.5}",,,,,,,,False,0,
1097,Bridgesplit Brand Index,bridgesplit-brand-index,https://skynet.certik.com/projects/bridgesplit-brand-index,"{'rank': 17572, 'percentile': 0.9405667602757212, 'includedCategories': ['code', 'community', 'operation', 'fundamental'], 'score': 47.22, 'scoreCodeSecurity': 41.18, 'scoreCommunity': 43.32, 'scoreFundamental': 49.48, 'scoreGovernance': None, 'scoreMarket': None, 'scoreOperation': 58.7}",,,,,,,,False,0,Solana
1098,JediSwap,jediswap,https://skynet.certik.com/projects/jediswap,"{'rank': 17645, 'percentile': 0.9443962215981618, 'includedCategories': ['code', 'community', 'market', 'operation', 'fundamental'], 'score': 46.98, 'scoreCodeSecurity': 36.35, 'scoreCommunity': 43.32, 'scoreFundamental': 55.1, 'scoreGovernance': None, 'scoreMarket': 48.38, 'scoreOperation': 51.5}",,,,,,,,False,0,Starknet
1099,ZilSwap,zilswap,https://skynet.certik.com/projects/zilswap,"{'rank': 17653, 'percentile': 0.9446515190196579, 'includedCategories': ['code', 'community', 'operation', 'fundamental'], 'score': 46.96, 'scoreCodeSecurity': 37.97, 'scoreCommunity': 43.32, 'scoreFundamental': 49.1, 'scoreGovernance': None, 'scoreMarket': None, 'scoreOperation': 64.3}",,,,,,,,False,0,Zilliqa
1100,Dickcoin,dickcoinmoon,https://skynet.certik.com/projects/dickcoinmoon,"{'rank': 17662, 'percentile': 0.9452131733469492, 'includedCategories': ['code', 'governance', 'community', 'operation', 'fundamental'], 'score': 46.91, 'scoreCodeSecurity': 48.32, 'scoreCommunity': 43.32, 'scoreFundamental': 49.3, 'scoreGovernance': 42.34, 'scoreMarket': None, 'scoreOperation': 47.5}",,,,,,,,False,0,Solana
1101,LUXCoin,luxcoin,https://skynet.certik.com/projects/luxcoin,"{'rank': 17669, 'percentile': 0.9455195302527445, 'includedCategories': ['code', 'community', 'operation', 'fundamental'], 'score': 46.89, 'scoreCodeSecurity': 33.53, 'scoreCommunity': 51.73, 'scoreFundamental': 49.91, 'scoreGovernance': None, 'scoreMarket': None, 'scoreOperation': 62.7}",,,,,,,,False,0,
1102,UnitFlow Finance,unitflow-finance,https://skynet.certik.com/projects/unitflow-finance,"{'rank': 17670, 'percentile': 0.9455195302527445, 'includedCategories': ['community', 'operation', 'fundamental'], 'score': 46.89, 'scoreCodeSecurity': None, 'scoreCommunity': 43.32, 'scoreFundamental': 49.98, 'scoreGovernance': None, 'scoreMarket': None, 'scoreOperation': 44.3}",,,,,,,,False,0,
1103,Emperor,emperor,https://skynet.certik.com/projects/emperor,"{'rank': 17692, 'percentile': 0.9467449578759255, 'includedCategories': ['code', 'governance', 'community', 'operation', 'fundamental'], 'score': 46.8, 'scoreCodeSecurity': 48.32, 'scoreCommunity': 43.32, 'scoreFundamental': 50.9, 'scoreGovernance': 42.34, 'scoreMarket': None, 'scoreOperation': 43.5}",,,,,,,,False,0,Solana
1104,HubinNetwork,hubinnetwork,https://skynet.certik.com/projects/hubinnetwork,"{'rank': 17693, 'percentile': 0.9467449578759255, 'includedCategories': ['code', 'governance', 'community', 'operation', 'fundamental'], 'score': 46.8, 'scoreCodeSecurity': 45.87, 'scoreCommunity': 43.32, 'scoreFundamental': 49.02, 'scoreGovernance': 39.01, 'scoreMarket': None, 'scoreOperation': 55.5}",,,,,,,,False,0,BSC
1105,Kyoto Swap,kyotoswap,https://skynet.certik.com/projects/kyotoswap,"{'rank': 17699, 'percentile': 0.9470002552974215, 'includedCategories': ['code', 'governance', 'community', 'market', 'operation', 'fundamental'], 'score': 46.78, 'scoreCodeSecurity': 78.31, 'scoreCommunity': 48.89, 'scoreFundamental': 49.31, 'scoreGovernance': 61.85, 'scoreMarket': 55.33, 'scoreOperation': 55.5}",,,40.13364791870117,,,,False,False,1,BSC
1106,SHIBA LIGHT,shiba-light,https://skynet.certik.com/projects/shiba-light,"{'rank': 17719, 'percentile': 0.948123563952004, 'includedCategories': ['code', 'community', 'operation', 'fundamental'], 'score': 46.67, 'scoreCodeSecurity': 45.47, 'scoreCommunity': 43.32, 'scoreFundamental': 49.14, 'scoreGovernance': None, 'scoreMarket': None, 'scoreOperation': 47.5}",,,,,,,,False,0,Solana
1107,PoodleFi,poodlefi,https://skynet.certik.com/projects/poodlefi,"{'rank': 17725, 'percentile': 0.9484809803420986, 'includedCategories': ['code', 'governance', 'community', 'operation', 'fundamental'], 'score': 46.65, 'scoreCodeSecurity': 73.12, 'scoreCommunity': 43.32, 'scoreFundamental': 49.1, 'scoreGovernance': 67.09, 'scoreMarket': None, 'scoreOperation': 55.5}",,,1.292894721031189,,,,,False,1,BSC
1108,Space Dex,space-dex,https://skynet.certik.com/projects/space-dex,"{'rank': 17727, 'percentile': 0.9484809803420986, 'includedCategories': ['code', 'community', 'operation', 'fundamental'], 'score': 46.65, 'scoreCodeSecurity': 75.57, 'scoreCommunity': 43.32, 'scoreFundamental': 49.29, 'scoreGovernance': None, 'scoreMarket': None, 'scoreOperation': 58.7}",,,,,,,,False,2,BSC
1109,PAC Protocol,pac-protocol,https://skynet.certik.com/projects/pac-protocol,"{'rank': 17736, 'percentile': 0.9489915751850906, 'includedCategories': ['code', 'community', 'operation', 'fundamental'], 'score': 46.58, 'scoreCodeSecurity': 31.25, 'scoreCommunity': 48.48, 'scoreFundamental': 58.5, 'scoreGovernance': None, 'scoreMarket': None, 'scoreOperation': 51.5}",,,,,,,,False,0,
1110,Mobius Money,mobius-money,https://skynet.certik.com/projects/mobius-money,"{'rank': 17755, 'percentile': 0.9499617053867756, 'includedCategories': ['code', 'community', 'market', 'operation', 'fundamental'], 'score': 46.5, 'scoreCodeSecurity': 30.3, 'scoreCommunity': 43.32, 'scoreFundamental': 49.81, 'scoreGovernance': None, 'scoreMarket': 48.88, 'scoreOperation': 68.3}",,,,,,,,False,0,Celo
1111,AnimeSwap,animeswap,https://skynet.certik.com/projects/animeswap,"{'rank': 17806, 'percentile': 0.9529742149604289, 'includedCategories': ['code', 'community', 'operation', 'fundamental'], 'score': 46.24, 'scoreCodeSecurity': 35.09, 'scoreCommunity': 43.32, 'scoreFundamental': 49.81, 'scoreGovernance': None, 'scoreMarket': None, 'scoreOperation': 64.3}",,,,,,,,False,0,Aptos
1112,Azurswap,azurswap,https://skynet.certik.com/projects/azurswap,"{'rank': 17826, 'percentile': 0.9539443451621139, 'includedCategories': ['code', 'community', 'operation', 'fundamental'], 'score': 46.15, 'scoreCodeSecurity': 73.24, 'scoreCommunity': 47.68, 'scoreFundamental': 49.53, 'scoreGovernance': None, 'scoreMarket': None, 'scoreOperation': 55.5}",,,,,,,,False,1,BSC|Ethereum|Polygon|Arbitrum|Avalanche|Fantom|Optimism|Harmony
1113,Pippi Finance,pippi-finance,https://skynet.certik.com/projects/pippi-finance,"{'rank': 17828, 'percentile': 0.9539954046464131, 'includedCategories': ['code', 'community', 'operation', 'fundamental'], 'score': 46.14, 'scoreCodeSecurity': 31.83, 'scoreCommunity': 49.96, 'scoreFundamental': 49.46, 'scoreGovernance': None, 'scoreMarket': None, 'scoreOperation': 64.3}",,,,,,,,False,0,Huobi
1114,Algodex Token,algodex-token,https://skynet.certik.com/projects/algodex-token,"{'rank': 17831, 'percentile': 0.9541996425836099, 'includedCategories': ['code', 'community', 'operation', 'fundamental'], 'score': 46.12, 'scoreCodeSecurity': 35.19, 'scoreCommunity': 43.32, 'scoreFundamental': 49.37, 'scoreGovernance': None, 'scoreMarket': None, 'scoreOperation': 64.3}",,,,,,,,False,0,Algorand
1115,LIQ Protocol,liq-protocol,https://skynet.certik.com/projects/liq-protocol,"{'rank': 17839, 'percentile': 0.954710237426602, 'includedCategories': ['code', 'governance', 'community', 'market', 'operation', 'fundamental'], 'score': 46.09, 'scoreCodeSecurity': 49.97, 'scoreCommunity': 47.81, 'scoreFundamental': 49.89, 'scoreGovernance': 35.94, 'scoreMarket': 39.04, 'scoreOperation': 60.3}",0.00010109831624097035,,226.44279956817627,,,,,False,0,Solana
1116,Dystopia,dystopia,https://skynet.certik.com/projects/dystopia,"{'rank': 17845, 'percentile': 0.9550676538166964, 'includedCategories': ['code', 'governance', 'community', 'operation', 'fundamental'], 'score': 46.07, 'scoreCodeSecurity': 50.34, 'scoreCommunity': 37.61, 'scoreFundamental': 39.27, 'scoreGovernance': 67.85, 'scoreMarket': None, 'scoreOperation': 48.18}",,,,,,,,False,0,Polygon
1117,ViteX Coin,vitex-coin,https://skynet.certik.com/projects/vitex-coin,"{'rank': 17850, 'percentile': 0.9552208322695941, 'includedCategories': ['code', 'governance', 'community', 'operation', 'fundamental'], 'score': 46.06, 'scoreCodeSecurity': 40.05, 'scoreCommunity': 43.32, 'scoreFundamental': 49.08, 'scoreGovernance': 45.36, 'scoreMarket': None, 'scoreOperation': 55.5}",,,,,,,,False,0,BSC
1118,KAWAII,kawaii,https://skynet.certik.com/projects/kawaii,"{'rank': 17855, 'percentile': 0.9555782486596885, 'includedCategories': ['code', 'governance', 'community', 'operation', 'fundamental'], 'score': 46.04, 'scoreCodeSecurity': 44.56, 'scoreCommunity': 43.32, 'scoreFundamental': 49.67, 'scoreGovernance': 35.02, 'scoreMarket': None, 'scoreOperation': 55.5}",,,,,,,,False,0,BSC
1119,Soy Finance,soy-finance,https://skynet.certik.com/projects/soy-finance,"{'rank': 17856, 'percentile': 0.9555782486596885, 'includedCategories': ['code', 'governance', 'community', 'operation', 'fundamental'], 'score': 46.04, 'scoreCodeSecurity': 31.88, 'scoreCommunity': 43.32, 'scoreFundamental': 58.5, 'scoreGovernance': 35.5, 'scoreMarket': None, 'scoreOperation': 62.7}",,,,,,,,False,0,Ethereum
1120,Whive Protocol,the-whive-protocol,https://skynet.certik.com/projects/the-whive-protocol,"{'rank': 17857, 'percentile': 0.9555782486596885, 'includedCategories': ['code', 'community', 'operation', 'fundamental'], 'score': 46.04, 'scoreCodeSecurity': 32.85, 'scoreCommunity': 59.34, 'scoreFundamental': 49.85, 'scoreGovernance': None, 'scoreMarket': None, 'scoreOperation': 51.5}",,,,,,,,False,0,
1121,Mauve,mauve,https://skynet.certik.com/projects/mauve,"{'rank': 17884, 'percentile': 0.9570079142200664, 'includedCategories': ['code', 'community', 'operation', 'fundamental'], 'score': 45.9, 'scoreCodeSecurity': 34.33, 'scoreCommunity': 43.32, 'scoreFundamental': 49.57, 'scoreGovernance': None, 'scoreMarket': None, 'scoreOperation': 64.3}",,,,,,,,False,0,Ethereum
1122,KriyaDEX,kriyadex,https://skynet.certik.com/projects/kriyadex,"{'rank': 17902, 'percentile': 0.9580291039060506, 'includedCategories': ['community', 'market', 'operation', 'fundamental'], 'score': 45.76, 'scoreCodeSecurity': None, 'scoreCommunity': 42.28, 'scoreFundamental': 45.95, 'scoreGovernance': None, 'scoreMarket': 44.33, 'scoreOperation': 55.1}",,11142,55.04,,,,,False,0,Sui
1123,Plug Chain,plug-chain,https://skynet.certik.com/projects/plug-chain,"{'rank': 17905, 'percentile': 0.958131222874649, 'includedCategories': ['code', 'community', 'operation', 'fundamental'], 'score': 45.75, 'scoreCodeSecurity': 34.98, 'scoreCommunity': 55, 'scoreFundamental': 49.01, 'scoreGovernance': None, 'scoreMarket': None, 'scoreOperation': 51.5}",,,,,,,,False,0,
1124,Ravendex,ravendex,https://skynet.certik.com/projects/ravendex,"{'rank': 17921, 'percentile': 0.9589481746234363, 'includedCategories': ['code', 'community', 'operation', 'fundamental'], 'score': 45.65, 'scoreCodeSecurity': 33.43, 'scoreCommunity': 43.32, 'scoreFundamental': 49.71, 'scoreGovernance': None, 'scoreMarket': None, 'scoreOperation': 64.3}",,,,,,,,False,0,Cardano
1125,Ordinex,ordinex,https://skynet.certik.com/projects/ordinex,"{'rank': 17925, 'percentile': 0.9591524125606331, 'includedCategories': ['code', 'governance', 'community', 'operation', 'fundamental'], 'score': 45.62, 'scoreCodeSecurity': 59.09, 'scoreCommunity': 43.32, 'scoreFundamental': 49.35, 'scoreGovernance': 83.37, 'scoreMarket': None, 'scoreOperation': 59.58}",,,355.0028076171875,,,,,False,0,Ethereum|Bitcoin
1126,MojitoSwap,mojitoswap,https://skynet.certik.com/projects/mojitoswap,"{'rank': 17930, 'percentile': 0.9594077099821292, 'includedCategories': ['code', 'community', 'market', 'operation', 'fundamental'], 'score': 45.6, 'scoreCodeSecurity': 32.19, 'scoreCommunity': 63.91, 'scoreFundamental': 49.03, 'scoreGovernance': None, 'scoreMarket': 39.91, 'scoreOperation': 64.3}",,,7.06,,,,,False,0,Kucoin
1127,Poop Fi,poop-fi,https://skynet.certik.com/projects/poop-fi,"{'rank': 17939, 'percentile': 0.959867245340822, 'includedCategories': ['code', 'governance', 'community', 'market', 'operation', 'fundamental'], 'score': 45.56, 'scoreCodeSecurity': 48.65, 'scoreCommunity': 43.32, 'scoreFundamental': 49.59, 'scoreGovernance': 54.09, 'scoreMarket': 31.66, 'scoreOperation': 66.7}",,,1.2373933792114258,,,,,False,0,BSC
1128,Warp,warp,https://skynet.certik.com/projects/warp,"{'rank': 17977, 'percentile': 0.9619096247127904, 'includedCategories': ['code', 'community', 'operation', 'fundamental'], 'score': 45.38, 'scoreCodeSecurity': 32.46, 'scoreCommunity': 43.32, 'scoreFundamental': 49.88, 'scoreGovernance': None, 'scoreMarket': None, 'scoreOperation': 64.3}",,,,,,,,False,0,
1129,KSwap,kswap,https://skynet.certik.com/projects/kswap,"{'rank': 18036, 'percentile': 0.9650753127393413, 'includedCategories': ['code', 'community', 'operation', 'fundamental'], 'score': 45.04, 'scoreCodeSecurity': 32.5, 'scoreCommunity': 55, 'scoreFundamental': 49.38, 'scoreGovernance': None, 'scoreMarket': None, 'scoreOperation': 51.5}",,,,,,,,False,0,OKTC
1130,Kodo Exchange,kodo-exchange,https://skynet.certik.com/projects/kodo-exchange,"{'rank': 18025, 'percentile': 0.9644115394434516, 'includedCategories': ['code', 'community', 'operation', 'fundamental'], 'score': 45.08, 'scoreCodeSecurity': 32.22, 'scoreCommunity': 43.32, 'scoreFundamental': 49.21, 'scoreGovernance': None, 'scoreMarket': None, 'scoreOperation': 64.3}",,,,,,,,False,0,
1131,Redemption,redemption,https://skynet.certik.com/projects/redemption,"{'rank': 18055, 'percentile': 0.9658922644881287, 'includedCategories': ['code', 'community', 'operation', 'fundamental'], 'score': 44.95, 'scoreCodeSecurity': 39.5, 'scoreCommunity': 43.32, 'scoreFundamental': 49.95, 'scoreGovernance': None, 'scoreMarket': None, 'scoreOperation': 47.5}",,,,,,,,True,1,Fantom
1132,Deltafi,deltafi,https://skynet.certik.com/projects/deltafi,"{'rank': 18082, 'percentile': 0.9674751085014042, 'includedCategories': ['code', 'community', 'operation', 'fundamental'], 'score': 44.82, 'scoreCodeSecurity': 75.39, 'scoreCommunity': 43.32, 'scoreFundamental': 49.58, 'scoreGovernance': None, 'scoreMarket': None, 'scoreOperation': 47.5}",,,,,,,,False,2,Solana
1133,ZAMM,zamm,https://skynet.certik.com/projects/zamm,"{'rank': 18106, 'percentile': 0.9685984171559867, 'includedCategories': ['community', 'operation', 'fundamental'], 'score': 44.63, 'scoreCodeSecurity': None, 'scoreCommunity': 43.32, 'scoreFundamental': 49.84, 'scoreGovernance': None, 'scoreMarket': None, 'scoreOperation': 35.5}",,,,,,,,False,0,Ethereum
1134,Sparrowswap,sparrowswap,https://skynet.certik.com/projects/sparrowswap,"{'rank': 18111, 'percentile': 0.9688537145774828, 'includedCategories': ['code', 'community', 'operation', 'fundamental'], 'score': 44.62, 'scoreCodeSecurity': 31.02, 'scoreCommunity': 43.32, 'scoreFundamental': 49.03, 'scoreGovernance': None, 'scoreMarket': None, 'scoreOperation': 64.3}",,,,,,,,False,0,
1135,Nika,nika,https://skynet.certik.com/projects/nika,"{'rank': 18113, 'percentile': 0.9689558335460812, 'includedCategories': ['community', 'operation', 'fundamental'], 'score': 44.61, 'scoreCodeSecurity': None, 'scoreCommunity': 43.32, 'scoreFundamental': 49.82, 'scoreGovernance': None, 'scoreMarket': None, 'scoreOperation': 35.5}",,,,,,,,False,0,BSC
1136,PRINT3R,print3r,https://skynet.certik.com/projects/print3r,"{'rank': 18119, 'percentile': 0.9693643094204748, 'includedCategories': ['community', 'operation', 'fundamental'], 'score': 44.59, 'scoreCodeSecurity': None, 'scoreCommunity': 43.32, 'scoreFundamental': 49.76, 'scoreGovernance': None, 'scoreMarket': None, 'scoreOperation': 35.5}",,,,,,,,False,0,Solana|Base
1137,Darkness Dollar,darkness-dollar,https://skynet.certik.com/projects/darkness-dollar,"{'rank': 18111, 'percentile': 0.969160071483278, 'includedCategories': ['code', 'community', 'operation', 'fundamental'], 'score': 44.61, 'scoreCodeSecurity': 31.27, 'scoreCommunity': 55, 'scoreFundamental': 49.31, 'scoreGovernance': None, 'scoreMarket': None, 'scoreOperation': 51.5}",,,,,,,,False,0,Cronos
1138,bozoHYBRID,bozohybrid,https://skynet.certik.com/projects/bozohybrid,"{'rank': 18132, 'percentile': 0.9699770232320654, 'includedCategories': ['code', 'governance', 'community', 'market', 'operation', 'fundamental'], 'score': 44.51, 'scoreCodeSecurity': 39.86, 'scoreCommunity': 35.37, 'scoreFundamental': 40.28, 'scoreGovernance': 34.57, 'scoreMarket': 60.14, 'scoreOperation': 49.24}",0.00019597384689023776,,381.99043703079224,,,,,False,0,Solana
1139,Cream,cream,https://skynet.certik.com/projects/cream,"{'rank': 18180, 'percentile': 0.972581056931325, 'includedCategories': ['code', 'community', 'operation', 'fundamental'], 'score': 44.27, 'scoreCodeSecurity': 30.32, 'scoreCommunity': 43.32, 'scoreFundamental': 49.48, 'scoreGovernance': None, 'scoreMarket': None, 'scoreOperation': 62.7}",,,,,,,,False,0,
1140,Yaka Finance,yaka-finance,https://skynet.certik.com/projects/yaka-finance,"{'rank': 18184, 'percentile': 0.9726831758999234, 'includedCategories': ['community', 'operation', 'fundamental'], 'score': 44.26, 'scoreCodeSecurity': None, 'scoreCommunity': 43.32, 'scoreFundamental': 49.1, 'scoreGovernance': None, 'scoreMarket': None, 'scoreOperation': 35.5}",,,,,,,,False,0,
1141,Woodcoin,woodcoin,https://skynet.certik.com/projects/woodcoin,"{'rank': 18209, 'percentile': 0.9739596630074037, 'includedCategories': ['code', 'community', 'operation', 'fundamental'], 'score': 44.07, 'scoreCodeSecurity': 30.19, 'scoreCommunity': 43.32, 'scoreFundamental': 49.81, 'scoreGovernance': None, 'scoreMarket': None, 'scoreOperation': 61.1}",,,,,,,,False,0,
1142,Papyrus Swap,papyrus-swap,https://skynet.certik.com/projects/papyrus-swap,"{'rank': 18218, 'percentile': 0.9744702578503958, 'includedCategories': ['community', 'operation', 'fundamental'], 'score': 43.94, 'scoreCodeSecurity': None, 'scoreCommunity': 43.32, 'scoreFundamental': 49.27, 'scoreGovernance': None, 'scoreMarket': None, 'scoreOperation': 58.7}",,,,,,,,False,0,Scroll
1143,Bamboo Swap,bambooswap,https://skynet.certik.com/projects/bambooswap,"{'rank': 18240, 'percentile': 0.9755935665049783, 'includedCategories': ['code', 'governance', 'community', 'operation', 'fundamental'], 'score': 43.74, 'scoreCodeSecurity': 72.36, 'scoreCommunity': 43.32, 'scoreFundamental': 49.84, 'scoreGovernance': 46.78, 'scoreMarket': None, 'scoreOperation': 55.5}",,,,,,,,False,2,BSC
1144,EchoDEX,echodex,https://skynet.certik.com/projects/echodex,"{'rank': 18272, 'percentile': 0.9773295889711514, 'includedCategories': ['community', 'market', 'operation', 'fundamental'], 'score': 43.32, 'scoreCodeSecurity': None, 'scoreCommunity': 43.32, 'scoreFundamental': 49.3, 'scoreGovernance': None, 'scoreMarket': 33.68, 'scoreOperation': 60.3}",,,2.9,,,,,False,0,Linea
1145,SpiritSwap,spiritswap,https://skynet.certik.com/projects/spiritswap,"{'rank': 18274, 'percentile': 0.9774317079397498, 'includedCategories': ['code', 'community', 'operation', 'fundamental'], 'score': 43.3, 'scoreCodeSecurity': 33.11, 'scoreCommunity': 43.32, 'scoreFundamental': 49.37, 'scoreGovernance': None, 'scoreMarket': None, 'scoreOperation': 51.5}",,,,,,,,False,0,Fantom
1146,Dexioprotocol(Rebrand to Seek Protocol),dexioprotocol-v2,https://skynet.certik.com/projects/dexioprotocol-v2,"{'rank': 18308, 'percentile': 0.9792698493745213, 'includedCategories': ['code', 'governance', 'community', 'operation', 'fundamental'], 'score': 42.97, 'scoreCodeSecurity': 53.61, 'scoreCommunity': 35.14, 'scoreFundamental': 40.95, 'scoreGovernance': 49.21, 'scoreMarket': None, 'scoreOperation': 42.75}",,,,,,,,True,1,Polygon
1147,AI Technology,ai-technology,https://skynet.certik.com/projects/ai-technology,"{'rank': 18314, 'percentile': 0.9796272657646158, 'includedCategories': ['code', 'governance', 'community', 'operation', 'fundamental'], 'score': 42.91, 'scoreCodeSecurity': 41.49, 'scoreCommunity': 43.47, 'scoreFundamental': 40.05, 'scoreGovernance': 48.5, 'scoreMarket': None, 'scoreOperation': 53.67}",,,,,,,,False,0,Optimism
1148,OneDex,onedex,https://skynet.certik.com/projects/onedex,"{'rank': 18318, 'percentile': 0.9798315037018126, 'includedCategories': ['code', 'governance', 'community', 'market', 'operation', 'fundamental'], 'score': 42.86, 'scoreCodeSecurity': 47.15, 'scoreCommunity': 39.16, 'scoreFundamental': 32.36, 'scoreGovernance': 30, 'scoreMarket': 49.33, 'scoreOperation': 39.58}",0.007337253839674609,32192,2.0743281841278076,,,,,False,1,Ethereum
1149,Ushi,ushi,https://skynet.certik.com/projects/ushi,"{'rank': 18336, 'percentile': 0.9808526933877968, 'includedCategories': ['code', 'governance', 'community', 'operation', 'fundamental'], 'score': 42.65, 'scoreCodeSecurity': 48.12, 'scoreCommunity': 49.37, 'scoreFundamental': 58.5, 'scoreGovernance': 60.16, 'scoreMarket': None, 'scoreOperation': 59.58}",,,,,,,,False,0,Ethereum
1150,OPX Finance,opx-finance,https://skynet.certik.com/projects/opx-finance,"{'rank': 18351, 'percentile': 0.9817207046208833, 'includedCategories': ['code', 'community', 'operation', 'fundamental'], 'score': 42.42, 'scoreCodeSecurity': 30.21, 'scoreCommunity': 43.32, 'scoreFundamental': 49.64, 'scoreGovernance': None, 'scoreMarket': None, 'scoreOperation': 51.5}",,,,,,,,False,0,Optimism
1151,Spartacus,spartacus,https://skynet.certik.com/projects/spartacus,"{'rank': 18352, 'percentile': 0.9817717641051825, 'includedCategories': ['code', 'community', 'operation', 'fundamental'], 'score': 42.4, 'scoreCodeSecurity': 66.71, 'scoreCommunity': 43.32, 'scoreFundamental': 49, 'scoreGovernance': None, 'scoreMarket': None, 'scoreOperation': 51.5}",,,,,,,,False,1,Fantom
1152,MobyDEX,mobydex,https://skynet.certik.com/projects/mobydex,"{'rank': 18365, 'percentile': 0.9825887158539699, 'includedCategories': ['code', 'community', 'operation', 'fundamental'], 'score': 42.14, 'scoreCodeSecurity': 48.75, 'scoreCommunity': 36.41, 'scoreFundamental': 40.6, 'scoreGovernance': None, 'scoreMarket': None, 'scoreOperation': 50.68}",,,,,,,,True,1,opBNB
1153,Mojito Markets,mojito-markets,https://skynet.certik.com/projects/mojito-markets,"{'rank': 18416, 'percentile': 0.9856522849119224, 'includedCategories': ['community', 'operation', 'fundamental'], 'score': 41.02, 'scoreCodeSecurity': None, 'scoreCommunity': 43.32, 'scoreFundamental': 49.03, 'scoreGovernance': None, 'scoreMarket': None, 'scoreOperation': 47.5}",,,,,,,,False,0,Aptos
1154,DOJO,dojo,https://skynet.certik.com/projects/dojo,"{'rank': 18486, 'percentile': 0.995098289507276, 'includedCategories': ['community', 'market', 'operation', 'fundamental'], 'score': 40, 'scoreCodeSecurity': None, 'scoreCommunity': 43.32, 'scoreFundamental': 49.15, 'scoreGovernance': None, 'scoreMarket': 30.11, 'scoreOperation': 58.7}",,,1.83,,,,,False,0,Huobi
1155,HyperAlloy,hyper-alloy,https://skynet.certik.com/projects/hyper-alloy,"{'rank': 18514, 'percentile': 0.995098289507276, 'includedCategories': ['code', 'governance', 'community', 'market', 'operation', 'fundamental'], 'score': 40, 'scoreCodeSecurity': 39.94, 'scoreCommunity': 43.32, 'scoreFundamental': 49.33, 'scoreGovernance': 69.42, 'scoreMarket': 50.26, 'scoreOperation': 55.5}",,,0.03909900761209428,,,,,False,0,BSC
1156,HyperAurora,hyperjump-aurora,https://skynet.certik.com/projects/hyperjump-aurora,"{'rank': 18515, 'percentile': 0.995098289507276, 'includedCategories': ['code', 'community', 'market', 'operation', 'fundamental'], 'score': 40, 'scoreCodeSecurity': 30.89, 'scoreCommunity': 43.32, 'scoreFundamental': 49.07, 'scoreGovernance': None, 'scoreMarket': 50.26, 'scoreOperation': 51.5}",,,,,,,,False,0,Fantom
1157,Moon Robots,moon-robots,https://skynet.certik.com/projects/moon-robots,"{'rank': 18536, 'percentile': 0.995098289507276, 'includedCategories': ['community', 'operation', 'fundamental'], 'score': 40, 'scoreCodeSecurity': None, 'scoreCommunity': 43.32, 'scoreFundamental': 49.33, 'scoreGovernance': None, 'scoreMarket': None, 'scoreOperation': 47.5}",,,,,,,,False,0,Harmony
1158,PLS2E,pls2e,https://skynet.certik.com/projects/pls2e,"{'rank': 18551, 'percentile': 0.995098289507276, 'includedCategories': ['code', 'governance', 'community', 'operation', 'fundamental'], 'score': 40, 'scoreCodeSecurity': 68.61999999999999, 'scoreCommunity': 42.02, 'scoreFundamental': 47.85, 'scoreGovernance': 72.75, 'scoreMarket': None, 'scoreOperation': 49.95}",,,,,,,,False,4,BSC
1159,Shiro Inu,shiro-inu,https://skynet.certik.com/projects/shiro-inu,"{'rank': 18561, 'percentile': 0.995098289507276, 'includedCategories': ['code', 'governance', 'community', 'operation', 'fundamental'], 'score': 40, 'scoreCodeSecurity': 41.24, 'scoreCommunity': 48.66, 'scoreFundamental': 49.99, 'scoreGovernance': 61.3, 'scoreMarket': None, 'scoreOperation': 55.5}",,,0.5564640760421753,,,,,False,0,BSC
1160,SMART MONEY COIN,smart-money-coin,https://skynet.certik.com/projects/smart-money-coin,"{'rank': 18563, 'percentile': 0.995098289507276, 'includedCategories': ['code', 'governance', 'community', 'operation', 'fundamental'], 'score': 40, 'scoreCodeSecurity': 49.65, 'scoreCommunity': 43.32, 'scoreFundamental': 49.5, 'scoreGovernance': 44.13, 'scoreMarket': None, 'scoreOperation': 55.5}",,,0.08822662010788918,,,,,False,0,BSC
1161,Euphoria,wagmi,https://skynet.certik.com/projects/wagmi,"{'rank': 18582, 'percentile': 0.995098289507276, 'includedCategories': ['community', 'operation', 'fundamental'], 'score': 40, 'scoreCodeSecurity': None, 'scoreCommunity': 43.32, 'scoreFundamental': 49.21, 'scoreGovernance': None, 'scoreMarket': None, 'scoreOperation': 47.5}",,,,,,,,False,0,Harmony
1162,Monoswap,monoswap,https://skynet.certik.com/projects/monoswap,"{'rank': 18621, 'percentile': 0.9964258360990554, 'includedCategories': ['community', 'operation', 'fundamental'], 'score': 37.12, 'scoreCodeSecurity': None, 'scoreCommunity': 52.06, 'scoreFundamental': 48.49, 'scoreGovernance': None, 'scoreMarket': None, 'scoreOperation': 42.19}",,,,,,,,False,0,Blast
1163,CuanSwap,cuanswap,https://skynet.certik.com/projects/cuanswap,"{'rank': 18626, 'percentile': 0.9966811335205514, 'includedCategories': ['governance', 'community', 'operation', 'fundamental'], 'score': 36.84, 'scoreCodeSecurity': None, 'scoreCommunity': 34.07, 'scoreFundamental': 39.05, 'scoreGovernance': 51.36, 'scoreMarket': None, 'scoreOperation': 37.36}",,,,,,,,False,0,opBNB
1164,Catapult Protocol,catapult-protocol,https://skynet.certik.com/projects/catapult-protocol,"{'rank': 18644, 'percentile': 0.9979576206280316, 'includedCategories': ['code', 'governance', 'community', 'market', 'operation', 'fundamental'], 'score': 33.73, 'scoreCodeSecurity': 46.57, 'scoreCommunity': 30.68, 'scoreFundamental': 30, 'scoreGovernance': 30, 'scoreMarket': 30, 'scoreOperation': 34.14}",,,,,,,,False,1,
