slug,name,skynet_score,market_cap,trading_vol_24h,volume_24h_display,volume_7d_display,all_time_volume,project_age_raw,project_founded_date,token_launch_age_raw,token_launch_date,has_website,website_url,has_github,github_url,has_twitter,twitter_url,has_discord,discord_url,has_telegram,telegram_url,ecosystems,audit_3p_count,audit_3p_records,has_certik_audit,certik_audit_count,certik_last_audit_date,certik_audit_names,certik_kyc,third_party_kyc,total_proposals,max_total_votes,major_holding_ratio,owner_holding_ratio
uniswap,Uniswap,95.18,$1.90B,$480.66M,$1.66B,$8.59B,$3.71T,8 yrs 4 mos,2018-02-20,5 yrs 9 mos,2020-09-20,1,https://uniswap.org,1,https://github.com/Uniswap,1,https://twitter.com/Uniswap,1,https://discord.com/invite/FCfyBSbCU5,0,,Ethereum,6,07/16/2025|OpenZeppelin; 07/14/2025|Spearbit; 05/10/2025|Cantina; 02/24/2025|OpenZeppelin; 02/24/2025|OpenZeppelin; 02/24/2025|,No,,,,No,No,107,61M,65.51%,0.00%
virtuals-protocol,Virtuals Protocol,92.56,$387.88M,$66.79M,,,,4 yrs 7 mos,2021-11-20,2 yrs 5 mos,2024-01-20,1,https://www.virtuals.io/,1,https://github.com/Virtual-Protocol,1,https://x.com/virtuals_io,0,,1,https://t.me/virtuals,Solana | Base,3,06/04/2025|Cantina; 10/31/2024|Peckshield; 03/10/2024|Peckshield,No,,,,No,No,,,0.19%,0.00%
1inch,1inch Network,92.45,$102.80M,$9.63M,,,,7 yrs 9 mos,2018-09-20,5 yrs 5 mos,2021-01-20,1,https://1inch.io/,1,https://github.com/1inch,1,https://x.com/1inch,0,,1,https://t.me/OneInchNetwork,Avalanche | Bsc,6,07/21/2025|OpenZeppelin; 07/21/2025|OpenZeppelin; 07/03/2025|QuantStamp; 05/23/2024|OpenZeppelin; 05/23/2024|OpenZeppelin; 05/23/2024|,Yes,4,11/25/2021,1inch - Limit Order 1inch Exchange Aggregation Protocol v3 1inch Mooniswap v2 1inch Exchange,No,No,103,33M,0.00%,0.00%
hyperliquid,Hyperliquid,92.19,$16.99B,$658.03M,$226.38M,$1.26B,$156.33B,3 yrs 2 mos,2023-04-20,0 yrs 0 mos,2026-06-20,1,https://hyperliquid.xyz/,1,https://github.com/hyperliquid-dex,1,https://x.com/HyperliquidX,1,https://discord.com/invite/hyperliquid,0,,Arbitrum | Ethereum,2,11/27/2023|Zellic; 08/14/2023|Zellic,No,,,,No,No,,,,
aster,Aster,92.17,$1.68B,$269.01M,$21.93M,$91.71M,$24.36B,0 yrs 9 mos,2025-09-20,0 yrs 9 mos,2025-09-20,1,https://www.asterdex.com/en,0,,1,https://x.com/Aster_DEX,0,,1,https://t.me/AsterDEX,Bsc,6,12/17/2024|Salusec; 12/11/2024|Salusec; 12/03/2024|Peckshield; 12/02/2024|Peckshield; 09/13/2024|Salusec; 09/12/2024|,No,,,,No,No,,,87.77%,0.00%
synfutures,Synfutures,91.87,$15.91M,$2.96M,,,,5 yrs 8 mos,2020-10-20,1 yrs 7 mos,2024-11-20,1,https://www.synfutures.com/,1,https://github.com/SynFutures,1,https://x.com/SynFuturesDefi,0,,1,https://t.me/synfutures_Defi,Blast | Polygon,1,01/17/2025|QuantStamp,No,,,,No,No,,,12.71%,0.00%
pancakeswap,PancakeSwap,91.69,$436.86M,$55.55M,$892.08M,$4.85B,$2.03T,5 yrs 9 mos,2020-09-20,5 yrs 9 mos,2020-09-20,1,https://pancakeswap.finance/,1,https://github.com/pancakeswap,1,https://twitter.com/pancakeswap,1,https://discord.com/invite/pancakeswap,1,https://t.me/PancakeSwap,Bsc | Opbnb,0,,Yes,1,,,No,No,"3,740",636M,0.20%,0.00%
ston-fi,STON.fi,91.68,$20.19M,$12.72K,,,,4 yrs 1 mos,2022-05-20,2 yrs 11 mos,2023-07-20,1,https://ston.fi/,1,https://github.com/ston-fi,1,https://twitter.com/ston_fi,0,,0,,Ton | Tron,1,01/09/2025|Trailofbits,No,,,,,,,,,
dodo-dex,DODO DEX,91.62,$17.08M,$1.47M,$23.84M,$87.37M,$203.59B,5 yrs 10 mos,2020-08-20,5 yrs 8 mos,2020-10-20,1,https://dodoex.io/,1,https://github.com/DODOEX,1,https://twitter.com/BreederDodo,0,,1,https://t.me/dodoex_official,Arbitrum | Bsc,0,,Yes,5,,,No,No,23,15M,34.49%,0.00%
taiko,Taiko,90.95,$15.97M,$5.66M,,,,4 yrs 4 mos,2022-02-20,2 yrs 1 mos,2024-05-20,1,https://taiko.xyz/,1,https://github.com/taikoxyz,1,https://twitter.com/taikoxyz,0,,0,,Ethereum,1,06/26/2024|OpenZeppelin,No,,,,No,No,,,7.98%,0.00%
dodonft,DODO NFT,90.84,$17.08M,$1.47M,$30.98M,$106.64M,$203.62B,5 yrs 10 mos,2020-08-20,5 yrs 8 mos,2020-10-20,1,https://dodonft.io/,1,https://github.com/DODOEX,1,https://twitter.com/BreederDodo,0,,1,https://t.me/dodoex_official,Arbitrum | Bsc,0,,Yes,2,,,No,No,23,15M,34.49%,0.00%
shiba-swap,Shiba Swap,90.79,$2.78B,$83.34M,"$63,739.00","$546,988.00",$17.7B,5 yrs 10 mos,2020-08-20,5 yrs 10 mos,2020-08-20,1,https://shibaswap.com/,1,https://github.com/KaalDhairya/,1,https://twitter.com/Shibtoken,1,https://discord.com/invite/shibariumtech,1,https://t.me/ShibariumTechnologies,Ethereum,0,,Yes,1,,,No,No,,,35.05%,0.00%
cetus-protocol,Cetus Protocol,90.58,$17.00M,$2.39M,$12.92M,$94.75M,$84.92B,3 yrs 10 mos,2022-08-20,3 yrs 1 mos,2023-05-20,1,https://www.cetus.zone/,1,https://github.com/CetusProtocol,1,https://twitter.com/CetusProtocol,0,,0,,Sui,6,04/11/2025|Zellic; 05/16/2024|OtterSec; 04/28/2023|Movebit; 03/03/2023|OtterSec; 01/30/2023|Movebit; 12/12/2022|,Yes,3,,,No,No,,,,
mintlayer,Mintlayer,90.38,$438.89K,$119.00K,,,,7 yrs 1 mos,2019-05-20,7 yrs 1 mos,2019-05-20,1,https://www.mintlayer.org/en/,1,https://github.com/mintlayer,1,https://twitter.com/mintlayer,0,,1,https://t.me/mintlayer,Ethereum,0,,No,,,,,,,,7.80%,0.00%
curve-stablecoin,Curve Stablecoin,90.28,$207.77M,$21.70M,,,,3 yrs 1 mos,2023-05-20,3 yrs 1 mos,2023-05-20,0,,1,https://github.com/curvefi/curve-stablecoin,1,https://twitter.com/curvefinance,0,,0,,Ethereum,1,02/21/2025|Chainsecurity,No,,,,No,No,,,74.48%,0.00%
lighter,Lighter,90.02,$382.42M,$64.01M,$11.44M,$42.99M,$10.95B,9 yrs 9 mos,2016-09-20,0 yrs 7 mos,2025-11-20,1,https://lighter.xyz/,1,https://github.com/elliottech/lighter-v1-core/tree/53f59e9c38af66789d93c42ca5e986d3b573dd31,1,https://x.com/Lighter_xyz,0,,0,,Ethereum,0,,Yes,3,,,No,No,,,78.46%,0.00%
jupiter-exchange,Jupiter,89.86,$615.20M,$33.18M,"$758,801.00",$182.42M,$32.1B,4 yrs 6 mos,2021-12-20,0 yrs 0 mos,2026-06-20,1,https://jup.ag/,1,https://github.com/jup-ag,1,https://twitter.com/JupiterExchange,0,,0,,Solana,1,08/20/2024|Hashex,No,,,,No,No,,,,
sei-protocol,Sei Protocol,89.80,$384.57M,$50.98M,,,,4 yrs 3 mos,2022-03-20,0 yrs 0 mos,2026-06-20,1,https://www.seinetwork.io/,1,https://github.com/sei-protocol/sei-chain/tree/de9524bf5994234209c2f3fa14e01b3a22f9b4b5,1,https://twitter.com/SeiNetwork,0,,0,,Sei,0,,Yes,1,,,No,No,,,,
hyperion,Hyperion,89.52,$3.22M,$177.15K,$0,$8.14M,$27.65B,7 yrs 10 mos,2018-08-20,7 yrs 10 mos,2018-08-20,1,https://hyperion.xyz/,1,https://github.com/Hyperionxyz/hyperfluid-interface,1,https://x.com/hyperion_xyz,0,,1,https://t.me/hyperion_aptos,Aptos,2,04/24/2025|Exvul ; 02/19/2025|Movebit,No,,,,No,No,,,64.98%,0.00%
apeswap-finance,ApeBond,89.49,$316.66K,$550.98,,,,5 yrs 4 mos,2021-02-20,5 yrs 4 mos,2021-02-20,1,https://apeswap.finance/,1,https://github.com/apeswapfinance,1,https://x.com/ApeBond,0,,1,https://t.me/ape_swap,Bsc | Ethereum,1,01/13/2024|Cyberscope,Yes,0,,,No,No,,,31.71%,0.00%
ambire,Ambire Wallet,89.47,$12.39M,$24.88K,,,,4 yrs 4 mos,2022-02-20,4 yrs 4 mos,2022-02-20,1,https://www.ambire.com/,1,https://github.com/AmbireTech,1,https://x.com/AmbireWallet,0,,1,https://t.me/AmbireOfficial,Ethereum | Base,4,01/26/2024|Pashov; 01/26/2024|Pashov; 01/26/2024|Pashov; 08/04/2023|Code4rena,Yes,1,,,No,No,38,74M,92.46%,0.00%
iotex,IoTeX,89.44,$28.11M,$1.24M,,,,8 yrs 6 mos,2017-12-20,8 yrs 0 mos,2018-06-20,1,https://iotex.io/,1,https://github.com/iotexproject,1,https://twitter.com/iotex_io,0,,1,https://t.me/IoTeXGroup,Iotex | Polygon,0,,Yes,1,,,No,No,,,93.70%,0.00%
shade-protocol,Shade Protocol,89.14,$382.94K,$12.23K,,,,5 yrs 10 mos,2020-08-20,4 yrs 3 mos,2022-03-20,1,https://shadeprotocol.io/,1,https://github.com/securesecrets,1,https://twitter.com/Shade_Protocol,1,https://discord.com/invite/ZghjpczcQF,1,https://t.me/ShadeProtocol,Secret,0,,Yes,3,,,No,No,,,,
synthetix,Synthetix,88.95,$83.28M,$6.40M,,,,6 yrs 10 mos,2019-08-20,6 yrs 10 mos,2019-08-20,0,,1,https://github.com/synthetixio,1,https://twitter.com/synthetix,0,,0,,Ethereum,0,,No,,,,No,No,,,0.00%,0.00%
woofiswap,WOOFi Swap,88.88,$23.94M,$1.69M,$3.12M,$22.03M,$35.37B,5 yrs 8 mos,2020-10-20,5 yrs 8 mos,2020-10-20,1,https://fi.woo.org,1,https://github.com/woonetwork,1,https://twitter.com/_woo_x,0,,0,,Bsc | Polygon,0,,Yes,6,,,No,No,,,99.72%,0.00%
bonk1,Bonk,88.84,$391.78M,$32.56M,,,,3 yrs 5 mos,2023-01-20,3 yrs 5 mos,2023-01-20,1,https://www.bonkcoin.com,1,https://github.com/BonkLabs,1,https://twitter.com/bonk_inu,0,,1,https://t.me/Official_Bonk_Inu,Solana,1,04/05/2024|Cyberscope,No,,,,No,Yes,,,68.42%,0.00%
genius-terminal,Genius Terminal,88.72,$137.67M,$28.61M,,,,6 yrs 3 mos,2020-03-20,0 yrs 0 mos,2026-06-20,1,https://tradegenius.com/,0,,1,https://x.com/GeniusTerminal,0,,0,,Ethereum | Arbitrum,0,,No,,,,No,No,,,84.65%,0.00%
orca,Orca,88.55,$73.36M,$21.77M,$295.58M,$1.48B,$478.2B,5 yrs 7 mos,2020-11-20,0 yrs 0 mos,2026-06-20,1,https://www.orca.so/,1,https://github.com/orca-so,1,https://twitter.com/orca_so,0,,0,,Solana,4,02/28/2025|SEC3; 08/21/2024|OtterSec; 05/05/2022|Neodyme; 01/28/2022|Kudelski,No,,,,No,No,,,,
curve-dao-token,Curve,88.35,$323.77M,$55.78M,,,,6 yrs 5 mos,2020-01-20,5 yrs 10 mos,2020-08-20,1,https://curve.fi/#/ethereum/swap,1,https://github.com/curvefi,1,https://x.com/curvefinance,0,,1,https://t.me/curvefi,Ethereum,4,02/02/2024|Statemind; 10/30/2023|Statemind; 09/29/2021|Chainsecurity; 10/20/2020|QuantStamp,No,,,,No,No,,,16.70%,0.00%
Playnance,Playnance,88.32,$64.87M,$494.84K,,,,5 yrs 5 mos,2021-01-20,5 yrs 5 mos,2021-01-20,1,https://playnance.com/,1,https://github.com/playnance-games/upvsdown-smartcontract,1,https://x.com/playnance_,0,,0,,,0,,No,,,,,,,,,
bluefin,Bluefin,88.15,$5.39M,$1.92M,$10.09M,$84.36M,$35.64B,5 yrs 10 mos,2020-08-20,1 yrs 6 mos,2024-12-20,1,https://bluefin.io/,1,https://github.com/fireflyprotocol,1,https://twitter.com/bluefinapp,0,,1,https://t.me/bluefinapp,Arbitrum | Sui,6,02/25/2025|Asymptotic; 02/12/2025|Asymptotic; 12/06/2024|OtterSec; 11/02/2024|OtterSec; 06/05/2024|OtterSec; 06/23/2023|,No,,,,No,No,,,,
coreum,Coreum,87.94,$4.00M,$1.16K,,,,4 yrs 4 mos,2022-02-20,4 yrs 4 mos,2022-02-20,1,https://www.coreum.com/,1,https://github.com/CoreumFoundation/coreum/tree/4aab89ce54268f5b3dbbf82cb9fb53a8072ea561,1,https://twitter.com/CoreumOfficial,0,,1,https://t.me/CoreumOfficial,Cosmos,0,,Yes,3,,,No,No,,,,
orderly-network,Orderly Network,87.93,$14.70M,$4.90M,$0,$0,$839.1M,3 yrs 8 mos,2022-10-20,1 yrs 10 mos,2024-08-20,1,https://orderly.network/,1,https://github.com/OrderlyNetwork,1,https://twitter.com/OrderlyNetwork,0,,0,,Base | Ethereum,1,03/06/2025|Zellic,Yes,1,,,No,No,,,9.97%,0.00%
bancor,Bancor,87.61,$28.65M,$2.55M,"$7,674.00","$113,844.00",$561.81M,9 yrs 4 mos,2017-02-20,9 yrs 0 mos,2017-06-20,1,https://bancor.network/,1,https://github.com/bancorprotocol,1,https://twitter.com/bancor,1,https://discord.com/invite/bancor,1,https://t.me/bancor,Arbitrum,1,09/06/2022|OpenZeppelin,Yes,2,,,No,No,563,18M,6.27%,0.00%
bitcoin-com,Bitcoin.com,87.12,$1.02M,$34.86K,"$13,076.00","$96,979.00",$156.86M,3 yrs 6 mos,2022-12-20,3 yrs 6 mos,2022-12-20,1,https://www.bitcoin.com,0,,1,https://twitter.com/BitcoinCom,1,https://discord.com/invite/ZPCuDNDeK5,0,,Ethereum,0,,Yes,1,,,No,No,,,94.15%,0.00%
rubic-finance,Rubic,87.40,$662.16K,$82.97K,,,,5 yrs 9 mos,2020-09-20,5 yrs 9 mos,2020-09-20,1,https://rubic.finance,1,https://github.com/Cryptorubic,1,https://twitter.com/CryptoRubic,1,https://discord.com/invite/7EYzPbWKFQ,1,https://t.me/cryptorubic_chat,Avalanche | Bsc,0,,Yes,1,11/30/2021,Rubic Finance,No,No,,,61.40%,0.00%
zkswap-finance,zkSwap Finance,86.85,$265.25K,$42.88K,"$71,226.00","$405,365.00",$2.2B,3 yrs 3 mos,2023-03-20,0 yrs 0 mos,2026-06-20,1,https://zkswap.finance/,1,https://github.com/ZkSwapFinance,1,https://twitter.com/zkSwap_finance,1,https://discord.com/invite/zkswap-finance,1,https://t.me/zkSwap_Finance_Official,Zksync,0,,No,,,,,,,,,
dydx,dYdX,87.13,$4.79M,$3.70M,,,,4 yrs 11 mos,2021-07-20,4 yrs 11 mos,2021-07-20,1,https://dydx.exchange/,1,https://github.com/dydxfoundation/,1,https://x.com/dydx,1,https://discord.com/invite/dydx,0,,Ethereum,3,02/21/2021|Peckshield; 04/19/2020|OpenZeppelin; 04/30/2019|OpenZeppelin,No,,,,No,No,63,78M,79.40%,0.00%
edgex,edgeX,87.16,$117.75M,$10.45M,,,,2 yrs 7 mos,2023-11-20,0 yrs 0 mos,2026-06-20,1,https://www.edgex.exchange/en,0,,1,https://x.com/edgeX_exchange,0,,1,https://t.me/edgeX_exchange,,2,06/18/2025|Slowmist; 09/02/2024|RigSec,No,,,,No,No,,,55.79%,0.00%
0x,0x,86.85,$72.17M,$7.03M,,,,9 yrs 5 mos,2017-01-20,8 yrs 10 mos,2017-08-20,1,https://0x.org,1,https://github.com/0xProject,1,https://twitter.com/0xproject,0,,0,,Ethereum | Arbitrum,0,,No,,,,No,No,,,94.58%,0.00%
hanchain,HanChain,86.69,$14.50K,$663.33K,,,,4 yrs 4 mos,2022-02-20,4 yrs 4 mos,2022-02-20,1,https://khans.io/,1,https://github.com/hanchain-paykhan,1,https://twitter.com/HanIdentity,0,,1,https://t.me/hanchain_official,Ethereum | Optimism,0,,No,,,,,,,,99.80%,0.00%
dexcheck,DexCheck,86.65,$66.24K,$36.82K,,,,2 yrs 12 mos,2023-06-20,2 yrs 12 mos,2023-06-20,1,https://dexcheck.io/,0,,1,https://twitter.com/DexCheck_io,0,,1,https://t.me/dexcheck,Bsc,0,,No,,,,,,,,28.42%,0.00%
squidgrow,SquidGrow,86.34,$7.78M,$84.93K,,,,3 yrs 11 mos,2022-07-20,3 yrs 1 mos,2023-05-20,1,https://www.squidgrow.com,1,https://github.com/shibtoshi,1,https://twitter.com/squid_grow,0,,0,,Bsc | Ethereum,0,,Yes,14,,,No,No,,,36.80%,0.00%
injective,Injective,86.24,$505.37M,$82.66M,,,,7 yrs 7 mos,2018-11-20,5 yrs 8 mos,2020-10-20,1,https://injective.com/,1,https://github.com/InjectiveLabs,1,https://x.com/Injective,1,https://discord.com/invite/NK4qdbv,1,https://t.me/joininjective,Cosmos | Bsc,0,,Yes,1,,,No,No,,,24.40%,0.00%
aerodrome-finance,Aerodrome Finance,86.20,$432.25M,$51.63M,$447.34M,$2.96B,$393.93B,2 yrs 11 mos,2023-07-20,2 yrs 9 mos,2023-09-20,1,https://aerodrome.finance/,1,https://github.com/aerodrome-finance,1,https://x.com/AerodromeFi,1,https://discord.com/invite/aerodrome,0,,Base,0,,No,,,,No,No,,,0.00%,0.00%
meteora,Meteora,85.79,$66.18M,$7.59M,$204.18M,$1.04B,$319.48B,3 yrs 3 mos,2023-03-20,0 yrs 0 mos,2026-06-20,1,https://meteora.ag/,1,https://github.com/MeteoraAg,1,https://x.com/MeteoraAG,0,,1,https://t.me/MercurialFi,Solana,1,02/28/2024|OtterSec,No,,,,No,No,,,,
mmtfinance,Momentum,85.82,$28.96M,$7.70M,$2.08M,$13.3M,$30.95B,1 yrs 4 mos,2025-02-20,0 yrs 8 mos,2025-10-20,1,https://app.mmt.finance/,1,https://github.com/mmt-finance/clmm-sdk,1,https://x.com/MMTFinance,0,,0,,Sui,1,02/28/2025|Movebit,No,,,,No,No,,,,
apex-token,ApeX Protocol,85.43,$41.54M,$10.93M,,,,4 yrs 6 mos,2021-12-20,4 yrs 1 mos,2022-05-20,1,https://apex.exchange,1,https://github.com/ApeX-Protocol,1,https://x.com/OfficialApeXdex,0,,1,https://t.me/ApeXdex,Ethereum,1,01/23/2022|Blocksec,No,,,,No,No,,,47.57%,0.00%
railgun,Railgun,86.34,$34.01M,$618.75K,,,,5 yrs 4 mos,2021-02-20,4 yrs 11 mos,2021-07-20,1,https://railgun.org/,1,https://github.com/railgun-privacy,1,https://twitter.com/railgun_project,0,,1,https://t.me/railprice,Ethereum,1,02/03/2023|Zokyo,No,,,,No,No,,,79.55%,0.00%
aevo,AEVO,85.12,$16.76M,$3.48M,,,,3 yrs 10 mos,2022-08-20,2 yrs 4 mos,2024-02-20,1,https://www.aevo.xyz/,1,https://github.com/aevoxyz,1,https://twitter.com/aevoxyz,0,,0,,Ethereum,4,01/20/2024|Veridise; 10/25/2023|Veridise; 10/04/2023|Veridise; 10/07/2022|Spearbit,No,,,,No,No,38,24M,47.00%,0.00%
quickswap,QuickSwap[Old],84.94,$7.03M,$4.96K,"$449,145.00",$27.09M,$66.65B,5 yrs 8 mos,2020-10-20,5 yrs 8 mos,2020-10-20,1,https://quickswap.exchange,1,https://github.com/QuickSwap,1,https://twitter.com/QuickswapDEX,0,,0,,Ethereum | Polygon,1,02/12/2024|Cyberscope,No,,,,No,No,76,37M,97.85%,0.00%
perpetual-protocol,Perpetual Protocol,85.01,$1.27M,$76.64K,,,,6 yrs 5 mos,2020-01-20,5 yrs 9 mos,2020-09-20,1,https://perp.com/,1,https://github.com/perpetual-protocol,1,https://twitter.com/perpprotocol,1,https://discord.com/invite/mYKKRTn,1,https://t.me/perpetualprotocol,Optimism | Ethereum,1,03/21/2022|Trailofbits,No,,,,No,No,40,28M,31.46%,0.00%
loopring,Loopring,84.99,$18.89M,$1.88M,,,,8 yrs 12 mos,2017-06-20,7 yrs 2 mos,2019-04-20,1,https://loopring.org,1,https://github.com/loopring,1,https://twitter.com/loopringorg,0,,1,https://t.me/loopring_en,Ethereum,1,03/23/2021|Beosin,No,,,,No,No,14,26M,18.87%,0.00%
swisscheese-finance,Swisscheese Finance,84.95,$1.67M,$200.97K,,,,2 yrs 11 mos,2023-07-20,2 yrs 11 mos,2023-07-20,0,,0,,1,https://x.com/Swisscheese_fn,0,,1,https://t.me/swisscheesegroup,Arbitrum | Avalanche,0,,Yes,3,,,No,No,,,90.04%,0.00%
airswap,AirSwap,84.75,$767.88K,$110.80K,,,,9 yrs 2 mos,2017-04-20,8 yrs 8 mos,2017-10-20,1,https://www.airswap.io,1,https://github.com/airswap,1,https://twitter.com/airswap,0,,1,https://t.me/airswap,Ethereum,1,02/15/2022|Peckshield,No,,,,No,No,,,89.20%,0.00%
synapseprotocol,Synapse Protocol,84.84,$32.30M,$80.23M,,,,5 yrs 1 mos,2021-05-20,4 yrs 10 mos,2021-08-20,1,https://synapseprotocol.com/,1,https://github.com/synapsecns,1,https://twitter.com/SynapseProtocol,0,,1,https://t.me/synapseprotocol,Ethereum,0,,Yes,1,,,No,No,,,80.68%,0.00%
magma-finance,Magma Finance,84.82,$75.99M,$4.41M,,,,1 yrs 7 mos,2024-11-20,1 yrs 7 mos,2024-11-20,1,https://magmafinance.io/,1,https://github.com/MagmaFinanceIO,1,https://x.com/Magma_Finance,0,,0,,Sui,5,10/16/2025|MoveBit; 09/02/2025|MoveBit; 08/06/2025|Three Sigma; 01/31/2025|Zellic; 01/06/2025|MoveBit,No,,,,No,No,,,,
joe,LFJ(Trader Joe),85.09,$13.42M,$5.02M,,,,4 yrs 11 mos,2021-07-20,4 yrs 11 mos,2021-07-20,1,https://lfj.gg/,1,https://github.com/traderjoe-xyz/,1,https://x.com/LFJ_gg,0,,0,,Avalanche | Arbitrum,4,05/11/2023|Paladinsec; 04/02/2023|Paladinsec; 06/11/2022|Paladinsec; 10/05/2021|Paladinsec,No,,,,No,No,,,87.13%,2.48%
deepbook,DeepBook,84.53,$88.54M,$5.43M,$10.43M,$59.59M,$20.04B,4 yrs 10 mos,2021-08-20,2 yrs 2 mos,2024-04-20,1,https://deepbook.tech/,1,https://github.com/MystenLabs/deepbookv3,1,https://x.com/DeepBookonSui,1,https://discord.com/invite/deepbook,0,,Sui,0,,No,,,,No,No,,,,
quickswap-new,Quickswap[New],84.17,$5.28M,$860.71K,$6.37M,$47.07M,$39.55B,5 yrs 5 mos,2021-01-20,4 yrs 1 mos,2022-05-20,1,https://quickswap.exchange,1,https://github.com/QuickSwap,1,https://twitter.com/QuickswapDEX,0,,0,,Polygon | Ethereum,1,02/12/2024|Cyberscope,No,,,,No,No,,,85.87%,0.00%
defi-app,DeFi.app,84.12,$106.04M,$101.55M,,,,2 yrs 3 mos,2024-03-20,1 yrs 0 mos,2025-06-20,1,https://defi.app/,1,https://github.com/defi-app,1,https://twitter.com/defiapp,1,https://discord.com/invite/defiapp,1,https://t.me/OfficialDefiApp,Bsc,1,01/10/2025|Pashov,No,,,,No,No,,,73.41%,0.00%
rolldex,RollX,83.78,$12.85M,$475.48K,,,,2 yrs 3 mos,2024-03-20,0 yrs 0 mos,2026-06-20,1,https://rollx.trade/,0,,1,https://x.com/rollxfi,0,,0,,Bsc | Base,0,,Yes,1,,,No,No,,,94.90%,0.00%
cow-protocol,CoW DAO,83.74,$88.99M,$4.36M,,,,9 yrs 5 mos,2017-01-20,4 yrs 4 mos,2022-02-20,1,https://cow.fi/,1,https://github.com/gnosis/cowswap,1,https://x.com/CoWSwap,0,,0,,Ethereum | Bsc,0,,No,,,,No,No,,,4.62%,0.00%
kyberswap,Kyber Network,83.72,$24.41M,$2.43M,$0,$0,$12.06B,9 yrs 1 mos,2017-05-20,5 yrs 2 mos,2021-04-20,1,https://kyberswap.com/swap,1,https://github.com/kybernetwork,1,https://twitter.com/KyberNetwork,0,,0,,Arbitrum | Base,2,07/19/2021|Verichains; 05/18/2021|Hacken,No,,,,No,No,,,51.70%,0.00%
tevaera,Tevaera,83.66,$264.66K,$14.07K,,,,5 yrs 2 mos,2021-04-20,0 yrs 0 mos,2026-06-20,1,https://tevaera.com/,0,,1,https://twitter.com/tevaera,0,,0,,Zksync,0,,No,,,,No,No,,,39.33%,0.00%
vinuchain,VinuChain,83.98,$297.17K,$29.70K,,,,2 yrs 11 mos,2023-07-20,2 yrs 9 mos,2023-09-20,1,https://www.vinuchain.org/,1,https://github.com/VinuChain/,1,https://twitter.com/vinuchain,1,https://discord.com/invite/vinu,1,https://t.me/vitainu,Bsc,0,,No,,,,,,,,85.46%,0.00%
origin,ORIGIN,83.50,,$8.09M,,,,2 yrs 3 mos,2024-03-20,2 yrs 3 mos,2024-03-20,1,https://originworld.org/,1,https://github.com/OriginBank,1,https://twitter.com/SaluteOrigin,0,,1,https://t.me/SaluteOriginChat,Polygon,0,,Yes,2,,,No,No,,,88.36%,0.00%
aark,Aark Digital,83.27,$214.13K,$1.04K,,,,2 yrs 2 mos,2024-04-20,2 yrs 2 mos,2024-04-20,1,https://aark.digital/,0,,1,https://twitter.com/aark_digital,1,https://discord.com/invite/aarkdigital,0,,Arbitrum,2,04/25/2023|Hacken; 04/25/2023|Hacken,No,,,,No,No,,,,
sxp,SXP,83.10,$482.68K,$34.07K,,,,6 yrs 10 mos,2019-08-20,6 yrs 10 mos,2019-08-20,1,https://solar.org/,1,https://github.com/Solar-network,1,https://twitter.com/SolarNetwork,0,,1,https://t.me/Solar,Ethereum | Bsc,0,,Yes,1,,,No,No,,,91.18%,0.00%
gmx,GMX,83.16,$58.33M,$3.67M,"$1,560.00","$47,124.00",$23.14B,5 yrs 1 mos,2021-05-20,4 yrs 11 mos,2021-07-20,0,,1,https://github.com/gmx-io,1,https://x.com/GMX_IO,0,,1,https://t.me/GMX_IO,Arbitrum | Avalanche,6,11/13/2023|Certora; 11/06/2023|Abdk; 04/25/2023|Sherlock; 11/20/2022|Dedaub; 09/14/2022|QuantStamp; 08/01/2022|,No,,,,No,No,75,4M,90.04%,0.00%
minswap,Minswap,83.08,$5.12M,$82.96K,"$686,256.00",$4.74M,$4.52B,5 yrs 3 mos,2021-03-20,0 yrs 0 mos,2026-06-20,0,,1,https://github.com/minswap,1,https://x.com/MinswapDEX,1,https://discord.com/invite/ZjB8ZBhkbm,0,,Cardano,0,,Yes,3,,,No,No,,,,
reef-finance,Reef,83.09,$1.99M,$1.21M,,,,5 yrs 6 mos,2020-12-20,5 yrs 6 mos,2020-12-20,1,https://reef.io/,1,https://github.com/reef-chain,1,https://twitter.com/reef_chain,0,,1,https://t.me/reefchain,Bsc | Ethereum,0,,Yes,1,,,No,No,,,19.50%,0.00%
kiloex,KiloEx,82.99,$870.76K,$163.02K,,,,2 yrs 2 mos,2024-04-20,1 yrs 3 mos,2025-03-20,0,,1,https://github.com/KiloExPerp,1,https://twitter.com/KiloEx_perp,0,,1,https://t.me/KiloEx,Opbnb | Bsc,2,04/21/2025|Slowmist; 07/13/2023|Ancilia,No,,,,No,No,,,81.16%,0.00%
swft,Bridgers,82.87,$28.69M,$546.54K,,,,8 yrs 10 mos,2017-08-20,8 yrs 10 mos,2017-08-20,1,https://bridgers.ai/,0,,1,https://twitter.com/SwftCoin,0,,1,https://t.me/swfcoin,Ethereum | Bsc,0,,Yes,1,,,No,No,,,82.36%,29.86%
aura-network,Aura Network,83.10,$440.56K,$8.04K,,,,4 yrs 7 mos,2021-11-20,4 yrs 3 mos,2022-03-20,1,https://aura.network,1,https://github.com/aura-nw,1,https://twitter.com/AuraNetworkHQ,0,,1,https://t.me/AuraNetworkOfficial,Bsc,1,03/15/2023|Blocksec,No,,,,No,No,,,97.44%,0.00%
chrono-tech,Chrono.tech,82.68,$127.61K,$4.04K,,,,9 yrs 7 mos,2016-11-20,5 yrs 7 mos,2020-11-20,0,,1,https://github.com/Chrono-Tech,1,https://twitter.com/ChronotechNews,0,,1,https://t.me/chronotech,Ethereum | Bsc,1,12/20/2021|Hacken,No,,,,No,No,,,47.22%,0.00%
lcx,LCX,82.65,$23.17M,$76.59K,,,,7 yrs 3 mos,2019-03-20,7 yrs 3 mos,2019-03-20,0,,0,,1,https://twitter.com/lcx,0,,1,https://t.me/JoinLCX,Ethereum,0,,Yes,2,12/31/2021,DGMV RVW Token LCX,No,No,,,69.79%,0.00%
kamino-finance,Kamino Finance,82.58,$91.29M,$5.24M,,,,2 yrs 7 mos,2023-11-20,0 yrs 0 mos,2026-06-20,1,https://app.kamino.finance/,1,https://github.com/Kamino-Finance,1,https://x.com/kamino,0,,0,,Solana,2,02/21/2025|Certora; 10/13/2023|OtterSec,No,,,,No,No,,,,
ix-swap,IX Swap,82.59,$10.53M,$259.07K,,,,5 yrs 0 mos,2021-06-20,4 yrs 9 mos,2021-09-20,1,https://ixswap.io/,1,https://github.com/IXS-Finance,1,https://twitter.com/IxSwap,0,,1,https://t.me/ixswapofficial,Ethereum,0,,Yes,1,,,No,No,,,38.62%,0.00%
impossible-finance,Impossible Finance,82.53,$3.91M,$1.75K,,,,5 yrs 4 mos,2021-02-20,5 yrs 1 mos,2021-05-20,1,https://impossible.finance/,1,https://github.com/ImpossibleFinance/,1,https://x.com/impossiblefi,0,,1,https://t.me/ImpossibleFinance,Ethereum | Bsc,1,12/10/2021|Blocksec,No,,,,No,No,,,82.28%,0.00%
kuma,Kuma,82.42,$1.46M,$263.90K,,,,0 yrs 6 mos,2025-12-20,0 yrs 0 mos,2026-06-20,0,,0,,1,https://twitter.com/idexio,0,,0,,,0,,No,,,,No,No,,,22.55%,0.00%
energi,Energi,82.42,$1.10M,$102.51K,$0,$0,$599.92M,8 yrs 11 mos,2017-07-20,5 yrs 8 mos,2020-10-20,0,,1,https://github.com/energicryptocurrency,1,https://twitter.com/energi,1,https://discord.com/invite/sCtgNC3,0,,,0,,No,,,,No,No,,,68.28%,0.00%
outer-ring,Outer Ring,82.83,$38.58K,$72.20K,,,,4 yrs 6 mos,2021-12-20,4 yrs 3 mos,2022-03-20,1,https://outerringmmo.com/,1,https://github.com/OuterRingMMO/outerring-token-contracts,1,https://twitter.com/OuterRingMMO,0,,0,,Bsc,0,,Yes,1,,,No,No,,,10.16%,0.00%
cipher,Cipher,82.26,$214.97K,$146.79K,,,,8 yrs 2 mos,2018-04-20,4 yrs 6 mos,2021-12-20,1,https://cipher.com.co/,1,https://github.com/cphertech,1,https://x.com/ciphertoken,0,,1,https://t.me/ciphercpr,Polygon,0,,Yes,1,11/13/2023,Cipher - audit,No,No,,,62.39%,0.00%
izumi-finance,Izumi Finance,82.13,$1.08M,$4.38K,"$123,408.00","$624,033.00",$4.31B,5 yrs 0 mos,2021-06-20,4 yrs 9 mos,2021-09-20,1,https://izumi.finance/home,1,https://github.com/IzumiFinance,1,https://twitter.com/izumi_Finance,0,,1,https://t.me/izumifinance,,0,,Yes,1,,,No,No,6,77K,98.81%,86.67%
algebra,Algebra,82.57,,$10.43,,,,4 yrs 8 mos,2021-10-20,4 yrs 7 mos,2021-11-20,1,https://algebra.finance,1,https://github.com/cryptoalgebra,1,https://twitter.com/CryptoAlgebra,0,,0,,Polygon,2,06/25/2025|MixBytes; 07/29/2022|Abdk,No,,,,No,No,,,91.44%,0.19%
kromatika,Kromatika,82.51,$267.44K,$28.20,,,,4 yrs 8 mos,2021-10-20,4 yrs 7 mos,2021-11-20,1,https://kromatika.finance,1,https://github.com/Kromatika-Finance,1,https://twitter.com/KromatikaFi,1,https://discord.com/invite/5Yd7PrRx9y,1,https://t.me/kromatika_finance,Ethereum | Arbitrum,0,,Yes,1,,,No,No,,,35.44%,0.00%
sushiswap,Sushiswap,81.76,$50.24M,$9.47M,,,,5 yrs 9 mos,2020-09-20,5 yrs 9 mos,2020-09-20,1,https://sushi.com/,1,https://github.com/sushiswap,1,https://twitter.com/sushiswap,0,,0,,Ethereum | Oktc,0,,Yes,1,,,No,No,,,30.41%,0.00%
avantis,Avantis,81.68,$35.09M,$19.19M,,,,1 yrs 1 mos,2025-05-20,1 yrs 1 mos,2025-05-20,1,https://www.avantisfi.com/,0,,1,https://x.com/avantisfi,0,,0,,Base,0,,No,,,,No,No,,,72.22%,0.01%
myx-finance,MYX Finance,81.63,$45.24M,$37.67M,,,,1 yrs 1 mos,2025-05-20,1 yrs 1 mos,2025-05-20,1,https://myx.finance/,0,,1,https://twitter.com/MYX_Finance,0,,1,https://t.me/MYX_Finance,Arbitrum,0,,No,,,,No,No,,,93.58%,0.00%
smardex,SmarDex,81.41,$7.47M,$244.69K,,,,3 yrs 3 mos,2023-03-20,3 yrs 3 mos,2023-03-20,1,https://smardex.io/,1,https://github.com/SmarDex-Ecosystem,1,https://twitter.com/SmarDex,0,,0,,Bsc | Ethereum,1,04/01/2023|Trailofbits,No,,,,No,No,,,16.95%,0.00%
allianceblock,Nexera AllianceBlock,81.32,$1.74M,$32.28K,,,,6 yrs 9 mos,2019-09-20,5 yrs 9 mos,2020-09-20,1,https://allianceblock.io/,1,https://github.com/Stichting-AllianceBlock-Foundation,1,https://twitter.com/allianceblock,0,,1,https://t.me/allianceblock,Avalanche | Polygon,0,,Yes,1,,,No,No,,,99.96%,0.00%
baby-doge-coin,Baby Doge,81.18,$57.55M,$4.04M,"$37,181.00","$161,243.00",$730.58M,5 yrs 0 mos,2021-06-20,5 yrs 0 mos,2021-06-20,1,https://babydoge.com/,0,,1,https://x.com/BabyDoge,0,,0,,Bsc | Ethereum,0,,Yes,4,,,No,No,,,0.00%,0.00%
shadow-exchange,Shadow Exchange,81.00,$184.55K,$10.88K,"$813,067.00",$4.42M,$13.13B,1 yrs 8 mos,2024-10-20,0 yrs 0 mos,2026-06-20,1,https://www.shadow.so/,1,https://github.com/Shadow-Exchange,1,https://x.com/ShadowOnSonic,1,https://discord.com/invite/shadowexchange,0,,Fantom,1,12/28/2024|Cantina,No,,,,No,No,,,,
turbos-finance,Turbos Finance,81.15,$557.56K,$19.06K,$6.7M,$38.06M,$10.28B,3 yrs 7 mos,2022-11-20,3 yrs 1 mos,2023-05-20,1,https://turbos.finance/,1,https://github.com/turbos-finance,1,https://x.com/Turbos_finance,0,,1,https://t.me/TurbosFinance,Sui,0,,Yes,1,,,No,No,,,,
wrapped-nxm,Wrapped NXM,81.15,$19.30M,$147.49K,,,,6 yrs 7 mos,2019-11-20,5 yrs 11 mos,2020-07-20,1,https://nexusmutual.io,1,https://github.com/NexusMutual,1,https://twitter.com/NexusMutual,0,,0,,Ethereum,0,,No,,,,No,No,,,71.79%,0.00%
thena,Thena,81.43,$8.31M,$3.16M,"$11,795.00","$92,023.00",$3.29B,3 yrs 8 mos,2022-10-20,3 yrs 6 mos,2022-12-20,1,https://thena.fi,1,https://github.com/ThenafiBNB/THENA-Contracts,1,https://twitter.com/ThenaFi,0,,1,https://t.me/Thena_Fi,Bsc,1,03/25/2023|Peckshield,No,,,,No,No,,,63.89%,0.00%
sunswap,SunSwap,81.00,$328.50M,$59.85M,,,,4 yrs 6 mos,2021-12-20,0 yrs 0 mos,2026-06-20,1,https://www.sunswap.com/#/home,1,https://github.com/sunswapteam,1,https://twitter.com/OfficialSUNio,0,,0,,Tron,1,10/17/2022|Cracken,No,,,,No,No,,,10.38%,0.00%
dohrnii,Dohrnii,80.92,$58.17M,$273.31K,,,,5 yrs 9 mos,2020-09-20,4 yrs 4 mos,2022-02-20,1,https://dohrnii.io,1,https://github.com/SayNode,1,https://twitter.com/Dohrnii_io,0,,1,https://t.me/Dohrnii_Community,Ethereum,0,,No,,,,No,No,,,44.43%,0.00%
kanga-exchange,Kanga Exchange,80.78,,$42.88K,,,,6 yrs 7 mos,2019-11-20,6 yrs 7 mos,2019-11-20,1,https://kanga.exchange/,0,,1,https://twitter.com/KangaExchange,0,,1,https://t.me/KangaExchangeChat,Ethereum,0,,Yes,1,,,No,No,,,93.76%,0.00%
goldpesa,GoldPesa,80.75,,,,,,4 yrs 9 mos,2021-09-20,3 yrs 1 mos,2023-05-20,1,https://www.goldpesa.com/,1,https://github.com/GoldPesa/goldpesa-core,1,https://twitter.com/Goldpesatoken,0,,1,https://t.me/GoldPesaOfficial,Ethereum | Polygon,0,,Yes,1,12/15/2023,GoldPesa.com GoldPesa - GPM&amp;GLP,No,No,,,100.00%,0.00%
chex-token,Chintai,80.65,$15.72M,$217.19K,,,,4 yrs 3 mos,2022-03-20,4 yrs 3 mos,2022-03-20,1,https://chintai.io,0,,1,https://twitter.com/chintainetwork,0,,1,https://t.me/ChintaiNetwork,Ethereum,0,,No,,,,No,No,,,63.90%,0.00%
dextools,DEXTools,80.24,$8.28M,$388.09K,,,,4 yrs 11 mos,2021-07-20,4 yrs 11 mos,2021-07-20,1,https://www.dextools.io,0,,1,https://twitter.com/DEXToolsApp,0,,1,https://t.me/DEXToolsCommunity,Ethereum,0,,No,,,,No,No,,,23.12%,0.00%
rss3,RSS3,80.77,$6.52M,$1.12M,,,,5 yrs 2 mos,2021-04-20,4 yrs 4 mos,2022-02-20,1,https://rss3.io,1,https://github.com/NaturalSelectionLabs,1,https://twitter.com/rss3_,0,,1,https://t.me/rss3_en,Ethereum,0,,No,,,,No,No,,,86.19%,0.00%
bscs,BSCS,80.43,$85.28K,$5.11K,,,,5 yrs 2 mos,2021-04-20,5 yrs 2 mos,2021-04-20,1,https://bscs.finance/,0,,1,https://twitter.com/BSCS_Global,0,,1,https://t.me/bscstation,Bsc,0,,Yes,2,,,No,No,,,56.70%,0.00%
dingocoin,Dingocoin,79.92,$2.95M,$180.33K,,,,5 yrs 2 mos,2021-04-20,4 yrs 11 mos,2021-07-20,1,https://dingocoin.org,1,https://github.com/dingocoin,1,https://twitter.com/dingocoincrypto,0,,0,,,0,,No,,,,No,No,,,42.92%,0.00%
magic-token,MAGIC,79.70,$14.93M,$3.69M,,,,4 yrs 9 mos,2021-09-20,4 yrs 9 mos,2021-09-20,1,https://www.treasure.lol,1,https://github.com/TreasureProject,1,https://twitter.com/treasure_nft,1,https://discord.com/invite/treasuredao,0,,Ethereum | Arbitrum,0,,No,,,,No,No,,,29.40%,0.00%
gnosis-gno,Gnosis,79.58,$275.81M,$3.13M,,,,9 yrs 2 mos,2017-04-20,9 yrs 2 mos,2017-04-20,1,https://gnosis.io,1,https://github.com/gnosis,1,https://twitter.com/gnosisdao,0,,0,,Gnosis-gno,0,,No,,,,No,No,,,65.72%,0.00%
fox-token,Shapeshift FOX Token,79.36,$3.35M,$111.07K,,,,7 yrs 2 mos,2019-04-20,7 yrs 2 mos,2019-04-20,1,https://shapeshift.com,1,https://github.com/shapeshift,1,https://twitter.com/ShapeShift,0,,1,https://t.me/shapeshiftofficial,Ethereum,0,,No,,,,No,No,,,67.21%,0.00%
saros-finance,Saros Finance,79.55,$1.41M,$1.98M,$126.00,"$3,448.00",$885.87M,2 yrs 5 mos,2024-01-20,0 yrs 0 mos,2026-06-20,1,https://www.saros.xyz/,0,,1,https://x.com/saros_xyz,0,,1,https://t.me/SarosFinance,Solana,0,,No,,,,No,No,,,,
raydium,Raydium,79.52,$157.76M,$14.22M,$139.6M,$804.49M,$715.47B,5 yrs 4 mos,2021-02-20,5 yrs 3 mos,2021-03-20,1,https://raydium.io,1,https://github.com/raydium-io,1,https://twitter.com/RaydiumProtocol,1,https://discord.com/invite/raydium,0,,Solana,5,10/06/2023|Mad Shield; 12/30/2022|OtterSec; 06/20/2022|OtterSec; 02/16/2022|OtterSec; 05/11/2021|Kudelski,No,,,,No,No,,,76.36%,0.00%
bazaars,Bazaars,79.25,$347.67K,$752.01K,,,,4 yrs 2 mos,2022-04-20,4 yrs 2 mos,2022-04-20,1,https://bazaars.app,1,https://github.com/BazaarsBZR,1,https://twitter.com/BazaarsBzr,1,https://discord.com/invite/bazaars-bzr-979586323688087552,0,,Ethereum,1,04/19/2022|Cyberscope,No,,,,No,No,,,0.30%,0.00%
positionexchange,Position Exchange,78.16,$151.95K,$1.22K,,,,4 yrs 11 mos,2021-07-20,4 yrs 10 mos,2021-08-20,1,https://position.exchange/,1,https://github.com/PositionExchange,1,https://twitter.com/PositionEx,1,https://discord.com/invite/FyBUQhxyV2,1,https://t.me/PositionExchange,Bsc,0,,Yes,2,,,No,No,,,13.74%,0.00%
vooi,Vooi,79.00,$1.64M,$600.24K,,,,2 yrs 11 mos,2023-07-20,0 yrs 7 mos,2025-11-20,1,https://vooi.io/,1,https://github.com/vooi-app,1,https://twitter.com/vooi_io,0,,0,,Linea,0,,No,,,,No,No,,,85.08%,27.29%
mux-protocol,MUX Protocol,78.95,$7.90M,$542.14,,,,5 yrs 11 mos,2020-07-20,5 yrs 11 mos,2020-07-20,1,https://mux.network/,1,https://github.com/mux-world/mux-protocol,1,https://twitter.com/muxprotocol,0,,1,https://t.me/muxprotocol,Ethereum | Arbitrum,0,,Yes,1,,,No,No,,,81.87%,0.00%
iris-network,IRIS Network,78.92,$573.81K,$512.69,,,,8 yrs 7 mos,2017-11-20,4 yrs 9 mos,2021-09-20,1,https://www.irisnet.org/en/,1,https://github.com/irisnet/irishub,1,https://twitter.com/irisnetwork,0,,1,https://t.me/irisnetwork,Ethereum | Polygon,0,,Yes,2,,,No,No,,,100.00%,0.00%
ichi,Ichi,77.70,$859.42K,$129.02,,,,5 yrs 7 mos,2020-11-20,4 yrs 4 mos,2022-02-20,1,https://www.ichi.org/,1,https://github.com/ichifarm,1,https://twitter.com/ichifarm,1,https://discord.com/invite/cxPGjGTy8V,1,https://t.me/ichifarm,Polkadot | Ethereum,0,,Yes,3,11/30/2021,"ichi-v2 ichi-vault ichi <path fill-rule=""evenodd"" clip-rule=""evenodd"" d=""M12 2C6.47671 2 2 6.58975 2 12.2525C2 16.7804 4.86575 20.623 8.83836 21.9825C9.33699 22.078 9.52329 21.7578 9.52329 21.4882C9.52329 21.241 9.51233 20.4376 9.51233 19.5781C6.72877 20.1961 6.14247 18.3703 6.14247 18.3703C5.68767 17.1849 5.03014 16.8703 5.03014 16.8703C4.12055 16.2355 5.09589 16.2468 5.09589 16.2468C6.09863 16.3198 6.63014 17.3029 6.63014 17.3029C7.52329 18.8703 8.96986 18.4152 9.53973 18.1568C9.6274 17.4939 9.89041 17.0445 10.1753 16.7861C7.95616 16.5276 5.61644 15.6456 5.61644 11.7188C5.61644 10.6009 6.00548 9.68516 6.64658 8.96608C6.54247 8.70766 6.20274 7.66275 6.74521 6.25268C6.74521 6.25268 7.58356 5.97741 9.49589 7.30321C10.2959 7.0785 11.1507 6.96052 12 6.96052C12.8493 6.96614 13.7041 7.0785 14.5041 7.30321C16.411 5.97741 17.2493 6.25268 17.2493 6.25268C17.7918 7.66275 17.4521 8.70766 17.3479 8.96608C17.989 9.68516 18.3781 10.6009 18.3781 11.7188C18.3781 15.6569 16.0384 16.522 13.8137 16.7748C14.1699 17.095 14.4932 17.7186 14.4932 18.6736C14.",No,No,,,60.11%,0.00%
beethoven-x,Beets,78.94,$312.32K,$1.57K,,,,4 yrs 9 mos,2021-09-20,0 yrs 0 mos,2026-06-20,1,https://beets.fi/,1,https://github.com/beethovenxfi/,1,https://x.com/beets_fi,0,,0,,Fantom,1,01/16/2025|Trailofbits,Yes,1,,,No,No,,,,
tradetide-ai,Tradetide AI,79.16,$102.71K,$56.36K,,,,0 yrs 6 mos,2025-12-20,0 yrs 6 mos,2025-12-20,0,,0,,1,https://x.com/tradetideAI_,0,,0,,,1,07/28/2025|Beosin,No,,,,No,No,,,85.48%,0.00%
polkamarkets,Polkamarkets,78.53,$281.54K,$1.73K,,,,5 yrs 4 mos,2021-02-20,5 yrs 3 mos,2021-03-20,1,https://www.polkamarkets.com,1,https://github.com/Polkamarkets,1,https://x.com/polkamarkets,0,,1,https://t.me/polkamarkets,Polkadot | Ethereum,0,,Yes,1,,,No,No,,,55.22%,0.00%
verse,Verse,78.48,$1.02M,$34.86K,,,,11 yrs 9 mos,2014-09-20,0 yrs 0 mos,2026-06-20,1,https://verse.bitcoin.com/,1,https://github.com/bitcoin-portal/bitcoincom-solidity-swap,1,https://twitter.com/bitcoincom,1,https://discord.com/invite/Y9ueDt24RY,1,https://t.me/GetVerse,Ethereum | Polygon,1,05/27/2022|OpenZeppelin,No,,,,No,No,,,94.15%,0.00%
chainflip,Chainflip,78.48,$25.28M,$143.72K,,,,5 yrs 7 mos,2020-11-20,2 yrs 8 mos,2023-10-20,1,https://chainflip.io/,1,https://github.com/chainflip-io,1,https://twitter.com/chainflip,1,https://discord.com/invite/chainflip-community,0,,,0,,No,,,,No,No,,,80.83%,0.00%
evergrow,EverGrow,79.07,,$4.69K,,,,4 yrs 9 mos,2021-09-20,4 yrs 9 mos,2021-09-20,1,https://evergrowegc.com/,1,https://github.com/Evergrowcoin/,1,https://twitter.com/evergrowcoinEGC,0,,1,https://t.me/evergrowcoin,Bsc,0,,Yes,2,,,No,No,,,34.30%,0.22%
purefi-protocol,PureFi Protocol,78.63,$212.98K,$3.05K,,,,4 yrs 12 mos,2021-06-20,4 yrs 10 mos,2021-08-20,1,https://purefi.io,1,https://github.com/purefiprotocol,1,https://twitter.com/Purefi_Protocol,0,,0,,Ethereum,1,10/11/2021|Hacken,No,,,,No,No,,,37.53%,0.00%
six,SIX,78.32,$5.32M,$195.47K,,,,5 yrs 3 mos,2021-03-20,5 yrs 3 mos,2021-03-20,1,https://six.network,1,https://github.com/thesixnetwork,1,https://twitter.com/theSIXnetwork,0,,1,https://t.me/SIXnetwork,,1,07/01/2023|Arcadia,No,,,,No,No,,,46.65%,0.00%
bakeryswap,BakerySwap,78.19,$193.97K,$293.67K,,,,5 yrs 9 mos,2020-09-20,5 yrs 9 mos,2020-09-20,1,https://www.bakeryswap.org/,1,https://github.com/BakeryProject,1,https://twitter.com/bakery_swap,0,,1,https://t.me/bakeryswap,Bsc,0,,Yes,1,,,No,No,,,22.10%,0.21%
hydranet,Hydranet,78.17,$6.83M,$117.27K,,,,4 yrs 3 mos,2022-03-20,4 yrs 3 mos,2022-03-20,1,https://hydranet.ai,0,,1,https://twitter.com/TheHydranet,0,,1,https://t.me/hydranetofficial,Arbitrum,1,07/03/2023|SourceHat,No,,,,No,No,,,,
bim-finance,BIM Finance,77.95,$32.69M,$151.53K,,,,3 yrs 9 mos,2022-09-20,3 yrs 9 mos,2022-09-20,1,https://bim.finance/,0,,1,https://x.com/BIM_Finance,0,,0,,Base,1,10/18/2023|Cyberscope,No,,,,No,Yes,,,96.75%,0.00%
symbiosis-finance,Symbiosis Finance,77.93,$2.18M,$2.65M,,,,5 yrs 1 mos,2021-05-20,4 yrs 7 mos,2021-11-20,1,https://symbiosis.finance,1,https://github.com/symbiosis-finance,1,https://twitter.com/symbiosis_fi,0,,1,https://t.me/symbiosis_finance,Ethereum,0,,No,,,,No,No,,,56.93%,0.00%
xy-finance,XY Finance,77.91,,,,,,4 yrs 12 mos,2021-06-20,4 yrs 6 mos,2021-12-20,1,https://xy.finance,1,https://github.com/XY-Finance,1,https://twitter.com/xyfinance,0,,1,https://t.me/xyfinance,Ethereum,1,01/26/2022|Blocksec,No,,,,No,No,,,98.03%,0.00%
bidz,BIDZ,77.81,$2.49M,$1.13K,,,,2 yrs 4 mos,2024-02-20,2 yrs 4 mos,2024-02-20,1,https://bidz.store/index.html,0,,1,https://twitter.com/bidzcoin,0,,1,https://t.me/bidzcoinofficial,Bsc,0,,Yes,1,,,No,No,,,8.82%,0.00%
mdextech,Mdex,77.73,$152.93K,$1.58K,$1.00,$13.00,$4.25B,5 yrs 5 mos,2021-01-20,5 yrs 2 mos,2021-04-20,1,https://mdex.com/#/,1,https://github.com/mdexSwap,1,https://twitter.com/Mdexswap,0,,1,https://t.me/MixDex,Bsc,0,,Yes,1,,,No,No,,,55.24%,0.00%
babyswap,BabySwap,76.70,$114.15K,$13.90K,"$41,183.00","$200,138.00",$25.41B,5 yrs 1 mos,2021-05-20,5 yrs 0 mos,2021-06-20,1,https://home.babyswap.finance/,0,,1,https://x.com/babyswap_bsc,0,,1,https://t.me/baby_swap,Bsc,0,,Yes,12,,,No,No,,,34.31%,2.86%
wingriders,WingRiders,77.63,$326.17K,$281.43,"$196,601.00",$1.58M,$471.41M,4 yrs 7 mos,2021-11-20,0 yrs 0 mos,2026-06-20,1,https://www.wingriders.com/,1,https://github.com/WingRiders,1,https://twitter.com/wingriderscom,0,,0,,Cardano,0,,Yes,2,,,No,No,,,,
paradex,Paradex,77.62,,$174.90,"$3,211.00","$61,276.00",$17.43M,3 yrs 0 mos,2023-06-20,0 yrs 0 mos,2026-06-20,1,https://www.paradex.trade/,1,https://github.com/tradeparadex,1,https://twitter.com/paradex,1,https://discord.com/invite/paradex,1,https://t.me/paradex,,0,,No,,,,No,No,,,96.43%,0.00%
trade-strike,StrikeX,77.55,$21.55M,$108.16K,,,,4 yrs 8 mos,2021-10-20,4 yrs 8 mos,2021-10-20,1,https://strikex.com/,0,,1,https://twitter.com/tradestrikebvi,0,,1,https://t.me/StrikeXcrypto,,0,,Yes,1,,,No,No,,,23.52%,0.00%
ekubo-protocol,Ekubo Protocol,77.47,$5.10M,$2.70K,$25.18M,$180.27M,$60.88B,3 yrs 0 mos,2023-06-20,0 yrs 0 mos,2026-06-20,1,https://ekubo.org/,1,https://github.com/EkuboProtocol,1,https://x.com/EkuboProtocol,0,,1,https://t.me/Ekubo_Protocol,Starknet | Sectors | DeFi | Exchange | Socials,6,04/01/2025|Abdk; 03/17/2025|Plainshift; 02/14/2025|Plainshift; 01/22/2025|Cairo Security Clan; 09/02/2024|Nethermind; 04/04/2024|,No,,,,No,No,,,99.60%,0.00%
defichain,DeFiChain,77.57,$564.92K,$6.64K,"$1,271.00","$368,917.00",$2.39B,6 yrs 6 mos,2019-12-20,5 yrs 4 mos,2021-02-20,1,https://defichain.com/,1,https://github.com/DeFiCh,1,https://twitter.com/defichain,0,,1,https://t.me/defiblockchain,Ethereum | Bsc,0,,Yes,1,,,No,No,,,40.28%,0.00%
definity,DeFinity,77.47,$1.18M,$58.46K,,,,5 yrs 0 mos,2021-06-20,5 yrs 0 mos,2021-06-20,1,https://www.definitymarkets.com/,1,https://github.com/DeFinityNetwork,1,https://twitter.com/definitynetwork,0,,1,https://t.me/DeFinity_Community,Ethereum,0,,No,,,,No,No,,,92.55%,81.01%
tethereum,TETHEREUM,78.03,,$82.87,,,,5 yrs 0 mos,2021-06-20,3 yrs 11 mos,2022-07-20,0,,1,https://github.com/tethereumtoken/,1,https://twitter.com/tethereumtoken,0,,1,https://t.me/tethereumtoken,Bsc,1,01/07/2024|Cyberscope,No,,,,No,No,,,23.98%,0.00%
spookyswap,SpookySwap,77.40,$98.88K,$0.00,"$5,057.00","$104,911.00",$66.47B,5 yrs 3 mos,2021-03-20,4 yrs 9 mos,2021-09-20,1,https://spookyswap.finance/,1,https://github.com/SpookySwap,1,https://twitter.com/spookyswap,1,https://discord.com/invite/weXbvPAH4Q,0,,Fantom,0,,Yes,2,,,No,No,97,4M,0.00%,0.00%
ant-fun,ANT.FUN,77.34,$50.22M,$67.61K,,,,1 yrs 4 mos,2025-02-20,0 yrs 0 mos,2026-06-20,1,https://ant.fun/login,0,,1,https://x.com/ant_fun_trade,0,,1,https://t.me/antfun,Bsc | Solana,0,,Yes,1,,,No,No,,,73.02%,0.00%
pangolin,Pangolin,76.99,$4.87M,$429.88K,$1.93M,$15.33M,$19.13B,5 yrs 6 mos,2020-12-20,5 yrs 4 mos,2021-02-20,1,https://app.pangolin.exchange,1,https://github.com/pangolindex,1,https://twitter.com/pangolindex,0,,1,https://t.me/pangolindexV2,Avalanche,0,,No,,,,No,No,42,657K,90.17%,0.00%
infinity-angel,Infinity Games,77.38,$52.11K,$8.73K,,,,3 yrs 9 mos,2022-09-20,3 yrs 9 mos,2022-09-20,0,,0,,1,https://twitter.com/InfinityGamesio,0,,0,,Bsc,0,,Yes,1,,,No,No,,,35.30%,0.00%
wfca,WFCA,76.90,$1.63M,$48.86K,,,,3 yrs 9 mos,2022-09-20,3 yrs 9 mos,2022-09-20,1,https://www.wfca.io,0,,1,https://twitter.com/wfca_global,0,,0,,Ethereum,0,,Yes,1,,,No,No,,,,
xcad-network,XCAD Network,76.87,$22.31K,$1.33K,,,,5 yrs 1 mos,2021-05-20,5 yrs 1 mos,2021-05-20,1,https://xcadnetwork.com/,0,,1,https://x.com/XcademyOfficial,0,,1,https://t.me/xcademy,Ethereum | Polygon,0,,Yes,2,,,No,No,,,75.10%,0.00%
lattice-token,Lattice Token,76.71,$301.28K,$21.94K,,,,6 yrs 6 mos,2019-12-20,5 yrs 7 mos,2020-11-20,1,https://lattice.exchange,1,https://github.com/StardustCollective,1,https://twitter.com/LatticeExchange,0,,1,https://t.me/Lattice_exchange,Ethereum,0,,No,,,,No,No,,,82.62%,0.00%
fulcrom,Fulcrom,76.81,$15.21M,$4.11K,"$329,015.00",$2.41M,$843.17M,3 yrs 6 mos,2022-12-20,0 yrs 0 mos,2026-06-20,1,https://fulcrom.finance,0,,1,https://x.com/FulcromFinance,0,,1,https://t.me/FulcromFinance,Cronos,0,,No,,,,No,No,,,,
megaton-finance,Megaton Finance,76.80,,,$0,$0,$57.9M,3 yrs 8 mos,2022-10-20,0 yrs 0 mos,2026-06-20,1,https://megaton.fi/,0,,1,https://twitter.com/Megaton_Fi,0,,1,https://t.me/MegatonFinanceOfficial,Ton,0,,Yes,1,,,No,No,,,,
goodcryptox,goodcryptoX,76.74,$98.27K,$2.13K,,,,7 yrs 1 mos,2019-05-20,0 yrs 0 mos,2026-06-20,1,https://goodcrypto.app/x/,0,,1,https://x.com/GoodCryptoApp,0,,1,https://t.me/goodcrypto,Arbitrum | Base,0,,Yes,,,,No,No,,,,
nomiswap,NomiSwap,75.17,$534.56K,$1.61K,,,,8 yrs 3 mos,2018-03-20,5 yrs 3 mos,2021-03-20,1,https://nomiswap.io/,1,https://github.com/nominex/nomiswap-periphery-contracts/blob/master/contracts/NomiswapRouter.sol,1,https://twitter.com/Nomiswap,0,,1,https://t.me/nomi_swap,Arbitrum | Avalanche,0,,Yes,1,,,No,No,,,27.07%,0.00%
volt-inu,Volt Inu,76.45,$2.17M,$30.97K,,,,4 yrs 2 mos,2022-04-20,4 yrs 2 mos,2022-04-20,0,,0,,1,https://twitter.com/VoltInuOfficial,0,,0,,Bsc | Ethereum,0,,Yes,2,,,No,No,,,6.32%,0.00%
dragonswap_dex,DragonSwap,78.10,$2.51M,$22.24K,,,,2 yrs 4 mos,2024-02-20,2 yrs 4 mos,2024-02-20,1,https://dragonswap.app/,1,https://github.com/dragonswap-app,1,https://twitter.com/saphyre_xyz,0,,0,,Sei,6,01/27/2025|Paladinsec; 12/09/2024|Peckshield; 10/13/2024|Paladinsec; 08/01/2024|Paladinsec; 04/18/2024|Paladinsec; 02/09/2024|,No,,,,No,No,,,,
noah-defi,Noah,74.83,,,,,,5 yrs 2 mos,2021-04-20,0 yrs 0 mos,2026-06-20,1,https://noahark.io/,0,,1,https://twitter.com/Noah_HQ,0,,1,https://t.me/noahevm,,1,01/07/2025|Blocksec,Yes,1,,,No,No,,,,
fluidfi,FluidFi,76.41,$78.35M,$2.78M,,,,7 yrs 8 mos,2018-10-20,4 yrs 8 mos,2021-10-20,1,https://fluidfi.ch,1,https://github.com/instadapp,1,https://twitter.com/fluid_fi,0,,1,https://t.me/fluid_fi,Arbitrum,0,,No,,,,No,No,,,,
osis,OSIS,76.38,,,,,,4 yrs 7 mos,2021-11-20,4 yrs 6 mos,2021-12-20,1,https://osisplatform.com/,0,,1,https://twitter.com/osis_world,1,https://discord.com/invite/osis,1,https://t.me/osisworld,,0,,Yes,1,,,No,No,,,,
alkimi,Alkimi,76.37,,$22.39K,,,,4 yrs 9 mos,2021-09-20,4 yrs 9 mos,2021-09-20,1,https://alkimiexchange.com,0,,1,https://x.com/AlkimiExchange,0,,1,https://t.me/Alkimi_Exchange,Ethereum,0,,No,,,,No,No,,,92.52%,0.00%
nabox,Nabox,75.55,$146.63K,$16.13,,,,5 yrs 2 mos,2021-04-20,5 yrs 0 mos,2021-06-20,1,https://Nabox.io,1,https://github.com/naboxwallet,1,https://twitter.com/naboxwallet,0,,1,https://t.me/naboxcommunity,Bsc,0,,Yes,1,,,No,No,,,41.99%,0.00%
coinex-token,CoinEx Token,76.27,$13.18M,$53.26K,,,,8 yrs 3 mos,2018-03-20,8 yrs 3 mos,2018-03-20,1,https://www.coinex.org,0,,1,https://twitter.com/coinexcom,0,,1,https://t.me/TheCoinEx,,2,04/22/2025|Hacken; 04/18/2025|Hacken,No,,,,No,No,,,98.16%,0.00%
drift-protocol,Drift Protocol,76.26,$9.76M,$4.70M,,,,5 yrs 1 mos,2021-05-20,0 yrs 0 mos,2026-06-20,0,,1,https://github.com/drift-labs,1,https://twitter.com/driftprotocol,0,,0,,Solana,2,08/24/2023|OtterSec; 02/16/2022|Zellic,No,,,,No,No,,,,
elys-network,Elys Network,76.22,,,,,,3 yrs 5 mos,2023-01-20,3 yrs 5 mos,2023-01-20,0,,1,https://github.com/elys-network/,1,https://twitter.com/elys_network,0,,1,https://t.me/ElysNetwork,Cosmos,2,11/27/2024|Halborn; 04/09/2024|Halborn,No,,,,No,No,,,,
dexalot,Dexalot,76.36,$2.29M,$9.16K,,,,5 yrs 0 mos,2021-06-20,4 yrs 5 mos,2022-01-20,0,,1,https://github.com/dexalot,1,https://twitter.com/dexalot,0,,0,,Avalanche,2,06/04/2025|Hacken; 09/29/2023|Hacken,No,,,,No,No,,,89.11%,40.08%
deversifi,rhino.fi,76.05,,,,,,5 yrs 3 mos,2021-03-20,5 yrs 3 mos,2021-03-20,0,,1,https://github.com/DeversiFi,1,https://twitter.com/rhinofi,0,,0,,Ethereum,0,,No,,,,No,No,60,956K,95.93%,0.00%
sundaeswap,SundaeSwap,76.01,,$121.52,$1.09M,$4.78M,$351.11M,5 yrs 2 mos,2021-04-20,0 yrs 0 mos,2026-06-20,0,,0,,1,https://twitter.com/SundaeSwap,0,,0,,,0,,No,,,,No,No,,,,
rocket-vault-rocketx,RocketX exchange,75.52,$1.15M,$10.97K,,,,5 yrs 2 mos,2021-04-20,5 yrs 2 mos,2021-04-20,0,,0,,1,https://twitter.com/RocketXexchange,0,,0,,Ethereum,0,,No,,,,No,No,,,92.43%,0.00%
masterdex,MasterDEX,75.37,$414.04K,$11.29,,,,6 yrs 9 mos,2019-09-20,2 yrs 8 mos,2023-10-20,0,,1,https://github.com/LCX-AG/MDEX-Token,1,https://x.com/MASTERDEX_XYZ,0,,1,https://t.me/masterdex_xyz,Ethereum,0,,Yes,1,,,No,No,,,88.19%,0.07%
steam-exchange,Steam Exchange,75.49,$11.86M,$3.24K,,,,5 yrs 0 mos,2021-06-20,4 yrs 8 mos,2021-10-20,0,,1,https://github.com/SteamExchange,1,https://twitter.com/Steam_Exchange,0,,0,,Bsc,1,07/04/2021|Solidity Finance,No,,,,No,No,,,62.77%,0.00%
okc-swap,OKC Swap,75.48,,,,,,5 yrs 7 mos,2020-11-20,5 yrs 1 mos,2021-05-20,0,,0,,1,https://twitter.com/OKCNetwork,1,https://discord.com/invite/e6EyvM5QwM,1,https://t.me/OKXOfficial_English,Ethereum | Bsc,0,,Yes,1,12/13/2022,OKC Swap,No,No,,,,
mcdex,MCDEX,75.42,$7.90M,$542.14,,,,6 yrs 9 mos,2019-09-20,5 yrs 11 mos,2020-07-20,0,,1,https://github.com/mcdexio,1,https://twitter.com/MonteCarloDEX,0,,0,,Arbitrum | Bsc,0,,Yes,1,,,No,No,12,1M,81.87%,0.00%
icecreamswap,IceCreamSwap,75.21,,$11.91,$99.00,"$1,257.00",$58.5M,3 yrs 11 mos,2022-07-20,3 yrs 11 mos,2022-07-20,0,,1,https://github.com/IceCreamSwapCom/IceCreamSwap-smart-contracts,1,https://twitter.com/icecream_swap,0,,1,https://t.me/Icecreamswap_com,Bitgert | Coredao,0,,No,,,,,,,,,
everrise,EverRise,75.04,$707.35K,$562.47,,,,4 yrs 10 mos,2021-08-20,4 yrs 2 mos,2022-04-20,0,,1,https://github.com/everrise-ecosystem,1,https://twitter.com/EverRise,1,https://discord.com/invite/everrise,1,https://t.me/everriseofficial,Avalanche | Bsc,0,,Yes,1,,,No,No,,,5.60%,0.22%
ai-analysis,AI Analysis,75.00,$33.05M,$22.30K,,,,2 yrs 11 mos,2023-07-20,2 yrs 11 mos,2023-07-20,0,,0,,1,https://twitter.com/AiAnalysisGroup,0,,1,https://t.me/aianalysiscommunity,Ethereum,0,,Yes,1,,,No,No,,,99.76%,0.00%
bit-game-verse,Bit Game Verse,74.93,,$720.84,,,,3 yrs 8 mos,2022-10-20,3 yrs 8 mos,2022-10-20,0,,0,,1,https://twitter.com/BITGAMEVERSE,0,,0,,Bsc,0,,Yes,1,11/16/2022,Anil Yadav - Audit,No,No,,,3.24%,0.00%
degate,DeGate,74.90,$16.37M,$1.96K,,,,5 yrs 3 mos,2021-03-20,5 yrs 3 mos,2021-03-20,0,,1,https://github.com/degatedev,1,https://twitter.com/DeGateDex,0,,1,https://t.me/degate_public,Ethereum,6,03/12/2025|SECBIT; 09/12/2023|SECBIT; 04/20/2023|Trailofbits; 03/06/2023|SECBIT; 07/04/2022|Least Authority; 05/06/2022|,No,,,,No,No,,,88.23%,0.00%
o3swap,O3 Swap,75.32,$53.94K,$1.48K,,,,8 yrs 7 mos,2017-11-20,5 yrs 1 mos,2021-05-20,0,,1,https://github.com/O3Labs,1,https://twitter.com/O3_Labs,0,,1,https://t.me/O3LabsOfficial,Ethereum | Polygon,0,,Yes,3,,,No,No,,,96.51%,88.41%
holdstation,HoldStation,74.82,$1.60M,$94.32K,$0,$0,$29.36M,4 yrs 3 mos,2022-03-20,0 yrs 0 mos,2026-06-20,0,,1,https://github.com/Starkdefi,1,https://twitter.com/HoldstationW,0,,1,https://t.me/HoldstationW_EN,Zksync,0,,No,,,,,,,,,
brokoli-network,Brokoli Network,74.78,$122.51K,$675.71,,,,4 yrs 8 mos,2021-10-20,4 yrs 8 mos,2021-10-20,0,,0,,1,https://twitter.com/BrokoliNetwork,0,,1,https://t.me/brokolinetwork,Ethereum,1,09/17/2021|Hacken,No,,,,No,No,,,47.29%,0.00%
ethervista,Ethervista,74.60,$1.01M,$58.04K,,,,1 yrs 9 mos,2024-09-20,1 yrs 9 mos,2024-09-20,0,,0,,1,https://x.com/ethervista,0,,1,https://t.me/etherfun_trenches,Ethereum,0,,No,,,,No,No,,,58.88%,0.00%
bean-eco-smart-chain,BESC HyperChain,74.81,,$12.17K,,,,3 yrs 4 mos,2023-02-20,3 yrs 3 mos,2023-03-20,0,,1,https://github.com/briannichols0702,1,https://twitter.com/Bescllc,0,,0,,Bsc | Ethereum,0,,Yes,1,,,No,No,,,42.17%,0.00%
tokenlon-network-token,Tokenlon Network Token,74.87,$22.84M,$62.34K,$2.79M,$31.89M,$38.34B,10 yrs 1 mos,2016-05-20,5 yrs 5 mos,2021-01-20,0,,1,https://github.com/consenlabs,1,https://twitter.com/tokenlon,0,,0,,Ethereum,0,,No,,,,No,No,49,1M,94.71%,0.00%
vite,VDAO,74.58,,,,,,8 yrs 3 mos,2018-03-20,5 yrs 3 mos,2021-03-20,0,,1,https://github.com/vitelabs,1,https://twitter.com/vitelabs,0,,1,https://t.me/vite_en,Bsc | Ethereum,0,,Yes,1,,,No,No,,,98.49%,0.00%
parex,Parex,74.57,,,,,,4 yrs 2 mos,2022-04-20,4 yrs 2 mos,2022-04-20,0,,1,https://github.com/ParexChain,1,https://x.com/parexnetwork,0,,1,https://t.me/ParexPRX,Bsc,0,,Yes,1,10/15/2024,Parex,No,No,,,42.70%,0.00%
zoidpay,ZoidPay,74.60,,$8.96K,,,,8 yrs 3 mos,2018-03-20,0 yrs 0 mos,2026-06-20,0,,0,,1,https://twitter.com/ZoidPay,0,,1,https://t.me/zoidpay,Multiversx | Sectors | DEX | Marketplace | Socials,0,,No,,,,No,No,,,,
odos,Odos,74.48,$2.74M,$239.33K,,,,1 yrs 6 mos,2024-12-20,1 yrs 6 mos,2024-12-20,0,,0,,1,https://twitter.com/odosprotocol,1,https://discord.com/invite/odos,0,,Polygon | Base,0,,Yes,2,,,No,No,,,77.87%,0.00%
panaroma,Panaroma,74.47,,,,,,3 yrs 9 mos,2022-09-20,3 yrs 2 mos,2023-04-20,0,,1,https://github.com/panaroma-finance/,1,https://twitter.com/panaromafinance,0,,0,,Ethereum | Polygon,0,,Yes,1,,,No,No,,,16.26%,0.00%
ailey,Ailey,74.43,$125.74M,$113.42K,,,,2 yrs 9 mos,2023-09-20,2 yrs 9 mos,2023-09-20,0,,1,https://github.com/project-ailey,1,https://x.com/aileyverse,0,,0,,Bsc,0,,Yes,1,,,No,No,,,99.73%,0.00%
goztepe-sk-fantoken,Göztepe S.K. Fan Token,74.79,$413.56K,$24.78K,,,,8 yrs 0 mos,2018-06-20,,,0,,0,,1,https://twitter.com/socios,0,,1,https://t.me/chiliztrade,,0,,No,,,,No,No,,,,
vulcandex,VulcanDex,74.38,$7.86M,$2.42M,,,,7 yrs 9 mos,2018-09-20,4 yrs 6 mos,2021-12-20,0,,1,https://github.com/VaivalGithub/VulcanDex,1,https://x.com/VulcanForged,0,,1,https://t.me/VeriArti,Ethereum,0,,No,,,,No,No,,,72.75%,0.00%
paragon-chain,Paragon Protocol,74.14,,$69.13,,,,3 yrs 4 mos,2023-02-20,0 yrs 0 mos,2026-06-20,0,,1,https://github.com/Paragon-Chain,1,https://x.com/PRGNChain,0,,0,,Bsc,0,,Yes,2,10/21/2025,Paragon DEX Paragon Protocol,No,No,,,2.19%,0.00%
r0ar,R0AR,74.11,$247.62K,$55.31K,,,,1 yrs 5 mos,2025-01-20,1 yrs 5 mos,2025-01-20,0,,1,https://github.com/R0AR-Foundation/R0AR-token,1,https://twitter.com/th3r0ar,0,,1,https://t.me/r0ar_community,Ethereum,0,,No,,,,No,No,,,85.70%,0.00%
fasttoken,Fasttoken,74.06,,$0.00,,,,7 yrs 4 mos,2019-02-20,3 yrs 7 mos,2022-11-20,0,,1,https://github.com/fasttoken1,1,https://twitter.com/fasttoken_com,0,,1,https://t.me/fasttoken_eng,Ethereum,0,,Yes,3,,,No,No,,,81.15%,0.00%
camelot-token,Camelot Token,73.88,$1.13M,$2.59K,$7.85M,$45.87M,$64.3B,3 yrs 7 mos,2022-11-20,3 yrs 7 mos,2022-11-20,0,,0,,1,https://twitter.com/camelotdex,0,,0,,Arbitrum,0,,No,,,,No,No,,,,
peanut,Peanut,74.00,$369.56K,$1.89K,,,,5 yrs 5 mos,2021-01-20,5 yrs 5 mos,2021-01-20,0,,0,,1,https://twitter.com/peanuttrade,0,,0,,Ethereum,0,,No,,,,No,No,,,25.24%,2.02%
paraswap,ParaSwap,73.96,$766.82K,$148.22,,,,4 yrs 7 mos,2021-11-20,4 yrs 7 mos,2021-11-20,0,,1,https://github.com/paraswap,1,https://twitter.com/paraswap,0,,1,https://t.me/paraswap,Polygon,0,,Yes,2,,,No,No,,,80.24%,0.00%
brightpool,Brightpool,73.93,,$94.90,,,,2 yrs 2 mos,2024-04-20,2 yrs 2 mos,2024-04-20,0,,0,,1,https://twitter.com/BrightpoolX,0,,0,,Ethereum | Arbitrum,0,,No,,,,,,,,,
streamcoin,StreamCoin,73.84,$554.58K,$101.47K,,,,4 yrs 10 mos,2021-08-20,4 yrs 8 mos,2021-10-20,0,,1,https://github.com/stream-coin-tech,1,https://twitter.com/streamcoin_strm,0,,1,https://t.me/StreamCoin_Official_Community,Bsc,0,,Yes,1,,,No,No,,,99.66%,0.00%
sologenic,Sologenic,74.24,,$2.80K,,,,6 yrs 8 mos,2019-10-20,4 yrs 4 mos,2022-02-20,0,,1,https://github.com/sologenic,1,https://x.com/realSologenic,1,https://discord.com/invite/hwUhpnGtGC,1,https://t.me/SOLOGENICxGoSOLO,,0,,Yes,1,12/26/2025,Tokenize-X Audit,No,No,,,91.47%,82.70%
changex,ChangeX,73.65,$249.94K,$5.84K,,,,3 yrs 11 mos,2022-07-20,3 yrs 11 mos,2022-07-20,0,,0,,1,https://twitter.com/ChangeXapp,0,,1,https://t.me/changex_official,Ethereum,0,,No,,,,No,No,,,34.10%,0.00%
maverick-protocol,Maverick Protocol,73.63,$9.66M,$4.29M,$1.18M,$9.23M,$71.04B,3 yrs 0 mos,2023-06-20,3 yrs 0 mos,2023-06-20,0,,0,,1,https://twitter.com/mavprotocol,0,,1,https://t.me/maverickprotocolofficial,Polygon,0,,Yes,1,,,No,No,7,2M,0.01%,0.00%
aircash,AirCash,73.58,,$147.10,,,,5 yrs 1 mos,2021-05-20,4 yrs 9 mos,2021-09-20,0,,1,https://github.com/Aircoin-official/AirCash,1,https://twitter.com/Aircoinreal,0,,1,https://t.me/aircoinreal,Bsc,0,,Yes,1,,,No,No,,,3.04%,0.00%
derivadao,DerivaDAO,73.28,$1.28M,$198.99,,,,5 yrs 6 mos,2020-12-20,5 yrs 6 mos,2020-12-20,0,,0,,1,https://twitter.com/DDX_Official,1,https://discord.com/invite/uR2Kt4Q,0,,Ethereum,0,,No,,,,No,No,,,85.55%,0.00%
rails,Rails,73.45,,$5.28K,,,,3 yrs 4 mos,2023-02-20,0 yrs 0 mos,2026-06-20,0,,0,,1,https://twitter.com/rails_xyz,0,,0,,,0,,No,,,,No,No,,,96.74%,0.00%
blackhole,Blackhole,74.01,$784.66K,$315.39K,,,,1 yrs 2 mos,2025-04-20,1 yrs 2 mos,2025-04-20,0,,0,,1,https://twitter.com/BlackholeDex,0,,0,,Avalanche,1,05/24/2025|Peckshield,No,,,,No,No,,,65.75%,0.00%
deso,Decentralized Social,73.34,$26.21M,$5.47K,,,,5 yrs 8 mos,2020-10-20,5 yrs 8 mos,2020-10-20,0,,1,https://github.com/deso-protocol,1,https://twitter.com/desoprotocol,0,,0,,,0,,No,,,,No,No,,,,
luffy-v2,Luffy,73.31,$436.45K,$9.76K,,,,3 yrs 3 mos,2023-03-20,3 yrs 3 mos,2023-03-20,0,,0,,1,https://twitter.com/LuffyInuToken,0,,0,,,3,03/15/2023|InterFi Network; 06/07/2022|InterFi Network; 04/13/2022|InterFi Network,No,,,,No,No,,,2.32%,0.00%
leverj-gluon,Leverj Gluon,73.24,,,,,,8 yrs 8 mos,2017-10-20,5 yrs 8 mos,2020-10-20,0,,1,https://github.com/leverj,1,https://twitter.com/Leverj_io,0,,1,https://t.me/leverj,Ethereum,0,,No,,,,No,No,,,21.17%,0.00%
bitkan,BitKan,73.23,$5.90M,$89.73K,,,,8 yrs 4 mos,2018-02-20,8 yrs 4 mos,2018-02-20,0,,0,,1,https://x.com/bitkanofficial,0,,1,https://t.me/bitkanofficial,Ethereum,0,,No,,,,No,No,,,43.45%,0.00%
polkaswap,Polkaswap,73.24,$1.42M,$3.86K,$0,$0,$284.07M,7 yrs 1 mos,2019-05-20,5 yrs 1 mos,2021-05-20,0,,1,https://github.com/sora-xor,1,https://twitter.com/polkaswap,0,,1,https://t.me/polkaswap,,0,,No,,,,No,No,,,38.78%,0.00%
ubeswap,Ubeswap,73.15,$43.81K,$1.49K,"$66,998.00","$345,591.00",$1.3B,5 yrs 2 mos,2021-04-20,5 yrs 2 mos,2021-04-20,0,,0,,1,https://twitter.com/ubeswap,0,,0,,Celo,0,,No,,,,No,No,,,,
crowdswap,CrowdSwap,73.51,$53.66K,$440.27,,,,4 yrs 6 mos,2021-12-20,4 yrs 6 mos,2021-12-20,0,,0,,1,https://twitter.com/CrowdSwap_App,0,,1,https://t.me/crowdswap_group,Polygon,0,,No,,,,No,No,,,98.35%,0.00%
novain-ai,Nova,73.05,,$8.07K,,,,0 yrs 10 mos,2025-08-20,0 yrs 10 mos,2025-08-20,0,,1,https://github.com/novainai/smartcontract,1,https://twitter.com/Ai_Nova_in,0,,1,https://t.me/ai_novain,,0,,No,,,,No,No,,,74.02%,0.00%
bytedex,ByteDex,73.03,,,,,,5 yrs 1 mos,2021-05-20,,,0,,0,,1,https://twitter.com/ByteExchange,0,,0,,,1,12/22/2021|Cyberscope,No,,,,No,No,,,,
zenfuse,Zenfuse,73.03,,,,,,8 yrs 5 mos,2018-01-20,5 yrs 8 mos,2020-10-20,0,,1,https://github.com/zenfuse,1,https://twitter.com/zenfuse_io,0,,0,,Bsc | Ethereum,0,,Yes,1,,,No,No,,,38.69%,0.00%
stabble,stabble,72.98,$45.11K,$671.27,"$61,235.00","$439,155.00",$29.9B,4 yrs 5 mos,2022-01-20,0 yrs 0 mos,2026-06-20,0,,0,,1,https://x.com/stabbleorg,0,,0,,Solana | Sei,0,,No,,,,No,No,,,,
biswap,Biswap,72.95,$224.87K,$52.56K,"$116,948.00","$595,591.00",$44.73B,5 yrs 1 mos,2021-05-20,5 yrs 0 mos,2021-06-20,0,,1,https://github.com/biswap-org,1,https://twitter.com/Biswap_DEX,0,,1,https://t.me/biswap,Bsc | Ethereum,0,,Yes,3,11/30/2023,"Biswap v3 amm (audit) Biswap (Audit 4) Biswap Biswap IFO Biswap NFT <div class=""cursor-pointer text-xs font-semibold whitespace-nowrap transition-colors select-none focus:outline-hidden mr-2 rounded-none p-0 text-neutral-50 hover:text-neutral-70 dark:hover:text-neutral-30"" id=""headlessui-radiogroup-option-_R_dcmarqa59j2q6_""",No,No,24,42M,30.80%,0.00%
wombat-exchange,Wombat Exchange,73.38,$39.97K,$22.72K,"$34,168.00","$135,405.00",$3.93B,3 yrs 10 mos,2022-08-20,3 yrs 10 mos,2022-08-20,0,,0,,1,https://twitter.com/WombatExchange,0,,1,https://t.me/WombatExchange,Bsc,0,,No,,,,No,No,,,89.79%,0.00%
squadswap,SquadSwap,72.86,,$161.56,,,,2 yrs 6 mos,2023-12-20,2 yrs 6 mos,2023-12-20,0,,0,,1,https://twitter.com/squad_swap,0,,1,https://t.me/pancakesquadnft,Bsc,3,02/02/2025|Peckshield; 12/28/2023|Cyberscope; 11/24/2023|Cyberscope,No,,,,No,No,,,99.30%,0.00%
stellaswap,StellaSwap,73.15,$130.69K,$69.70,$763.00,"$8,511.00",$1.08B,4 yrs 5 mos,2022-01-20,0 yrs 0 mos,2026-06-20,0,,1,https://github.com/stellaswap,1,https://twitter.com/StellaSwap,0,,1,https://t.me/stellaswap,Polkadot,0,,Yes,1,,,No,No,,,,
buni,Bunicorn,70.08,,$182.94,,,,5 yrs 2 mos,2021-04-20,5 yrs 0 mos,2021-06-20,0,,1,https://github.com/bunicorndefi,1,https://twitter.com/bunicornswap,0,,0,,Bsc,0,,Yes,1,,,No,No,,,74.31%,5.72%
dexlab,Dexlab,72.84,$11.67K,$6.59,,,,1 yrs 1 mos,2025-05-20,0 yrs 0 mos,2026-06-20,0,,1,https://github.com/dexlab-protocol,1,https://twitter.com/Dexlab_official,0,,1,https://t.me/Dexlab_official,Solana,0,,No,,,,No,No,,,,
antimatter,AntiMatter Governance Token,72.79,$84.17K,$3.89K,,,,5 yrs 4 mos,2021-02-20,4 yrs 11 mos,2021-07-20,0,,1,https://github.com/antimatter-finance,1,https://twitter.com/antimatterdefi,0,,1,https://t.me/antimatterchat,Ethereum,1,04/20/2021|Fairyproof,No,,,,No,No,,,15.62%,0.00%
crepe,Crepe,72.70,,,,,,4 yrs 3 mos,2022-03-20,4 yrs 3 mos,2022-03-20,0,,1,https://github.com/Crepeinc,1,https://twitter.com/CREPENEWS,0,,0,,Polygon,0,,No,,,,No,No,,,18.01%,0.00%
ix-token,IX Token,72.44,$32.43K,$68.97K,,,,4 yrs 7 mos,2021-11-20,4 yrs 7 mos,2021-11-20,0,,0,,1,https://twitter.com/Planetix0,1,https://discord.com/invite/planetixofficial,0,,Polygon,0,,No,,,,No,No,,,59.09%,0.00%
regent-coin,Regent Coin,72.97,$1.13M,$970.48K,,,,3 yrs 7 mos,2022-11-20,3 yrs 7 mos,2022-11-20,0,,0,,1,https://twitter.com/regent_coin,0,,0,,Bsc,0,,Yes,1,,,No,No,,,42.96%,0.00%
studyum,Studyum,73.11,,,,,,7 yrs 11 mos,2018-07-20,4 yrs 8 mos,2021-10-20,0,,1,https://github.com/STUDYUM,1,https://twitter.com/Studyum_org,0,,1,https://t.me/Studyum_Crypto_Chat,Bsc,0,,Yes,1,,,No,No,,,54.92%,0.00%
vertex,Vertex,72.62,$158.32K,$0.00,,,,4 yrs 6 mos,2021-12-20,2 yrs 7 mos,2023-11-20,0,,1,https://github.com/vertex-protocol/vertex-contracts,1,https://twitter.com/vertex_protocol,0,,0,,Arbitrum | Ethereum,2,04/12/2024|OtterSec; 10/15/2023|OtterSec,No,,,,No,No,,,100.00%,0.00%
logx,LogX,72.51,$29.28K,$19.16K,,,,4 yrs 7 mos,2021-11-20,1 yrs 9 mos,2024-09-20,0,,1,https://github.com/eugenix-io/logx-network-token,1,https://twitter.com/LogX_trade,0,,0,,Mantle | Linea,1,08/01/2023|Solidproof,No,,,,No,No,,,68.54%,0.00%
thorswap,THORSwap,72.63,$9.47M,$86.55K,,,,5 yrs 3 mos,2021-03-20,4 yrs 8 mos,2021-10-20,0,,1,https://github.com/thorswap,1,https://twitter.com/thorswap,0,,0,,Ethereum,0,,No,,,,No,No,,,48.65%,0.00%
alex,ALEX,72.22,$919.75K,$135.56K,,,,5 yrs 0 mos,2021-06-20,5 yrs 0 mos,2021-06-20,0,,1,https://github.com/alexgo-io,1,https://twitter.com/ALEXLabBTC,1,https://discord.com/invite/alexlab,1,https://t.me/AlexCommunity,Bitcoin | Brc-20,0,,No,,,,No,No,,,,
nervenetwork,NerveNetwork,72.37,$161.10K,$14.00,,,,6 yrs 4 mos,2020-02-20,5 yrs 9 mos,2020-09-20,0,,1,https://github.com/NerveNetwork,1,https://twitter.com/nerve_network,0,,1,https://t.me/NerveNetwork,,0,,No,,,,No,No,,,10.18%,0.00%
lovelyinu,Lovely Finance,72.35,,,,,,5 yrs 0 mos,2021-06-20,5 yrs 0 mos,2021-06-20,0,,1,https://github.com/LovelyFinance/,1,https://twitter.com/Lovely_finance,0,,0,,Bsc | Ethereum,0,,Yes,1,12/16/2021,LOVELY,No,No,,,99.59%,0.00%
befi-labs,BeFi Labs,72.33,$89.00K,$211.67K,,,,2 yrs 3 mos,2024-03-20,2 yrs 3 mos,2024-03-20,0,,0,,1,https://twitter.com/BefiLabs,0,,0,,Bitcoin,0,,No,,,,No,No,,,62.12%,0.65%
quarashi,Quarashi,72.17,,,,,,5 yrs 1 mos,2021-05-20,4 yrs 3 mos,2022-03-20,0,,1,https://github.com/quarashi-network,1,https://twitter.com/QuarashiN,0,,0,,Bsc | Ethereum,0,,Yes,2,,,No,No,,,51.58%,0.00%
fegtoken,FEG Token,72.01,$2.68M,$361.86K,,,,5 yrs 4 mos,2021-02-20,5 yrs 4 mos,2021-02-20,0,,1,https://github.com/fegtoken,1,https://x.com/FEGtoken,0,,1,https://t.me/fegchat,Ethereum,1,02/10/2023|Peckshield,No,,,,No,No,,,55.44%,0.01%
tom-finance,TOM Finance,72.01,,,,,,5 yrs 7 mos,2020-11-20,5 yrs 7 mos,2020-11-20,0,,1,https://github.com/TomFinance,1,https://twitter.com/defi_tom,0,,1,https://t.me/defitom,Ethereum,0,,No,,,,No,No,,,97.60%,0.00%
openlive-nft,Monbase,71.98,$7.88M,$26.84K,,,,4 yrs 5 mos,2022-01-20,4 yrs 5 mos,2022-01-20,0,,0,,1,https://twitter.com/monbaseglobal,0,,1,https://t.me/monbaseglobal,Bsc,0,,Yes,2,,,No,No,,,23.80%,0.00%
openleverage,OpenLeverage Protocol,71.78,$189.52K,$1.03K,$0,$0,$1.41B,5 yrs 0 mos,2021-06-20,4 yrs 6 mos,2021-12-20,0,,1,https://github.com/OpenLeverageDev,1,https://twitter.com/OpenLeverage,0,,1,https://t.me/openleverage,Ethereum | Bsc,0,,Yes,1,,,No,No,59,10M,43.22%,0.00%
xhashtag,xHashtag,71.74,$18.95K,$1.54K,,,,5 yrs 6 mos,2020-12-20,0 yrs 0 mos,2026-06-20,0,,0,,1,https://twitter.com/xhashtagio,0,,1,https://t.me/xhashtagio,Solana,0,,No,,,,No,No,,,24.90%,0.00%
argentinefootballassociationfantoken,Argentine Football Association Fan Token,71.71,$4.05M,$1.60M,,,,12 yrs 0 mos,2014-06-20,0 yrs 0 mos,2026-06-20,0,,0,,1,https://twitter.com/chiliz,0,,1,https://t.me/chiliztrade,Chiliz | Sectors | Gaming | NFT | Socials,0,,No,,,,No,No,,,,
orangedx,OrangeDX,72.04,,$257.54,,,,2 yrs 3 mos,2024-03-20,2 yrs 3 mos,2024-03-20,0,,0,,1,https://twitter.com/OrangDx_BRC20,0,,1,https://t.me/OrangeDx_Official_Chat,Bitcoin,4,09/01/2024|Solidproof; 08/25/2024|Solidproof; 03/01/2024|Solidproof; 02/01/2024|Solidproof,No,,,,No,No,,,23.90%,0.00%
zero-tech,Zero,71.85,$690.83K,$797.24,,,,5 yrs 8 mos,2020-10-20,4 yrs 6 mos,2021-12-20,0,,1,https://github.com/zer0-os,1,https://twitter.com/meowchain,0,,1,https://t.me/wilder_world,Ethereum,0,,No,,,,No,No,,,97.20%,0.00%
winr-protocol,WINR Protocol,73.11,$614.60K,$216.43,,,,3 yrs 6 mos,2022-12-20,3 yrs 3 mos,2023-03-20,0,,1,https://github.com/winrprotocol/WINR_Protocol,1,https://twitter.com/WINRProtocol,0,,1,https://t.me/WINRProtocol,,1,04/26/2023|Paladinsec,No,,,,No,No,,,,
magicswap,Magicswap,71.66,$14.93M,$3.69M,,,,4 yrs 9 mos,2021-09-20,4 yrs 9 mos,2021-09-20,0,,1,https://github.com/TreasureProject/magicswap,1,https://twitter.com/Magicswap_,1,https://discord.com/invite/treasuredao,0,,Arbitrum,0,,No,,,,No,No,,,29.40%,0.00%
bitcointry,Bitcointry,71.64,$102.58K,$71.79,,,,2 yrs 8 mos,2023-10-20,2 yrs 8 mos,2023-10-20,0,,1,https://github.com/bitcointryExchange,1,https://x.com/Bitcointrycom,0,,1,https://t.me/bitcointryofficial,Bsc,1,01/13/2024|Cyberscope,Yes,1,,,No,No,,,91.79%,0.00%
dinoswap,DinoSwap,71.60,$34.24K,$177.25,,,,5 yrs 3 mos,2021-03-20,4 yrs 11 mos,2021-07-20,0,,1,https://github.com/dinoswap,1,https://twitter.com/DinoSwapHQ,0,,1,https://t.me/DinoSwapOfficial,Polygon,0,,Yes,3,,,No,No,1,150K,67.56%,0.00%
renq-finance,RenQ Finance,71.56,,$3.45K,,,,3 yrs 6 mos,2022-12-20,3 yrs 6 mos,2022-12-20,0,,1,https://github.com/renqfinance,1,https://twitter.com/RenQ_Finance,0,,1,https://t.me/renqfinance,Ethereum,0,,Yes,1,,,No,No,,,64.96%,7.00%
metropolis,Metropolis,71.48,$53.31K,$422.35,,,,3 yrs 5 mos,2023-01-20,0 yrs 0 mos,2026-06-20,0,,0,,1,https://x.com/MetropolisDEX,0,,1,https://t.me/MetropolisDEX,Fantom,0,,No,,,,No,No,,,,
perptools,PERPTools,71.45,,,,,,1 yrs 7 mos,2024-11-20,9 yrs 0 mos,2017-06-20,0,,0,,1,https://x.com/perptools,0,,1,https://t.me/PERPTools_DEX,,0,,No,,,,No,No,,,,
polkabridge,PolkaBridge,71.43,,$15.51K,,,,5 yrs 5 mos,2021-01-20,5 yrs 3 mos,2021-03-20,0,,1,https://github.com/cyclese96,1,https://twitter.com/realpolkabridge,0,,0,,Polkadot | Polygon,0,,Yes,2,10/28/2021,PolkaBridge-DEX PolkaBridge-Deflationary-Farming PolkaBridgeFarm,No,No,,,35.54%,0.00%
voxel-x-network,Voxel X Network,71.31,,$7.18K,,,,4 yrs 6 mos,2021-12-20,4 yrs 6 mos,2021-12-20,0,,0,,1,https://twitter.com/VoxelXnetwork,0,,1,https://t.me/VoxelXNetwork_Official,Ethereum,0,,Yes,2,,,No,No,,,66.96%,0.00%
oxchange,Oxchange,71.29,,$3.16K,,,,3 yrs 11 mos,2022-07-20,0 yrs 0 mos,2026-06-20,0,,0,,1,https://x.com/oxchange_io,0,,0,,Polygon,0,,Yes,1,,,No,No,,,87.97%,0.00%
nifty-league,Nifty League,71.22,$68.43K,$3.21K,,,,5 yrs 1 mos,2021-05-20,4 yrs 9 mos,2021-09-20,0,,1,https://github.com/NiftyLeague,1,https://twitter.com/NiftyLeague,0,,0,,Ethereum,0,,No,,,,No,No,,,58.82%,0.00%
swap-coffee,swap coffee,71.20,,$1.67,,,,2 yrs 0 mos,2024-06-20,2 yrs 0 mos,2024-06-20,0,,1,https://github.com/swapcoffee,1,https://x.com/swap_coffee_ton,0,,0,,,1,07/16/2025|Trailofbits,No,,,,No,No,,,,
coinmerge,CoinMerge,71.12,,,,,,3 yrs 4 mos,2023-02-20,3 yrs 4 mos,2023-02-20,0,,0,,1,https://twitter.com/coinmerge,0,,0,,,0,,Yes,2,,,No,Yes,,,39.91%,0.00%
velar,Velar,71.09,$65.39K,$2.67,,,,3 yrs 2 mos,2023-04-20,2 yrs 3 mos,2024-03-20,0,,1,https://github.com/Velar-co,1,https://twitter.com/VelarBTC,0,,0,,,0,,No,,,,No,No,,,86.62%,0.00%
aperture,Aperture Finance,71.09,,,"$5,942.00","$55,837.00",$16M,2 yrs 2 mos,2024-04-20,2 yrs 2 mos,2024-04-20,0,,0,,1,https://x.com/ApertureFinance,0,,0,,Ethereum,0,,No,,,,No,No,,,,
ipor,IPOR,70.96,,$5.99K,,,,5 yrs 0 mos,2021-06-20,3 yrs 6 mos,2022-12-20,0,,1,https://github.com/IPOR-Labs,1,https://twitter.com/ipor_io,1,https://discord.com/invite/bSKzq6UMJ3,0,,Ethereum,0,,No,,,,No,No,,,0.00%,0.00%
mettalex,Mettalex,71.03,$25.16K,$3.69K,,,,7 yrs 11 mos,2018-07-20,5 yrs 9 mos,2020-09-20,0,,1,https://github.com/fetchai,1,https://twitter.com/Mettalex,0,,1,https://t.me/mettalex_official,Ethereum,0,,No,,,,No,No,,,78.25%,0.00%
dfx-finance,DFX Finance,70.96,$32.55K,$29.86,,,,5 yrs 7 mos,2020-11-20,5 yrs 5 mos,2021-01-20,0,,1,https://github.com/dfx-finance,1,https://twitter.com/DFXFinance,0,,1,https://t.me/dfx_finance,Ethereum,0,,No,,,,No,No,33,4M,88.32%,6.47%
yieldflow,YieldFlow,70.79,,,,,,3 yrs 4 mos,2023-02-20,3 yrs 3 mos,2023-03-20,0,,1,https://github.com/yieldflow/,1,https://twitter.com/yieldflowdotcom,0,,0,,Polygon | Arbitrum,0,,Yes,3,,,No,No,,,,
nullink,NuLink,70.76,,$9.96,,,,4 yrs 11 mos,2021-07-20,2 yrs 2 mos,2024-04-20,0,,1,https://github.com/NuLink-network,1,https://twitter.com/NuLink_,0,,1,https://t.me/NuLink2021,Bsc | Ethereum,0,,Yes,1,,,No,No,,,82.18%,0.00%
bitshares,BitShares,70.73,$2.96M,$67.07K,,,,12 yrs 3 mos,2014-03-20,12 yrs 3 mos,2014-03-20,0,,1,https://github.com/bitshares,1,https://twitter.com/BitSharesGroup,0,,1,https://t.me/BitSharesGroup,,0,,No,,,,No,No,,,,
coinflex,CoinFLEX,70.73,,,,,,7 yrs 4 mos,2019-02-20,5 yrs 5 mos,2021-01-20,0,,1,https://github.com/coinflex-exchange/flex-dao/tree/master,1,https://twitter.com/CoinFLEXdotcom,0,,1,https://t.me/coinflex_EN,Ethereum,0,,Yes,2,12/27/2021,CoinFLEX DAO - Addendum CoinFLEX DAO,No,No,,,99.15%,0.00%
thetanuts-finance,Thetanuts Finance,70.72,$3.64M,$76.32K,,,,2 yrs 1 mos,2024-05-20,2 yrs 1 mos,2024-05-20,0,,0,,1,https://twitter.com/ThetanutsFi,0,,0,,Ethereum,6,02/12/2024|Halborn; 05/28/2022|Peckshield; 04/01/2022|Akira Tech; 03/16/2022|Zokyo; 02/25/2022|Akira Tech; 02/16/2022|,No,,,,No,No,,,75.99%,0.00%
belt,Belt Finance,70.12,$282.74K,$498.69,,,,5 yrs 4 mos,2021-02-20,5 yrs 3 mos,2021-03-20,0,,1,https://github.com/BeltFi/,1,https://twitter.com/BELT_Finance,0,,1,https://t.me/BeltFinance,Bsc,0,,No,,,,No,No,,,36.68%,6.80%
corex-network,COREx Network,70.70,,,,,,2 yrs 2 mos,2024-04-20,2 yrs 2 mos,2024-04-20,0,,1,https://github.com/CoreXNetwork,1,https://twitter.com/COREx_Official,0,,1,https://t.me/Corexchat,Coredao,0,,No,,,,,,,,,
gamma-strategies,Gamma,70.53,$32.61K,$1.89,,,,5 yrs 1 mos,2021-05-20,4 yrs 5 mos,2022-01-20,0,,1,https://github.com/GammaStrategies,1,https://twitter.com/GammaStrategies,0,,0,,Ethereum | Bsc,0,,No,,,,No,No,,,82.18%,5.82%
luffy-nft-marketplace,Luffy NFT Marketplace,71.74,$436.45K,$3.08,,,,4 yrs 2 mos,2022-04-20,4 yrs 2 mos,2022-04-20,0,,0,,1,https://twitter.com/luffyinutoken,0,,0,,Ethereum | Bsc,0,,Yes,1,,,No,No,,,67.57%,8.09%
pharaoh,Pharaoh,71.05,,$177.31,,,,2 yrs 6 mos,2023-12-20,2 yrs 6 mos,2023-12-20,0,,0,,1,https://x.com/PharaohExchange,0,,0,,Avalanche,0,,No,,,,No,No,,,98.70%,0.00%
frax-price-index,Frax Price Index,70.54,,$767.55,,,,6 yrs 8 mos,2019-10-20,4 yrs 2 mos,2022-04-20,0,,1,https://github.com/FraxFinance,1,https://twitter.com/fraxfinance,0,,1,https://t.me/fraxfinance,Ethereum,0,,No,,,,No,No,,,100.00%,0.00%
blueshift,Blueshift,70.49,,,,,,4 yrs 5 mos,2022-01-20,0 yrs 0 mos,2026-06-20,0,,1,https://github.com/blueshift-fi/blueshift-token,1,https://twitter.com/blueshiftfi,0,,1,https://t.me/BlueshiftGroup,Cardano,0,,Yes,2,,,No,No,,,100.00%,50.00%
perifinance,PERI Finance,70.49,,$2.09K,,,,5 yrs 1 mos,2021-05-20,5 yrs 1 mos,2021-05-20,0,,1,https://github.com/perifinance,1,https://twitter.com/PERIfinance,0,,1,https://t.me/peri_global,Bsc | Ethereum,0,,Yes,1,,,No,No,,,100%,0.49%
unification,Unification,70.42,,,,,,3 yrs 7 mos,2022-11-20,3 yrs 7 mos,2022-11-20,0,,0,,1,https://twitter.com/unificationUND,0,,1,https://t.me/unificationfoundation,Ethereum,0,,No,,,,No,No,,,34.09%,0.00%
kibainu,Kiba Inu,70.38,,$1.43K,,,,4 yrs 7 mos,2021-11-20,4 yrs 7 mos,2021-11-20,0,,0,,1,https://twitter.com/KibaInuWorld,0,,0,,Bsc | Ethereum,0,,Yes,2,,,No,No,,,37.06%,2.24%
mandala-exchange,Mandala Exchange,70.34,,$0.00,,,,5 yrs 7 mos,2020-11-20,5 yrs 7 mos,2020-11-20,0,,0,,1,https://twitter.com/mandalaex,1,https://discord.com/invite/fga49J7Gm6,1,https://t.me/mandalaexchange,Ethereum,0,,Yes,2,,,No,No,,,83.65%,0.01%
leverfi,LeverFi,70.32,,,,,,4 yrs 2 mos,2022-04-20,4 yrs 1 mos,2022-05-20,0,,1,https://github.com/LeverFi,1,https://twitter.com/LeverFi,0,,0,,Ethereum,0,,No,,,,No,No,,,58.02%,0.00%
foxify,Foxify,70.28,,$125.59,,,,3 yrs 2 mos,2023-04-20,2 yrs 8 mos,2023-10-20,0,,1,https://github.com/foxify-trade,1,https://twitter.com/foxifytrade,1,https://discord.com/invite/foxifytrade,0,,Arbitrum,0,,Yes,1,,,No,No,,,,
comdex,Comdex,69.77,$20.27K,$86.95,,,,4 yrs 11 mos,2021-07-20,0 yrs 0 mos,2026-06-20,0,,1,https://github.com/comdex-official,1,https://twitter.com/ComdexOfficial,0,,1,https://t.me/ComdexChat,Cosmos,3,11/23/2022|Oak-security; 10/28/2022|Oak-security; 08/05/2022|Credshields,No,,,,No,No,,,,
ariva,Ariva,70.60,$137.61K,$8.20K,,,,5 yrs 0 mos,2021-06-20,5 yrs 0 mos,2021-06-20,0,,1,https://github.com/ariva-digital,1,https://twitter.com/ArivaCoin,0,,1,https://t.me/ariva_arv,Ethereum | Bsc,0,,Yes,1,,,No,No,,,0.15%,0.00%
integral,Integral,70.22,$31.91K,$84.43,"$758,504.00",$5.62M,$6.82B,5 yrs 3 mos,2021-03-20,4 yrs 9 mos,2021-09-20,0,,1,https://github.com/IntegralHQ,1,https://twitter.com/integralhq,0,,0,,Ethereum | Arbitrum,0,,No,,,,No,No,,,80.31%,0.00%
polkadex,Polkadex,70.20,,$991.15,,,,5 yrs 9 mos,2020-09-20,5 yrs 2 mos,2021-04-20,0,,1,https://github.com/Polkadex-Substrate,1,https://twitter.com/polkadex,0,,1,https://t.me/Polkadex,Ethereum | Polkadot,0,,Yes,1,,,No,No,,,70.25%,0.00%
the-apis,The APIS,70.18,,,,,,4 yrs 6 mos,2021-12-20,4 yrs 6 mos,2021-12-20,0,,0,,1,https://twitter.com/TheAPIS_xyz,0,,0,,Ethereum,0,,Yes,1,,,No,No,,,97.16%,0.00%
interport-token,Interport Token,69.95,,$51.44,,,,3 yrs 9 mos,2022-09-20,3 yrs 7 mos,2022-11-20,0,,1,https://github.com/Interport-Finance,1,https://twitter.com/interportfi,0,,0,,Ethereum,0,,No,,,,No,No,,,78.41%,0.00%
digiverse,Digiverse,70.45,,,,,,2 yrs 7 mos,2023-11-20,2 yrs 5 mos,2024-01-20,0,,1,https://github.com/DigiverseProject,1,https://twitter.com/Digiversede,0,,1,https://t.me/+sPFx4YgYGow5ZTM0,Ethereum | Bsc,0,,Yes,2,,,No,No,,,7.40%,0.00%
intentx,IntentX,69.97,,,,,,4 yrs 0 mos,2022-06-20,0 yrs 0 mos,2026-06-20,0,,0,,1,https://twitter.com/IntentX_,0,,0,,Base | Mantle,0,,No,,,,No,No,,,,
julswap,JulSwap,70.58,,$2.83,,,,5 yrs 9 mos,2020-09-20,5 yrs 5 mos,2021-01-20,0,,1,https://github.com/julswap,1,https://twitter.com/julswap,0,,1,https://t.me/julwallet,Bsc,2,02/25/2021|Hacken; 02/25/2021|Hacken,No,,,,No,No,,,81.62%,0.00%
elk-finance,Elk Finance,70.20,$164.29K,$456.76,$838.00,"$4,242.00",$669.08M,5 yrs 3 mos,2021-03-20,4 yrs 2 mos,2022-04-20,0,,1,https://github.com/elkfinance,1,https://twitter.com/elk_finance,0,,1,https://t.me/elk_finance_chat,Bsc,1,04/24/2022|Paladinsec,No,,,,No,No,,,91.88%,0.00%
lynex,Lynex,69.87,$16.97K,$269.43,"$257,241.00",$1.17M,$6.09B,3 yrs 0 mos,2023-06-20,6 yrs 0 mos,2020-06-20,0,,0,,1,https://twitter.com/LynexFi,0,,0,,Linea,0,,No,,,,No,No,,,,
ktx-finance,KTX Finance,69.85,,,,,,3 yrs 6 mos,2022-12-20,0 yrs 0 mos,2026-06-20,0,,1,https://github.com/KTX-finance/KTX-core,1,https://twitter.com/KTX_finance,0,,0,,Mantle | Arbitrum,0,,No,,,,No,No,,,95.40%,0.00%
chaingefinance,Chainge Finance,69.83,$117.86K,$1.73K,$0,$0,$1.17B,5 yrs 8 mos,2020-10-20,0 yrs 0 mos,2026-06-20,0,,1,https://github.com/ChaingeFinance,1,https://twitter.com/FinanceChainge,0,,1,https://t.me/chaingefinance,,0,,Yes,3,10/31/2023,"Chainge - Option Chainge - DEX Chainge - Token <path fill-rule=""evenodd"" clip-rule=""evenodd"" d=""M12 2C6.47671 2 2 6.58975 2 12.2525C2 16.7804 4.86575 20.623 8.83836 21.9825C9.33699 22.078 9.52329 21.7578 9.52329 21.4882C9.52329 21.241 9.51233 20.4376 9.51233 19.5781C6.72877 20.1961 6.14247 18.3703 6.14247 18.3703C5.68767 17.1849 5.03014 16.8703 5.03014 16.8703C4.12055 16.2355 5.09589 16.2468 5.09589 16.2468C6.09863 16.3198 6.63014 17.3029 6.63014 17.3029C7.52329 18.8703 8.96986 18.4152 9.53973 18.1568C9.6274 17.4939 9.89041 17.0445 10.1753 16.7861C7.95616 16.5276 5.61644 15.6456 5.61644 11.7188C5.61644 10.6009 6.00548 9.68516 6.64658 8.96608C6.54247 8.70766 6.20274 7.66275 6.74521 6.25268C6.74521 6.25268 7.58356 5.97741 9.49589 7.30321C10.2959 7.0785 11.1507 6.96052 12 6.96052C12.8493 6.96614 13.7041 7.0785 14.5041 7.30321C16.411 5.97741 17.2493 6.25268 17.2493 6.25268C17.7918 7.66275 17.4521 8.70766 17.3479 8.96608C17.989 9.68516 18.3781 10.6009 18.3781 11.7188C18.3781 15.6569 16.0384 16.522 13.8137 16.7748C14.1699 17.095 14.4932 17.7186 14.4932 18.6736C14.4932 20.0444 14.4822 21.1511 14.",No,No,,,86.51%,0.00%
balancer-boosted-aave-usdt,Balancer Boosted Aave USDT,69.81,,,,,,3 yrs 10 mos,2022-08-20,3 yrs 10 mos,2022-08-20,0,,1,https://github.com/balancer-labs,1,https://twitter.com/Balancer,0,,0,,Ethereum,0,,No,,,,No,No,,,100.00%,0.00%
thruster,Thruster,69.82,,,"$71,837.00","$475,100.00",$8.96B,,,,,0,,0,,1,https://twitter.com/ThrusterFi,0,,0,,Blast,0,,No,,,,No,No,,,,
sora,SORA,69.72,,$66.67,,,,6 yrs 8 mos,2019-10-20,6 yrs 8 mos,2019-10-20,0,,1,https://github.com/sora-xor,1,https://twitter.com/sora_xor,0,,1,https://t.me/sora_xor,Ethereum,0,,No,,,,No,No,,,70.27%,0.00%
bolt,BOLT,71.48,$185.25K,$6.63K,,,,6 yrs 2 mos,2020-04-20,6 yrs 2 mos,2020-04-20,0,,0,,1,https://twitter.com/Bolt_Global,0,,0,,Ethereum,0,,No,,,,No,No,,,50.01%,0.00%
signum,Signum,70.16,$1.67M,$7.39K,,,,5 yrs 3 mos,2021-03-20,4 yrs 8 mos,2021-10-20,0,,1,https://github.com/signum-network,1,https://twitter.com/signum_official,0,,0,,,0,,No,,,,No,No,,,99.82%,0.00%
saucerswap,SaucerSwap,69.66,$14.49M,$92.18K,$2.51M,$14.18M,$6.42B,3 yrs 9 mos,2022-09-20,0 yrs 0 mos,2026-06-20,0,,1,https://github.com/saucerswaplabs,1,https://twitter.com/SaucerSwapLabs,1,https://discord.com/invite/BpZAGpzGfw,0,,Hedera,0,,No,,,,No,No,,,92.72%,0.00%
ooga-booga,Ooga Booga,69.64,$21.73K,$6.05,,,,3 yrs 1 mos,2023-05-20,0 yrs 0 mos,2026-06-20,0,,0,,1,https://twitter.com/0xoogabooga,0,,0,,Berachain | Sectors | DeFi | DEX | Socials,0,,No,,,,No,No,,,,
leagueOfAncients,League Of Ancients,70.16,$1.14M,$1.44K,,,,4 yrs 7 mos,2021-11-20,4 yrs 7 mos,2021-11-20,0,,0,,1,https://twitter.com/loaofficialmoba,0,,1,https://t.me/leagueofancients,,0,,Yes,1,11/20/2021,League of Ancients,No,No,,,39.41%,0.00%
genie-swap,Genie Swap,69.57,,,,,,3 yrs 4 mos,2023-02-20,8 yrs 0 mos,2018-06-20,0,,0,,1,https://twitter.com/GenieswapDEX,0,,0,,Arbitrum | Bsc,0,,Yes,1,,,No,No,,,,
nash,Nash,69.56,$5.88M,$0.00,,,,8 yrs 7 mos,2017-11-20,5 yrs 6 mos,2020-12-20,0,,1,https://github.com/nash-io,1,https://twitter.com/nashsocial,0,,1,https://t.me/nashsocial,Neo | Sectors | DeFi | Wallet | Socials,0,,No,,,,No,No,,,92.68%,0.00%
green-satoshi-token-bsc,Green Satoshi Token (BSC),69.10,$260.10K,$1.23K,,,,4 yrs 2 mos,2022-04-20,4 yrs 2 mos,2022-04-20,0,,0,,1,https://twitter.com/Stepnofficial,0,,1,https://t.me/stepnofficial,Bsc,0,,No,,,,No,No,,,61.43%,41.43%
kaizen-finance,Kaizen Finance,69.47,$132.88K,$23.49K,,,,4 yrs 6 mos,2021-12-20,4 yrs 6 mos,2021-12-20,0,,0,,1,https://twitter.com/kaizen_finance,0,,0,,Ethereum,0,,No,,,,No,No,,,19.61%,0.00%
kattana,Kattana,69.44,$48.95K,$91.96,,,,5 yrs 2 mos,2021-04-20,5 yrs 2 mos,2021-04-20,0,,0,,1,https://twitter.com/kattanatrade,0,,0,,Ethereum,0,,No,,,,No,No,,,40.80%,0.00%
arkenfinance,Arken Finance,69.29,,,,,,4 yrs 8 mos,2021-10-20,3 yrs 3 mos,2023-03-20,0,,1,https://github.com/arken-lab/arken-swap-protocol,1,https://twitter.com/ArkenFinance,0,,1,https://t.me/arkenfinance,Bsc | Arbitrum,0,,Yes,4,10/31/2022,"Arken's Stop-limit Order for AMM (SLAMM) - Audit $ARKEN Token - Audit Arken Swap v2 <path fill-rule=""evenodd"" clip-rule=""evenodd"" d=""M12 2C6.47671 2 2 6.58975 2 12.2525C2 16.7804 4.86575 20.623 8.83836 21.9825C9.33699 22.078 9.52329 21.7578 9.52329 21.4882C9.52329 21.241 9.51233 20.4376 9.51233 19.5781C6.72877 20.1961 6.14247 18.3703 6.14247 18.3703C5.68767 17.1849 5.03014 16.8703 5.03014 16.8703C4.12055 16.2355 5.09589 16.2468 5.09589 16.2468C6.09863 16.3198 6.63014 17.3029 6.63014 17.3029C7.52329 18.8703 8.96986 18.4152 9.53973 18.1568C9.6274 17.4939 9.89041 17.0445 10.1753 16.7861C7.95616 16.5276 5.61644 15.6456 5.61644 11.7188C5.61644 10.6009 6.00548 9.68516 6.64658 8.96608C6.54247 8.70766 6.20274 7.66275 6.74521 6.25268C6.74521 6.25268 7.58356 5.97741 9.49589 7.30321C10.2959 7.0785 11.1507 6.96052 12 6.96052C12.8493 6.96614 13.7041 7.0785 14.5041 7.30321C16.411 5.97741 17.2493 6.25268 17.2493 6.25268C17.7918 7.66275 17.4521 8.70766 17.3479 8.96608C17.989 9.68516 18.3781 10.6009 18.3781 11.7188C18.3781 15.6569 16.0384 16.522 13.8137 16",No,No,,,84.38%,0.00%
xswap-protocol,Xswap Protocol,69.21,$175.65K,$695.37,"$60,427.00",$2.94M,$531.09M,1 yrs 11 mos,2024-07-20,0 yrs 0 mos,2026-06-20,0,,1,https://github.com/XSwapProtocol,1,https://twitter.com/XSwapProtocol,0,,0,,,0,,Yes,1,,,No,No,,,,
retreeb,Retreeb,69.21,,,,,,4 yrs 9 mos,2021-09-20,4 yrs 1 mos,2022-05-20,0,,1,https://github.com/RetreebInc,1,https://twitter.com/retreeb_io,0,,0,,Fantom,1,11/15/2021|ImmuneBytes,No,,,,No,No,,,0.00%,0.00%
wardenswap,WardenSwap,69.19,,$509.44,"$2,024.00","$11,656.00",$53.44M,5 yrs 3 mos,2021-03-20,5 yrs 3 mos,2021-03-20,0,,1,https://github.com/Wardenswap,1,https://twitter.com/WardenSwap,0,,0,,Bsc | Arbitrum,0,,Yes,2,,,No,No,,,39.26%,2.21%
sifchain,SifChain,69.10,,$406.18,,,,5 yrs 9 mos,2020-09-20,5 yrs 4 mos,2021-02-20,0,,1,https://github.com/Sifchain,1,https://twitter.com/sifchain,0,,1,https://t.me/sifchain,Polygon | Ethereum,0,,Yes,1,,,No,No,,,66.37%,0.00%
steem,Steem,69.06,$23.30M,$3.44M,,,,10 yrs 3 mos,2016-03-20,10 yrs 3 mos,2016-03-20,0,,1,https://github.com/steemit,1,https://twitter.com/Steemit,0,,0,,,0,,No,,,,No,No,,,,
vvs-finance,VVS Finance,69.00,$44.21M,$147.64K,"$459,791.00",$3.43M,$13.84B,3 yrs 10 mos,2022-08-20,3 yrs 10 mos,2022-08-20,0,,0,,1,https://twitter.com/VVS_finance,0,,0,,Ethereum,0,,No,,,,No,No,,,51.36%,0.00%
level-finance,Level Finance,68.96,$138.01K,$11.79K,$0,$0,$5.05B,3 yrs 7 mos,2022-11-20,3 yrs 6 mos,2022-12-20,0,,1,https://github.com/level-fi,1,https://twitter.com/Level__Finance,0,,1,https://t.me/LevelFinance,Bsc | Arbitrum,0,,No,,,,No,No,28,39,87.80%,0.00%
sakai-vault,Sakai Vault,68.99,$40.18K,$44.12K,,,,3 yrs 5 mos,2023-01-20,3 yrs 3 mos,2023-03-20,0,,1,https://github.com/SakaiVault,1,https://twitter.com/SakaiVault,0,,1,https://t.me/SakaiVault,Aptos | Bsc,0,,Yes,2,,,No,No,,,47.72%,0.00%
balancer,Balancer,68.92,$6.72M,$165.47K,$1.42M,$5.77M,$100.07B,5 yrs 12 mos,2020-06-20,5 yrs 12 mos,2020-06-20,0,,1,https://github.com/balancer-labs,1,https://x.com/Balancer,0,,0,,Ethereum | Arbitrum,6,02/05/2025|Certora; 12/17/2024|Cantina; 05/08/2023|Certora; 10/25/2022|Trailofbits; 10/09/2022|OpenZeppelin; 09/23/2022|,Yes,1,,,No,No,"1,065",11M,56.55%,0.00%
unilayer,UniLayer,68.89,$34.48K,$315.16,,,,5 yrs 10 mos,2020-08-20,5 yrs 10 mos,2020-08-20,0,,0,,1,https://twitter.com/unilayer_,0,,0,,Ethereum,0,,No,,,,No,No,,,53.75%,0.00%
flash,Flash,68.89,,,,,,3 yrs 6 mos,2022-12-20,0 yrs 0 mos,2026-06-20,0,,1,https://github.com/Flash-Technologies,1,https://x.com/Flash_Techno_Of,0,,1,https://t.me/flashtokenenglish,Solana,0,,Yes,1,11/11/2024,Flash,No,No,,,,
burger-cities,BurgerCities,68.84,$24.64K,$2.68K,,,,5 yrs 9 mos,2020-09-20,5 yrs 9 mos,2020-09-20,0,,1,https://github.com/burgerswap-org,1,https://twitter.com/burger_cities,0,,0,,Bsc,0,,No,,,,No,No,,,41.07%,0.00%
lua-token,LuaSwap,68.87,,,$225.00,"$1,722.00",$201.65M,5 yrs 8 mos,2020-10-20,5 yrs 8 mos,2020-10-20,0,,0,,1,https://twitter.com/LuaSwap,0,,1,https://t.me/LuaSwap,Ethereum,1,10/14/2021|,No,,,,No,No,,,72.59%,18.79%
microtuber,Micro Tuber,68.83,,,,,,5 yrs 6 mos,2020-12-20,5 yrs 5 mos,2021-01-20,0,,1,https://github.com/MicroTuber,1,https://twitter.com/micro_tuber,0,,1,https://t.me/microtuber,,0,,Yes,2,12/30/2021,Micro Tuber microtuber,No,No,,,98.92%,0.00%
overline,Overline,68.80,,,,,,8 yrs 9 mos,2017-09-20,8 yrs 9 mos,2017-09-20,0,,1,https://github.com/blockcollider/bcnode,1,https://twitter.com/overlinenetwork,0,,0,,,0,,Yes,1,,,No,No,,,22.34%,0.00%
lenda,Lenda,65.42,,$4.59K,,,,4 yrs 6 mos,2021-12-20,4 yrs 5 mos,2022-01-20,0,,1,https://github.com/LendaFinance,1,https://twitter.com/LendaFinance,0,,0,,Ethereum,0,,Yes,1,,,No,No,,,11.10%,0.00%
kasta,Kasta,68.72,$140.98K,$945.47,,,,4 yrs 10 mos,2021-08-20,4 yrs 6 mos,2021-12-20,0,,1,https://github.com/kasta-io,1,https://x.com/ka_app/,0,,0,,Polygon,1,03/07/2022|Hacken,No,,,,No,No,,,80.74%,0.00%
mizar,Mizar,68.63,$1.51M,$34.39,,,,3 yrs 3 mos,2023-03-20,3 yrs 3 mos,2023-03-20,0,,0,,1,https://twitter.com/mizar_com,1,https://discord.com/invite/mizar,1,https://t.me/mizar_com,,0,,No,,,,No,No,,,,
cyberdex,CyberDEX,68.67,$456.65K,$7.24K,,,,2 yrs 1 mos,2024-05-20,2 yrs 1 mos,2024-05-20,0,,0,,1,https://x.com/cyberdex_xyz,0,,0,,Optimism,0,,No,,,,No,No,,,71.20%,0.00%
azit,Azit,68.67,$1.25M,$9.29K,,,,4 yrs 11 mos,2021-07-20,0 yrs 0 mos,2026-06-20,0,,1,https://github.com/azitalliance,1,https://twitter.com/azit_alliance,0,,0,,Klaytn,0,,No,,,,No,No,,,,
defibox,DeFiBox,68.62,,,"$7,089.00","$47,863.00",$331.39M,5 yrs 9 mos,2020-09-20,0 yrs 0 mos,2026-06-20,0,,0,,1,https://twitter.com/Defiboxofficial,0,,1,https://t.me/Defibox_official,,0,,Yes,1,11/16/2022,Vault.defi,No,No,,,,
bsx,BSX,68.56,$15.85K,$5.44,,,,1 yrs 6 mos,2024-12-20,1 yrs 6 mos,2024-12-20,0,,0,,1,https://twitter.com/bsx_labs,0,,0,,Base,1,04/29/2025|Halborn,No,,,,No,No,,,1.38%,0.00%
sparkpoint,Sparkpoint,68.54,$76.48K,$13.06K,,,,7 yrs 3 mos,2019-03-20,7 yrs 3 mos,2019-03-20,0,,1,https://github.com/sparkpointio,1,https://twitter.com/sparkpointio,0,,1,https://t.me/SparkpointOfficial,,0,,Yes,,,,No,No,,,33.36%,0.00%
lordtoken,LordToken,68.52,,$222.45,,,,4 yrs 4 mos,2022-02-20,4 yrs 4 mos,2022-02-20,0,,1,https://github.com/Davensi-official/dvx.git,1,https://twitter.com/Davensi_off,0,,0,,Bsc,0,,Yes,1,,,No,No,,,78.41%,61.65%
beglobal,BeGlobal Finance,68.27,,,,,,5 yrs 0 mos,2021-06-20,5 yrs 0 mos,2021-06-20,0,,1,https://github.com/Global-Repo,1,https://twitter.com/dexynth,0,,1,https://t.me/BeGlobalFinance,,0,,Yes,1,,,No,No,,,10.93%,0.65%
linear-finance,ℓUSD,68.49,,,,,,5 yrs 10 mos,2020-08-20,5 yrs 6 mos,2020-12-20,0,,1,https://github.com/Linear-finance,1,https://twitter.com/LinearFinance,0,,1,https://t.me/LinearExchangeCommunity,Ethereum,1,04/01/2022|Blocksec,No,,,,No,No,30,10K,35.23%,0.00%
axl-token,AXL Inu,68.47,,$908.71,,,,5 yrs 3 mos,2021-03-20,4 yrs 7 mos,2021-11-20,0,,1,https://github.com/aevapay-code/AXl-Codes,1,https://twitter.com/AxlToken,0,,1,https://t.me/AxlToken,Ethereum,0,,Yes,1,,,No,No,,,56.73%,0.00%
merchant-moe,Merchant Moe,68.51,$1.34M,$2.25K,,,,2 yrs 7 mos,2023-11-20,0 yrs 0 mos,2026-06-20,0,,1,https://github.com/merchant-moe,1,https://twitter.com/merchantmoe_xyz,0,,0,,Mantle,1,12/18/2023|Paladinsec,No,,,,No,No,,,,
day-by-day,Day By Day,68.42,,$39.27K,,,,7 yrs 10 mos,2018-08-20,7 yrs 10 mos,2018-08-20,0,,0,,1,https://twitter.com/daybydayio,0,,0,,Ethereum,0,,No,,,,No,No,,,99.99%,0.12%
metabit,Metabit,68.41,,,,,,3 yrs 4 mos,2023-02-20,3 yrs 4 mos,2023-02-20,0,,1,https://github.com/metabitglobal,1,https://twitter.com/metabitofficial,0,,0,,Ethereum,0,,Yes,1,,,No,No,,,,
xsushi,xSUSHI,64.14,,$3.45K,,,,5 yrs 9 mos,2020-09-20,5 yrs 9 mos,2020-09-20,0,,1,https://github.com/sushiswap/sushiswap,1,https://twitter.com/sushiswap,0,,0,,Ethereum,0,,No,,,,No,No,,,63.72%,0.00%
sovryn,Sovryn,68.33,$997.21K,$628.18,,,,6 yrs 2 mos,2020-04-20,5 yrs 1 mos,2021-05-20,0,,1,https://github.com/DistributedCollective,1,https://twitter.com/sovrynbtc,1,https://discord.com/invite/J22WS6z,0,,Ethereum,0,,No,,,,No,No,,,67.41%,0.00%
marvelous-nfts-bad-days,Marvelous NFTs (Bad Days),68.95,,,,,,4 yrs 6 mos,2021-12-20,4 yrs 5 mos,2022-01-20,0,,1,https://github.com/Ded11y,1,https://twitter.com/MarvelousNfts_,0,,0,,Bsc,1,01/17/2022|,No,,,,No,No,,,29.51%,0.00%
biokript,Biokript,68.30,,$0.00,,,,3 yrs 9 mos,2022-09-20,2 yrs 11 mos,2023-07-20,0,,1,https://github.com/Biokript,1,https://twitter.com/biokript,0,,0,,Bsc,6,08/19/2024|InterFi Network; 02/04/2024|InterFi Network; 01/28/2024|InterFi Network; 07/05/2023|InterFi Network; 06/25/2023|InterFi Network; 06/12/2023|,No,,,,No,No,,,57.97%,0.00%
premia,Premia Finance,68.28,$1.63M,$322.98,,,,5 yrs 7 mos,2020-11-20,5 yrs 4 mos,2021-02-20,0,,1,https://github.com/PremiaFinance,1,https://twitter.com/PremiaFinance,0,,1,https://t.me/premiablue,Ethereum | Arbitrum,0,,Yes,1,,,No,No,45,10M,95.65%,0.00%
autonio,Autonio,68.26,$51.31K,$12.85,,,,5 yrs 11 mos,2020-07-20,5 yrs 11 mos,2020-07-20,0,,0,,1,https://twitter.com/aI_Autonio,0,,1,https://t.me/Autonio_Foundation,Ethereum,0,,No,,,,No,No,,,76.00%,0.00%
wannaswap,WannaSwap,68.24,$23.18K,$364.99,"$1,788.00","$12,523.00",$3.98M,4 yrs 8 mos,2021-10-20,0 yrs 0 mos,2026-06-20,0,,1,https://github.com/wannaswap,1,https://twitter.com/wannaswapamm,0,,1,https://t.me/wannaswap,Near,0,,Yes,1,12/16/2021,WannaSwap,No,No,,,,
aliumswap,Alium Swap,68.20,,$31.35,,,,5 yrs 2 mos,2021-04-20,5 yrs 1 mos,2021-05-20,0,,1,https://github.com/Alium-Finance,1,https://twitter.com/AliumSwap,0,,0,,Bsc | Ethereum,0,,Yes,3,,,No,No,,,83.46%,0.00%
dew-bsc,DEW,68.22,,$540.97,,,,0 yrs 8 mos,2025-10-20,0 yrs 8 mos,2025-10-20,0,,0,,1,https://twitter.com/DewMoonex,0,,1,https://t.me/MoonExGlobal,,0,,No,,,,No,No,,,44.40%,0.00%
levelg,LEVELG,68.10,,,,,,7 yrs 6 mos,2018-12-20,7 yrs 6 mos,2018-12-20,0,,1,https://github.com/LEVELGDOTNET,1,https://twitter.com/LevelgNet,0,,1,https://t.me/LEVELG,,0,,No,,,,No,No,,,,
metavault-trade,Metavault Trade,66.47,$61.33K,$53.40,,,,4 yrs 5 mos,2022-01-20,4 yrs 1 mos,2022-05-20,0,,1,https://github.com/metavaultorg,1,https://twitter.com/MetavaultTrade,0,,1,https://t.me/MetavaultTrade,Polygon,1,09/23/2022|TechRate,No,,,,No,No,8,2M,17.84%,0.00%
solarbeam,Solarbeam,68.00,$10.77K,$51.38,"$1,061.00","$107,799.00",$3.58B,4 yrs 9 mos,2021-09-20,0 yrs 0 mos,2026-06-20,0,,1,https://github.com/solarbeamio,1,https://twitter.com/Solarbeamio,0,,1,https://t.me/solarbeamio,Polkadot,0,,Yes,1,,,No,No,,,,
retik-finance,Retik Finance,67.93,,$53.00,,,,2 yrs 6 mos,2023-12-20,2 yrs 6 mos,2023-12-20,0,,0,,1,https://twitter.com/retikfinance,0,,1,https://t.me/retikfinance,Ethereum,0,,Yes,1,,,No,No,,,46.92%,0.00%
zeta-markets,Zeta Markets,67.93,,,,,,1 yrs 8 mos,2024-10-20,0 yrs 0 mos,2026-06-20,0,,0,,1,https://twitter.com/ZetaMarkets,0,,0,,Solana,0,,No,,,,No,No,,,,
teleportdao,TeleportDAO,67.91,$72.06K,$0.00,,,,5 yrs 1 mos,2021-05-20,2 yrs 2 mos,2024-04-20,0,,1,https://github.com/TeleportDAO,1,https://twitter.com/teleport_DAO,0,,0,,Ethereum | Avalanche,1,07/11/2024|QuantStamp,No,,,,No,No,,,92.11%,0.00%
c20,CRYPTO20,67.90,$180.95K,$0.00,,,,8 yrs 10 mos,2017-08-20,8 yrs 8 mos,2017-10-20,0,,1,https://github.com/cryptotwenty,1,https://twitter.com/CRYPTOtwenty,0,,0,,Ethereum,0,,No,,,,No,No,,,63.91%,0.00%
1hive,1Hive,67.72,,$69.91,$3.98M,$4.02M,$574.16M,8 yrs 11 mos,2017-07-20,0 yrs 0 mos,2026-06-20,0,,1,https://github.com/1Hive,1,https://twitter.com/1hiveorg,0,,1,https://t.me/honeyswapdex,Arbitrum | Polygon,0,,Yes,1,,,No,No,,,,
eth-2x-flexible-leverage-index-polygon,ETH 2x Flexible Leverage Index (Polygon),67.78,$303.37K,$6.04,,,,4 yrs 6 mos,2021-12-20,4 yrs 6 mos,2021-12-20,0,,0,,1,https://twitter.com/indexcoop,0,,0,,Polygon,0,,No,,,,No,No,,,82.86%,0.00%
fistsmarttool,FistSmartTool,67.78,,$0.74,,,,4 yrs 2 mos,2022-04-20,4 yrs 2 mos,2022-04-20,0,,0,,1,https://twitter.com/fastswapbright,0,,1,https://t.me/XFST_Crypto,Bsc,0,,Yes,1,,,No,No,,,0.14%,0.00%
nanometer-bitcoin,NanoMeter Bitcoin,68.43,,$649.05,,,,5 yrs 0 mos,2021-06-20,5 yrs 0 mos,2021-06-20,0,,1,https://github.com/NMBTCDAO,1,https://twitter.com/nmBTC_Official,0,,1,https://t.me/nmBTCofficial,Bsc,2,12/21/2021|SourceHat; 12/21/2021|SourceHat,No,,,,No,No,,,91.38%,0.00%
sake-swap,Sake Swap,67.73,$14.62K,$102.20,,,,5 yrs 9 mos,2020-09-20,5 yrs 9 mos,2020-09-20,0,,1,https://github.com/Sakeswap,1,https://twitter.com/Sake_Perp_Swap,0,,0,,Ethereum | Bsc,0,,No,,,,No,No,,,11.74%,0.00%
fly,Fly.trade,67.67,$147.22K,$1.58K,,,,4 yrs 2 mos,2022-04-20,0 yrs 0 mos,2026-06-20,0,,0,,1,https://x.com/flytrade_,0,,1,https://t.me/magpieprotocol,Ethereum | Bsc,0,,No,,,,No,No,,,,
emoney,Emoney,67.60,$96.80K,$586.23,,,,7 yrs 2 mos,2019-04-20,5 yrs 2 mos,2021-04-20,0,,1,https://github.com/e-money,1,https://twitter.com/emoney_com,0,,1,https://t.me/emoney_com,Ethereum | Avalanche,0,,Yes,1,,,No,No,,,98.59%,0.00%
ramses-exchange,Ramses Exchange,67.55,$12.30K,$18.85,,,,3 yrs 4 mos,2023-02-20,3 yrs 3 mos,2023-03-20,0,,1,https://github.com/RamsesExchange,1,https://twitter.com/RamsesExchange,0,,0,,Arbitrum,0,,No,,,,No,No,,,,
tomb,Tomb,67.47,,,,,,5 yrs 0 mos,2021-06-20,4 yrs 6 mos,2021-12-20,0,,1,https://github.com/tombfinance,1,https://twitter.com/tombfinance,0,,1,https://t.me/gameoftomb,Fantom | Bsc,1,03/29/2022|Hacken,No,,,,No,No,,,70.93%,0.00%
treble,Treble,67.31,$278.01K,$5.60K,"$48,464.00","$298,693.00",$75.27M,1 yrs 9 mos,2024-09-20,1 yrs 9 mos,2024-09-20,0,,0,,1,https://x.com/TrebleSwap,0,,0,,Base,0,,No,,,,No,No,,,16.89%,0.00%
bcpay-fintech,Bcpay Fintech,67.25,,,,,,5 yrs 8 mos,2020-10-20,4 yrs 9 mos,2021-09-20,0,,1,https://github.com/bitcashpay-dev/bitcashpay-contract,1,https://twitter.com/Bitcashpay1,0,,0,,Bsc,0,,Yes,1,,,No,No,,,11.39%,0.00%
cargox,CargoX,67.15,$24.81M,$16.93K,,,,8 yrs 5 mos,2018-01-20,8 yrs 5 mos,2018-01-20,0,,0,,1,https://twitter.com/cargoxio,0,,0,,Ethereum,0,,No,,,,No,No,,,86.40%,0.00%
makiswap,MakiSwap,67.13,,,$0,$0,$337.27M,2 yrs 3 mos,2024-03-20,0 yrs 0 mos,2026-06-20,0,,0,,1,https://twitter.com/makiswap,0,,1,https://t.me/MakiSwap,Solana,0,,Yes,1,,,No,No,,,,
benchmark-protocol,Benchmark Protocol,67.04,,,,,,5 yrs 7 mos,2020-11-20,5 yrs 7 mos,2020-11-20,0,,0,,1,https://twitter.com/benchmark_defi,0,,1,https://t.me/benchmark_protocol,,0,,Yes,2,,,No,No,,,18.09%,0.00%
radioshack,RadioShack,67.04,,$1.62K,"$1,658.00","$10,447.00",$115.71M,4 yrs 4 mos,2022-02-20,4 yrs 4 mos,2022-02-20,0,,1,https://github.com/radioshackswap,1,https://twitter.com/radioshack,0,,0,,Polygon | Optimism,0,,Yes,1,,,No,No,,,71.90%,0.00%
galaxy-finance,Galaxy Finance,67.53,,$16.88K,,,,4 yrs 1 mos,2022-05-20,4 yrs 1 mos,2022-05-20,0,,0,,1,https://x.com/galaxyfinance3,0,,0,,Bsc,1,05/20/2022|TechRate,Yes,1,,,No,No,,,77.18%,0.42%
beamswap,BeamSwap,66.93,$27.69K,$9.19,$60.00,$133.00,$79.4M,4 yrs 8 mos,2021-10-20,0 yrs 0 mos,2026-06-20,0,,0,,1,https://twitter.com/Beamswapio,0,,1,https://t.me/Beamswap,Moonbeam | Sectors | DeFi | DEX | Socials,0,,No,,,,No,No,,,,
dannycoin,Dannycoin,67.34,,$4.05K,,,,1 yrs 12 mos,2024-06-20,1 yrs 11 mos,2024-07-20,0,,1,https://github.com/Danny5399/Dannycoin,1,https://twitter.com/dannydev499,0,,1,https://t.me/dannytoken,,0,,No,,,,No,No,,,30.17%,0.00%
macaronswap,MacaronSwap,67.36,,$562.14,,,,5 yrs 4 mos,2021-02-20,5 yrs 3 mos,2021-03-20,0,,1,https://github.com/macaronswap,1,https://twitter.com/macaronswap,0,,1,https://t.me/macaronswap,Bsc,0,,Yes,2,,,No,No,,,79.56%,15.62%
usegradient,Gradient,64.35,$253.42K,$690.00,,,,1 yrs 0 mos,2025-06-20,1 yrs 0 mos,2025-06-20,0,,1,https://github.com/GradientDevelopment/Gradient,1,https://x.com/useGradient,0,,0,,Ethereum,0,,No,,,,No,No,,,22.20%,0.27%
woof,WOOF,64.81,$111.50K,$933.15,,,,4 yrs 7 mos,2021-11-20,0 yrs 0 mos,2026-06-20,0,,1,https://github.com/WoofSolana,1,https://twitter.com/WoofSolana,0,,0,,Solana,0,,No,,,,No,No,,,,
evrynet,EVRYNET,66.81,,,,,,4 yrs 8 mos,2021-10-20,4 yrs 8 mos,2021-10-20,0,,0,,1,https://twitter.com/evrynetwork,0,,1,https://t.me/evrynet,Ethereum,0,,No,,,,No,No,,,74.06%,0.00%
nasdex,NASDEX,66.78,,$738.82,,,,4 yrs 10 mos,2021-08-20,4 yrs 9 mos,2021-09-20,0,,1,https://github.com/NasDex,1,https://twitter.com/nasdex_xyz,0,,1,https://t.me/nasdex_xyz,Polygon,1,10/04/2021|Hacken,No,,,,No,No,,,44.02%,0.00%
akt-io,Akt.io,66.70,,$30.15,,,,4 yrs 2 mos,2022-04-20,4 yrs 2 mos,2022-04-20,0,,0,,1,https://twitter.com/vancelian_app,0,,0,,Ethereum,0,,No,,,,No,No,,,99.41%,0.00%
delta-theta,delta.theta,66.87,,$2.51K,,,,5 yrs 0 mos,2021-06-20,5 yrs 0 mos,2021-06-20,0,,0,,1,https://twitter.com/deltatheta_tech,0,,1,https://t.me/deltatheta,Ethereum,1,12/06/2021|Hacken,No,,,,No,No,,,77.82%,0.00%
alex-lab,ALEX Lab,66.68,$919.75K,$135.56K,,,,5 yrs 0 mos,2021-06-20,0 yrs 0 mos,2026-06-20,0,,1,https://github.com/alexgo-io,1,https://twitter.com/ALEXLabBTC,1,https://discord.com/invite/alexlab,0,,Bitcoin,2,05/16/2025|Clarity Alliance ; 02/25/2022|Least Authority,No,,,,No,No,,,,
chainbing,Chainbing,66.61,$11.11K,$8.40K,,,,5 yrs 10 mos,2020-08-20,5 yrs 10 mos,2020-08-20,0,,1,https://github.com/chainbing,1,https://twitter.com/Chain_Bing,0,,1,https://t.me/ChainbingOfficial,Ethereum,0,,No,,,,No,No,,,95.42%,0.00%
welups-blockchain,Welups Blockchain,66.66,,,,,,4 yrs 10 mos,2021-08-20,4 yrs 10 mos,2021-08-20,0,,1,https://github.com/welups,1,https://twitter.com/WelupsOfficial,0,,0,,,0,,No,,,,No,No,,,,
cardence-io,Cardence,66.63,$39.27K,$16.71,,,,5 yrs 0 mos,2021-06-20,5 yrs 0 mos,2021-06-20,0,,0,,1,https://twitter.com/cardence_io,0,,0,,Bsc,2,09/28/2021|RD Auditors; 07/21/2021|TechRate,No,,,,No,No,,,49.53%,0.00%
swapsicle,Swapsicle,66.58,,,,,,4 yrs 0 mos,2022-06-20,4 yrs 0 mos,2022-06-20,0,,0,,1,https://twitter.com/swapsiciedex,0,,0,,Ethereum,0,,Yes,1,,,No,No,,,68.22%,0.30%
civilization,Civilization,66.48,$99.38K,$14.00,,,,4 yrs 10 mos,2021-08-20,4 yrs 10 mos,2021-08-20,0,,1,https://github.com/CivilizationCIV,1,https://twitter.com/token_civ,0,,1,https://t.me/civsettlers,Ethereum | Polygon,0,,Yes,1,12/24/2021,Civ Fund,No,No,,,36.66%,0.00%
roseon,Roseon,66.47,,,,,,3 yrs 0 mos,2023-06-20,3 yrs 0 mos,2023-06-20,0,,0,,1,https://twitter.com/RoseonExchange,0,,1,https://t.me/Roseon,Bsc | Arbitrum,1,05/14/2021|Verichains,No,,,,No,No,,,100.00%,0.00%
blocx,BlocX,66.45,,,,,,3 yrs 2 mos,2023-04-20,3 yrs 2 mos,2023-04-20,0,,1,https://github.com/BlocXOfficial,1,https://twitter.com/BL0CXCHAIN,0,,0,,Bsc,0,,Yes,1,,,No,No,,,83.33%,65.66%
lfgswap,LFGSwap,66.46,,$2.94,,,,3 yrs 9 mos,2022-09-20,3 yrs 9 mos,2022-09-20,0,,1,https://github.com/LfgSwap/lfg-protocol,1,https://twitter.com/LFGSwap,0,,1,https://t.me/LFGSWAPFINANCE,Ethereum | Arbitrum,0,,Yes,2,,,No,No,,,,
sake-token,SakeToken,66.50,$14.62K,$102.20,,,,5 yrs 9 mos,2020-09-20,5 yrs 9 mos,2020-09-20,0,,0,,1,https://twitter.com/Sake_Perp_Swap,0,,0,,Ethereum,0,,No,,,,No,No,,,11.74%,0.00%
futurecoin,FutureCoin,66.65,,,,,,4 yrs 7 mos,2021-11-20,4 yrs 7 mos,2021-11-20,0,,0,,1,https://twitter.com/efuturecoin,0,,0,,Bsc,0,,Yes,1,,,No,No,,,98.08%,9.79%
niob-finance,NIOB,66.32,,,,,,4 yrs 6 mos,2021-12-20,4 yrs 6 mos,2021-12-20,0,,1,https://github.com/niobfinance,1,https://twitter.com/niobfinance,0,,1,https://t.me/niobofficial,Bsc,0,,Yes,1,,,No,No,,,23.51%,20.56%
interlay-intr,Interlay,65.72,,,,,,6 yrs 7 mos,2019-11-20,0 yrs 0 mos,2026-06-20,0,,1,https://github.com/interlay,1,https://twitter.com/InterlayHQ,1,https://discord.com/invite/interlay,0,,Polkadot | Bitcoin,0,,No,,,,No,No,,,,
vortex-gaming,Vortex Gaming,66.13,,,,,,2 yrs 8 mos,2023-10-20,0 yrs 0 mos,2026-06-20,0,,1,https://github.com/Vortex-Gaming-DAO/VRTX,1,https://x.com/vrtx_dao,0,,0,,Near,0,,No,,,,,,,,,
index-coop,BTC 2x Flexible Leverage Index,66.01,,$465.98,,,,5 yrs 1 mos,2021-05-20,5 yrs 1 mos,2021-05-20,0,,0,,1,https://twitter.com/indexcoop,0,,0,,Ethereum | Polygon,1,03/29/2021|,No,,,,No,No,"1,449",1M,74.60%,0.00%
nucleon-,Nucleon,66.17,,$16.71,,,,6 yrs 7 mos,2019-11-20,0 yrs 0 mos,2026-06-20,0,,1,https://github.com/NucleonProtocol/nucleon,1,https://twitter.com/OfficialNucleon,0,,1,https://t.me/nucleonspace,,2,02/24/2023|Hacken; 01/24/2023|Hacken,No,,,,No,No,,,,
ardana,Ardana,66.08,,,,,,15 yrs 0 mos,2011-06-20,0 yrs 0 mos,2026-06-20,0,,0,,1,https://twitter.com/ArdanaProject,0,,0,,Cardano,0,,No,,,,No,No,,,,
dehealth,DeHealth,66.66,,$50.29,,,,4 yrs 2 mos,2022-04-20,4 yrs 2 mos,2022-04-20,0,,0,,1,https://twitter.com/DeHealth_World,0,,1,https://t.me/dehealth,Bsc,1,04/29/2022|,No,,,,No,No,,,96.63%,0.00%
unstoppable-defi,Unstoppable Defi,66.04,,,,,,3 yrs 2 mos,2023-04-20,3 yrs 2 mos,2023-04-20,0,,0,,1,https://twitter.com/UnstoppableFi,0,,1,https://t.me/UnstoppableFi,Arbitrum,0,,No,,,,No,No,,,,
ellipsis,Ellipsis Finance,65.49,$9.31M,$18.49,$34.00,"$198,126.00",$444.93M,5 yrs 2 mos,2021-04-20,5 yrs 2 mos,2021-04-20,0,,1,https://github.com/ellipsis-finance,1,https://twitter.com/ellipsisfi,0,,1,https://t.me/ellipsisfinance,Bsc,0,,Yes,1,,,No,No,,,17.50%,0.00%
fipi,$FiPi,66.75,,,,,,9 yrs 6 mos,2016-12-20,4 yrs 2 mos,2022-04-20,0,,1,https://github.com/kacpuur,1,https://twitter.com/FiPiToken,0,,1,https://t.me/FiPiToken,Bsc,1,11/26/2021|TechRate,No,,,,No,No,,,30.83%,0.00%
tidex-token,Tidex Token,65.93,,,,,,4 yrs 1 mos,2022-05-20,4 yrs 1 mos,2022-05-20,0,,0,,1,https://twitter.com/Tidex_Exchange,0,,0,,Ethereum,0,,No,,,,No,No,,,98.55%,0.00%
konomi-network,Konomi Network,65.91,$5.50K,$12.93K,,,,5 yrs 7 mos,2020-11-20,5 yrs 3 mos,2021-03-20,0,,1,https://github.com/konomi-network,1,https://twitter.com/KonomiNetwork,0,,1,https://t.me/konominetwork,Ethereum,0,,No,,,,No,No,,,44.98%,0.00%
swaperry,Swaperry,65.89,,$49.22K,,,,4 yrs 9 mos,2021-09-20,4 yrs 9 mos,2021-09-20,0,,0,,1,https://twitter.com/swaperrydex,0,,1,https://t.me/swaperry,Polkadot,0,,Yes,1,,,No,No,,,88.58%,0.00%
coinswap,CoinSwap Space,66.84,,$14.41,,,,5 yrs 4 mos,2021-02-20,5 yrs 1 mos,2021-05-20,0,,1,https://github.com/CoinSwap-Space,1,https://twitter.com/CoinSwap_Space,0,,1,https://t.me/Coinswap_EN,Bsc,0,,Yes,3,,,No,No,,,62.72%,48.55%
dackieswap,DackieSwap,65.82,,,,,,3 yrs 1 mos,2023-05-20,2 yrs 10 mos,2023-08-20,0,,1,https://github.com/DackieSwap,1,https://twitter.com/DackieSwap,1,https://discord.com/invite/dackie-official-1056416192220364800,0,,Base,0,,No,,,,No,No,,,0.10%,0.00%
offshift-new,Offshift (new),65.84,$514.92K,$7.42K,,,,3 yrs 3 mos,2023-03-20,3 yrs 3 mos,2023-03-20,0,,0,,1,https://twitter.com/OffshiftXFT,0,,1,https://t.me/offshiftxft,Ethereum,0,,No,,,,No,No,,,33.05%,0.00%
chronos-exchange,Chronos Exchange,65.85,,$8.27,$512.00,"$2,211.00",$228.49M,3 yrs 3 mos,2023-03-20,3 yrs 2 mos,2023-04-20,0,,1,https://github.com/ChronosEx/Chronos-Contracts/blob/206081a0aef588b16a0b6b70dbfbefd6a319132a/contracts/ChrNFT.sol,1,https://twitter.com/chronosfi_,0,,0,,Arbitrum,0,,Yes,2,,,No,No,,,,
alien-base,Alien Base,65.77,$1.07M,$6.68K,"$370,469.00",$2.47M,$2.88B,2 yrs 10 mos,2023-08-20,2 yrs 10 mos,2023-08-20,0,,1,https://github.com/alienbase-xyz/,1,https://x.com/AlienBaseDEX,0,,1,https://t.me/alienbaseDEX,Base,0,,No,,,,No,No,,,3.55%,0.00%
open-world,Open World,66.22,,,,,,4 yrs 9 mos,2021-09-20,4 yrs 9 mos,2021-09-20,0,,1,https://github.com/OpenWorldVision/open-contracts/tree/5b8fcab94427ff1dae8a20b41d1e9e9d64a98854,1,https://twitter.com/OpenWorldFi,0,,0,,Bsc,0,,Yes,1,,,No,No,,,0.22%,0.00%
governance-algo,Governance ALGO,65.68,,,,,,4 yrs 3 mos,2022-03-20,0 yrs 0 mos,2026-06-20,0,,1,https://github.com/Folks-Finance,1,https://twitter.com/folksfinance,1,https://discord.com/invite/folksfinance,1,https://t.me/FolksfinanceOfficial,Algorand,0,,Yes,1,12/12/2022,Folks Finance - Audit 1,No,No,,,,
deta-finance,Deta Finance,65.63,,,,,,3 yrs 0 mos,2023-06-20,3 yrs 0 mos,2023-06-20,0,,0,,1,https://twitter.com/detafinance,0,,0,,Ethereum,0,,Yes,1,,,No,No,,,95.12%,0.00%
codex-multichain,Codex Multichain,65.57,,,,,,2 yrs 5 mos,2024-01-20,2 yrs 5 mos,2024-01-20,0,,0,,1,https://twitter.com/codex_token,0,,0,,Ethereum,0,,No,,,,No,Yes,,,87.83%,0.00%
titan-trading-platform,Titan Trading Platform,65.62,,,,,,3 yrs 2 mos,2023-04-20,3 yrs 2 mos,2023-04-20,0,,1,https://github.com/titantrading,1,https://twitter.com/TitanSmartTrade,0,,1,https://t.me/titanglobaleng,Bsc,0,,Yes,1,,,No,No,,,100.00%,98.65%
squirt-game,Squirt Game,66.26,,,,,,4 yrs 7 mos,2021-11-20,4 yrs 7 mos,2021-11-20,0,,1,https://github.com/squirtgame,1,https://twitter.com/squirtgametoken,0,,1,https://t.me/squirtgame_token,Bsc,1,11/30/2021|TechRate,No,,,,No,No,,,8.47%,0.00%
kumadex-token,KumaDex Token,65.64,$13.22K,$325.08,,,,5 yrs 1 mos,2021-05-20,5 yrs 0 mos,2021-06-20,0,,1,https://github.com/KumaInu,1,https://twitter.com/OfficialKumaInu,0,,0,,Ethereum,0,,No,,,,No,No,,,62.05%,35.25%
sudoswap,sudoswap,65.51,$655.92K,$5.99K,$0,$0,"$20,818.00",4 yrs 7 mos,2021-11-20,3 yrs 4 mos,2023-02-20,0,,1,https://github.com/sudoswap,1,https://twitter.com/sudoswap,0,,0,,,0,,No,,,,No,No,,,88.47%,0.00%
mandox,MandoX ,65.49,,,,,,4 yrs 2 mos,2022-04-20,4 yrs 2 mos,2022-04-20,0,,0,,1,https://twitter.com/OfficialMandoX,0,,1,https://t.me/officialmandox,Ethereum,0,,Yes,2,,,No,No,,,21.72%,2.04%
swapbased,SwapBased,63.88,$885.20K,$2.43K,"$10,099.00","$39,303.00",$901.69M,2 yrs 10 mos,2023-08-20,2 yrs 10 mos,2023-08-20,0,,0,,1,https://twitter.com/swap_based,0,,0,,Base,0,,No,,,,No,No,,,1.19%,0.02%
yflink,YFLink,65.51,,,,,,5 yrs 10 mos,2020-08-20,5 yrs 10 mos,2020-08-20,0,,1,https://github.com/yflink,1,https://twitter.com/YFLinkio,0,,0,,,0,,Yes,1,,,No,No,,,84.30%,0.00%
brc-app,BRC App,65.38,,,,,,2 yrs 5 mos,2024-01-20,2 yrs 5 mos,2024-01-20,0,,0,,1,https://twitter.com/BRCapp,0,,1,https://t.me/BRCappChat,Bitcoin | Brc-20,0,,No,,,,No,No,,,47.54%,0.00%
selltoken,SellToken,66.22,,$0.03,,,,4 yrs 5 mos,2022-01-20,3 yrs 2 mos,2023-04-20,0,,1,https://github.com/freshcoins/Smart-Contract-Audits/blob/main/SellToken_0xa645995e9801F2ca6e2361eDF4c2A138362BADe4.pdf,1,https://twitter.com/TrustTheTrident,0,,1,https://t.me/selltokenGroup,Ethereum | Bsc,0,,Yes,1,,,No,No,,,5.26%,0.00%
spartadex,SpartaDEX,65.34,$61.88K,$1.35,,,,2 yrs 10 mos,2023-08-20,2 yrs 10 mos,2023-08-20,0,,0,,1,https://twitter.com/spartadex_io,0,,0,,Arbitrum,2,04/10/2024|Auditmos; 07/10/2023|Auditmos,No,,,,No,No,,,,
bitcoinbr,BitcoinBR,65.25,,,,,,4 yrs 7 mos,2021-11-20,4 yrs 7 mos,2021-11-20,0,,1,https://github.com/BitcoinBR,1,https://twitter.com/bitcoinbr_info,0,,1,https://t.me/BitcoinBR_Info,Ethereum,0,,No,,,,No,No,,,89.27%,0.00%
cellana-finance,Cellana Finance,66.10,,$8.55,,,,2 yrs 4 mos,2024-02-20,0 yrs 0 mos,2026-06-20,0,,0,,1,https://x.com/CellanaFinance,0,,1,https://t.me/CellanaFinance,Aptos,0,,No,,,,No,No,,,,
puff-dragon,Puff,65.11,$66.51M,$85.89K,,,,2 yrs 4 mos,2024-02-20,2 yrs 4 mos,2024-02-20,0,,0,,1,https://twitter.com/puff_drgn,0,,1,https://t.me/puff_drgn_official,Mantle,0,,No,,,,No,No,,,100.00%,0.00%
netswap,Netswap,64.89,$108.71K,$2.95K,"$36,164.00","$256,529.00",$3.26B,4 yrs 9 mos,2021-09-20,0 yrs 0 mos,2026-06-20,0,,1,https://github.com/Netswap,1,https://twitter.com/netswapofficial,0,,1,https://t.me/netswap_officialEN,Metisdao | Sectors | DEX | DeFi | Socials,1,11/24/2021|Armors,No,,,,No,No,3,2M,,
addams-ai,ADDAMS AI,65.19,,,,,,2 yrs 7 mos,2023-11-20,2 yrs 7 mos,2023-11-20,0,,0,,1,https://twitter.com/AddamsAiETH,0,,0,,Ethereum,0,,No,,,,No,No,,,47.41%,0.00%
zap,Zap Protocol,65.08,$237.45K,$8.87K,,,,8 yrs 9 mos,2017-09-20,8 yrs 8 mos,2017-10-20,0,,1,https://github.com/zapproject,1,https://x.com/ZapProtocol,0,,1,https://t.me/ZapOracles,Ethereum | Bsc,0,,No,,,,No,No,,,10.56%,7.69%
kinesis-money,Kinesis Money,65.05,$333.06M,$55.76K,,,,11 yrs 10 mos,2014-08-20,11 yrs 10 mos,2014-08-20,0,,1,https://github.com/bullioncapital/nodes,1,https://twitter.com/KinesisMonetary,0,,0,,Ethereum,0,,No,,,,No,Yes,,,100.00%,0.00%
friend3,Friend3,65.03,,$2.54,,,,2 yrs 9 mos,2023-09-20,2 yrs 9 mos,2023-09-20,0,,1,https://github.com/Friend3-Group,1,https://twitter.com/Friend3AI,0,,0,,Opbnb | Bsc,1,09/01/2023|Peckshield,No,,,,No,No,,,80.88%,0.00%
archerswap,ArcherSwap,65.07,,$229.80,"$3,874.00","$31,350.00",$120.54M,3 yrs 3 mos,2023-03-20,0 yrs 0 mos,2026-06-20,0,,0,,1,https://twitter.com/archerswapcore,0,,1,https://t.me/archerswap,Coredao,0,,No,,,,No,No,,,,
dexacoin,Dexa Coin,64.97,,,,,,7 yrs 3 mos,2019-03-20,7 yrs 3 mos,2019-03-20,0,,0,,1,https://twitter.com/DEXA_COIN,0,,1,https://t.me/dexacoin,,0,,Yes,1,,,No,No,,,72.91%,0.00%
swappi-finance,Swappi Finance,64.96,,$833.22,,,,4 yrs 4 mos,2022-02-20,0 yrs 0 mos,2026-06-20,0,,1,https://github.com/swappidex,1,https://twitter.com/SwappiDEX,0,,1,https://t.me/Swappi_DEX,Ethereum,0,,Yes,1,,,No,No,,,,
intelly,Intelly,65.02,,$55.82K,,,,4 yrs 5 mos,2022-01-20,4 yrs 5 mos,2022-01-20,0,,0,,1,https://twitter.com/intelly_tech,0,,0,,Bsc,0,,Yes,1,,,No,No,,,93.04%,0.69%
ox-fun,OX FUN,64.88,$50.55K,$16.28,,,,2 yrs 4 mos,2024-02-20,2 yrs 4 mos,2024-02-20,0,,0,,1,https://twitter.com/OXFUNHQ,0,,1,https://t.me/oxfun_official,Ethereum,0,,No,,,,No,No,,,13.91%,0.00%
proton,Proton,64.85,$64.81M,$1.32M,,,,6 yrs 3 mos,2020-03-20,6 yrs 3 mos,2020-03-20,0,,1,https://github.com/XPRNetwork/,1,https://twitter.com/XPRNetwork,1,https://discord.com/invite/a4rhgtc9wH,1,https://t.me/XPRNetwork,Ethereum | Bsc,0,,No,,,,No,No,,,97.98%,0.00%
wowswap,WOWswap,65.17,$10.98K,$0.72,,,,5 yrs 3 mos,2021-03-20,5 yrs 3 mos,2021-03-20,0,,0,,1,https://twitter.com/Wowswap_io,0,,1,https://t.me/wowswap,Bsc,3,06/03/2021|Hacken; 06/03/2021|Hacken; 02/24/2021|Hacken,No,,,,No,No,,,94.33%,0.00%
whales-market,Whales Market,64.83,$178.47K,$88.50,,,,2 yrs 8 mos,2023-10-20,0 yrs 0 mos,2026-06-20,0,,0,,1,https://twitter.com/WhalesMarket,0,,0,,Solana,0,,No,,,,No,Yes,,,,
callisto-network,Callisto Network,64.73,,,,,,8 yrs 9 mos,2017-09-20,4 yrs 9 mos,2021-09-20,0,,1,https://github.com/EthereumCommonwealth,1,https://twitter.com/CallistoSupport,0,,1,https://t.me/CallistoNet,,0,,No,,,,No,No,,,64.97%,0.00%
canary,Canary,64.71,,$4.20K,$2.00,$49.00,$1.09M,5 yrs 1 mos,2021-05-20,5 yrs 0 mos,2021-06-20,0,,1,https://github.com/canarydex,1,https://twitter.com/CanaryDefi,0,,1,https://t.me/canarydefi,Avalanche,0,,No,,,,No,No,,,84.07%,0.00%
despace-protocol,DeSpace Protocol,64.67,,,,,,5 yrs 5 mos,2021-01-20,5 yrs 0 mos,2021-06-20,0,,1,https://github.com/DeSpaceDeFi,1,https://twitter.com/DeSpaceDefi,0,,1,https://t.me/despacegroup,Ethereum,0,,No,,,,No,No,,,25.81%,0.00%
hydrex,Hydrex,64.55,,$118.92,,,,0 yrs 11 mos,2025-07-20,0 yrs 0 mos,2026-06-20,0,,1,https://github.com/hydrexfi,1,https://twitter.com/HydrexFi,0,,0,,Base,0,,No,,,,No,No,,,56.77%,0.00%
lifinity,Lifinity,64.46,,$883.07,$0,$0,$139.97B,4 yrs 9 mos,2021-09-20,0 yrs 0 mos,2026-06-20,0,,0,,1,https://twitter.com/Lifinity_io,1,https://discord.com/invite/K2tvfcXwWr,0,,Solana,0,,No,,,,No,No,,,,
bear-inu,Bear Inu,64.60,,,,,,3 yrs 6 mos,2022-12-20,3 yrs 6 mos,2022-12-20,0,,0,,1,https://twitter.com/BearrInu,0,,1,https://t.me/Bearrinu,Ethereum,0,,Yes,1,,,No,No,,,70.16%,0.00%
usd-mars,USD mars,65.02,$150.23K,$246.14,,,,5 yrs 3 mos,2021-03-20,4 yrs 7 mos,2021-11-20,0,,1,https://github.com/MarsEcosystem,1,https://twitter.com/MarsEcosystem,0,,1,https://t.me/mars_ecosystem,Bsc,0,,No,,,,No,No,,,97.27%,0.00%
reddex,Reddex,65.20,,,,,,2 yrs 6 mos,2023-12-20,2 yrs 6 mos,2023-12-20,0,,0,,1,https://x.com/reddex_io,0,,0,,Bsc | Ethereum,2,01/10/2025|Beosin; 01/08/2025|Beosin,No,,,,No,No,,,87.48%,0.00%
titanswap,TitanSwap,64.51,,,,,,5 yrs 10 mos,2020-08-20,5 yrs 10 mos,2020-08-20,0,,0,,1,https://twitter.com/TitanSwapOrg,0,,0,,Ethereum,0,,No,,,,No,No,,,98.34%,0.00%
uvtoken,UVToken,64.51,,$2.00K,,,,3 yrs 10 mos,2022-08-20,3 yrs 10 mos,2022-08-20,0,,0,,1,https://twitter.com/UvTokenOfficial,0,,1,https://t.me/uvtokenglobal,Bsc,0,,Yes,2,,,No,No,,,49.42%,0.00%
muesliswap,MuesliSwap MILK,61.35,,$50.89,$0,$0,$505.62M,4 yrs 9 mos,2021-09-20,0 yrs 0 mos,2026-06-20,0,,1,https://github.com/MuesliSwapTeam,1,https://twitter.com/MuesliSwapTeam,1,https://discord.com/invite/vHzSXRWBJR,1,https://t.me/muesliswapADA,Cardano,1,10/28/2021|TechRate,No,,,,No,No,,,,
rabbitswap,RabbitSwap,62.34,$9.31K,$218.51,,,,1 yrs 7 mos,2024-11-20,,,0,,0,,1,https://x.com/rabbitswapxyz,0,,1,https://t.me/rabbitswap_community,,0,,No,,,,No,No,,,,
shitcoin,Shitcoin,64.32,,$48.31,,,,4 yrs 8 mos,2021-10-20,4 yrs 5 mos,2022-01-20,0,,1,https://github.com/Shit-toshi,1,https://twitter.com/ShitCoin69,0,,1,https://t.me/Shitcoin69,Bsc,1,12/22/2021|Cyberscope,No,,,,No,No,,,17.23%,0.00%
blackpearl-chain,BlackPearl Token,64.24,,,,,,7 yrs 0 mos,2019-06-20,7 yrs 0 mos,2019-06-20,0,,0,,1,https://twitter.com/BlackpearlChain,0,,1,https://t.me/BlackPearlChain2019,Ethereum,0,,No,,,,No,No,,,1.14%,98.75%
zyberswap,Zyberswap,64.26,$1.83K,$11.66,"$16,078.00","$79,140.00",$3.61B,3 yrs 4 mos,2023-02-20,3 yrs 4 mos,2023-02-20,0,,0,,1,https://x.com/zyberswap,0,,1,https://t.me/zyberswapofficial,Arbitrum,0,,No,,,,No,No,4,65K,,
amped-finance,amped finance,64.26,$13.43K,$45.22,,,,2 yrs 7 mos,2023-11-20,2 yrs 7 mos,2023-11-20,0,,1,https://github.com/amped-finance,1,https://x.com/ampedfinance,0,,0,,Arbitrum,1,06/18/2025|BlockApex,No,,,,No,No,,,,
minter-network,Minter Network,64.26,,$0.00,,,,8 yrs 4 mos,2018-02-20,4 yrs 11 mos,2021-07-20,0,,1,https://github.com/MinterTeam,1,https://twitter.com/MinterTeam,0,,1,https://t.me/MinterNetworkGroup,,0,,No,,,,No,No,,,99.36%,99.01%
stonedefi,StoneDefi,64.25,,,,,,5 yrs 4 mos,2021-02-20,5 yrs 3 mos,2021-03-20,0,,1,https://github.com/stonedefi,1,https://twitter.com/DefiStone,0,,1,https://t.me/stonefortress,,0,,Yes,4,,,No,No,,,74.82%,0.00%
printdex,PrintDex,64.24,$8.05K,$1.18,,,,2 yrs 4 mos,2024-02-20,0 yrs 0 mos,2026-06-20,0,,0,,1,https://x.com/printdexSol,0,,0,,Solana,0,,Yes,1,,,No,No,,,,
swerve,Swerve,64.13,,,,,,5 yrs 9 mos,2020-09-20,5 yrs 9 mos,2020-09-20,0,,1,https://github.com/SwerveFinance,1,https://twitter.com/SwerveFinance,0,,0,,Ethereum,0,,No,,,,No,No,,,62.27%,0.00%
hydro,Hydro,64.22,,,,,,6 yrs 1 mos,2020-05-20,5 yrs 3 mos,2021-03-20,0,,1,https://github.com/HydroBlockchain,1,https://twitter.com/HydroBlockchain,0,,1,https://t.me/projecthydro,Ethereum,0,,No,,,,No,No,,,65.13%,0.00%
0xlsd,0xLSD,64.80,,,,,,2 yrs 8 mos,2023-10-20,2 yrs 8 mos,2023-10-20,0,,0,,1,https://twitter.com/0xLSD_Official,0,,1,https://t.me/ZeroxlsdGlobal,Arbitrum | Bsc,0,,Yes,1,10/16/2023,0xLSD,No,No,,,99.95%,0.00%
crypto-international,Crypto International,64.20,,,,,,9 yrs 5 mos,2017-01-20,4 yrs 7 mos,2021-11-20,0,,0,,1,https://twitter.com/Cri_Vivranium,0,,1,https://t.me/crichat_eng,Ethereum,0,,No,,,,No,No,,,59.14%,0.00%
shibnobi,Shibnobi,64.20,,,,,,4 yrs 7 mos,2021-11-20,4 yrs 7 mos,2021-11-20,0,,1,https://github.com/Shibnobi,1,https://twitter.com/Shib_nobi,0,,1,https://t.me/ShibnobiCommunity,Ethereum,0,,Yes,1,12/31/2021,Shibnobi,No,No,,,43.70%,0.00%
hera-finance,Hera Finance,64.17,$6.05M,$206.52,,,,4 yrs 5 mos,2022-01-20,2 yrs 5 mos,2024-01-20,0,,1,https://github.com/heraaggregator,1,https://twitter.com/heraaggregator,0,,1,https://t.me/heraaggregator,Ethereum,0,,No,,,,No,No,,,38.18%,0.00%
qi-blockchain,QI Blockchain,64.08,$16.23M,$12.65K,,,,3 yrs 10 mos,2022-08-20,3 yrs 10 mos,2022-08-20,0,,1,https://github.com/Qi-Blockchain,1,https://twitter.com/qiblockchain,0,,1,https://t.me/HovRonQiblockchain,,0,,No,,,,No,No,,,,
loser-coin,Loser Coin,62.80,$12.96K,$35.09,,,,5 yrs 1 mos,2021-05-20,5 yrs 1 mos,2021-05-20,0,,0,,1,https://twitter.com/loser_coin,0,,1,https://t.me/loser_coin,Ethereum,0,,No,,,,No,No,,,34.82%,0.00%
sparkpoint-fuel,SparkPoint Fuel,64.03,,$82.34,,,,6 yrs 10 mos,2019-08-20,5 yrs 6 mos,2020-12-20,0,,1,https://github.com/sparkpointio,1,https://twitter.com/SparkDeFi,0,,1,https://t.me/SparkDeFi,Bsc,0,,No,,,,No,No,,,47.76%,0.00%
broovs-projects,Broovs Projects,64.60,,$357.90,,,,4 yrs 5 mos,2022-01-20,4 yrs 5 mos,2022-01-20,0,,1,https://github.com/raysofttr,1,https://twitter.com/broovsprojects,0,,0,,Bsc,0,,No,,,,No,No,,,32.61%,0.00%
niftyx-protocol,Niftyx Protocol,64.03,$89.41K,$142.37,,,,5 yrs 10 mos,2020-08-20,5 yrs 9 mos,2020-09-20,0,,1,https://github.com/Niftyx,1,https://twitter.com/NiftyxProtocol,0,,1,https://t.me/niftyxprotocol,Ethereum,0,,No,,,,No,No,,,56.54%,3.63%
ridge,RIDGE,63.98,,,,,,4 yrs 7 mos,2021-11-20,4 yrs 7 mos,2021-11-20,0,,1,https://github.com/ridgebackinu,1,https://twitter.com/ridgebackinu,0,,1,https://t.me/ridgebackinu,,0,,Yes,1,,,No,No,,,30.18%,0.00%
pulsex,PulseX,64.14,,$0.00,,,,4 yrs 5 mos,2022-01-20,0 yrs 0 mos,2026-06-20,0,,0,,1,https://twitter.com/PulseXcom,0,,1,https://t.me/PulseXcom,,0,,No,,,,No,No,,,,
gte,GTE,63.95,,,,,,2 yrs 0 mos,2024-06-20,,,0,,0,,1,https://x.com/gte_xyz,0,,0,,,2,05/30/2025|Zellic; 03/07/2025|Zellic,No,,,,No,No,,,,
bzzone,Bzzone,64.28,,$29.38,,,,4 yrs 11 mos,2021-07-20,4 yrs 11 mos,2021-07-20,0,,0,,1,https://twitter.com/Bzzoneswap,0,,1,https://t.me/Bzzoneswap,,0,,Yes,1,,,No,No,,,2.47%,0.00%
vapordex,VaporDEX,63.27,,$8.48,,,,4 yrs 5 mos,2022-01-20,4 yrs 5 mos,2022-01-20,0,,0,,1,https://twitter.com/_VaporFi,1,https://discord.com/invite/fgBqBj2GeF,0,,Avalanche,0,,Yes,1,,,No,No,,,45.22%,0.00%
digiswap,DigiSwap,63.75,,$43.43,,,,4 yrs 4 mos,2022-02-20,4 yrs 3 mos,2022-03-20,0,,1,https://github.com/DigiSwap-Core,1,https://twitter.com/Digiswap_,0,,0,,Bsc,0,,No,,,,No,No,,,40.93%,18.06%
algofi,Algofi,63.73,,,$0,$0,$101.2M,,,,,0,,0,,1,https://twitter.com/algofiorg,0,,1,https://t.me/algofi,Algorand,0,,Yes,1,,,No,No,,,,
mmocoin,MMOCoin,63.72,$481.00,$0.00,,,,8 yrs 3 mos,2018-03-20,5 yrs 3 mos,2021-03-20,0,,1,https://github.com/MMO-Coin,1,https://twitter.com/MMOProOfficial,0,,1,https://t.me/mmoprocoin,Bsc,0,,No,,,,No,No,,,57.99%,0.00%
otsea,OTSea,63.78,,,,,,2 yrs 9 mos,2023-09-20,2 yrs 9 mos,2023-09-20,0,,0,,1,https://twitter.com/otseaERC20,0,,0,,Ethereum,0,,No,,,,No,No,,,54.53%,0.00%
adaswap,AdaSwap,63.61,,,,,,4 yrs 5 mos,2022-01-20,4 yrs 5 mos,2022-01-20,0,,0,,1,https://twitter.com/adaswapapp,0,,1,https://t.me/adaswapcommunity,,0,,Yes,1,,,No,No,,,76.92%,0.00%
copiosa-coin,Copiosa Coin,63.55,,$1.10M,,,,5 yrs 2 mos,2021-04-20,5 yrs 2 mos,2021-04-20,0,,1,https://github.com/copiosa,1,https://twitter.com/copiosaofficial,1,https://discord.com/invite/zStGnCSdT2,0,,Bsc,1,11/15/2022|SourceHat,No,,,,No,No,,,14.93%,0.00%
radiant,Radiant,63.41,$1.22M,$53.73K,,,,4 yrs 1 mos,2022-05-20,4 yrs 1 mos,2022-05-20,0,,1,https://github.com/RadiantBlockchain,1,https://x.com/RXD_Community,0,,1,https://t.me/RadiantBlockchain,,0,,No,,,,No,No,,,,
xcdot,xcDOT,63.30,,,,,,6 yrs 5 mos,2020-01-20,0 yrs 0 mos,2026-06-20,0,,0,,1,https://twitter.com/moonbeamnetwork,0,,1,https://t.me/Moonbeam_Official,Moonbeam | Sectors | DEX | Socials,0,,No,,,,No,No,,,,
dragonswap,DragonSwap,63.34,$2.51M,$22.24K,,,,2 yrs 4 mos,2024-02-20,2 yrs 4 mos,2024-02-20,0,,1,https://github.com/dragonswap-app,1,https://twitter.com/saphyre_xyz,0,,0,,,0,,No,,,,No,No,,,,
wasabixfinance,Wasabix Finance,63.22,,,,,,5 yrs 3 mos,2021-03-20,5 yrs 2 mos,2021-04-20,0,,1,https://github.com/wasabi-swap-team,1,https://twitter.com/WasabixFinance,0,,1,https://t.me/wasabiXfinance,,0,,Yes,2,,,No,No,,,61.26%,0.00%
tor,TOR,63.21,,,,,,4 yrs 7 mos,2021-11-20,4 yrs 4 mos,2022-02-20,0,,1,https://github.com/HectorNetwork,1,https://twitter.com/hector_network,0,,0,,Fantom,0,,Yes,2,,,No,No,,,8.70%,0.00%
metalswap,MetalSwap,64.51,,$32.92,,,,4 yrs 7 mos,2021-11-20,4 yrs 7 mos,2021-11-20,0,,1,https://github.com/DEFI-Foundation/swapsv2,1,https://twitter.com/MetalSwapNet,0,,0,,Ethereum | Polygon,0,,Yes,1,,,No,No,,,43.87%,0.00%
nft-maker,NMKR,63.14,$99.05K,$0.00,,,,4 yrs 8 mos,2021-10-20,0 yrs 0 mos,2026-06-20,0,,1,https://github.com/nftmakerio,1,https://twitter.com/nmkr_io,0,,1,https://t.me/nmkrtoken,Cardano,0,,No,,,,No,No,,,100.00%,0.00%
gameswap,Gameswap,63.11,$119.59K,$13.02,,,,5 yrs 7 mos,2020-11-20,5 yrs 7 mos,2020-11-20,0,,0,,1,https://twitter.com/GameswapDEX,0,,1,https://t.me/gameswap,Ethereum,0,,No,,,,No,No,,,63.10%,44.84%
solidlydex,Solidly,63.14,$55.99K,$4.08,"$415,386.00",$4.13M,$6.9B,3 yrs 5 mos,2023-01-20,3 yrs 5 mos,2023-01-20,0,,0,,1,https://twitter.com/SolidlyDEX,0,,0,,,0,,No,,,,No,No,,,97.05%,0.00%
xexchange,xExchange,63.15,,$2.97K,"$209,166.00",$1.11M,$2.26B,3 yrs 9 mos,2022-09-20,0 yrs 0 mos,2026-06-20,0,,1,https://github.com/multiversx,1,https://twitter.com/xExchangeApp,0,,1,https://t.me/xExchangeApp,Multiversx | Sectors | DEX | Socials,0,,No,,,,No,No,,,,
zillion-aakar-xo,ZILLION AAKAR XO,63.49,,$579.05,,,,4 yrs 0 mos,2022-06-20,4 yrs 0 mos,2022-06-20,0,,0,,1,https://twitter.com/ZillionXO,0,,1,https://t.me/ZillionAakarXO,Bsc,1,11/08/2022|Cyberscope,No,,,,No,No,,,70.96%,9.17%
switcheo,Carbon Protocol,63.07,,,,,,5 yrs 3 mos,2021-03-20,5 yrs 3 mos,2021-03-20,0,,0,,1,https://twitter.com/switcheolabs,0,,0,,Ethereum,0,,No,,,,No,No,,,85.68%,0.00%
dot-dot-finance,Dot Dot Finance,63.05,$1.59K,$1.98K,,,,4 yrs 2 mos,2022-04-20,4 yrs 2 mos,2022-04-20,0,,0,,1,https://twitter.com/DotDotDotFi,0,,1,https://t.me/dotdotfinance,Bsc,0,,No,,,,No,No,,,79.03%,0.00%
shibaverse,Shibaverse,63.02,,$13.71,,,,4 yrs 10 mos,2021-08-20,4 yrs 10 mos,2021-08-20,0,,0,,1,https://twitter.com/shibaverse_io,0,,0,,Ethereum,0,,No,,,,No,No,,,43.37%,0.00%
swapscanner,Swapscanner,63.08,,,,,,4 yrs 2 mos,2022-04-20,0 yrs 0 mos,2026-06-20,0,,1,https://github.com/swapscanner/klaystaking-core/tree/78bfa59413bcefc967670758c28f5933fe897452,1,https://twitter.com/swapscanner,0,,0,,,0,,Yes,1,,,No,No,,,,
xdoge,Xdoge,62.99,,,,,,2 yrs 10 mos,2023-08-20,2 yrs 2 mos,2024-04-20,0,,1,https://github.com/xdoge-base,1,https://twitter.com/xdoge_base,0,,1,https://t.me/xdoge_base,Base | Linea,0,,Yes,1,,,No,No,,,87.03%,0.00%
creampye,CreamPYE,63.79,,,,,,5 yrs 2 mos,2021-04-20,5 yrs 2 mos,2021-04-20,0,,0,,1,https://twitter.com/PyeEcosystem,0,,0,,Bsc,0,,No,,,,No,No,,,14.24%,1.79%
tsilver,tSILVER,62.89,,,,,,5 yrs 8 mos,2020-10-20,3 yrs 8 mos,2022-10-20,0,,1,https://github.com/aurus-gold,1,https://twitter.com/AurusOfficial,0,,1,https://t.me/AurusOfficial,Ethereum,0,,No,,,,No,No,,,98.35%,0.00%
duet,Duet Protocol,62.13,,$1.66,,,,5 yrs 2 mos,2021-04-20,4 yrs 5 mos,2022-01-20,0,,1,https://github.com/duet-protocol,1,https://twitter.com/duetprotocol,0,,0,,Bsc | Ethereum,0,,Yes,2,10/14/2022,Duet Protocol Duet/Zerogoki,No,No,,,85.91%,62.27%
glory-finance,Glory Finance,63.62,,,,,,3 yrs 4 mos,2023-02-20,3 yrs 3 mos,2023-03-20,0,,1,https://github.com/GloryFinance,1,https://twitter.com/GloryFinanceio,0,,0,,Bsc,0,,Yes,1,,,No,No,,,56.08%,0.10%
openex,OpenEX,63.08,,,,,,3 yrs 5 mos,2023-01-20,0 yrs 0 mos,2026-06-20,0,,0,,1,https://twitter.com/openex_network,0,,1,https://t.me/oex_en,Coredao,0,,Yes,1,,,No,No,,,,
compendium-finance,Compendium,61.63,$6.02K,$39.83,,,,5 yrs 2 mos,2021-04-20,0 yrs 0 mos,2026-06-20,0,,1,https://github.com/CompendiumFi,1,https://twitter.com/compendiumfi,1,https://discord.com/invite/64r2xtqczs,0,,Solana,0,,No,,,,No,No,,,,
pylon-eco-token,Pylon Eco Token,62.77,,,,,,4 yrs 10 mos,2021-08-20,4 yrs 10 mos,2021-08-20,0,,1,https://github.com/pylonecosystem,1,https://twitter.com/pylonecosystem,0,,0,,Bsc,0,,No,,,,No,No,,,67.03%,0.00%
txa,TXA,62.76,,,,,,5 yrs 1 mos,2021-05-20,5 yrs 1 mos,2021-05-20,0,,0,,1,https://twitter.com/Project_TXA,0,,0,,Ethereum,0,,Yes,1,,,No,No,,,83.85%,0.00%
soldex,Soldex,62.74,,,,,,4 yrs 11 mos,2021-07-20,0 yrs 0 mos,2026-06-20,0,,0,,1,https://twitter.com/soldexai,0,,1,https://t.me/Soldexai,Solana,0,,No,,,,No,No,,,,
mate,Mate,61.79,$1.41K,$125.36,,,,4 yrs 10 mos,2021-08-20,4 yrs 10 mos,2021-08-20,0,,0,,1,https://twitter.com/usemate_,0,,0,,Bsc,1,10/20/2021|,No,,,,No,No,,,81.10%,0.00%
mane,MANE,62.70,,,,,,2 yrs 9 mos,2023-09-20,2 yrs 9 mos,2023-09-20,0,,0,,1,https://twitter.com/themanetoken,0,,0,,Ethereum,1,03/02/2024|InterFi Network,No,,,,No,No,,,2.31%,0.00%
starkdefi,StarkDeFi,62.71,,$87.37K,,,,4 yrs 3 mos,2022-03-20,4 yrs 3 mos,2022-03-20,0,,1,https://github.com/Starkdefi,1,https://twitter.com/StarkDefi,0,,0,,Starknet | Sectors | DeFi | DEX | Socials,0,,No,,,,No,No,,,,
rabbitx,RabbitX,62.71,,,,,,3 yrs 1 mos,2023-05-20,3 yrs 1 mos,2023-05-20,0,,0,,1,https://twitter.com/rabbitx_io,0,,0,,Ethereum,0,,No,,,,No,No,,,88.63%,0.00%
fintoken,FinToken,62.66,,,,,,3 yrs 7 mos,2022-11-20,3 yrs 7 mos,2022-11-20,0,,1,https://github.com/Fintoken1105/contracts/tree/e3d9058a9886585001aff74453ed684925143d2f/FTC.sol,1,https://twitter.com/FinTokenOffic,0,,1,https://t.me/FintokenEN,Bsc | Ethereum,0,,Yes,1,11/17/2022,Fintoken Coin,No,No,,,94.44%,0.00%
rbx,RBX,62.49,,,,,,4 yrs 8 mos,2021-10-20,4 yrs 8 mos,2021-10-20,0,,1,https://github.com/RBX-Carbon,1,https://twitter.com/RBXtoken,0,,0,,Ethereum,2,06/04/2022|Cyberscope; 05/17/2022|Cyberscope,No,,,,No,No,,,99.98%,0.00%
beetradefinance,Bee Trade Finance,62.42,,,,,,4 yrs 5 mos,2022-01-20,4 yrs 5 mos,2022-01-20,0,,1,https://github.com/Bee-Trade-Finance/beetrade-finance-token-smart-contract/blob/main/Token.sol,1,https://x.com/BeeTradeChain,0,,0,,Avalanche,0,,Yes,1,,,No,No,,,100.00%,0.00%
hehe,HeHe,62.67,,,,,,2 yrs 9 mos,2023-09-20,2 yrs 9 mos,2023-09-20,0,,0,,1,https://twitter.com/hehememetoken,0,,0,,Ethereum | Bsc,0,,Yes,1,,,No,No,,,99.99%,0.00%
modex,Modex,69.76,,$19.62,,,,7 yrs 8 mos,2018-10-20,7 yrs 8 mos,2018-10-20,0,,0,,1,https://twitter.com/modex_tech,0,,0,,Ethereum,0,,No,,,,No,No,,,66.38%,0.00%
smashcash,Smash Cash,62.59,,,,,,8 yrs 10 mos,2017-08-20,4 yrs 7 mos,2021-11-20,0,,1,https://github.com/smashcash,1,https://twitter.com/smashcashio,0,,1,https://t.me/smashcashio,Bsc,0,,Yes,1,12/30/2021,Smash Cash,No,No,,,13.66%,2.28%
yoshi-exchange,Yoshi.exchange,62.47,$79.59K,$465.90,$4.00,$37.00,$449.06M,4 yrs 6 mos,2021-12-20,4 yrs 6 mos,2021-12-20,0,,0,,1,https://twitter.com/YoshiExchange,0,,0,,Ethereum,1,10/22/2021|,No,,,,No,No,,,76.05%,18.91%
mmfinance,Mad Meerkat Finance,59.96,$79.84K,$438.00,,,,4 yrs 6 mos,2021-12-20,0 yrs 0 mos,2026-06-20,0,,1,https://github.com/madmeerkatburrow/,1,https://twitter.com/MMFcrypto,0,,1,https://t.me/MMFCrypto,Cronos,0,,Yes,1,12/22/2021,MM Finance,No,No,,,,
horizondex,HorizonDEX,62.63,,,,,,3 yrs 0 mos,2023-06-20,0 yrs 0 mos,2026-06-20,0,,1,https://github.com/HorizonDex,1,https://twitter.com/horizondex_io,0,,0,,Linea | Base,3,07/11/2023|Hacken; 07/07/2023|Solidproof; 07/01/2023|Solidproof,No,,,,No,Yes,,,,
globiance-exchange-token,Globiance Exchange Token,62.69,,,,,,7 yrs 8 mos,2018-10-20,0 yrs 0 mos,2026-06-20,0,,0,,1,https://twitter.com/globiance,0,,0,,Xinfin | Sectors | Stablecoin | DEX | Socials,0,,No,,,,No,No,,,,
superbots,SuperBots,62.53,,$0.78,,,,5 yrs 3 mos,2021-03-20,5 yrs 3 mos,2021-03-20,0,,0,,1,https://twitter.com/SuperBots_Fi,0,,0,,Bsc,0,,Yes,1,,,No,No,,,43.76%,0.00%
swing_xyz,Swing,62.54,,$50.64K,,,,1 yrs 6 mos,2024-12-20,1 yrs 6 mos,2024-12-20,0,,0,,1,https://twitter.com/swing_xyz,0,,1,https://t.me/swingxyz,Ethereum | Solana,0,,No,,,,No,No,,,94.24%,0.00%
cronaswap,CronaSwap,62.51,,$118.21,,,,4 yrs 8 mos,2021-10-20,0 yrs 0 mos,2026-06-20,0,,1,https://github.com/cronaswap,1,https://twitter.com/cronaswap,0,,0,,,0,,Yes,1,,,No,No,,,,
dojoswap,Dojoswap,62.71,,,,,,4 yrs 7 mos,2021-11-20,4 yrs 7 mos,2021-11-20,0,,1,https://github.com/Shibnobi,1,https://twitter.com/Shib_nobi,0,,1,https://t.me/ShibnobiCommunity,Ethereum,0,,Yes,1,,,No,No,,,43.70%,0.00%
total-crypto-market-cap-token,Total Crypto Market Cap Token,62.37,,,,,,5 yrs 11 mos,2020-07-20,5 yrs 2 mos,2021-04-20,0,,1,https://github.com/cryptexfinance,1,https://twitter.com/cryptexfinance,0,,0,,Ethereum,0,,No,,,,No,No,,,96.57%,0.00%
zoocoin,ZooCoin,62.46,,,,,,5 yrs 2 mos,2021-04-20,0 yrs 0 mos,2026-06-20,0,,0,,1,https://twitter.com/CoinZoo,0,,0,,Fantom,0,,No,,,,No,No,,,,
spherium,Spherium,62.45,,,,,,4 yrs 12 mos,2021-06-20,4 yrs 12 mos,2021-06-20,0,,0,,1,https://twitter.com/spheriumfinance,0,,1,https://t.me/spheriumcommunity,Ethereum,2,02/20/2024|Blocksec; 01/17/2022|Blocksec,No,,,,No,No,,,99.90%,49.85%
comsats,Comsats,62.41,,,,,,2 yrs 6 mos,2023-12-20,2 yrs 6 mos,2023-12-20,0,,0,,1,https://twitter.com/comsats_io,0,,0,,Bitcoin,0,,No,,,,No,No,,,61.51%,0.00%
wrapped-energi,Wrapped-Energi,62.34,$150.54K,$476.33,,,,8 yrs 11 mos,2017-07-20,0 yrs 0 mos,2026-06-20,0,,1,https://github.com/energicryptocurrency,1,https://twitter.com/energi,1,https://discord.com/invite/sCtgNC3,1,https://t.me/energicrypto,,0,,No,,,,No,No,,,,
chaincade,ChainCade,62.89,,$6.86,,,,4 yrs 11 mos,2021-07-20,4 yrs 11 mos,2021-07-20,0,,1,https://github.com/chaincade,1,https://twitter.com/ChainCadeBSC,0,,1,https://t.me/chaincade,Bsc,0,,No,,,,No,No,,,13.14%,0.00%
euroe-stablecoin,EUROe Stablecoin,62.33,,$0.00,,,,3 yrs 11 mos,2022-07-20,3 yrs 5 mos,2023-01-20,0,,1,https://github.com/membranefi/,1,https://twitter.com/EUROemoney,0,,0,,,1,12/23/2022|Runtime Verification,No,,,,No,No,,,99.81%,0.00%
blind-boxes,Blind Boxes,62.18,$26.00,$269.87,,,,5 yrs 3 mos,2021-03-20,5 yrs 3 mos,2021-03-20,0,,1,https://github.com/BlindBoxesNFT,1,https://twitter.com/blindboxes_io,0,,1,https://t.me/blindboxes,Ethereum,0,,No,,,,No,No,,,34.84%,0.00%
xenify,Xenify,62.96,,,,,,3 yrs 1 mos,2023-05-20,2 yrs 6 mos,2023-12-20,0,,1,https://github.com/xenify-io,1,https://twitter.com/xenify_io,0,,0,,Bsc | Arbitrum,0,,No,,,,No,No,,,64.40%,0.00%
et-swap,ET Swap,62.41,,,,,,6 yrs 12 mos,2019-06-20,6 yrs 11 mos,2019-07-20,0,,1,https://github.com/wokiwill3/ETSWap/tree/e9b0b690ff99fd6aca482f8a1a1f04b6eecd95cb,1,https://twitter.com/ET_swap,0,,1,https://t.me/ETswapDaoLabs,Bsc | Ethereum,0,,Yes,1,,,No,No,,,,
pera-finance,Pera Finance,62.72,,,,,,5 yrs 4 mos,2021-02-20,4 yrs 2 mos,2022-04-20,0,,1,https://github.com/perafinance,1,https://twitter.com/perafinance,0,,1,https://t.me/perafinance,Avalanche,1,04/05/2022|Hacken,No,,,,No,No,,,92.76%,0.00%
malinka,Malinka,62.19,,$70.59K,$7.44M,$47.27M,$2.09B,4 yrs 11 mos,2021-07-20,,,0,,0,,1,https://twitter.com/PayCashTweet,0,,1,https://t.me/paycashchat,,0,,No,,,,No,No,,,,
btaf-token,BTAF token,62.57,,$14.67K,,,,4 yrs 7 mos,2021-11-20,3 yrs 8 mos,2022-10-20,0,,1,https://github.com/BTafPremiere,1,https://twitter.com/btaftoken,0,,0,,Bsc,0,,No,,,,No,No,,,83.57%,0.00%
kodiak-finance,Kodiak Finance,62.16,,$22.62K,,,,2 yrs 12 mos,2023-06-20,2 yrs 11 mos,2023-07-20,0,,1,https://github.com/kodiak-finance,1,https://twitter.com/KodiakFi,0,,1,https://t.me/KodiakIslandboys,Ethereum,0,,No,,,,No,No,,,,
dex-on-crypto,Dex On Crypto,62.15,,,,,,2 yrs 10 mos,2023-08-20,2 yrs 10 mos,2023-08-20,0,,0,,1,https://twitter.com/dexoncrypto,0,,0,,Bsc,1,08/20/2023|Cyberscope,No,,,,No,No,,,29.82%,0.00%
daex,DAEX,62.27,,,,,,8 yrs 4 mos,2018-02-20,8 yrs 4 mos,2018-02-20,0,,0,,1,https://twitter.com/daexblockchain,0,,1,https://t.me/DAEXOfficial_en,Ethereum,0,,No,,,,No,No,,,95.09%,0.00%
spaceswap,Spaceswap MILK2,62.14,$12.86K,$2.91,,,,5 yrs 8 mos,2020-10-20,5 yrs 8 mos,2020-10-20,0,,0,,1,https://twitter.com/spaceswapdefi,0,,0,,Ethereum,0,,No,,,,No,No,,,0.00%,0.00%
zoocrypto,ZOO - Crypto World,59.64,,$59.64,,,,4 yrs 11 mos,2021-07-20,4 yrs 11 mos,2021-07-20,0,,0,,1,https://twitter.com/zoogamepro,0,,1,https://t.me/zoo_crypto_world,Bsc,0,,Yes,1,,,No,No,,,48.17%,0.00%
tinyman,Tinyman,62.06,,$7.13K,"$465,107.00",$2.79M,$1.35B,5 yrs 1 mos,2021-05-20,0 yrs 0 mos,2026-06-20,0,,1,https://github.com/tinymanorg,1,https://x.com/tinymanorg,0,,1,https://t.me/tinymanofficial,Algorand,0,,No,,,,No,No,,,,
broken-bound,Broken Bound,62.85,,,,,,1 yrs 10 mos,2024-08-20,1 yrs 10 mos,2024-08-20,0,,0,,1,https://x.com/Broken_Bound_,0,,1,https://t.me/BrokenBoundX,Bsc | Ethereum,0,,Yes,1,10/18/2024,Broken Bound,No,No,,,82.55%,0.00%
kibble,Kibble,62.06,,,,,,1 yrs 3 mos,2025-03-20,1 yrs 3 mos,2025-03-20,0,,0,,1,https://x.com/KibbleExchange,0,,1,https://t.me/KibbleChat,Ton | Avalanche,0,,No,,,,No,No,,,99.03%,0.02%
anypad,Anypad,62.61,,$811.04,,,,4 yrs 10 mos,2021-08-20,4 yrs 10 mos,2021-08-20,0,,0,,1,https://twitter.com/AnyPadio,0,,1,https://t.me/anypad_chat,,0,,Yes,1,,,No,No,,,13.87%,0.00%
ordiswap,Ordiswap,61.89,,$675.15,,,,2 yrs 6 mos,2023-12-20,2 yrs 5 mos,2024-01-20,0,,1,https://github.com/ordiswap,1,https://twitter.com/OrdiswapLabs,0,,1,https://t.me/OrdiswapLabs,Bitcoin | Ethereum,0,,No,,,,No,No,,,24.33%,0.00%
cadence-protocol,Cadence Protocol,61.90,,,,,,2 yrs 5 mos,2024-01-20,2 yrs 5 mos,2024-01-20,0,,0,,1,https://twitter.com/CadenceProtocol,0,,0,,Canto | Sectors | DeFi | DEX | Socials,0,,No,,,,No,No,,,69.53%,0.00%
didswap,DIDSWAP,62.54,,$11.52,,,,3 yrs 0 mos,2023-06-20,3 yrs 0 mos,2023-06-20,0,,0,,1,https://twitter.com/DID_Swap,0,,0,,Bsc,0,,Yes,1,,,No,No,,,5.87%,0.00%
brewlabs,Brewlabs,61.92,,$250.23,,,,4 yrs 6 mos,2021-12-20,4 yrs 6 mos,2021-12-20,0,,0,,1,https://twitter.com/teambrewlabs,0,,0,,Bsc | Ethereum,0,,Yes,4,,,No,No,,,23.25%,0.00%
phoenix-blockchain,Phoenix Blockchain,61.76,,,,,,4 yrs 11 mos,2021-07-20,3 yrs 12 mos,2022-06-20,0,,1,https://github.com/Phoenix-Phire,1,https://twitter.com/phoenixblockchn,0,,0,,,1,07/18/2021|TechRate,No,,,,No,No,,,100.00%,0.00%
spume,Spume Protocol,61.89,,,,,,3 yrs 10 mos,2022-08-20,3 yrs 10 mos,2022-08-20,0,,0,,1,https://twitter.com/spumeio,0,,0,,Ethereum,0,,No,,,,No,No,,,41.95%,0.00%
timeswap,Timeswap,61.80,$122.15K,$0.18,,,,5 yrs 6 mos,2020-12-20,5 yrs 6 mos,2020-12-20,0,,1,https://github.com/Timeswap-Labs,1,https://twitter.com/TimeswapLabs,1,https://discord.com/invite/timeswap,0,,Arbitrum | Ethereum,0,,No,,,,No,No,,,,
dpex,Dpex,56.42,,$20.04,,,,3 yrs 6 mos,2022-12-20,3 yrs 6 mos,2022-12-20,0,,1,https://github.com/DPEX-io/,1,https://twitter.com/DPEX_io,0,,1,https://t.me/dpex_io,Polygon,0,,Yes,1,,,No,No,,,,
acsi-finance,Acsi Finance,62.26,,$1.41,,,,5 yrs 6 mos,2020-12-20,5 yrs 6 mos,2020-12-20,0,,0,,1,https://twitter.com/acryptosdao,0,,1,https://t.me/acryptos,Bsc,0,,No,,,,No,No,,,100.00%,0.00%
mars-doge,Mars Doge,61.72,,,,,,4 yrs 11 mos,2021-07-20,4 yrs 8 mos,2021-10-20,0,,1,https://github.com/MarsDogeToken,1,https://twitter.com/MarsDogeToken,0,,0,,Bsc,0,,Yes,1,,,No,No,,,16.13%,0.00%
pibridge,PiBridge,62.22,,$267.29,,,,3 yrs 8 mos,2022-10-20,3 yrs 8 mos,2022-10-20,0,,0,,1,https://twitter.com/PiBridgeOrg,0,,0,,Bsc,1,11/04/2022|Verichains,No,,,,No,No,,,97.51%,0.02%
safeswap,SafeSwap,61.69,,$136.37,,,,4 yrs 7 mos,2021-11-20,4 yrs 7 mos,2021-11-20,0,,0,,1,https://twitter.com/YfdaiF,0,,1,https://t.me/ssgtofficial,,0,,No,,,,No,No,,,76.46%,0.00%
falxdex,FalXDex,61.68,$92.44K,$5.10,,,,,,,,0,,0,,1,https://x.com/FalxDex,0,,0,,Solana,4,10/03/2024|Solidproof; 09/30/2024|Solidproof; 09/14/2024|Solidproof; 08/25/2024|Solidproof,No,,,,No,No,,,,
my-liquidity-partner,My Liquidity Partner,61.67,,,,,,4 yrs 1 mos,2022-05-20,4 yrs 1 mos,2022-05-20,0,,0,,1,https://twitter.com/MyLiquidity_MLP,0,,0,,Ethereum,0,,No,,,,No,No,,,96.90%,0.00%
leonicornswap,Leonicorn Swap,62.21,,,$1.00,$35.00,$71.69M,5 yrs 0 mos,2021-06-20,4 yrs 12 mos,2021-06-20,0,,1,https://github.com/Leonicornswap,1,https://twitter.com/swapleonicorn,0,,1,https://t.me/leonicornswap,Bsc,0,,Yes,1,,,No,No,,,4.18%,0.28%
1sol,1Sol,61.63,,,,,,5 yrs 1 mos,2021-05-20,4 yrs 7 mos,2021-11-20,0,,1,https://github.com/1sol-io,1,https://twitter.com/1solProtocol,0,,1,https://t.me/onesolcommunity,Ethereum,2,11/11/2021|Fairyproof; 11/08/2021|Fairyproof,No,,,,No,No,,,99.53%,0.00%
aloha,Aloha,61.59,,,,,,5 yrs 5 mos,2021-01-20,5 yrs 5 mos,2021-01-20,0,,1,https://github.com/Aloha-Open-Wifi,1,https://twitter.com/AlohaDefi,0,,0,,Ethereum,0,,No,,,,No,No,,,94.01%,0.00%
dexpools,Dexpools,61.27,,,,,,5 yrs 0 mos,2021-06-20,4 yrs 4 mos,2022-02-20,0,,1,https://github.com/Dexpools,1,https://twitter.com/DexPools,0,,0,,Ethereum,0,,No,,,,No,No,,,99.34%,0.00%
nucleon,Nucleon,61.51,,$59.42,,,,4 yrs 3 mos,2022-03-20,0 yrs 0 mos,2026-06-20,0,,0,,1,https://twitter.com/OfficialNucleon,0,,1,https://t.me/nucleonspace,Conflux,0,,No,,,,No,No,,,,
crir-msh,CRIR MSH,62.01,,,,,,4 yrs 11 mos,2021-07-20,4 yrs 11 mos,2021-07-20,0,,1,https://github.com/crirmsh,1,https://twitter.com/CRIR_MSH,0,,1,https://t.me/MSH_WORLD_GROUP,Bsc,1,09/30/2021|TechRate,No,,,,No,No,,,9.17%,0.00%
hmx,HMX,61.37,,,,,,3 yrs 10 mos,2022-08-20,3 yrs 0 mos,2023-06-20,0,,0,,1,https://twitter.com/HMXorg,0,,0,,Arbitrum,0,,No,,,,No,No,,,99.11%,0.00%
balancer-boosted-aave-usdc,Balancer Boosted Aave USDC,61.14,,,,,,3 yrs 10 mos,2022-08-20,3 yrs 10 mos,2022-08-20,0,,1,https://github.com/balancer-labs,1,https://twitter.com/Balancer,0,,0,,Ethereum,0,,No,,,,No,No,,,100.00%,0.00%
stronghands-finance,StrongHands Finance,61.04,,,,,,4 yrs 4 mos,2022-02-20,4 yrs 4 mos,2022-02-20,0,,1,https://github.com/stronghandsblockchain,1,https://twitter.com/shndxofficial,0,,1,https://t.me/StrongHands,Ethereum,0,,No,,,,No,No,,,5.75%,0.00%
bitx,Bitx,61.35,,,,,,12 yrs 8 mos,2013-10-20,0 yrs 0 mos,2026-06-20,0,,0,,1,https://twitter.com/BitX_Brc20,0,,1,https://t.me/+dAfQrta0lfI0ODk8,Bitcoin | Brc-20,1,11/15/2023|Cyberscope,No,,,,No,No,,,,
metria,Metria,61.14,,,,,,4 yrs 4 mos,2022-02-20,4 yrs 4 mos,2022-02-20,0,,0,,1,https://twitter.com/metria_network,0,,1,https://t.me/MetriaNetwork,Ethereum,0,,No,,,,No,No,,,99.75%,0.00%
titano,Titano,61.12,,,"$2,533.00","$10,115.00",$60.39M,4 yrs 7 mos,2021-11-20,4 yrs 1 mos,2022-05-20,0,,1,https://github.com/titano-finance,1,https://twitter.com/TitanoFinance,0,,0,,Bsc,0,,Yes,1,,,No,No,,,0.36%,9.59%
yodeswap,YodeSwap,61.15,$3.46K,$1.62,$0,$0,$58.68M,2 yrs 5 mos,2024-01-20,0 yrs 0 mos,2026-06-20,0,,0,,1,https://twitter.com/Yodeswap,0,,1,https://t.me/YodeSwap,Dogecoin | Sectors | DEX | Socials,0,,No,,,,No,No,,,,
luna-inu-,Luna Inu,62.89,$326.32K,$18.37K,,,,4 yrs 1 mos,2022-05-20,4 yrs 1 mos,2022-05-20,0,,0,,1,https://twitter.com/Luna_Inu_ERC20,0,,1,https://t.me/linu_v1,Ethereum,0,,No,,,,No,No,,,16.10%,0.00%
payrue-propel,PayRue (Propel),61.06,,$0.00,,,,5 yrs 9 mos,2020-09-20,5 yrs 9 mos,2020-09-20,0,,1,https://github.com/PayRueOrg,1,https://twitter.com/pay_rue,1,https://discord.com/invite/j6FN4kZk2R,0,,Bsc,0,,No,,,,No,No,,,100.00%,0.00%
kawakami,Kawakami,60.94,,,,,,5 yrs 0 mos,2021-06-20,4 yrs 3 mos,2022-03-20,0,,1,https://github.com/kawatoken,1,https://twitter.com/Kawakami_io,0,,0,,Ethereum,0,,Yes,1,,,No,No,,,12.60%,0.00%
firefly,Firefly,60.98,,,$143.00,$572.00,$15.87M,2 yrs 4 mos,2024-02-20,0 yrs 0 mos,2026-06-20,0,,0,,1,https://x.com/FireFlydexZK,0,,0,,Manta | Sectors | DeFi | DEX | Socials,0,,No,,,,No,No,,,,
sashimi,Sashimi,60.96,$52.61K,$2.16,,,,5 yrs 9 mos,2020-09-20,5 yrs 9 mos,2020-09-20,0,,0,,1,https://twitter.com/SASHIMISASHIMI5,0,,0,,Ethereum,0,,No,,,,No,No,,,85.61%,1.78%
ignitechain,Ignitechain,60.96,,,,,,4 yrs 5 mos,2022-01-20,3 yrs 10 mos,2022-08-20,0,,1,https://github.com/ignitechain/,1,https://twitter.com/ignitechain,0,,1,https://t.me/IgniteChain,Bsc,0,,Yes,1,,,No,No,,,61.51%,0.01%
tigris,Tigris,60.99,,,,,,3 yrs 10 mos,2022-08-20,3 yrs 0 mos,2023-06-20,0,,1,https://github.com/Tigris-Trade,1,https://twitter.com/TigrisTrades,0,,1,https://t.me/tigristrade,Arbitrum,1,08/30/2022|InterFi Network,No,,,,No,No,,,,
wrapped-besc,Wrapped BESC,61.08,,$12.17K,,,,3 yrs 3 mos,2023-03-20,3 yrs 3 mos,2023-03-20,0,,0,,1,https://twitter.com/BESCLLC,0,,0,,Bsc,0,,No,,,,No,No,,,42.17%,0.00%
oolongswap,OolongSwap,61.01,,,$630.00,"$8,028.00",$1.15B,4 yrs 9 mos,2021-09-20,0 yrs 0 mos,2026-06-20,0,,1,https://github.com/OolongSwap/oolongswap-deployments/,1,https://twitter.com/oolongswap,0,,1,https://t.me/oolongswap,,0,,Yes,1,10/15/2021,OolongSwap,No,No,,,,
varen,Varen,60.89,,,,,,5 yrs 1 mos,2021-05-20,5 yrs 1 mos,2021-05-20,0,,0,,1,https://twitter.com/varenfinance,0,,1,https://t.me/varenfinance,Ethereum,0,,No,,,,No,No,33,10K,38.65%,0.00%
chargedefi,Charge DeFi,61.35,,$29.03,,,,4 yrs 7 mos,2021-11-20,4 yrs 7 mos,2021-11-20,0,,0,,1,https://twitter.com/BloomifyApp,0,,0,,Bsc,0,,Yes,2,,,No,No,,,41.14%,0.00%
sat-is,Sat.is,60.66,,,,,,4 yrs 8 mos,2021-10-20,4 yrs 8 mos,2021-10-20,0,,1,https://github.com/Satis-Foundation/Satis-core/tree/cf32f01d928dc2f81fdd238300e71f150c211f6b/contracts/v2,1,https://twitter.com/SatisDEX,0,,0,,Arbitrum | Avalanche,0,,Yes,1,,,No,No,,,,
neocortexai,NeoCortexAI,60.87,,,,,,3 yrs 3 mos,2023-03-20,3 yrs 3 mos,2023-03-20,0,,0,,1,https://twitter.com/NeoCortexAI,0,,1,https://t.me/NeoCortexAI,,2,04/20/2024|Solidproof; 03/01/2023|Solidproof,No,,,,No,No,,,88.51%,36.35%
agile-finance,Agile Finance,60.86,,,,,,4 yrs 8 mos,2021-10-20,0 yrs 0 mos,2026-06-20,0,,1,https://github.com/agiledefi,1,https://twitter.com/agiledefi,0,,1,https://t.me/agiledefi,,0,,Yes,1,11/15/2021,Agile Finance,No,No,,,,
chilliswap,ChilliSwap,60.75,,$0.00,,,,5 yrs 2 mos,2021-04-20,4 yrs 7 mos,2021-11-20,0,,1,https://github.com/Chilliswap-org,1,https://twitter.com/chilliswapdex,0,,1,https://t.me/ChilliSwap,,0,,Yes,1,,,No,No,,,99.68%,0.00%
fortuneum,Fortuneum,61.49,,,,,,3 yrs 7 mos,2022-11-20,3 yrs 7 mos,2022-11-20,0,,0,,1,https://twitter.com/FortuneumPOS,0,,1,https://t.me/FortuneumOfficial,Bsc,0,,Yes,1,11/18/2022,FORTUNE,No,No,,,60.01%,0.00%
psyop,Psyop,60.69,,$0.00,,,,3 yrs 1 mos,2023-05-20,3 yrs 1 mos,2023-05-20,0,,0,,1,https://twitter.com/psyopeth,0,,0,,Ethereum,0,,No,,,,No,No,,,98.61%,0.00%
elf-wallet,ELF Wallet,61.12,,$300.09,,,,3 yrs 9 mos,2022-09-20,3 yrs 9 mos,2022-09-20,0,,1,https://github.com/ELF-Wallet,1,https://twitter.com/ElfWallet,0,,1,https://t.me/ElfWallet_Global,Bsc,0,,No,,,,No,No,,,8.12%,0.00%
golden-doge,Golden Doge,60.71,$55.16K,$1.12,,,,4 yrs 11 mos,2021-07-20,4 yrs 11 mos,2021-07-20,0,,1,https://github.com/Golden-Doge-Token,1,https://twitter.com/GoldenDoge11,0,,0,,Bsc,0,,No,,,,No,No,,,1.29%,16.87%
dfyn-network,Dfyn Network,60.69,$46.99K,$717.26,"$4,711.00","$27,729.00",$2.91B,5 yrs 8 mos,2020-10-20,5 yrs 1 mos,2021-05-20,0,,1,https://github.com/dfyn,1,https://twitter.com/_dfyn,0,,0,,Ethereum | Polygon,0,,No,,,,No,No,5,19M,67.99%,0.00%
pankuku,panKUKU,60.66,,$0.00,,,,4 yrs 6 mos,2021-12-20,4 yrs 6 mos,2021-12-20,0,,0,,1,https://twitter.com/pankukuofficial,0,,1,https://t.me/pankuku,Bsc,1,05/02/2022|Cyberscope,No,,,,No,No,,,70.46%,8.06%
spacefi,SpaceFi,60.77,,,,,,5 yrs 1 mos,2021-05-20,0 yrs 0 mos,2026-06-20,0,,0,,1,https://twitter.com/spacefi_io,0,,0,,Zksync,0,,No,,,,No,No,,,,
black-stallion,Black Stallion,61.19,,,,,,3 yrs 8 mos,2022-10-20,3 yrs 8 mos,2022-10-20,0,,0,,1,https://twitter.com/blackstallionio,0,,1,https://t.me/blackstallion_io,,1,02/11/2023|InterFi Network,No,,,,No,No,,,99.99%,0.00%
pink-panda,Pink Panda,61.25,,$0.00,,,,5 yrs 0 mos,2021-06-20,5 yrs 0 mos,2021-06-20,0,,0,,1,https://twitter.com/pinkpandadefi,0,,0,,Bsc,0,,Yes,1,,,No,No,,,1.08%,0.00%
firulais,Firulais,60.57,,,,,,5 yrs 0 mos,2021-06-20,5 yrs 0 mos,2021-06-20,0,,0,,1,https://twitter.com/FinanceFirulais,0,,1,https://t.me/FirulaisFinance,Ethereum,1,06/15/2021|TechRate,No,,,,No,No,,,28.75%,0.00%
mintswap,MintSwap,61.12,,$7.86K,,,,4 yrs 7 mos,2021-11-20,4 yrs 7 mos,2021-11-20,0,,0,,1,https://twitter.com/minty_ai_26,0,,1,https://t.me/MintSwap_Avax,Bsc | Avalanche,0,,Yes,1,,,No,No,,,57.93%,11.92%
phame,Phame,60.56,,,,,,3 yrs 12 mos,2022-06-20,58 yrs 0 mos,1968-06-20,0,,0,,1,https://twitter.com/Phamouscrypto,0,,1,https://t.me/phamousX,Ethereum | Pulsechain,0,,Yes,1,,,No,No,,,,
hydro-protocol,Hydro Protocol,60.54,$599.43K,$0.00,,,,8 yrs 5 mos,2018-01-20,8 yrs 5 mos,2018-01-20,0,,1,https://github.com/HydroProtocol,1,https://twitter.com/protocol_hydro,0,,1,https://t.me/hydroprotocol,Ethereum,0,,No,,,,No,No,,,91.75%,0.00%
mango-markets,Mango,60.54,$34.00M,$761.81,,,,5 yrs 6 mos,2020-12-20,0 yrs 0 mos,2026-06-20,0,,1,https://github.com/blockworks-foundation,1,https://twitter.com/mangomarkets,0,,0,,Solana,0,,No,,,,No,No,,,,
yetiswap,YetiSwap,61.21,,,,,,5 yrs 4 mos,2021-02-20,5 yrs 3 mos,2021-03-20,0,,1,https://github.com/YetiSwap,1,https://twitter.com/YetiSwap,0,,1,https://t.me/YetiSwap,Avalanche,0,,No,,,,No,No,,,64.72%,0.00%
tata-coin,TATA Coin,61.07,,$14.51K,,,,4 yrs 6 mos,2021-12-20,4 yrs 6 mos,2021-12-20,0,,1,https://github.com/TATACoinOfficial,1,https://twitter.com/TATA_Coin,0,,1,https://t.me/TATACoinGroup,Bsc,0,,No,,,,No,No,,,14.97%,0.00%
cherry-network,Cherry Network,61.28,,$0.06,,,,5 yrs 7 mos,2020-11-20,4 yrs 11 mos,2021-07-20,0,,1,https://github.com/CherryNetwork,1,https://twitter.com/cherry_network,0,,1,https://t.me/cherrynetwork,Bsc,0,,No,,,,No,No,,,58.37%,0.00%
mocktailswap,MocktailSwap,61.24,,,,,,5 yrs 3 mos,2021-03-20,5 yrs 1 mos,2021-05-20,0,,1,https://github.com/MocktailSwap/,1,https://twitter.com/MocktailSwap,0,,1,https://t.me/MocktailSwap,Bsc,0,,Yes,1,,,No,No,,,84.79%,5.59%
hybra-finance,Hybra Finance,60.38,,,$2.09M,$15.51M,$4.22B,1 yrs 1 mos,2025-05-20,,,0,,0,,1,https://x.com/HybraFinance,0,,0,,Hyperliquid | Sectors | DeFi | DEX | Socials,0,,No,,,,No,No,,,,
brc-20-dex,BRC-20 DEX,60.41,,,,,,3 yrs 0 mos,2023-06-20,2 yrs 4 mos,2024-02-20,0,,1,https://github.com/BRC20DEX,1,https://twitter.com/Brc_20dex,0,,1,https://t.me/brc_20dex,Bitcoin | Brc-20,1,01/21/2024|InterFi Network,No,,,,No,No,,,28.37%,0.00%
bika,BIKA,60.36,,,,,,3 yrs 7 mos,2022-11-20,1 yrs 0 mos,2025-06-20,0,,0,,1,https://twitter.com/BIKAGlobal_,0,,0,,,0,,Yes,,,,No,No,,,,
hidoodles,hiDOODLES,60.33,,,,,,3 yrs 11 mos,2022-07-20,3 yrs 9 mos,2022-09-20,0,,1,https://github.com/FractonProtocol,1,https://twitter.com/FractonProtocol,0,,1,https://t.me/FractonX,Ethereum,0,,No,,,,No,No,,,84.23%,0.00%
cherryswap,CherrySwap,60.32,,,$0,$0,$3.31B,4 yrs 7 mos,2021-11-20,4 yrs 7 mos,2021-11-20,0,,0,,1,https://twitter.com/CherryswapNet,0,,1,https://t.me/cherryswap_1st,Oktc,0,,Yes,1,,,No,No,,,98.49%,93.32%
velorex,Velorex,60.28,,$248.17,,,,5 yrs 0 mos,2021-06-20,5 yrs 0 mos,2021-06-20,0,,0,,1,https://twitter.com/VelorexOfficial,0,,1,https://t.me/velorex_net,,0,,Yes,1,,,No,No,,,57.04%,0.00%
ercprotocol,ErcProtocol,60.44,,,,,,3 yrs 3 mos,2023-03-20,3 yrs 3 mos,2023-03-20,0,,0,,1,https://twitter.com/ErcProtocol,0,,0,,Ethereum,0,,Yes,1,,,No,No,,,99.04%,0.00%
msx,MSX,60.05,,,,,,1 yrs 2 mos,2025-04-20,0 yrs 6 mos,2025-12-20,0,,0,,1,https://x.com/MSX_CN,0,,0,,Ethereum | Bsc,0,,No,,,,No,No,,,,
czred,CZRED,60.22,,,,,,3 yrs 6 mos,2022-12-20,3 yrs 6 mos,2022-12-20,0,,1,https://github.com/chinese-zodiac,1,https://twitter.com/zodiacs_c,0,,1,https://t.me/CZodiacofficial,Bsc,0,,No,,,,No,No,,,94.31%,14.46%
decaswap-finance,Decaswap Finance,60.85,,,,,,4 yrs 1 mos,2022-05-20,4 yrs 1 mos,2022-05-20,0,,0,,1,https://twitter.com/Deca_dao,0,,0,,Bsc,0,,Yes,2,10/15/2022,Decaswap Decaswap Finance,No,No,,,99.38%,0.00%
izumi-bond-usd,iZUMi Bond USD,58.01,,$24.17,,,,5 yrs 0 mos,2021-06-20,4 yrs 1 mos,2022-05-20,0,,1,https://github.com/IzumiFinance/,1,https://twitter.com/izumi_Finance,0,,1,https://t.me/izumifinance,Ethereum,0,,No,,,,No,No,,,99.26%,59.97%
youswap,YouSwap,60.18,,,,,,5 yrs 2 mos,2021-04-20,0 yrs 0 mos,2026-06-20,0,,1,https://github.com/youswap/,1,https://twitter.com/YouSwap_Global,0,,1,https://t.me/youswapglobalofficial,,0,,Yes,1,,,No,No,,,,
byreal,Byreal,60.17,,,,,,1 yrs 1 mos,2025-05-20,8 yrs 0 mos,2018-06-20,0,,0,,1,https://x.com/byreal_io,0,,1,https://t.me/Byreal_global,Solana,0,,No,,,,No,No,,,,
kenshi,Kenshi,60.16,,,,,,4 yrs 1 mos,2022-05-20,4 yrs 1 mos,2022-05-20,0,,1,https://github.com/KenshiTech,1,https://twitter.com/KenshiTech,0,,1,https://t.me/KenshiTech,Bsc,0,,No,,,,No,No,,,30.61%,5.05%
splash,Splash,60.16,,,"$4,618.00","$68,720.00",$248.07M,2 yrs 6 mos,2023-12-20,0 yrs 0 mos,2026-06-20,0,,0,,1,https://x.com/splashprotocol,0,,0,,Cardano,0,,No,,,,No,No,,,,
openswap,OpenSwap,60.15,,$0.34,,,,5 yrs 1 mos,2021-05-20,5 yrs 1 mos,2021-05-20,0,,0,,1,https://twitter.com/openswapdex,0,,1,https://t.me/openswapdex,Bsc,0,,No,,,,No,No,,,99.95%,0.00%
ion-dao,ION DAO,60.32,,,,,,4 yrs 4 mos,2022-02-20,0 yrs 0 mos,2026-06-20,0,,0,,1,https://twitter.com/_IONDAO,0,,1,https://t.me/IONGovernanceWorkingGroup,Cosmos,0,,No,,,,No,No,,,,
nutgain,NUTGAIN,60.48,,$18.12K,,,,4 yrs 9 mos,2021-09-20,4 yrs 3 mos,2022-03-20,0,,1,https://github.com/nutgain,1,https://twitter.com/nutgainofficial,0,,0,,Bsc,3,04/21/2022|Cyberscope; 03/12/2022|Cyberscope; 01/02/2022|InterFi Network,No,,,,No,No,,,8.99%,0.00%
proteo-defi,Proteo DeFi,60.08,$23.35K,$125.23,,,,4 yrs 3 mos,2022-03-20,0 yrs 0 mos,2026-06-20,0,,0,,1,https://twitter.com/ProteoDefi,0,,1,https://t.me/proteodefi,Multiversx | Sectors | DEX | Socials,0,,No,,,,No,No,,,,
minereum-bsc,Minereum BSC,60.80,,,,,,5 yrs 0 mos,2021-06-20,5 yrs 0 mos,2021-06-20,0,,0,,1,https://twitter.com/minereumtoken,0,,0,,Bsc,0,,No,,,,No,No,,,0.00%,0.00%
haretoken,Hare Token,60.06,,$11.84,,,,5 yrs 0 mos,2021-06-20,5 yrs 0 mos,2021-06-20,0,,0,,1,https://twitter.com/Hare_token,0,,1,https://t.me/Hare_En,Bsc,0,,Yes,1,,,No,No,,,0.53%,0.00%
sandwich-network,Sandwich Network,60.49,,$10.38,,,,4 yrs 6 mos,2021-12-20,4 yrs 6 mos,2021-12-20,0,,0,,1,https://twitter.com/NetworkSandwich,0,,0,,,0,,Yes,1,,,No,No,,,55.29%,0.00%
goosefx,GooseFX,60.40,,,$0,$0,$170.51M,5 yrs 0 mos,2021-06-20,0 yrs 0 mos,2026-06-20,0,,1,https://github.com/GooseFX1,1,https://twitter.com/GooseFX1,1,https://discord.com/invite/cDEPXpY26q,1,https://t.me/goosefx,Solana,0,,No,,,,No,No,,,,
knightswap,KnightSwap,60.41,,$629.90,"$2,665.00","$11,422.00",$117.06M,4 yrs 7 mos,2021-11-20,4 yrs 7 mos,2021-11-20,0,,1,https://github.com/Knightswap,1,https://twitter.com/KnightEcosystem,0,,0,,Bsc,0,,No,,,,No,No,,,48.68%,24.02%
garden-finance,Garden Finance,59.97,,,,,,2 yrs 5 mos,2024-01-20,2 yrs 5 mos,2024-01-20,0,,0,,1,https://x.com/gardenfi,0,,0,,Ethereum,1,04/04/2025|Zellic,No,,,,No,No,,,98.95%,0.00%
shake,Spaceswap SHAKE,60.10,,,,,,5 yrs 8 mos,2020-10-20,5 yrs 8 mos,2020-10-20,0,,0,,1,https://twitter.com/spaceswapdefi,0,,0,,Ethereum,0,,No,,,,No,No,,,76.82%,0.00%
hippo-swap,Hippo Swap,59.92,,,,,,1 yrs 5 mos,2025-01-20,1 yrs 5 mos,2025-01-20,0,,0,,1,https://x.com/Hippo_Swap,0,,1,https://t.me/hippo_scroll,Base | Scroll,0,,No,,,,No,No,,,99.94%,0.01%
muskswapclub,MuskSwap,59.92,,,,,,2 yrs 5 mos,2024-01-20,2 yrs 5 mos,2024-01-20,0,,0,,1,https://x.com/MuskSwapClub,0,,1,https://t.me/MuskSwapFinance,Bsc | Ethereum,0,,Yes,1,,,No,No,,,,
tapswapfinance,TapSwap Finance,59.91,,,,,,5 yrs 2 mos,2021-04-20,5 yrs 2 mos,2021-04-20,0,,0,,1,https://twitter.com/tapswapdex,0,,0,,Bsc,0,,Yes,,,,No,No,,,,
xfai,XFai,59.91,,$67.33,"$4,555.00","$33,700.00",$22.89M,5 yrs 5 mos,2021-01-20,5 yrs 2 mos,2021-04-20,0,,1,https://github.com/Xfai-labs,1,https://twitter.com/xfai_official,0,,1,https://t.me/xfaiofficial,,0,,No,,,,No,No,,,94.02%,0.00%
empiretoken,Empire Token,60.62,,$0.82,,,,5 yrs 0 mos,2021-06-20,5 yrs 0 mos,2021-06-20,0,,0,,1,https://twitter.com/RealEmpireToken,0,,0,,Bsc,0,,Yes,2,,,No,No,,,41.10%,10.19%
yffii-finance,YFFII Finance,59.65,$0.00,$0.00,,,,4 yrs 10 mos,2021-08-20,4 yrs 10 mos,2021-08-20,0,,0,,1,https://twitter.com/yffiifinance,0,,0,,Bsc,0,,No,,,,No,No,,,35.81%,0.00%
blizzard-network,Blizzard Network,59.87,,,,,,4 yrs 6 mos,2021-12-20,4 yrs 6 mos,2021-12-20,0,,0,,1,https://twitter.com/BlizzardAVAX,0,,0,,Avalanche,1,10/01/2021|Hacken,No,,,,No,No,,,20.60%,0.00%
polydex,PolyDex,59.94,,,,,,5 yrs 0 mos,2021-06-20,5 yrs 1 mos,2021-05-20,0,,1,https://github.com/polydex-fi,1,https://twitter.com/PolyDexfi,0,,1,https://t.me/polydexfi,Polygon,0,,Yes,1,10/18/2021,polydex PolyDex v2 PolyDex Polydex - Addendem,No,No,,,58.78%,57.37%
asgardx,AsgardX,60.10,,,,,,3 yrs 4 mos,2023-02-20,3 yrs 4 mos,2023-02-20,0,,0,,1,https://twitter.com/asgardx_world,0,,1,https://t.me/AsgardXOfficial,,1,02/01/2023|Cyberscope,No,,,,No,No,,,,
fibswap,Fibswap,60.42,,,,,,4 yrs 11 mos,2021-07-20,4 yrs 11 mos,2021-07-20,0,,0,,1,https://twitter.com/FibSwap,0,,1,https://t.me/FibSwapOfficial,Bsc,0,,Yes,2,,,No,No,,,64.07%,2.84%
mummy-finance,Mummy Finance,59.94,$69.34K,$212.70,$0,$0,$1.86B,2 yrs 6 mos,2023-12-20,0 yrs 0 mos,2026-06-20,0,,0,,1,https://twitter.com/NaviExSonic,0,,0,,Fantom,0,,No,,,,No,No,7,1M,,
saber,Saber,59.78,,$3.94K,"$64,702.00","$892,279.00",$6.54B,5 yrs 1 mos,2021-05-20,0 yrs 0 mos,2026-06-20,0,,1,https://github.com/saber-hq,1,https://twitter.com/Saber_HQ,0,,0,,,0,,No,,,,No,No,,,,
levana-protocol,Levana Protocol,61.06,$466.31K,$43.23,,,,5 yrs 1 mos,2021-05-20,0 yrs 0 mos,2026-06-20,0,,0,,1,https://twitter.com/Levana_protocol,0,,1,https://t.me/levanaprotocol,Sei | Cosmos,0,,No,,,,No,No,,,,
equalizer-dex,Equalizer DEX,59.81,,,$961.00,"$6,766.00",$1.43B,3 yrs 10 mos,2022-08-20,0 yrs 0 mos,2026-06-20,0,,1,https://github.com/Equalizer-Exchange,1,https://twitter.com/Equalizer0x,0,,0,,Fantom,0,,No,,,,No,No,,,,
polydefi,POLYDeFI,59.80,,,,,,4 yrs 10 mos,2021-08-20,4 yrs 9 mos,2021-09-20,0,,1,https://github.com/polydefi-org,1,https://twitter.com/polydefi,0,,1,https://t.me/polydefi_community,Polygon,1,10/21/2021|Paladinsec,No,,,,No,No,,,95.78%,0.00%
anchorswap,AnchorSwap,60.54,,,,,,4 yrs 10 mos,2021-08-20,4 yrs 10 mos,2021-08-20,0,,1,https://github.com/anchorswap,1,https://twitter.com/Anchor_Finance,0,,1,https://t.me/anchorswap,Bsc,0,,No,,,,No,No,,,94.24%,90.63%
swapx-v2,SwapX V2,59.73,,$647.82,$197.00,$960.00,$69.07M,5 yrs 0 mos,2021-06-20,0 yrs 0 mos,2026-06-20,0,,0,,1,https://x.com/SwapXfi,0,,0,,Fantom,0,,No,,,,No,No,,,,
zigzag,ZigZag,59.65,,,$0,$0,$455.72M,4 yrs 9 mos,2021-09-20,4 yrs 0 mos,2022-06-20,0,,1,https://github.com/ZigZagExchange,1,https://twitter.com/ZigZagExchange,0,,0,,Ethereum,0,,No,,,,No,No,,,57.25%,0.00%
rex-io,bsc-rex.io,59.96,,$144.87,,,,3 yrs 12 mos,2022-06-20,3 yrs 12 mos,2022-06-20,0,,0,,1,https://twitter.com/rex_token,0,,1,https://t.me/newrextoken,Bsc,0,,Yes,1,,,No,No,,,10.65%,0.00%
astroswap,AstroSwap,59.73,$2.90K,$9.52,$0,$0,$186.21M,4 yrs 8 mos,2021-10-20,4 yrs 8 mos,2021-10-20,0,,0,,1,https://twitter.com/AstroSwapApp,0,,0,,Bsc,0,,No,,,,No,No,,,46.37%,0.01%
projectx,Project X,59.67,,,,,,4 yrs 9 mos,2021-09-20,4 yrs 9 mos,2021-09-20,0,,0,,1,https://twitter.com/projectx_nft,0,,1,https://t.me/Official_ProjectX,Bsc,0,,No,,,,No,No,,,100.00%,0.00%
turboflow,TurboFlow,59.65,,,,,,2 yrs 11 mos,2023-07-20,,,0,,0,,1,https://x.com/TurboFlow_xyz,0,,0,,,0,,No,,,,No,No,,,,
gmd-protocol,GMD Protocol,59.55,,,,,,3 yrs 7 mos,2022-11-20,3 yrs 7 mos,2022-11-20,0,,1,https://github.com/saulgoodmandev,1,https://twitter.com/GMDprotocol,0,,0,,Arbitrum,1,11/03/2022|SourceHat,No,,,,No,No,,,,
sixnetwork,Definix,59.62,,$4.47,,,,8 yrs 3 mos,2018-03-20,5 yrs 2 mos,2021-04-20,0,,1,https://github.com/thesixnetwork,1,https://twitter.com/DefinixOfficial,0,,1,https://t.me/SIXnetwork,Bsc,0,,Yes,4,,,No,No,,,52.97%,17.58%
cablesfinancedex,Cables Finance DEX,59.79,,,,,,5 yrs 2 mos,2021-04-20,,,0,,0,,1,https://twitter.com/CablesFinance,0,,1,https://t.me/CABLEsFinance,Avalanche,0,,Yes,1,,,No,No,,,,
basedswap,BasedSwap,59.85,,,,,,2 yrs 2 mos,2024-04-20,2 yrs 2 mos,2024-04-20,0,,0,,1,https://twitter.com/basedswaptoken,0,,0,,Base,1,04/13/2024|Cyberscope,No,,,,No,No,,,17.88%,0.00%
dyorswap,DYORSWAP,59.71,,,,,,2 yrs 3 mos,2024-03-20,0 yrs 0 mos,2026-06-20,0,,0,,1,https://twitter.com/DYORSWAPDEX,0,,1,https://t.me/Dyorswapfinance,Blast,0,,No,,,,No,No,,,,
orcania,Orcania,59.59,,,,,,,,,,0,,0,,1,https://twitter.com/orcania_io,1,https://discord.com/invite/PH5DEQbKX7,0,,Ethereum,0,,Yes,1,,,No,No,,,,
flooring-protocol,Floor Protocol,59.60,,,,,,3 yrs 0 mos,2023-06-20,2 yrs 8 mos,2023-10-20,0,,1,https://github.com/flooringlab,1,https://twitter.com/floorprotocol,0,,0,,Ethereum,0,,No,,,,No,No,,,93.82%,0.00%
hertz-network,Hertz Network,59.52,$10.68K,$3.01,,,,5 yrs 5 mos,2021-01-20,4 yrs 12 mos,2021-06-20,0,,1,https://github.com/hertznetwork,1,https://twitter.com/hertz_network,0,,1,https://t.me/hertznetwork,,0,,No,,,,No,No,,,41.79%,6.16%
monaco-protocol,Monaco Protocol,59.62,,,,,,1 yrs 3 mos,2025-03-20,9 yrs 0 mos,2017-06-20,0,,0,,1,https://twitter.com/MonacoTrading,0,,0,,,0,,No,,,,No,No,,,,
investdex,InvestDex,59.51,,,,,,5 yrs 6 mos,2020-12-20,5 yrs 1 mos,2021-05-20,0,,1,https://github.com/investdex,1,https://twitter.com/investDexio,0,,1,https://t.me/Investdex,Bsc,0,,No,,,,No,No,,,61.28%,0.00%
h2o-poseidon,H2O,59.53,,,,,,4 yrs 3 mos,2022-03-20,4 yrs 3 mos,2022-03-20,0,,0,,1,https://twitter.com/H2O_data,0,,0,,Ethereum,0,,No,,,,No,No,,,97.14%,0.00%
energyfi,Energyfi,59.48,,$5.79,,,,4 yrs 4 mos,2022-02-20,4 yrs 4 mos,2022-02-20,0,,0,,1,https://twitter.com/Energyfi_io,0,,1,https://t.me/Energyfi_official,Bsc,0,,No,,,,No,No,,,15.30%,0.00%
frz-solar-system,FRZ Solar System,59.48,,,,,,4 yrs 3 mos,2022-03-20,4 yrs 3 mos,2022-03-20,0,,0,,1,https://twitter.com/frztoken,0,,0,,Bsc,0,,Yes,1,,,No,No,,,58.15%,0.56%
cap,Cap,59.51,,,,,,5 yrs 11 mos,2020-07-20,5 yrs 11 mos,2020-07-20,0,,1,https://github.com/0xcap,1,https://twitter.com/CapDotFinance,0,,0,,,0,,No,,,,No,No,,,93.37%,0.00%
pegasus-dex,Pegasus DEX,59.34,,,,,,3 yrs 3 mos,2023-03-20,3 yrs 3 mos,2023-03-20,0,,0,,1,https://twitter.com/PegasusDEX,0,,0,,Arbitrum | Bsc,0,,Yes,1,,,No,No,,,99.43%,0.00%
monox-protocol-token,MonoX Protocol,59.42,,,,,,4 yrs 7 mos,2021-11-20,4 yrs 7 mos,2021-11-20,0,,0,,1,https://twitter.com/MonoXFinance,0,,1,https://t.me/MonoXOfficial,Ethereum,0,,No,,,,No,No,,,79.46%,9.13%
shen,Shen,59.02,$26.96M,$3.26K,,,,8 yrs 2 mos,2018-04-20,0 yrs 0 mos,2026-06-20,0,,1,https://github.com/coti-io,1,https://twitter.com/COTInetwork,0,,1,https://t.me/COTInetwork,Cardano,0,,No,,,,No,No,,,,
arbswap,Arbswap,59.40,,,,,,4 yrs 1 mos,2022-05-20,4 yrs 1 mos,2022-05-20,0,,1,https://github.com/Arbswap-Official,1,https://twitter.com/arbswapofficial,0,,1,https://t.me/arbswapofficial,,0,,Yes,1,,,No,No,,,,
solana-ecosystem-index,Solana Ecosystem Index,59.35,,,,,,,,,,0,,0,,1,https://twitter.com/Amun,0,,0,,Solana,0,,No,,,,No,No,,,,
urdex,UrDEX,59.33,,,,,,3 yrs 3 mos,2023-03-20,3 yrs 3 mos,2023-03-20,0,,1,https://github.com/Urdex-finance,1,https://twitter.com/UrDEX_Finance,0,,0,,Arbitrum,0,,No,,,,No,Yes,,,,
kwenta,Kwenta,59.30,$1.79M,$0.00,,,,5 yrs 0 mos,2021-06-20,0 yrs 0 mos,2026-06-20,0,,1,https://github.com/Kwenta,1,https://twitter.com/kwenta_io,0,,0,,Optimism,0,,No,,,,No,No,,,,
bunnypark,Bunny Park,59.58,,$30.81,,,,5 yrs 2 mos,2021-04-20,5 yrs 2 mos,2021-04-20,0,,0,,1,https://twitter.com/bunnypark_bsc,0,,1,https://t.me/BunnyPark_BSC,Bsc,0,,Yes,1,,,No,No,,,79.63%,0.00%
ventiswap,VentiSwap,59.25,,,,,,4 yrs 10 mos,2021-08-20,2 yrs 0 mos,2024-06-20,0,,0,,1,https://twitter.com/VentiSwap_,0,,0,,,0,,Yes,1,,,No,No,,,,
fusotao-protocol,Fusotao Protocol,59.37,,,,,,5 yrs 4 mos,2021-02-20,3 yrs 4 mos,2023-02-20,0,,1,https://github.com/uinb,1,https://twitter.com/FusotaoProtocol,0,,0,,Ethereum,0,,No,,,,No,No,,,97.28%,0.00%
fsw-token,Falconswap,59.22,,,,,,5 yrs 10 mos,2020-08-20,5 yrs 10 mos,2020-08-20,0,,0,,1,https://twitter.com/Falcon_Swap,0,,1,https://t.me/Falcon_Swap,Ethereum,0,,No,,,,No,No,,,81.96%,0.00%
hummus,Hummus,59.32,,,,,,4 yrs 2 mos,2022-04-20,0 yrs 0 mos,2026-06-20,0,,0,,1,https://twitter.com/hummusdefi,0,,0,,Metisdao | Sectors | DeFi | DEX | Socials,0,,No,,,,No,No,,,,
aquanee,AQUANEE,59.19,,,,,,4 yrs 1 mos,2022-05-20,4 yrs 1 mos,2022-05-20,0,,0,,1,https://twitter.com/aquanee,0,,1,https://t.me/AQUANEE,Bsc,0,,Yes,1,,,No,No,,,100.00%,0.00%
bitstable,BitStable,59.14,,$2.35,,,,2 yrs 6 mos,2023-12-20,2 yrs 6 mos,2023-12-20,0,,0,,1,https://twitter.com/bssbstable,0,,0,,Bitcoin | Ethereum,0,,No,,,,No,No,,,14.62%,0.00%
capricorn,Capricorn,58.89,,,,,,1 yrs 0 mos,2025-06-20,,,0,,0,,1,https://x.com/CapricornDEX,0,,0,,,0,,No,,,,No,No,,,,
coin-of-champions,Coin Of Champions,59.67,,$0.99,,,,4 yrs 11 mos,2021-07-20,4 yrs 11 mos,2021-07-20,0,,1,https://github.com/Coin-of-Champions,1,https://twitter.com/coinofchampions,0,,0,,Bsc,0,,No,,,,No,No,,,9.87%,0.00%
enchanter-finance,Enchanter Finance,59.18,,,,,,3 yrs 10 mos,2022-08-20,3 yrs 10 mos,2022-08-20,0,,1,https://github.com/Enchanter-Finance/ent-coin/tree/54eef1b6e4613c60679430dba9788fb8283f64e0,1,https://twitter.com/EnchanterFi,0,,0,,Aptos,0,,Yes,1,,,No,No,,,,
equilibrium-eq,Equilibrium,58.96,,,,,,7 yrs 3 mos,2019-03-20,7 yrs 3 mos,2019-03-20,0,,1,https://github.com/equilibrium-eosdt,1,https://twitter.com/EquilibriumDeFi,1,https://discord.com/invite/p2FmYuW5Hu,0,,,2,03/23/2021|Least Authority; 12/18/2020|QuantStamp,No,,,,No,No,,,,
canadian-inuit-dog-v2,Canadian Inuit Dog(NEW),59.60,,$4.63,,,,4 yrs 10 mos,2021-08-20,3 yrs 7 mos,2022-11-20,0,,1,https://github.com/cadinu/cadinu,1,https://twitter.com/CADINUTOKEN,0,,1,https://t.me/cadinuchat,Bsc,0,,No,,,,No,No,,,19.91%,0.00%
frz-dex,FRZ Dex,59.23,,,,,,4 yrs 2 mos,2022-04-20,4 yrs 2 mos,2022-04-20,0,,1,https://github.com/frzss-dev/smart-contracts/tree/baad6ec5c53a55dc50bb8281ba79292a13bb93e6,1,https://twitter.com/frzdex,0,,0,,,0,,Yes,1,,,No,No,,,,
xox-labs,Xox Labs,59.12,,,,,,2 yrs 9 mos,2023-09-20,2 yrs 9 mos,2023-09-20,0,,0,,1,https://twitter.com/Xox_Labs,0,,1,https://t.me/xoxlabsofficial,Ethereum | Bsc,0,,Yes,1,,,No,No,,,18.18%,0.00%
peardao,PearDAO,58.94,,,,,,4 yrs 6 mos,2021-12-20,4 yrs 3 mos,2022-03-20,0,,1,https://github.com/peardao,1,https://twitter.com/peardaoreal,0,,1,https://t.me/peardaoEN,Bsc,0,,Yes,1,,,No,No,4,64K,96.05%,0.00%
ponytaswap,PonytaSwap,59.11,,,,,,4 yrs 1 mos,2022-05-20,,,0,,0,,1,https://twitter.com/ponytaswap,0,,1,https://t.me/ponytaswap,,0,,Yes,1,11/29/2022,PonytaSwap,No,No,,,,
donaswap,DONASWAP,59.69,,,,,,2 yrs 11 mos,2023-07-20,2 yrs 11 mos,2023-07-20,0,,1,https://github.com/0xdonaswap,1,https://twitter.com/0xdonaswap,0,,1,https://t.me/DonaSwaptg,Bsc,1,01/18/2022|TechRate,No,,,,No,No,,,33.92%,1.42%
derpdex,DerpDEX,59.13,,,$175.00,$725.00,$43.12M,3 yrs 1 mos,2023-05-20,2 yrs 7 mos,2023-11-20,0,,1,https://github.com/derpdex-official,1,https://twitter.com/DerpDEXcom,1,https://discord.com/invite/ANMZThFGcN,0,,Zksync | Base,0,,No,,,,No,No,,,98.77%,0.00%
defispot,Defispot,59.03,,$62.88,,,,2 yrs 2 mos,2024-04-20,2 yrs 2 mos,2024-04-20,0,,0,,1,https://twitter.com/defispot,0,,0,,Ethereum,0,,No,,,,No,No,,,48.22%,0.00%
port-finance,Port Finance,59.11,$134.26K,$1.15K,,,,5 yrs 1 mos,2021-05-20,0 yrs 0 mos,2026-06-20,0,,0,,1,https://twitter.com/port_finance,0,,1,https://t.me/port_finance,Solana,0,,No,,,,No,No,,,,
tokensight,TokenSight,58.75,,,,,,2 yrs 7 mos,2023-11-20,2 yrs 7 mos,2023-11-20,0,,0,,1,https://twitter.com/TokenSight_Io,0,,0,,Ethereum,0,,No,,,,No,No,,,89.41%,35.57%
tokenbox,Tokenbox,58.73,$3.28K,$0.39,,,,10 yrs 2 mos,2016-04-20,8 yrs 6 mos,2017-12-20,0,,1,https://github.com/zeriontech,1,https://twitter.com/tokenbox,0,,0,,Ethereum,0,,No,,,,No,No,,,63.72%,0.00%
cryptoindex-com-100,Cryptoindex.com 100,58.89,,,,,,8 yrs 7 mos,2017-11-20,7 yrs 7 mos,2018-11-20,0,,1,https://github.com/phenom-company,1,https://twitter.com/IndexCrypto,0,,1,https://t.me/indexcrypto,Ethereum,0,,No,,,,No,No,,,87.59%,0.00%
goldex-token,Goldex Token,58.87,,,,,,5 yrs 5 mos,2021-01-20,5 yrs 5 mos,2021-01-20,0,,0,,1,https://twitter.com/goldexofficial,0,,0,,Ethereum,0,,No,,,,No,No,,,100.00%,0.00%
houstonswap,Houstonswap,58.67,,,,,,3 yrs 10 mos,2022-08-20,,,0,,0,,1,https://twitter.com/houston_swap,0,,1,https://t.me/Houston_swap,Aptos,0,,Yes,1,11/29/2022,HoustonSwap,No,No,,,,
cubiswap,CubiSwap,66.24,,$20.27,,,,3 yrs 6 mos,2022-12-20,0 yrs 0 mos,2026-06-20,0,,0,,1,https://twitter.com/CUBISWAP,0,,1,https://t.me/Cubiswap,Opbnb,0,,Yes,1,,,No,No,,,,
tethys,Tethys,58.75,,,,,,2 yrs 9 mos,2023-09-20,0 yrs 0 mos,2026-06-20,0,,1,https://github.com/tethys-finance,1,https://twitter.com/tethysfinance,0,,0,,Metisdao | Sectors | DEX | Socials,0,,No,,,,No,No,,,,
hashbit,HashBit,58.91,,,,,,5 yrs 1 mos,2021-05-20,3 yrs 8 mos,2022-10-20,0,,1,https://github.com/HashBitorg,1,https://twitter.com/hashbitorg,0,,0,,Solana,0,,Yes,1,,,No,No,,,,
fndz,FNDZ,59.31,,$0.03,,,,4 yrs 11 mos,2021-07-20,4 yrs 9 mos,2021-09-20,0,,1,https://github.com/fndzdao,1,https://twitter.com/MASTER38,0,,0,,Bsc,0,,No,,,,No,No,,,69.98%,0.54%
cliffordinu,Clifford Inu,58.51,,,,,,4 yrs 6 mos,2021-12-20,4 yrs 6 mos,2021-12-20,0,,1,https://github.com/CliffordInu,1,https://twitter.com/red_tokens,0,,0,,,0,,Yes,1,,,No,No,,,17.57%,0.00%
trisolaris,Trisolaris,56.08,$23.82K,$342.80,"$53,838.00","$460,944.00",$200.62M,4 yrs 9 mos,2021-09-20,0 yrs 0 mos,2026-06-20,0,,1,https://github.com/trisolaris-labs,1,https://twitter.com/trisolarislabs,0,,1,https://t.me/TrisolarisLabs,,0,,No,,,,No,No,3,299K,,
ramifi-protocol,Ramifi Protocol,59.11,,$141.88,,,,5 yrs 5 mos,2021-01-20,4 yrs 11 mos,2021-07-20,0,,1,https://github.com/ramifiprotocol,1,https://twitter.com/RamifiProtocol,0,,0,,Bsc,0,,No,,,,No,No,,,28.71%,11.17%
rocketswap,RocketSwap,58.40,,$6.41,,,,2 yrs 10 mos,2023-08-20,2 yrs 10 mos,2023-08-20,0,,0,,1,https://twitter.com/RocketSwap_Labs,0,,0,,Ethereum,1,08/01/2023|Solidproof,No,,,,No,No,,,0.03%,0.00%
vexchange,Vexchange,58.55,,,$0,$0,$28.54M,2 yrs 8 mos,2023-10-20,2 yrs 8 mos,2023-10-20,0,,0,,1,https://twitter.com/reservoirfi,0,,0,,Vechain,0,,Yes,1,,,No,No,,,100.00%,0.00%
mymetatrader,mTrader,58.45,,,,,,3 yrs 4 mos,2023-02-20,3 yrs 4 mos,2023-02-20,0,,1,https://github.com/mymetatrader/mTrade,1,https://twitter.com/MyMetaTrader,0,,0,,Arbitrum,0,,Yes,1,,,No,No,,,,
cycle-finance,Cycle Finance,58.85,,,,,,5 yrs 1 mos,2021-05-20,5 yrs 1 mos,2021-05-20,0,,1,https://github.com/CycleProtocol,1,https://twitter.com/CycleProtocol,0,,1,https://t.me/CycleProtocol,Avalanche,0,,No,,,,No,No,,,49.16%,0.00%
portify,Portify,58.98,,$4.01,,,,4 yrs 9 mos,2021-09-20,4 yrs 9 mos,2021-09-20,0,,1,https://github.com/Portifyio,1,https://twitter.com/PortifyOfficial,0,,1,https://t.me/Portify,Bsc,1,09/22/2021|Solidity Finance,No,,,,No,No,,,20.76%,0.00%
axia-protocol,Axia Protocol,58.38,,,,,,5 yrs 10 mos,2020-08-20,5 yrs 8 mos,2020-10-20,0,,1,https://github.com/axiaprotocol,1,https://twitter.com/axiaprotocol,0,,1,https://t.me/axiaprotocol,Ethereum,0,,No,,,,No,No,,,100%,0.00%
equation,Equation,58.34,,,$0,$0,$1.33B,2 yrs 9 mos,2023-09-20,2 yrs 8 mos,2023-10-20,0,,1,https://github.com/EquationDAO,1,https://twitter.com/EquationDAO,0,,0,,Arbitrum,0,,No,,,,No,No,,,,
plexus,PLEXUS,58.25,,,,,,3 yrs 3 mos,2023-03-20,2 yrs 7 mos,2023-11-20,0,,1,https://github.com/PlexusExchange,1,https://twitter.com/plexus_fi,0,,0,,Arbitrum | Ethereum,0,,No,,,,No,No,,,,
colony-avalanche-index,Colony Avalanche Index,58.87,,$44.48,,,,3 yrs 9 mos,2022-09-20,3 yrs 9 mos,2022-09-20,0,,0,,1,https://twitter.com/cai_index,0,,0,,Avalanche,0,,No,,,,No,No,,,53.03%,0.20%
spherex,SphereX,58.26,,,,,,1 yrs 11 mos,2024-07-20,1 yrs 11 mos,2024-07-20,0,,0,,1,https://x.com/SpherexTech,0,,1,https://t.me/SphereXExchange,Ethereum | Blast,0,,No,,,,No,No,,,81.37%,47.56%
believepad,BelievePad,58.23,$7.29K,$10.61,,,,1 yrs 0 mos,2025-06-20,0 yrs 0 mos,2026-06-20,0,,0,,1,https://x.com/BelievePad,0,,0,,Solana,0,,No,,,,No,No,,,,
ltradex,Ltradex,59.02,,,,,,4 yrs 7 mos,2021-11-20,4 yrs 7 mos,2021-11-20,0,,1,https://github.com/LTEXCOIN,1,https://twitter.com/LtexToken,0,,1,https://t.me/LTEXTOKEN,Bsc,0,,No,,,,No,No,,,58.95%,0.00%
ryoma,ryoma,58.41,,,,,,5 yrs 1 mos,2021-05-20,,,0,,0,,1,https://twitter.com/RyomaCrypto,0,,0,,,0,,Yes,1,,,No,No,,,,
rope-token,ROPE Token,57.96,$6.87K,$8.71,,,,3 yrs 3 mos,2023-03-20,0 yrs 0 mos,2026-06-20,0,,0,,1,https://twitter.com/rope_official,0,,0,,Solana,0,,No,,,,No,No,,,,
motoswap,Motoswap,58.38,,,,,,2 yrs 9 mos,2023-09-20,,,0,,0,,1,https://x.com/Motoswap,0,,0,,Bitcoin,0,,No,,,,No,No,,,,
wrapped-canto,Wrapped CANTO,58.15,,,,,,4 yrs 1 mos,2022-05-20,2 yrs 12 mos,2023-06-20,0,,1,https://github.com/Canto-Network,1,https://twitter.com/CantoPublic,0,,0,,Canto | Sectors | DEX | Socials,0,,No,,,,No,No,,,45.01%,0.00%
zenlink,Zenlink,58.21,,,,,,5 yrs 10 mos,2020-08-20,0 yrs 0 mos,2026-06-20,0,,1,https://github.com/zenlinkpro,1,https://twitter.com/ZenlinkPro,1,https://discord.com/invite/zbVzqkHsBp,0,,Moonriver | Sectors | DEX | Socials,0,,No,,,,No,No,,,,
jetset,Jetset,62.15,,$193.05,,,,3 yrs 8 mos,2022-10-20,3 yrs 8 mos,2022-10-20,0,,0,,1,https://twitter.com/JetSetToken,0,,1,https://t.me/JetSettoken,Bsc,1,01/14/2022|InterFi Network,No,,,,No,No,,,75.69%,0.00%
oraidex,OraiDEX,57.85,$37.03K,$3.50,$737.00,"$3,952.00",$269.88M,3 yrs 10 mos,2022-08-20,0 yrs 0 mos,2026-06-20,0,,0,,1,https://x.com/oraidex,0,,0,,,0,,No,,,,No,No,,,92.61%,24.98%
shibas-wife,Shiba's Wife,57.87,,,,,,4 yrs 6 mos,2021-12-20,4 yrs 3 mos,2022-03-20,0,,1,https://github.com/shibaswife,1,https://twitter.com/shibaswife,0,,0,,Bsc,0,,Yes,1,,,No,No,,,11.32%,0.00%
bitswap_btc,BitSwap_BTC,57.68,,,,,,2 yrs 6 mos,2023-12-20,2 yrs 5 mos,2024-01-20,0,,1,https://github.com/BitSwapFinance,1,https://twitter.com/BitswapBTC,0,,1,https://t.me/BitSwap_BTC,Ethereum | Bitcoin,0,,No,,,,No,No,,,46.65%,0.00%
genesis-finance,Genesis Finance,57.84,,,,,,3 yrs 9 mos,2022-09-20,3 yrs 9 mos,2022-09-20,0,,0,,1,https://twitter.com/finance_genesis,0,,0,,Bsc,1,09/18/2022|Cyberscope,No,,,,No,No,,,93.20%,0.00%
playpad,PlayPad,58.34,,,,,,4 yrs 9 mos,2021-09-20,4 yrs 9 mos,2021-09-20,0,,1,https://github.com/PlayPad0,1,https://twitter.com/AppPlayPad,0,,1,https://t.me/playpadcommunity,Bsc,0,,No,,,,No,No,,,30.08%,0.00%
newdex,Newdex,57.67,,,,,,7 yrs 8 mos,2018-10-20,1 yrs 3 mos,2025-03-20,0,,0,,1,https://twitter.com/NewdexOfficial,0,,0,,Bsc,0,,Yes,1,,,No,No,,,,
hicoolcats-fractionalized-nft-kucoin,hiCOOLCATS,57.83,,,,,,3 yrs 6 mos,2022-12-20,3 yrs 6 mos,2022-12-20,0,,1,https://github.com/FractonProtocol/FractonV1,1,https://twitter.com/FractonProtocol,0,,1,https://t.me/FractonX,Ethereum,0,,No,,,,No,No,,,97.86%,0.00%
solfarm,Tulip Protocol,56.47,$9.88K,$10.58,,,,,,,,0,,0,,1,https://twitter.com/TulipProtocol,0,,0,,Solana,0,,No,,,,No,No,,,,
bee-trade-dex,Bee Trade Dex ,57.85,,,,,,4 yrs 5 mos,2022-01-20,,,0,,0,,1,https://twitter.com/BeeTradeFinance,0,,1,https://t.me/beetradefinance,Avalanche,0,,Yes,1,,,No,No,,,,
aquari,Aquari,58.17,,$389.29,,,,5 yrs 1 mos,2021-05-20,5 yrs 1 mos,2021-05-20,0,,0,,1,https://twitter.com/AquariOfficial,0,,1,https://t.me/aquariofficial,Bsc,0,,No,,,,No,No,,,35.91%,7.45%
hotmoon-token,HotMoon Token,57.56,,$11.50,,,,4 yrs 2 mos,2022-04-20,4 yrs 2 mos,2022-04-20,0,,0,,1,https://twitter.com/hotmoontoken,0,,0,,Bsc,0,,No,,,,No,No,,,4.69%,0.00%
harmonylauncher-dex,HarmonyLauncher DEX,57.67,,,,,,4 yrs 6 mos,2021-12-20,4 yrs 6 mos,2021-12-20,0,,1,https://github.com/HarmonyLauncher,1,https://twitter.com/HarmonyLauncher,0,,1,https://t.me/harmonylauncher,Harmony,0,,Yes,1,,,No,No,,,,
hisquiggle,hiSQUIGGLE,57.40,,,,,,3 yrs 12 mos,2022-06-20,3 yrs 7 mos,2022-11-20,0,,1,https://github.com/FractonProtocol/FractonV1,1,https://twitter.com/FractonProtocol,0,,1,https://t.me/FractonX,Ethereum,0,,No,,,,No,No,,,98.20%,0.00%
puddingswap,PuddingSwap,57.48,,,,,,5 yrs 1 mos,2021-05-20,5 yrs 1 mos,2021-05-20,0,,1,https://github.com/Pudding-Finance,1,https://twitter.com/PuddingSwap,0,,1,https://t.me/Dex_PuddingSwap,,0,,Yes,1,,,No,No,,,,
novadex,NovaDEX,57.46,,$1.03,,,,8 yrs 3 mos,2018-03-20,0 yrs 0 mos,2026-06-20,0,,1,https://github.com/Quillhash/QuillAudit_Reports/blob/master/NovaDEX-CLMM%20Audit%20Report%20-%20QuillAudits.pdf,1,https://twitter.com/NovaDEX_io,0,,0,,Solana,0,,No,,,,No,No,,,,
arix,Arix,57.99,,$15.43K,,,,5 yrs 2 mos,2021-04-20,4 yrs 10 mos,2021-08-20,0,,1,https://github.com/ARIXstake,1,https://twitter.com/arixdexofficial,0,,0,,Bsc,0,,No,,,,No,No,,,76.17%,0.00%
hiclonex,hiCLONEX,57.61,,,,,,3 yrs 12 mos,2022-06-20,3 yrs 6 mos,2022-12-20,0,,1,https://github.com/FractonProtocol/FractonV1,1,https://twitter.com/FractonProtocol,0,,1,https://t.me/FractonX,Ethereum,0,,No,,,,No,No,,,99.02%,0.00%
logium,Logium,57.33,,,,,,4 yrs 4 mos,2022-02-20,,,0,,0,,1,https://twitter.com/LogiumDEX,0,,0,,Ethereum,0,,Yes,1,,,No,No,,,,
hunny-swap,Hunny Swap,57.33,,,,,,5 yrs 1 mos,2021-05-20,0 yrs 0 mos,2026-06-20,0,,0,,1,https://twitter.com/hunnyfinance,0,,1,https://t.me/HunnyFinance,Avalanche,0,,Yes,1,,,No,No,,,,
titania-token,Titania Token,57.96,,,,,,4 yrs 7 mos,2021-11-20,4 yrs 7 mos,2021-11-20,0,,0,,1,https://twitter.com/titania_token,0,,0,,Bsc,1,11/11/2021|TechRate,No,,,,No,No,,,14.06%,0.00%
tacoswap,TacoSwap,57.56,,,,,,5 yrs 9 mos,2020-09-20,5 yrs 9 mos,2020-09-20,0,,1,https://github.com/TacoswapCRD/tacoswap-contracts,1,https://twitter.com/Tacoswap_io,0,,0,,,0,,Yes,1,,,No,No,,,79.18%,5.51%
d-drops,D-Drops,57.27,,,,,,4 yrs 6 mos,2021-12-20,4 yrs 6 mos,2021-12-20,0,,0,,1,https://twitter.com/ddropsworld,0,,1,https://t.me/ddropsworld,Bsc,0,,No,,,,No,No,,,83.48%,13.09%
bamboo-defi,BambooDeFi,57.28,,$3.03,,,,5 yrs 8 mos,2020-10-20,5 yrs 7 mos,2020-11-20,0,,1,https://github.com/bamboo-defi,1,https://twitter.com/bamboodefi,0,,1,https://t.me/BambooDeFi,Ethereum,0,,No,,,,No,No,8,1M,18.07%,3.24%
pearlfi,Pearl,57.74,,,,,,3 yrs 0 mos,2023-06-20,3 yrs 0 mos,2023-06-20,0,,1,https://github.com/Pearl-Finance,1,https://x.com/PearlFi_,0,,0,,Polygon,0,,No,,,,No,No,,,0.00%,0.00%
gamingdoge,GAMINGDOGE,58.08,,,,,,4 yrs 7 mos,2021-11-20,4 yrs 7 mos,2021-11-20,0,,0,,1,https://twitter.com/GamingDogeToken,0,,0,,Bsc,1,11/05/2021|TechRate,No,,,,No,No,,,25.13%,0.00%
hirenga,hiRENGA,57.26,,,,,,3 yrs 5 mos,2023-01-20,3 yrs 5 mos,2023-01-20,0,,1,https://github.com/FractonProtocol/FractonV1,1,https://twitter.com/FractonProtocol,0,,1,https://t.me/FractonX,Ethereum,0,,No,,,,No,No,,,97.03%,0.00%
holdex-finance,Holdex Finance,57.24,,$1.26,,,,4 yrs 12 mos,2021-06-20,4 yrs 11 mos,2021-07-20,0,,1,https://github.com/HoldexFinance,1,https://twitter.com/holdexfinance,0,,0,,,0,,Yes,1,10/13/2021,Holdex Finance,No,No,,,95.94%,0.00%
hiazuki,hiAZUKI,57.23,,,,,,3 yrs 6 mos,2022-12-20,3 yrs 6 mos,2022-12-20,0,,1,https://github.com/FractonProtocol/FractonV1,1,https://twitter.com/FractonProtocol,0,,1,https://t.me/FractonX,Ethereum,0,,No,,,,No,No,,,96.66%,0.00%
antfarm-finance,Antfarm Finance,57.13,,,,,,3 yrs 10 mos,2022-08-20,3 yrs 5 mos,2023-01-20,0,,1,https://github.com/AntfarmFinance,1,https://twitter.com/antfarmfinance,0,,0,,Arbitrum | Ethereum,0,,No,,,,No,No,,,80.59%,0.00%
ocelex,Ocelex,57.16,,,,,,1 yrs 10 mos,2024-08-20,,,0,,0,,1,https://x.com/OcelexFi,0,,0,,,0,,No,,,,No,No,,,,
ethernal-finance,Ethernal Finance,57.96,,$0.04,,,,4 yrs 7 mos,2021-11-20,4 yrs 7 mos,2021-11-20,0,,0,,1,https://twitter.com/ethernalfinance,0,,0,,Bsc,0,,No,,,,No,No,,,10.17%,0.00%
rareswap,RareSwap,56.91,,,,,,4 yrs 0 mos,2022-06-20,4 yrs 0 mos,2022-06-20,0,,1,https://github.com/RareSwapDex/RareSwap/,1,https://twitter.com/TheRareAge,0,,0,,Ethereum,0,,Yes,1,,,No,No,,,,
stream-finance,Stream Finance,57.10,,,,,,2 yrs 6 mos,2023-12-20,1 yrs 4 mos,2025-02-20,0,,1,https://github.com/StreamDefi,1,https://twitter.com/StreamDefi,0,,0,,Ethereum,0,,No,,,,No,No,,,99.37%,0.00%
sonic_ooo,Sonic,57.08,,$0.00,,,,5 yrs 0 mos,2021-06-20,5 yrs 0 mos,2021-06-20,0,,1,https://github.com/psychedelic/sonic,1,https://x.com/sonic_ooo,0,,1,https://t.me/sonic_dex,,0,,No,,,,No,No,,,,
socialswap,SocialSwap,56.86,,,,,,5 yrs 3 mos,2021-03-20,0 yrs 0 mos,2026-06-20,0,,0,,1,https://twitter.com/Socialswapdefi,0,,1,https://t.me/socialswapio,Tron,0,,Yes,1,,,No,No,,,,
lollipop,Lollipop,56.96,,,,,,4 yrs 3 mos,2022-03-20,6 yrs 0 mos,2020-06-20,0,,0,,1,https://twitter.com/LollipopBsc,0,,0,,Bsc,0,,Yes,1,,,No,No,,,,
euroswap,EuroSwap,57.05,,,,,,4 yrs 7 mos,2021-11-20,4 yrs 7 mos,2021-11-20,0,,1,https://github.com/euroswap,1,https://twitter.com/euroswap_io,0,,0,,Bsc,0,,Yes,1,,,No,No,,,,
freemoon,FREEMOON,57.44,,,,,,4 yrs 11 mos,2021-07-20,4 yrs 11 mos,2021-07-20,0,,1,https://github.com/freemoon-protocol,1,https://twitter.com/FREEMOONCOIN,0,,0,,Bsc,1,03/03/2022|,No,,,,No,No,,,1.44%,0.00%
bentoken-finance,BenSwap,56.92,,,$0,$0,$78.78M,5 yrs 1 mos,2021-05-20,0 yrs 0 mos,2026-06-20,0,,1,https://github.com/BenTokenFinance,1,https://twitter.com/BenTokenFinanc1,0,,1,https://t.me/bentokenfinance,,0,,Yes,1,,,No,No,,,,
marshall-fighting-championship,Marshall Fighting Championship,56.79,,,,,,3 yrs 5 mos,2023-01-20,3 yrs 4 mos,2023-02-20,0,,1,https://github.com/worldwidemfc,1,https://twitter.com/worldwidemfc,0,,1,https://t.me/MFCworldPortal,Ethereum,1,02/01/2023|Solidproof,No,,,,No,No,,,33.39%,0.00%
mintyswap,MintySwap,56.90,,,,,,4 yrs 10 mos,2021-08-20,4 yrs 10 mos,2021-08-20,0,,1,https://github.com/MintySwap,1,https://twitter.com/mintyswap,0,,0,,Ethereum,1,08/20/2021|SourceHat,No,,,,No,No,,,42.84%,0.26%
himfers,hiMFERS,56.90,,,,,,3 yrs 5 mos,2023-01-20,3 yrs 5 mos,2023-01-20,0,,1,https://github.com/FractonProtocol/FractonV1,1,https://twitter.com/FractonProtocol,0,,1,https://t.me/FractonX,Ethereum,0,,No,,,,No,No,,,98.45%,0.00%
blueprint,Blueprint,56.75,,,,,,2 yrs 4 mos,2024-02-20,2 yrs 4 mos,2024-02-20,0,,0,,1,https://twitter.com/blueprintfi_eth,0,,0,,Ethereum,0,,No,,,,No,No,,,88.24%,0.00%
rubydex,Rubydex,56.81,,,,,,8 yrs 5 mos,2018-01-20,,,0,,0,,1,https://twitter.com/Ruby_Dex,0,,0,,Arbitrum | Avalanche,0,,Yes,1,,,No,No,,,,
hibayc,hiBAYC,56.75,,,,,,3 yrs 11 mos,2022-07-20,3 yrs 11 mos,2022-07-20,0,,1,https://github.com/FractonProtocol,1,https://twitter.com/FractonProtocol,0,,1,https://t.me/FractonX,Ethereum,0,,No,,,,No,No,,,92.47%,0.00%
tales-of-xtalnia,Tales of Xtalnia,57.35,,,,,,4 yrs 0 mos,2022-06-20,4 yrs 0 mos,2022-06-20,0,,0,,1,https://twitter.com/talesofxtalnia,0,,0,,Bsc,0,,No,,,,No,No,,,99.99%,0.00%
zero-exchange,Zero Exchange,56.75,,,,,,5 yrs 5 mos,2021-01-20,5 yrs 5 mos,2021-01-20,0,,0,,1,https://twitter.com/officialzerodex,0,,0,,Ethereum,0,,No,,,,No,No,,,0.00%,0.00%
zeniq,Zeniq,56.67,,,,,,5 yrs 2 mos,2021-04-20,5 yrs 2 mos,2021-04-20,0,,0,,1,https://twitter.com/Zeniq_corp,0,,1,https://t.me/zeniq_hub,Ethereum,0,,No,,,,No,No,,,86.27%,0.00%
darkshield,DarkShield Games Studio,57.13,,$1.94K,,,,4 yrs 6 mos,2021-12-20,4 yrs 6 mos,2021-12-20,0,,0,,1,https://twitter.com/DarkshieldG,0,,1,https://t.me/DarkShieldGamesStudio,Bsc,0,,No,,,,No,No,,,15.71%,0.00%
baby-meme-coin,Baby Meme Coin,56.37,,,,,,2 yrs 7 mos,2023-11-20,2 yrs 7 mos,2023-11-20,0,,0,,1,https://twitter.com/BabyMemeCoinBSC,0,,0,,Bsc,0,,No,,,,No,No,,,35.60%,0.00%
cyber-crystal,Cyber Crystal,57.24,,$0.02,,,,4 yrs 6 mos,2021-12-20,4 yrs 6 mos,2021-12-20,0,,0,,1,https://twitter.com/binary_x,0,,0,,Bsc,0,,No,,,,No,No,,,96.85%,0.00%
jaypeggers,Jaypeggers,56.39,,$2.80K,,,,4 yrs 9 mos,2021-09-20,3 yrs 2 mos,2023-04-20,0,,1,https://github.com/Credshields,1,https://twitter.com/Jaypeggerz,0,,0,,Ethereum,0,,No,,,,No,No,,,72.20%,0.00%
cultz,Cultz,56.12,,,,,,1 yrs 5 mos,2025-01-20,,,0,,0,,1,https://x.com/cultztrade,0,,0,,,0,,No,,,,No,No,,,,
fluxbeam,Fluxbeam,56.47,$993.30K,$4.16,,,,3 yrs 0 mos,2023-06-20,0 yrs 0 mos,2026-06-20,0,,0,,1,https://twitter.com/fluxbeamdex,0,,0,,Solana,0,,No,,,,No,No,,,,
bitbyte,Bitbyte,56.34,,,,,,5 yrs 1 mos,2021-05-20,,,0,,0,,1,https://twitter.com/Bitbyte_Finance,0,,1,https://t.me/BitbyteFinance,Bsc | Ethereum,0,,Yes,1,,,No,No,,,,
ultronvault,UltronVault,56.47,,,,,,3 yrs 2 mos,2023-04-20,3 yrs 2 mos,2023-04-20,0,,0,,1,https://twitter.com/ultronvault,0,,0,,Bsc,0,,Yes,1,,,No,No,,,94.79%,90.91%
frzswap,FRZSwap,56.30,,,,,,3 yrs 9 mos,2022-09-20,3 yrs 9 mos,2022-09-20,0,,1,https://github.com/FRZSwapping,1,https://twitter.com/frzswap,0,,0,,Bsc,0,,No,,,,No,No,,,92.57%,0.00%
wanswap,WanSwap,56.44,$45.54K,$7.12,"$3,503.00","$27,769.00",$148.3M,5 yrs 8 mos,2020-10-20,0 yrs 0 mos,2026-06-20,0,,1,https://github.com/wanswap,1,https://twitter.com/wanswap,0,,0,,,0,,No,,,,No,No,,,,
padswap,Padswap,56.74,,,,,,5 yrs 2 mos,2021-04-20,5 yrs 1 mos,2021-05-20,0,,1,https://github.com/ToadNetwork,1,https://twitter.com/toadnetwork,0,,1,https://t.me/toadnetwork,Bsc,0,,No,,,,No,No,,,52.73%,0.00%
metavice,Metavice,57.03,,$1.92,,,,5 yrs 6 mos,2020-12-20,4 yrs 9 mos,2021-09-20,0,,1,https://github.com/MetaServeX,1,https://twitter.com/MetaServeX,0,,0,,Bsc,0,,No,,,,No,No,,,97.34%,0.00%
dexdaddy,DexDaddy,56.05,,,,,,4 yrs 6 mos,2021-12-20,,,0,,0,,1,https://twitter.com/DexDaddyDeFi,0,,1,https://t.me/DexDaddyOfficialGroup,Avalanche,0,,Yes,1,,,No,No,,,,
cato,CATO,54.54,,$10.08,,,,5 yrs 1 mos,2021-05-20,0 yrs 0 mos,2026-06-20,0,,1,https://github.com/SOL-CAT,1,https://twitter.com/SolanaCATO,0,,0,,Solana,0,,No,,,,No,No,,,,
hiod,hiOD,56.26,,,,,,3 yrs 8 mos,2022-10-20,3 yrs 8 mos,2022-10-20,0,,1,https://github.com/FractonProtocol/FractonV1,1,https://twitter.com/FractonProtocol,0,,1,https://t.me/FractonX,Ethereum,0,,No,,,,No,No,,,88.46%,0.00%
wateenswap,Wateenswap,56.74,,$916.82,,,,4 yrs 8 mos,2021-10-20,4 yrs 8 mos,2021-10-20,0,,0,,1,https://twitter.com/wateenswap,0,,0,,Bsc,1,02/10/2022|Solidity Finance,No,,,,No,No,,,36.68%,0.00%
forus,Forus,56.21,,$0.57,,,,4 yrs 6 mos,2021-12-20,4 yrs 6 mos,2021-12-20,0,,0,,1,https://twitter.com/ForusPlatform,0,,1,https://t.me/ForusPlatform,Bsc,1,12/26/2021|InterFi Network,No,,,,No,No,,,75.68%,55.28%
ethax,ETHAX,56.72,,$0.28,,,,5 yrs 1 mos,2021-05-20,5 yrs 1 mos,2021-05-20,0,,0,,1,https://twitter.com/EthaxCrypto,0,,1,https://t.me/ETHAXCRYPTOOFFICIALCHAT,Bsc,0,,No,,,,No,No,,,97.14%,0.00%
animal-farm-dogs,Animal Farm Dogs,55.86,,,,,,3 yrs 9 mos,2022-09-20,3 yrs 9 mos,2022-09-20,0,,0,,1,https://twitter.com/animalfarmdefi,0,,1,https://t.me/The_Animal_Farm,Bsc,0,,No,,,,No,No,,,0.00%,0.00%
garbi-protocol,Garbi Protocol,56.07,,,,,,3 yrs 5 mos,2023-01-20,3 yrs 5 mos,2023-01-20,0,,1,https://github.com/garbiprotocol,1,https://twitter.com/garbi_protocol,0,,0,,Arbitrum,0,,No,,,,No,No,,,,
jumbo-exchange,Jumbo Exchange,55.98,,,,,,4 yrs 8 mos,2021-10-20,0 yrs 0 mos,2026-06-20,0,,0,,1,https://twitter.com/jumbo_exchange,0,,0,,Near,0,,No,,,,No,No,,,,
vizslaswap,VizslaSwap,56.33,,$305.05,,,,4 yrs 1 mos,2022-05-20,4 yrs 1 mos,2022-05-20,0,,0,,1,https://twitter.com/hunvizslainu,0,,0,,Bsc,0,,No,,,,No,No,,,40.33%,3.20%
ado-network,ADO.Network,56.76,,,,,,4 yrs 3 mos,2022-03-20,3 yrs 9 mos,2022-09-20,0,,1,https://github.com/adoprotocol,1,https://twitter.com/adoprotocol,0,,1,https://t.me/AdoProtocolEnglish,Bsc,0,,No,,,,No,No,,,48.39%,0.00%
shabu-shabu-finance,Shabu Shabu Finance,55.78,,,,,,5 yrs 8 mos,2020-10-20,5 yrs 8 mos,2020-10-20,0,,1,https://github.com/ironminter,1,https://twitter.com/shabufinance,0,,1,https://t.me/shabushabufinance,Ethereum,0,,No,,,,No,No,,,95.81%,0.00%
cresio,Cresio,55.91,,,,,,4 yrs 6 mos,2021-12-20,4 yrs 6 mos,2021-12-20,0,,0,,1,https://twitter.com/CRESIOcoin,0,,0,,,0,,No,,,,No,No,,,37.25%,0.00%
eagle-mining-network,EAGLE MINING NETWORK,56.54,,,,,,4 yrs 6 mos,2021-12-20,4 yrs 6 mos,2021-12-20,0,,1,https://github.com/EgonCoin,1,https://twitter.com/EagleNetworkApp,0,,1,https://t.me/EagleNetworkApp,Bsc,0,,No,,,,No,No,,,18.15%,0.79%
kryza-network,KRYZA Network,56.41,,,,,,4 yrs 11 mos,2021-07-20,4 yrs 11 mos,2021-07-20,0,,0,,1,https://x.com/KryzaToken,0,,1,https://t.me/kryzaglobal,Bsc,0,,No,,,,No,No,,,4.32%,0.00%
hypeboy,HypeBoy,55.67,,,,,,2 yrs 6 mos,2023-12-20,2 yrs 5 mos,2024-01-20,0,,1,https://github.com/HIPTOKEN,1,https://x.com/hypeboyglobal,0,,0,,Arbitrum,0,,Yes,1,,,No,No,,,,
atlas-dex,Atlas DEX,55.61,,,,,,4 yrs 8 mos,2021-10-20,0 yrs 0 mos,2026-06-20,0,,1,https://github.com/atlas-dex,1,https://twitter.com/atlas_dex,0,,0,,Solana,0,,No,,,,No,No,,,,
croissant-games,Croissant Games,55.61,,,,,,,,,,0,,0,,1,https://twitter.com/GamesCroissant,0,,0,,,0,,Yes,1,,,No,No,,,,
veneraswap,Venera,56.43,,,,,,4 yrs 4 mos,2022-02-20,4 yrs 0 mos,2022-06-20,0,,1,https://github.com/VeneraFinance,1,https://twitter.com/VeneraSwap,0,,0,,Bsc,1,06/09/2022|Solidity Finance,No,,,,No,No,,,82.82%,71.90%
tgr,Tegro,56.23,,$3.75,,,,4 yrs 2 mos,2022-04-20,4 yrs 2 mos,2022-04-20,0,,1,https://github.com/TGRTON,1,https://twitter.com/tgrtoken,0,,0,,Bsc,0,,No,,,,No,No,,,97.88%,0.00%
clipper,Clipper,55.53,,,$4.00,$4.00,$1.97B,5 yrs 3 mos,2021-03-20,2 yrs 10 mos,2023-08-20,0,,1,https://github.com/shipyard-software,1,https://twitter.com/Clipper_DEX,0,,0,,Arbitrum | Ethereum,0,,No,,,,No,No,,,85.02%,4.10%
hipunks,hiPUNKS,55.40,,,,,,3 yrs 12 mos,2022-06-20,3 yrs 11 mos,2022-07-20,0,,1,https://github.com/FractonProtocol/FractonV1,1,https://twitter.com/FractonProtocol,0,,1,https://t.me/FractonX,Ethereum,0,,No,,,,No,No,,,96.77%,0.00%
pinkie-inu,Pinkie Inu,56.07,,,,,,3 yrs 8 mos,2022-10-20,3 yrs 8 mos,2022-10-20,0,,0,,1,https://twitter.com/pinkietoken,0,,1,https://t.me/pinkieinu1,Bsc,0,,No,,,,No,No,,,6.02%,0.01%
zkera,zkEra,55.34,,,,,,3 yrs 1 mos,2023-05-20,3 yrs 1 mos,2023-05-20,0,,0,,1,https://x.com/zkerafi,0,,0,,Arbitrum | Avalanche,0,,No,,,,No,No,,,100.00%,0.00%
ballswap,Ballswap,55.32,,,,,,4 yrs 6 mos,2021-12-20,4 yrs 6 mos,2021-12-20,0,,0,,1,https://twitter.com/BitBallSwap,0,,1,https://t.me/Ballswap,Ethereum,0,,No,,,,No,No,,,100.00%,0.00%
rigel-finance,Rigel Finance,55.40,,,,,,5 yrs 7 mos,2020-11-20,5 yrs 6 mos,2020-12-20,0,,1,https://github.com/RigelFinance,1,https://twitter.com/RigelFinance,0,,1,https://t.me/RigelFinance1,Ethereum,0,,No,,,,No,No,,,25.94%,2.06%
hifidenza,hiFIDENZA,55.53,,,,,,3 yrs 7 mos,2022-11-20,3 yrs 7 mos,2022-11-20,0,,1,https://github.com/FractonProtocol/FractonV1,1,https://twitter.com/FractonProtocol,0,,1,https://t.me/FractonX,Ethereum,0,,No,,,,No,No,,,98.30%,0.00%
lavaswap,LavaSwap,55.35,,,,,,5 yrs 5 mos,2021-01-20,0 yrs 0 mos,2026-06-20,0,,1,https://github.com/Lava-Swap,1,https://twitter.com/LavaSwap,0,,1,https://t.me/LavaSwap,Huobi,0,,No,,,,No,No,,,,
coinversation,Coinversation-KACO,55.30,,,,,,4 yrs 10 mos,2021-08-20,,,0,,0,,1,https://twitter.com/KACOFinance,0,,1,https://t.me/coinversationofficial,,0,,Yes,1,,,No,No,,,,
operation-phoenix,Operation Phoenix,56.05,,,,,,2 yrs 4 mos,2024-02-20,2 yrs 4 mos,2024-02-20,0,,0,,1,https://twitter.com/Op_PhoenixChain,0,,0,,Bsc,1,02/05/2024|InterFi Network,No,,,,No,Yes,,,69.15%,0.00%
baby-x,Baby X,55.29,,,,,,2 yrs 9 mos,2023-09-20,2 yrs 8 mos,2023-10-20,0,,1,https://github.com/TauTechnoMechanicus,1,https://twitter.com/TTM_BABYX,0,,0,,Bsc,0,,No,,,,No,No,,,86.94%,0.00%
yfx,YFX,55.24,,,$0,$0,$66.69M,5 yrs 1 mos,2021-05-20,5 yrs 1 mos,2021-05-20,0,,0,,1,https://twitter.com/yfx_com,0,,1,https://t.me/YFX_EN,Ethereum | Tron,0,,Yes,6,,,No,No,,,84.29%,38.04%
hipenguins,hiPENGUINS,55.23,,,,,,3 yrs 12 mos,2022-06-20,3 yrs 6 mos,2022-12-20,0,,1,https://github.com/FractonProtocol/FractonV1,1,https://twitter.com/FractonProtocol,0,,1,https://t.me/FractonX,Ethereum,0,,No,,,,No,No,,,97.98%,0.00%
metaplanet-ai,MetaPlanet AI,55.34,,,,,,3 yrs 3 mos,2023-03-20,3 yrs 3 mos,2023-03-20,0,,0,,1,https://twitter.com/metaplanetai,0,,1,https://t.me/MetaplanetAI,,0,,No,,,,No,No,,,55.60%,53.10%
liondex,LionDEX,55.19,,,,,,3 yrs 2 mos,2023-04-20,3 yrs 2 mos,2023-04-20,0,,0,,1,https://twitter.com/liondexofficial,0,,1,https://t.me/LionDEX_Offcial,Arbitrum,0,,No,,,,No,No,,,,
race,Race,55.68,,,,,,4 yrs 1 mos,2022-05-20,4 yrs 1 mos,2022-05-20,0,,0,,1,https://twitter.com/DaoRace,0,,1,https://t.me/DaoRace,Bsc,0,,Yes,1,,,No,No,,,82.86%,0.00%
metaverse-m,MetaVerse-M,55.62,,$17.39,,,,4 yrs 2 mos,2022-04-20,4 yrs 1 mos,2022-05-20,0,,1,https://github.com/MetaDex-M,1,https://twitter.com/dex_universe,0,,1,https://t.me/+bbFLun9VQj0yN2E0,Bsc,0,,No,,,,No,No,,,35.43%,11.54%
monsoon-finance,Monsoon Finance,55.15,,,,,,5 yrs 3 mos,2021-03-20,4 yrs 9 mos,2021-09-20,0,,1,https://github.com/monsoonfinance,1,https://twitter.com/MonsoonFi,0,,0,,Polygon,0,,No,,,,No,No,,,80.98%,0.00%
kine-finance,Kine Finance,55.15,,$427.02,,,,5 yrs 3 mos,2021-03-20,5 yrs 3 mos,2021-03-20,0,,0,,1,https://twitter.com/KineProtocol,0,,0,,Ethereum | Polygon,0,,No,,,,No,No,,,86.50%,0.00%
corgiswap,Corgiswap,55.20,,$1.00,,,,4 yrs 11 mos,2021-07-20,4 yrs 11 mos,2021-07-20,0,,1,https://github.com/corgidoge-official,1,https://twitter.com/corgidogeestate,0,,1,https://t.me/corgidoge_official,Bsc,0,,No,,,,No,No,,,100.00%,11.03%
lillion,Lillion,54.77,,,,,,5 yrs 2 mos,2021-04-20,3 yrs 11 mos,2022-07-20,0,,0,,1,https://twitter.com/lillionorg,0,,0,,Tron,0,,No,,,,No,No,,,,
hiveswap,HiveSwap,55.00,,,,,,4 yrs 6 mos,2021-12-20,0 yrs 0 mos,2026-06-20,0,,1,https://github.com/hiveswap,1,https://x.com/hiveswap_io,0,,1,https://t.me/hiveswap_io,Bitcoin,0,,No,,,,No,No,,,,
neptunex,NeptuneX,54.87,,,,,,2 yrs 3 mos,2024-03-20,0 yrs 0 mos,2026-06-20,0,,1,https://github.com/NeptuneX-Aggregator,1,https://twitter.com/NeptuneX_io_,0,,0,,Blast,1,04/01/2024|Solidproof,No,,,,No,No,,,,
kleva-protocol,KLEVA Protocol,54.80,,,,,,3 yrs 3 mos,2023-03-20,3 yrs 3 mos,2023-03-20,0,,0,,1,https://twitter.com/Kleva_AI,0,,0,,Klaytn,0,,No,,,,No,No,,,,
driftdelivery-cc,DriftDelivery.CC,55.56,,,,,,4 yrs 3 mos,2022-03-20,4 yrs 3 mos,2022-03-20,0,,0,,1,https://twitter.com/DeliveryDrift,0,,1,https://t.me/driftdeliveryofficial,Bsc,0,,No,,,,No,No,,,14.48%,0.00%
hiodbs,hiODBS,54.97,,,,,,3 yrs 12 mos,2022-06-20,3 yrs 9 mos,2022-09-20,0,,1,https://github.com/FractonProtocol,1,https://twitter.com/FractonProtocol,0,,0,,Ethereum,0,,No,,,,No,No,,,98.90%,0.00%
adax,ADAX,55.07,,,,,,5 yrs 0 mos,2021-06-20,0 yrs 0 mos,2026-06-20,0,,0,,1,https://twitter.com/adax_pro,0,,1,https://t.me/adaxcommunity,Cardano,0,,No,,,,No,No,,,,
berryswap,BerrySwap,55.37,,$3.70,,,,5 yrs 3 mos,2021-03-20,5 yrs 3 mos,2021-03-20,0,,1,https://github.com/berryswap,1,https://twitter.com/berryswapdex,0,,0,,Bsc,1,04/09/2021|SourceHat,No,,,,No,No,,,58.92%,0.00%
hiens3,hiENS3,54.75,,,,,,3 yrs 9 mos,2022-09-20,3 yrs 9 mos,2022-09-20,0,,1,https://github.com/FractonProtocol,1,https://twitter.com/FractonProtocol,0,,0,,Ethereum,0,,No,,,,No,No,,,95.53%,0.00%
marx,MarX,54.69,,,,,,5 yrs 6 mos,2020-12-20,5 yrs 6 mos,2020-12-20,0,,1,https://github.com/nlpul,1,https://twitter.com/MarX_Metaverse,0,,1,https://t.me/MarX_Project,Ethereum,0,,No,,,,No,No,,,99.92%,0.00%
loopswap,LoopSwap,55.34,,$1.49K,,,,4 yrs 3 mos,2022-03-20,4 yrs 3 mos,2022-03-20,0,,0,,1,https://twitter.com/LoopNetwork3,0,,1,https://t.me/loopnetwork,Bsc,0,,No,,,,No,No,,,35.12%,22.61%
yop,Yield Optimization Platform & Protocol,54.56,,,,,,5 yrs 7 mos,2020-11-20,5 yrs 7 mos,2020-11-20,0,,0,,1,https://twitter.com/yopfi,0,,1,https://t.me/yopfi,Ethereum,1,02/17/2022|Hacken,No,,,,No,No,,,64.86%,0.00%
prospectorcrane,ProspectorCrane,54.56,,,,,,3 yrs 10 mos,2022-08-20,3 yrs 10 mos,2022-08-20,0,,0,,1,https://twitter.com/ProspectorCrane,0,,1,https://t.me/ProspectorNFT_official,Bsc,0,,No,,,,No,No,,,82.01%,0.00%
bidao,Bidao,54.57,,$1.52K,,,,5 yrs 8 mos,2020-10-20,5 yrs 8 mos,2020-10-20,0,,0,,1,https://twitter.com/Bidaochain,0,,0,,Ethereum,0,,No,,,,No,No,,,30.30%,0.00%
unknown-finance,Unknown Finance,55.15,,,,,,3 yrs 10 mos,2022-08-20,3 yrs 10 mos,2022-08-20,0,,0,,1,https://twitter.com/UnknownFinance,0,,0,,Bsc,0,,No,,,,No,No,,,72.65%,0.00%
aldrin,Aldrin,54.70,$15.89K,$3.85,$0,$0,$1.09B,7 yrs 8 mos,2018-10-20,0 yrs 0 mos,2026-06-20,0,,0,,1,https://twitter.com/Aldrin_Exchange,0,,0,,Solana,0,,No,,,,No,No,,,,
lifetime,LifeTime,55.14,,$3.79K,,,,4 yrs 6 mos,2021-12-20,4 yrs 6 mos,2021-12-20,0,,0,,1,https://twitter.com/LftCoin,0,,0,,Bsc,0,,No,,,,No,No,,,29.12%,0.00%
pi-protocol,Pi Protocol,55.33,,,,,,5 yrs 5 mos,2021-01-20,4 yrs 7 mos,2021-11-20,0,,1,https://github.com/pi-protocol,1,https://twitter.com/PiProtocol,0,,0,,Bsc,0,,No,,,,No,No,,,64.63%,0.00%
tradingdao,TradingDAO,55.04,,,,,,2 yrs 12 mos,2023-06-20,2 yrs 12 mos,2023-06-20,0,,0,,1,https://twitter.com/tradingdaoio,0,,0,,Polygon,0,,No,,,,No,No,,,0.92%,0.00%
sheepdex,SheepDex,54.70,,,,,,4 yrs 11 mos,2021-07-20,7 yrs 21 mos,2017-09-20,0,,0,,1,https://twitter.com/SheepDex,0,,0,,Bsc,0,,Yes,2,,,No,No,,,,
trans-pepe,Trans Pepe,55.02,,,,,,3 yrs 0 mos,2023-06-20,3 yrs 0 mos,2023-06-20,0,,0,,1,https://twitter.com/Transspepe,0,,1,https://t.me/Transpepe_Official,Bsc,0,,No,,,,No,No,,,79.11%,0.00%
baseswap,BaseSwap,54.42,,$183.57,"$12,982.00","$128,210.00",$4.09B,2 yrs 10 mos,2023-08-20,2 yrs 10 mos,2023-08-20,0,,0,,1,https://twitter.com/BaseSwapDex,0,,0,,Base | Arbitrum,0,,No,,,,No,Yes,,,4.38%,0.20%
candleai,CandleAI,54.60,,,,,,2 yrs 1 mos,2024-05-20,2 yrs 1 mos,2024-05-20,0,,0,,1,https://twitter.com/cndl_ai,0,,0,,Ethereum,0,,No,,,,No,No,,,12.55%,0.00%
collarswap,COLLARSWAP,54.43,,,,,,3 yrs 3 mos,2023-03-20,3 yrs 3 mos,2023-03-20,0,,0,,1,https://twitter.com/collarswap,0,,0,,,0,,No,,,,No,No,,,68.07%,0.00%
mirrorfinance,mirror,54.42,,,,,,3 yrs 9 mos,2022-09-20,3 yrs 9 mos,2022-09-20,0,,0,,1,https://twitter.com/mirrorappfi,0,,1,https://t.me/mirrorapp,Bsc,0,,No,,,,No,No,,,90.11%,0.00%
torus-farm,Torus Farm,54.19,$8.85K,$2.20,,,,2 yrs 7 mos,2023-11-20,2 yrs 7 mos,2023-11-20,0,,0,,1,https://twitter.com/torus_farm,0,,0,,Base,0,,No,,,,No,No,,,73.25%,0.00%
dexbrowser,DexBrowser,54.28,,,,,,,,,,0,,0,,1,https://twitter.com/dexbrowser,0,,1,https://t.me/dexbrowserofficial,Fantom,0,,No,,,,No,No,,,,
ventiswap-token,VentiSwap Token,54.27,,,,,,4 yrs 1 mos,2022-05-20,4 yrs 1 mos,2022-05-20,0,,0,,1,https://twitter.com/ventiswap_,0,,0,,Ethereum,0,,No,,,,No,No,,,36.95%,0.00%
shibanova,ShibaNova,55.06,,,,,,5 yrs 1 mos,2021-05-20,5 yrs 0 mos,2021-06-20,0,,1,https://github.com/ShibaNova,1,https://twitter.com/ShibaNovaDeFi,0,,1,https://t.me/ShibaNovaDEX,Bsc,0,,No,,,,No,No,,,34.92%,9.80%
array,Array,54.20,,,,,,3 yrs 2 mos,2023-04-20,3 yrs 2 mos,2023-04-20,0,,0,,1,https://twitter.com/array_capital,0,,0,,Arbitrum | Zksync,1,04/15/2023|SourceHat,No,,,,No,Yes,,,,
banana-index,Banana Index,54.00,,,,,,4 yrs 4 mos,2022-02-20,4 yrs 1 mos,2022-05-20,0,,1,https://github.com/Banana-Task-Force-Ape,1,https://twitter.com/BananaTFA,0,,1,https://t.me/BananaTFApe,Ethereum,2,05/06/2022|InterFi Network; 03/09/2022|InterFi Network,No,,,,No,No,,,50.23%,27.34%
decoin,DECOIN,54.49,,,,,,8 yrs 2 mos,2018-04-20,8 yrs 2 mos,2018-04-20,0,,1,https://github.com/DECOINio,1,https://twitter.com/decoin_io,0,,1,https://t.me/xDECOIN,,0,,No,,,,No,No,,,95.19%,57.07%
nft2stake,NFT2STAKE,54.20,,,,,,3 yrs 8 mos,2022-10-20,3 yrs 8 mos,2022-10-20,0,,0,,1,https://twitter.com/nft2stake,0,,1,https://t.me/NFT2stake_Official,Bsc,1,10/18/2022|InterFi Network,No,,,,No,No,,,84.71%,0.00%
spherexdex,SphereX,54.08,,,,,,1 yrs 11 mos,2024-07-20,1 yrs 11 mos,2024-07-20,0,,1,https://github.com/spherex-dex,1,https://x.com/SphereX_XYZ,0,,1,https://t.me/SphereXExchange,Ethereum | Bsc,0,,No,,,,No,No,,,81.37%,47.56%
flokimooni,Flokimooni,54.96,,$221.25,,,,4 yrs 8 mos,2021-10-20,4 yrs 8 mos,2021-10-20,0,,0,,1,https://twitter.com/FlokiMooni,0,,0,,Bsc,1,11/11/2021|InterFi Network,No,,,,No,No,,,8.06%,0.00%
swych-finance,Swych Finance,54.59,,,,,,3 yrs 2 mos,2023-04-20,3 yrs 2 mos,2023-04-20,0,,0,,1,https://twitter.com/SwychFinance,0,,0,,Bsc,0,,No,,,,No,No,,,75.84%,0.00%
firebirdfinance,Firebird Finance,53.95,,$6.75,,,,5 yrs 1 mos,2021-05-20,5 yrs 0 mos,2021-06-20,0,,1,https://github.com/firebird-finance,1,https://twitter.com/financefirebird,0,,1,https://t.me/firebirdfinance,Bsc,0,,Yes,1,,,No,No,,,69.01%,0.00%
zenswap-network-token,Zenswap Network Token,54.18,,,,,,8 yrs 0 mos,2018-06-20,7 yrs 8 mos,2018-10-20,0,,1,https://github.com/zenswapnetwork,1,https://twitter.com/ZenswapNetwork,0,,0,,Ethereum,0,,No,,,,No,No,,,89.63%,0.00%
cofix,CoFiX,53.82,,,,,,5 yrs 9 mos,2020-09-20,5 yrs 8 mos,2020-10-20,0,,1,https://github.com/Computable-Finance,1,https://twitter.com/CoFiXProtocol,0,,0,,,0,,Yes,1,,,No,No,,,76.98%,0.00%
xcrx,xCRX,54.04,,,,,,4 yrs 8 mos,2021-10-20,0 yrs 0 mos,2026-06-20,0,,1,https://github.com/CrodexApp,1,https://twitter.com/crodexapp,0,,1,https://t.me/crodexofficial,Cronos,0,,No,,,,No,No,,,,
padre,Padre,64.05,,$1.88,,,,3 yrs 0 mos,2023-06-20,0 yrs 0 mos,2026-06-20,0,,0,,1,https://x.com/PadreApp,0,,0,,Ethereum,0,,No,,,,No,No,,,58.53%,1.95%
cakebot,Cakebot,53.93,,,,,,10 yrs 5 mos,2016-01-20,2 yrs 7 mos,2023-11-20,0,,1,https://github.com/batudal,1,https://twitter.com/CakebotTeam,0,,0,,Bsc,0,,No,,,,No,No,,,88.12%,0.00%
espento,Espento,54.53,,,,,,3 yrs 11 mos,2022-07-20,3 yrs 4 mos,2023-02-20,0,,0,,1,https://twitter.com/espentoofficial,0,,0,,Bsc,0,,No,,,,No,No,,,96.99%,0.00%
cash-tokens,Cash Tokens,54.05,,,,,,3 yrs 0 mos,2023-06-20,56 yrs 0 mos,1970-06-20,0,,0,,1,https://twitter.com/CashTokens,0,,0,,Ethereum,0,,Yes,1,,,No,No,,,,
fibswap-dex-v2,FibSWAP DEx,54.53,,,,,,3 yrs 7 mos,2022-11-20,3 yrs 7 mos,2022-11-20,0,,0,,1,https://twitter.com/FibSwap,0,,1,https://t.me/FibSwapOfficial,Polygon,0,,No,,,,No,No,,,19.47%,0.00%
unidexai,UniDexAI,53.97,,,,,,2 yrs 5 mos,2024-01-20,2 yrs 5 mos,2024-01-20,0,,0,,1,https://twitter.com/unidexai,0,,0,,Ethereum,0,,No,,,,No,No,,,62.71%,0.00%
sokuswap,SokuSwap,61.31,,$17.83,,,,5 yrs 2 mos,2021-04-20,5 yrs 1 mos,2021-05-20,0,,1,https://github.com/Soku-Swap-Project,1,https://twitter.com/SokuSwap,0,,0,,Bsc,0,,Yes,1,12/10/2021,Soku Swap,No,No,,,26.72%,0.00%
memetoon,MEMETOON,53.89,,$0.00,,,,2 yrs 10 mos,2023-08-20,2 yrs 10 mos,2023-08-20,0,,1,https://github.com/memetoon-team,1,https://twitter.com/memetoonk,0,,0,,Polygon,0,,No,,,,No,No,,,38.24%,0.00%
safemoon-v2,SafeMoon V2,54.31,$1.12M,$713.26,,,,5 yrs 3 mos,2021-03-20,4 yrs 6 mos,2021-12-20,0,,1,https://github.com/safemoonprotocol/Safemoon.sol/tree/main,1,https://twitter.com/safemoon,0,,1,https://t.me/SafeMoonArmy,Bsc,0,,No,,,,No,No,,,2.88%,0.00%
lodestar-finance,Lodestar Finance,53.75,,$0.00,,,,3 yrs 10 mos,2022-08-20,3 yrs 7 mos,2022-11-20,0,,1,https://github.com/LodestarFinance,1,https://twitter.com/LodestarFinance,0,,0,,Arbitrum,1,12/13/2022|SourceHat,No,,,,No,No,,,,
cortexdao,CortexDAO,53.63,,,,,,4 yrs 2 mos,2022-04-20,4 yrs 2 mos,2022-04-20,0,,0,,1,https://twitter.com/CortexDAO,0,,0,,Ethereum,0,,No,,,,No,No,,,90.27%,0.00%
lumenswap,Lumenswap,53.85,,$289.18,$0,$0,$1.48B,4 yrs 10 mos,2021-08-20,0 yrs 0 mos,2026-06-20,0,,1,https://github.com/lumenswap,1,https://twitter.com/lumenswap,0,,0,,Stellar | Sectors | DeFi | DEX | Socials,0,,No,,,,No,No,,,,
trendai,TrendAI,53.77,,,,,,3 yrs 4 mos,2023-02-20,3 yrs 4 mos,2023-02-20,0,,0,,1,https://twitter.com/trendai_io,0,,0,,,0,,No,,,,No,No,,,78.28%,0.00%
glide-finance,Glide Finance,53.72,,,$0,$0,$114.93M,5 yrs 1 mos,2021-05-20,0 yrs 0 mos,2026-06-20,0,,0,,1,https://twitter.com/GlideFinance,0,,1,https://t.me/glide_finance,Elastos | Sectors | DEX | Socials,1,09/18/2021|Paladinsec,No,,,,No,No,5,2M,,
glitzkoin,GlitzKoin,53.69,,$0.01,,,,8 yrs 3 mos,2018-03-20,6 yrs 0 mos,2020-06-20,0,,0,,1,https://twitter.com/GlitzkoinToken,0,,1,https://t.me/glitzkoin_token,,0,,No,,,,No,No,,,,
pokedx,PokeDX,54.16,,,,,,4 yrs 9 mos,2021-09-20,4 yrs 9 mos,2021-09-20,0,,0,,1,https://twitter.com/pokedxapp,0,,0,,Bsc,1,11/22/2021|TechRate,No,,,,No,No,,,14.72%,0.00%
add-xyz,Add.xyz,53.68,,,,,,5 yrs 3 mos,2021-03-20,5 yrs 3 mos,2021-03-20,0,,0,,1,https://twitter.com/adddotxyz,0,,0,,Ethereum,0,,No,,,,No,No,,,58.25%,0.00%
decentralized-data-crypto-system,Decentralized data crypto system,54.38,,$2.87,,,,4 yrs 10 mos,2021-08-20,4 yrs 10 mos,2021-08-20,0,,0,,1,https://twitter.com/dcs_crypto,0,,1,https://t.me/DCSOff,Bsc,0,,No,,,,No,No,,,74.96%,0.00%
animal-farm-pigs,Animal Farm Pigs,54.11,,$4.06K,,,,4 yrs 1 mos,2022-05-20,4 yrs 1 mos,2022-05-20,0,,0,,1,https://twitter.com/DRIPcommunity,0,,1,https://t.me/DRIPtoken_Chat,Bsc,0,,No,,,,No,No,,,65.55%,29.49%
tsunamix,TsunamiX,53.75,,,,,,4 yrs 2 mos,2022-04-20,,,0,,0,,1,https://twitter.com/TsunamiFinance_,0,,0,,Mantle,1,09/29/2023|OtterSec,No,,,,No,No,,,,
arbitrum-pad,Arbitrum Pad,53.45,,,,,,3 yrs 3 mos,2023-03-20,3 yrs 3 mos,2023-03-20,0,,1,https://github.com/solidproof/projects/tree/main/ArbitrumPad,1,https://twitter.com/Arbitrum_Pad,0,,0,,,0,,No,,,,No,No,,,,
lfg,LFG,53.65,,,,,,19 yrs 0 mos,2007-06-20,0 yrs 0 mos,2026-06-20,0,,0,,1,https://twitter.com/LFG,0,,0,,Bitcoin | Brc-20,0,,No,,,,No,No,,,66.68%,0.00%
honey-token,Honeyswap,53.68,,$69.91,$3.98M,$4.02M,$574.16M,8 yrs 11 mos,2017-07-20,0 yrs 0 mos,2026-06-20,0,,1,https://github.com/1Hive,1,https://twitter.com/honeyswap,0,,1,https://t.me/honeyswapDEX,Gnosis-gno | Polygon,0,,No,,,,No,No,,,,
falcon-swaps,Falcon Swaps,54.03,,$0.01,,,,4 yrs 6 mos,2021-12-20,4 yrs 6 mos,2021-12-20,0,,0,,1,https://twitter.com/falconsinu,0,,0,,Bsc,0,,No,,,,No,No,,,58.01%,5.00%
scaleton,Scaleton,53.50,,,,,,1 yrs 8 mos,2024-10-20,0 yrs 0 mos,2026-06-20,0,,1,https://github.com/dedust-protocol,1,https://twitter.com/ScaletonCo,0,,1,https://t.me/dedust_en_chat,,0,,No,,,,No,No,,,,
solanaprime,SolanaPrime,53.45,,,,,,,,,,0,,0,,1,https://twitter.com/solana_prime,0,,1,https://t.me/SolanaPrimeOfficial,Solana,0,,No,,,,No,No,,,,
gomint,Algomint,53.53,,,,,,5 yrs 0 mos,2021-06-20,0 yrs 0 mos,2026-06-20,0,,0,,1,https://twitter.com/Algomint_io,0,,1,https://t.me/algomint2,Algorand,0,,No,,,,No,No,,,,
beluga-protocol,Beluga Protocol,53.40,,,,,,3 yrs 2 mos,2023-04-20,3 yrs 2 mos,2023-04-20,0,,1,https://github.com/belugadex,1,https://twitter.com/belugadex,0,,0,,Arbitrum | Solana,0,,No,,,,No,Yes,,,,
tail-finance,Tail Finance,53.51,,,,,,3 yrs 3 mos,2023-03-20,3 yrs 3 mos,2023-03-20,0,,0,,1,https://twitter.com/ShibTailFinance,0,,0,,,0,,No,,,,No,No,,,78.98%,0.00%
calaswap,Calaswap,53.24,,,,,,4 yrs 1 mos,2022-05-20,4 yrs 1 mos,2022-05-20,0,,0,,1,https://twitter.com/calaswap,0,,0,,Bsc,0,,No,,,,No,No,,,100.00%,0.00%
hiens4,hiENS4,53.34,,,,,,3 yrs 10 mos,2022-08-20,3 yrs 10 mos,2022-08-20,0,,1,https://github.com/FractonProtocol,1,https://twitter.com/FractonProtocol,0,,0,,Ethereum,0,,No,,,,No,No,,,97.17%,0.00%
kaidex,KAIDEX,53.35,,,$0,$0,$9.21M,4 yrs 2 mos,2022-04-20,0 yrs 0 mos,2026-06-20,0,,1,https://github.com/kardia-solutions,1,https://twitter.com/KAI_DEX,0,,0,,Kardiachain | Sectors | DEX | Socials,0,,No,,,,No,No,,,,
renascent-finance,Renascent Finance,53.10,,$33.86,,,,5 yrs 1 mos,2021-05-20,5 yrs 1 mos,2021-05-20,0,,0,,1,https://twitter.com/rena_finance,0,,0,,Ethereum,0,,No,,,,No,No,,,22.31%,0.00%
sola,SOLA Token,53.27,,,,,,4 yrs 11 mos,2021-07-20,0 yrs 0 mos,2026-06-20,0,,1,https://github.com/SolaToken,1,https://twitter.com/EcoSolana,0,,1,https://t.me/solatoken_net,Solana,0,,No,,,,No,No,,,,
kintsugi,Kintsugi,53.20,,$287.74,,,,6 yrs 7 mos,2019-11-20,6 yrs 7 mos,2019-11-20,0,,1,https://github.com/interlay,1,https://twitter.com/kintsugi_btc,1,https://discord.com/invite/interlay,1,https://t.me/interlay_community,Bitcoin,0,,No,,,,No,No,,,,
bib-token,BIB Token,53.75,,,,,,3 yrs 9 mos,2022-09-20,3 yrs 9 mos,2022-09-20,0,,0,,1,https://twitter.com/bib_meta,0,,0,,Bsc,0,,No,,,,No,No,,,95.42%,0.00%
kols-offering-token,Kols Offering Token,53.93,,$0.02,,,,4 yrs 9 mos,2021-09-20,4 yrs 9 mos,2021-09-20,0,,0,,1,https://twitter.com/KolsToken,0,,0,,Bsc,0,,No,,,,No,No,,,100%,0.00%
derify-protocol,Derify Protocol,53.48,,,,,,5 yrs 3 mos,2021-03-20,4 yrs 3 mos,2022-03-20,0,,1,https://github.com/derivationlab,1,https://twitter.com/DerifyProtocol,0,,1,https://t.me/DerifyProtocol_Official,Bsc,0,,Yes,3,,,No,No,,,95.57%,0.00%
xrp-classic-token,Xrp Classic,53.52,,,,,,3 yrs 12 mos,2022-06-20,3 yrs 12 mos,2022-06-20,0,,0,,1,https://twitter.com/XrpClassic,0,,1,https://t.me/XrpClassicGlobal,Bsc,0,,No,,,,No,No,,,21.96%,0.00%
yoda-coin-swap,Yoda Coin Swap,53.70,,,,,,4 yrs 4 mos,2022-02-20,4 yrs 4 mos,2022-02-20,0,,0,,1,https://twitter.com/yodacoinswap,0,,1,https://t.me/YodaCoinEN,Bsc,0,,No,,,,No,No,,,88.84%,0.00%
orbswap,OrbSwap,51.93,,,,,,11 yrs 7 mos,2014-11-20,11 yrs 7 mos,2014-11-20,0,,1,https://github.com/cupOJoseph/orbswap,1,https://x.com/0xorbSwap,0,,0,,Arbitrum,0,,No,,,,No,No,,,,
kwikswap,Kwikswap Protocol,52.95,,,,,,5 yrs 7 mos,2020-11-20,5 yrs 6 mos,2020-12-20,0,,1,https://github.com/kwikswap,1,https://twitter.com/kwikswapdex,0,,0,,Ethereum,0,,No,,,,No,No,,,77.81%,0.00%
multipool,Multipool,52.76,,,,,,2 yrs 1 mos,2024-05-20,2 yrs 1 mos,2024-05-20,0,,0,,1,https://x.com/multipoolfi,0,,0,,Ethereum,0,,No,,,,No,No,,,97.11%,42.06%
eifi-finance,Eifi FInance,53.58,,$73.06,,,,4 yrs 11 mos,2021-07-20,4 yrs 11 mos,2021-07-20,0,,0,,1,https://twitter.com/EifiFinance,0,,0,,Bsc,0,,No,,,,No,No,,,82.01%,32.11%
yobit-token,Yobit Token,52.90,,$0.00,,,,6 yrs 11 mos,2019-07-20,6 yrs 11 mos,2019-07-20,0,,0,,1,https://twitter.com/YobitExchange,0,,0,,Ethereum,0,,No,,,,No,No,,,99.58%,0.00%
dragonbnb-co,DragonBnB.co,53.36,,,,,,4 yrs 1 mos,2022-05-20,4 yrs 1 mos,2022-05-20,0,,0,,1,https://twitter.com/DragonBnb,0,,1,https://t.me/DragonBnb_Official,Bsc,0,,No,,,,No,No,,,14.71%,0.00%
pawstars,PawStars,53.28,,,,,,2 yrs 8 mos,2023-10-20,2 yrs 8 mos,2023-10-20,0,,0,,1,https://twitter.com/PawstarCoin,0,,0,,Bsc,0,,No,,,,No,No,,,11.12%,0.00%
peerex,PeerEx,52.81,,,,,,5 yrs 10 mos,2020-08-20,5 yrs 10 mos,2020-08-20,0,,0,,1,https://twitter.com/PeerExNetwork,0,,0,,Ethereum,0,,No,,,,No,No,,,100.00%,0.00%
okage-inu,Okage Inu,52.78,,,,,,3 yrs 5 mos,2023-01-20,3 yrs 5 mos,2023-01-20,0,,1,https://github.com/OkageERC/Okage-Inu-Base,1,https://twitter.com/okageerc,0,,0,,Ethereum,0,,No,,,,No,No,,,91.27%,0.00%
velocore,Velocore,52.87,,,,,,3 yrs 2 mos,2023-04-20,0 yrs 0 mos,2026-06-20,0,,0,,1,https://x.com/velocorexyz,0,,0,,Zksync | Linea,0,,No,,,,No,No,,,,
heroestd-cgc,HeroesTD CGC,52.73,,,,,,4 yrs 5 mos,2022-01-20,4 yrs 5 mos,2022-01-20,0,,0,,1,https://twitter.com/heroes_td,0,,0,,Bsc,0,,No,,,,No,No,,,93.97%,0.00%
milkshakeswap-finance,MilkshakeSwap,52.71,,$834.70,,,,5 yrs 3 mos,2021-03-20,5 yrs 3 mos,2021-03-20,0,,1,https://github.com/MilkShake-Swap,1,https://twitter.com/milkshakeswap,0,,0,,Bsc,0,,No,,,,No,No,,,89.09%,22.74%
high-performance-blockchain,High Performance Blockchain,52.70,,,,,,8 yrs 10 mos,2017-08-20,8 yrs 10 mos,2017-08-20,0,,1,https://github.com/hpb-project,1,https://twitter.com/HPB_Global,0,,1,https://t.me/hpbglobal,,0,,No,,,,No,No,,,,
monkeyfi,MonkeyFi,52.86,,,,,,1 yrs 6 mos,2024-12-20,1 yrs 6 mos,2024-12-20,0,,0,,1,https://twitter.com/daga3tv,0,,0,,Base | Ethereum,0,,No,,,,No,No,,,95.40%,0.00%
wagyuswap,WagyuSwap,52.65,,,$0,$0,$763.51M,4 yrs 9 mos,2021-09-20,4 yrs 9 mos,2021-09-20,0,,0,,1,https://twitter.com/WagyuSwap_app,0,,0,,Ethereum,0,,No,,,,No,No,,,28.59%,0.00%
shibc,Shiba Classic,52.63,,,,,,3 yrs 9 mos,2022-09-20,3 yrs 7 mos,2022-11-20,0,,1,https://github.com/Shiba-Classic-ETC/Shiba-Classic-Contract-Code,1,https://x.com/shibctokenetc,0,,0,,Ethereum,0,,No,,,,No,No,,,94.33%,0.00%
iftoken,IFToken,52.48,,,,,,7 yrs 11 mos,2018-07-20,5 yrs 11 mos,2020-07-20,0,,1,https://github.com/ifwallet,1,https://twitter.com/ifwallet,0,,1,https://t.me/ifwallet,Ethereum,0,,No,,,,No,No,,,100.00%,29.48%
martik,Martik,53.07,,,,,,3 yrs 5 mos,2023-01-20,3 yrs 5 mos,2023-01-20,0,,1,https://github.com/MTK-Token,1,https://twitter.com/martik_crypto,0,,1,https://t.me/martik_en,,0,,No,,,,No,No,,,27.10%,0.03%
dr1ver,DR1VER,52.62,,,,,,3 yrs 11 mos,2022-07-20,3 yrs 11 mos,2022-07-20,0,,0,,1,https://twitter.com/DR1VER_OFFICIAL,0,,1,https://t.me/DR1VER_OFFICIAL,Bsc,0,,No,,,,No,No,,,85.34%,0.00%
aiiinxswap,AIIInXSwap,53.21,,,,,,2 yrs 9 mos,2023-09-20,2 yrs 9 mos,2023-09-20,0,,1,https://github.com/allinxswap,1,https://twitter.com/allinxswap,0,,0,,Opbnb,0,,No,,,,No,No,,,99.20%,0.00%
swapdex,SwapDEX,52.56,,,,,,4 yrs 10 mos,2021-08-20,3 yrs 6 mos,2022-12-20,0,,1,https://github.com/Swapdex-Protocol,1,https://twitter.com/SwapdexO,0,,0,,,0,,No,,,,No,No,,,78.67%,0.00%
zeepr,Zeepr,52.53,,,,,,2 yrs 10 mos,2023-08-20,0 yrs 0 mos,2026-06-20,0,,1,https://github.com/Zeeprlabs,1,https://x.com/Zeepr_labs,0,,1,https://t.me/zeeprlabs,Arbitrum,0,,No,,,,No,No,,,,
baby-doge-ceo,Baby Doge CEO,53.00,,,,,,3 yrs 3 mos,2023-03-20,3 yrs 3 mos,2023-03-20,0,,0,,1,https://twitter.com/WalletCEO,0,,0,,,0,,No,,,,No,No,,,31.74%,0.00%
tigerfinance,Tigerfinance,53.04,,$0.16,,,,5 yrs 4 mos,2021-02-20,5 yrs 4 mos,2021-02-20,0,,1,https://github.com/TigerFinance,1,https://twitter.com/TigersFinance,0,,0,,Bsc,0,,No,,,,No,No,,,94.35%,66.53%
vesync,veSync,52.35,,,,,,3 yrs 3 mos,2023-03-20,0 yrs 0 mos,2026-06-20,0,,0,,1,https://twitter.com/veSyncL2,0,,0,,Zksync,0,,No,,,,No,No,,,,
market-ledger,Market Ledger,53.14,,,,,,4 yrs 6 mos,2021-12-20,4 yrs 6 mos,2021-12-20,0,,0,,1,https://twitter.com/marketledger_,0,,1,https://t.me/MarketLedgerOfficial,Bsc,0,,No,,,,No,No,,,31.25%,0.24%
newsolution-token,Newsolution2.0,52.50,,$1.03,,,,4 yrs 8 mos,2021-10-20,4 yrs 8 mos,2021-10-20,0,,0,,1,https://twitter.com/Newsolution20,0,,1,https://t.me/NewSolutionCoin,Bsc,0,,No,,,,No,No,,,97.51%,0.00%
switch,Switch,52.62,,,,,,6 yrs 10 mos,2019-08-20,6 yrs 10 mos,2019-08-20,0,,0,,1,https://twitter.com/switchag,0,,0,,Ethereum,0,,No,,,,No,No,,,96.35%,0.00%
zeedex,Zeedex,52.22,,,,,,5 yrs 10 mos,2020-08-20,5 yrs 9 mos,2020-09-20,0,,1,https://github.com/zeedexio,1,https://twitter.com/Zeedexio,0,,0,,Ethereum,0,,No,,,,No,No,,,99.54%,0.00%
befy-protocol,Befy Protocol,52.34,,,,,,2 yrs 6 mos,2023-12-20,2 yrs 5 mos,2024-01-20,0,,1,https://github.com/befyfi,1,https://twitter.com/Befy_Protocol,0,,1,https://t.me/befyprotocol,Bitcoin,0,,No,,,,No,No,,,31.78%,0.00%
pembrock,Pembrock,52.38,,,,,,4 yrs 5 mos,2022-01-20,0 yrs 0 mos,2026-06-20,0,,1,https://github.com/PembROCK-Finance,1,https://twitter.com/pembrockfi,0,,0,,Near,0,,No,,,,No,No,,,,
moonlana,Moonlana,52.35,,,,,,5 yrs 1 mos,2021-05-20,0 yrs 0 mos,2026-06-20,0,,1,https://github.com/moonlana,1,https://twitter.com/xmoonlana,0,,1,https://t.me/moonlana,Solana,0,,No,,,,No,No,,,,
indigo-protocol-ibtc,Indigo Protocol - iBTC,52.48,,$235.01,,,,4 yrs 11 mos,2021-07-20,0 yrs 0 mos,2026-06-20,0,,1,https://github.com/IndigoProtocol/dexter,1,https://twitter.com/Indigo_protocol,0,,0,,,0,,No,,,,No,No,,,,
thalaswap,ThalaSwap,52.28,$588.20K,$4.21K,"$33,461.00","$834,115.00",$4.13B,3 yrs 11 mos,2022-07-20,0 yrs 0 mos,2026-06-20,0,,1,https://github.com/thalalabs,1,https://x.com/ThalaLabs,0,,0,,Aptos,2,08/28/2024|OtterSec; 05/31/2023|OtterSec,No,,,,No,No,,,,
eagle-token,Eagle Token,52.66,,,,,,4 yrs 5 mos,2022-01-20,4 yrs 5 mos,2022-01-20,0,,0,,1,https://twitter.com/EagleToken_,0,,1,https://t.me/EagleToken_Official,Bsc,0,,No,,,,No,No,,,16.23%,0.00%
pikachu-inu,Pikachu Inu,52.16,,,,,,4 yrs 8 mos,2021-10-20,4 yrs 8 mos,2021-10-20,0,,1,https://github.com/PikachuInu,1,https://twitter.com/pikachuinu,0,,1,https://t.me/pikachuinuu,Ethereum,0,,No,,,,No,No,,,38.17%,9.42%
wish-finance,Wish Finance,52.86,,$2.43,,,,4 yrs 10 mos,2021-08-20,4 yrs 10 mos,2021-08-20,0,,0,,1,https://twitter.com/WishFinance21,0,,1,https://t.me/wishfinanceofficial,Bsc,0,,No,,,,No,No,,,82.55%,67.56%
pangolin-swap,Pangolin Swap,52.61,,$42.23,,,,4 yrs 11 mos,2021-07-20,4 yrs 11 mos,2021-07-20,0,,0,,1,https://twitter.com/Bzzoneswap,0,,1,https://t.me/Bzzone,Bsc,0,,No,,,,No,No,,,51.81%,0.00%
swapblast,SwapBlast,52.07,,,,,,2 yrs 3 mos,2024-03-20,0 yrs 0 mos,2026-06-20,0,,0,,1,https://twitter.com/SwapBlast,0,,0,,Blast,0,,No,,,,No,No,,,,
fibodex,FiboDex,53.16,,,,,,4 yrs 10 mos,2021-08-20,4 yrs 10 mos,2021-08-20,0,,1,https://github.com/fibodex,1,https://twitter.com/fibodex,0,,1,https://t.me/fibodex_official,Bsc,0,,No,,,,No,No,,,30.46%,0.51%
moon-light-night,Moon Light Night,52.09,,,,,,16 yrs 5 mos,2010-01-20,0 yrs 0 mos,2026-06-20,0,,0,,1,https://twitter.com/mln_token,0,,0,,Xrp,0,,No,,,,No,No,,,,
coinfield-coin,CoinField Coin,52.07,,,,,,8 yrs 6 mos,2017-12-20,4 yrs 7 mos,2021-11-20,0,,1,https://github.com/CoinField,1,https://twitter.com/CoinFieldEX,0,,1,https://t.me/CoinFieldCHAT,Ethereum,0,,No,,,,No,No,,,100.00%,70.57%
askjimmy,AskJimmy,51.79,,,,,,2 yrs 4 mos,2024-02-20,0 yrs 0 mos,2026-06-20,0,,1,https://github.com/askjimmy,1,https://x.com/askjimmy_ai,0,,0,,Solana,0,,No,,,,No,No,,,,
billion-local-coin,Billion Local Coin Gold,52.04,,,,,,2 yrs 10 mos,2023-08-20,2 yrs 10 mos,2023-08-20,0,,0,,1,https://twitter.com/BLC_Gold,0,,0,,Bsc,0,,Yes,1,,,No,No,,,100.00%,0.00%
solvent,Solvent,52.07,,,,,,4 yrs 9 mos,2021-09-20,0 yrs 0 mos,2026-06-20,0,,1,https://github.com/solventprotocol,1,https://twitter.com/solventprotocol,0,,1,https://t.me/solventprotocol,Solana,0,,No,,,,No,No,,,,
xshiba-inu,XShiba Inu,52.03,,,,,,2 yrs 10 mos,2023-08-20,2 yrs 10 mos,2023-08-20,0,,0,,1,https://twitter.com/X_Shiba_Inu,0,,0,,Ethereum,0,,No,,,,No,No,,,24.58%,0.00%
dracula-finance,Dracula Finance,51.99,,,,,,3 yrs 3 mos,2023-03-20,0 yrs 0 mos,2026-06-20,0,,0,,1,https://twitter.com/dracula_fi,0,,0,,Zksync,1,04/26/2023|Solidproof,No,,,,No,No,,,,
ipulse,iPulse,52.32,,$0.34,,,,4 yrs 7 mos,2021-11-20,4 yrs 7 mos,2021-11-20,0,,1,https://github.com/Ipulse1089,1,https://twitter.com/IpulseToken,0,,1,https://t.me/IpulseGlobal,Bsc,0,,No,,,,No,No,,,93.61%,0.00%
upstabletoken,UpStableToken,51.77,,,,,,5 yrs 0 mos,2021-06-20,0 yrs 0 mos,2026-06-20,0,,1,https://github.com/ustx/ustx-dex,1,https://twitter.com/USTX6,0,,1,https://t.me/ustx_en,Tron,1,09/27/2021|ImmuneBytes,No,,,,No,No,,,,
zkup,ZKUP,51.75,,,,,,3 yrs 2 mos,2023-04-20,3 yrs 2 mos,2023-04-20,0,,0,,1,https://twitter.com/trendx_pro,0,,1,https://t.me/trendx_pro,,0,,No,,,,No,No,,,89.77%,65.31%
acadex-network,Acadex Network,51.69,,,,,,4 yrs 1 mos,2022-05-20,4 yrs 1 mos,2022-05-20,0,,0,,1,https://twitter.com/acadexnetwork,0,,0,,Bsc,0,,No,,,,No,No,,,98.62%,0.00%
crypto-volatility-token,Crypto Volatility Token,52.27,,,,,,4 yrs 6 mos,2021-12-20,4 yrs 6 mos,2021-12-20,0,,1,https://github.com/govi-dao,1,https://twitter.com/official_CVI,0,,0,,Polygon,1,08/03/2022|SourceHat,No,,,,No,No,,,13.40%,0.00%
dexfin,Dexfin,51.81,,,,,,6 yrs 6 mos,2019-12-20,6 yrs 6 mos,2019-12-20,0,,1,https://github.com/Dexfinex,1,https://twitter.com/dexfinexchange,0,,0,,Ethereum,0,,No,,,,No,No,,,92.34%,0.00%
chamcha,Chamcha,51.68,,,,,,9 yrs 11 mos,2016-07-20,0 yrs 0 mos,2026-06-20,0,,1,https://github.com/chamcha,1,https://twitter.com/0xChamcha,0,,0,,Bitcoin,0,,No,,,,No,No,,,,
meta-course,Meta Course,52.41,,,,,,4 yrs 2 mos,2022-04-20,4 yrs 2 mos,2022-04-20,0,,1,https://github.com/metacourse,1,https://twitter.com/metacoursetoken,0,,0,,Bsc,0,,No,,,,No,No,,,39.37%,0.00%
chickenkebab-finance,Chickenkebab Finance,52.53,,$4.60,,,,5 yrs 4 mos,2021-02-20,5 yrs 4 mos,2021-02-20,0,,0,,1,https://twitter.com/ChikFinance,0,,0,,Bsc,0,,No,,,,No,No,,,51.06%,25.92%
jojo-token,JoJo Token,52.59,,,,,,2 yrs 6 mos,2023-12-20,2 yrs 6 mos,2023-12-20,0,,0,,1,https://twitter.com/JOJO_BscCoin,0,,0,,Bsc,0,,Yes,1,,,No,No,,,42.13%,0.00%
ume-token,UME Token,51.60,,,,,,5 yrs 4 mos,2021-02-20,0 yrs 0 mos,2026-06-20,0,,1,https://github.com/USWAP-exchange,1,https://twitter.com/umefinance,0,,0,,Tron,0,,No,,,,No,No,,,,
symmetric,Symmetric,51.65,,,$0,$0,$31.97M,5 yrs 9 mos,2020-09-20,4 yrs 11 mos,2021-07-20,0,,1,https://github.com/centfinance,1,https://twitter.com/0xSymmetric,0,,1,https://t.me/SymmetricFinanceDiscussion,Gnosis-gno,0,,No,,,,No,No,,,99.15%,0.00%
laddercaster,LadderCaster,51.43,,,,,,4 yrs 2 mos,2022-04-20,0 yrs 0 mos,2026-06-20,0,,1,https://github.com/ladder-caster,1,https://twitter.com/LadderCaster,0,,0,,Solana,0,,No,,,,No,No,,,,
fidex-token,FidexToken,51.67,,,,,,7 yrs 8 mos,2018-10-20,7 yrs 8 mos,2018-10-20,0,,1,https://github.com/fidexexchange,1,https://twitter.com/fidexexchange,0,,1,https://t.me/FidexGlobal,Ethereum,0,,No,,,,No,No,,,100%,0.00%
giannidoge-esport,GianniDoge Esport,52.21,,,,,,3 yrs 6 mos,2022-12-20,3 yrs 6 mos,2022-12-20,0,,0,,1,https://twitter.com/giannidoge,0,,1,https://t.me/giannidogeesport,Bsc,0,,No,,,,No,No,,,91.16%,0.00%
baymax-finance,Baymax Finance,52.11,,,,,,3 yrs 5 mos,2023-01-20,3 yrs 5 mos,2023-01-20,0,,0,,1,https://twitter.com/baymaxfi,0,,1,https://t.me/baymaxfi,Avalanche,0,,No,,,,No,No,,,100.00%,0.00%
sonic-suite,Sonic Suite,51.36,,,,,,3 yrs 11 mos,2022-07-20,3 yrs 11 mos,2022-07-20,0,,0,,1,https://twitter.com/SonicSuiteETH,0,,0,,,0,,No,,,,No,No,,,15.49%,0.00%
bitguild-plat,BitGuild PLAT,51.06,,,,,,8 yrs 4 mos,2018-02-20,0 yrs 0 mos,2026-06-20,0,,1,https://github.com/BitGuildPlatform,1,https://twitter.com/bitguildplat,0,,0,,Tron,0,,No,,,,No,No,,,,
price-gap,Price Gap,51.89,,,,,,2 yrs 11 mos,2023-07-20,2 yrs 11 mos,2023-07-20,0,,0,,1,https://twitter.com/pricegap_ai,0,,0,,Bsc,0,,No,,,,No,No,,,88.03%,0.00%
shakita-inu,Shakita Inu,51.95,,,,,,4 yrs 10 mos,2021-08-20,4 yrs 10 mos,2021-08-20,0,,0,,1,https://twitter.com/shakitainu,0,,0,,Bsc,0,,No,,,,No,No,,,35.79%,10.18%
acid-token,0xACID,51.17,,,,,,3 yrs 10 mos,2022-08-20,3 yrs 3 mos,2023-03-20,0,,1,https://github.com/ToxinLabs/0xacid-contract,1,https://twitter.com/0xAcidDAO,0,,0,,Arbitrum,0,,No,,,,No,No,,,,
hurricaneswap-token,HurricaneSwap Token,51.23,,$2.52,,,,4 yrs 8 mos,2021-10-20,4 yrs 8 mos,2021-10-20,0,,1,https://github.com/HurricaneSwap,1,https://twitter.com/HurricaneSwap,0,,1,https://t.me/HurricaneSwap,Avalanche,0,,No,,,,No,No,,,64.29%,0.00%
swaprum,Swaprum,,,,,,,,,,,0,,0,,0,,0,,0,,Arbitrum,0,,No,,,,,,,,,
alien-fi,Alien,50.98,,$2.10,,,,3 yrs 4 mos,2023-02-20,3 yrs 4 mos,2023-02-20,0,,0,,1,https://twitter.com/alienficoin,0,,1,https://t.me/alienfi,,0,,No,,,,No,No,,,,
gale-network,Gale Network,51.70,,,,,,4 yrs 2 mos,2022-04-20,4 yrs 2 mos,2022-04-20,0,,0,,1,https://twitter.com/GaleNetwork,0,,1,https://t.me/galenetworkpublic,Bsc,0,,No,,,,No,No,,,24.23%,1.67%
cakewswap,CakeWSwap,51.82,,$21.02,,,,3 yrs 8 mos,2022-10-20,3 yrs 6 mos,2022-12-20,0,,1,https://github.com/cakewswap,1,https://twitter.com/cakewswap,0,,0,,Bsc,0,,No,,,,No,No,,,56.61%,0.90%
kaiken-shiba,Kaiken Shiba,58.46,,$93.41,,,,4 yrs 11 mos,2021-07-20,4 yrs 11 mos,2021-07-20,0,,1,https://github.com/KaiKenShiba,1,https://twitter.com/KaikenShiba,0,,0,,Bsc,2,07/20/2021|; 07/18/2021|TechRate,No,,,,No,No,,,6.16%,0.00%
xerium,XERIUM,50.99,,,,,,4 yrs 8 mos,2021-10-20,4 yrs 8 mos,2021-10-20,0,,1,https://github.com/xeriumofficial,1,https://twitter.com/xerium3,0,,0,,Ethereum,0,,No,,,,No,No,,,24.84%,3.46%
w3swap,W3Swap,51.47,,,,,,3 yrs 10 mos,2022-08-20,3 yrs 10 mos,2022-08-20,0,,0,,1,https://twitter.com/w3_foundation,0,,0,,Bsc,0,,No,,,,No,No,,,90.56%,0.00%
kuswapfinance,KuSwap Finance,50.91,,$1.82,$0,$0,$299.1M,5 yrs 1 mos,2021-05-20,0 yrs 0 mos,2026-06-20,0,,1,https://github.com/KuSwap,1,https://twitter.com/kuswapfinance,0,,1,https://t.me/kuswapfinance,,0,,Yes,1,,,No,No,,,,
crodex,CRODEX,51.00,,$42.69,$104.00,"$1,068.00",$194.29M,4 yrs 8 mos,2021-10-20,0 yrs 0 mos,2026-06-20,0,,1,https://github.com/CrodexApp,1,https://twitter.com/crodexapp,0,,1,https://t.me/crodex_cn,Cronos,0,,No,,,,No,No,,,,
gokumarket-credit,GokuMarket Credit,51.64,,,,,,4 yrs 10 mos,2021-08-20,4 yrs 10 mos,2021-08-20,0,,0,,1,https://twitter.com/GokuMarket,0,,0,,Bsc,0,,No,,,,No,No,,,71.43%,0.06%
solanalite,SolanaLite,50.70,,,,,,4 yrs 7 mos,2021-11-20,0 yrs 0 mos,2026-06-20,0,,0,,1,https://twitter.com/SolanaLite,0,,1,https://t.me/SolanaLite,Solana,0,,No,,,,No,No,,,,
cronosverse,CronosVerse,50.89,,,,,,4 yrs 4 mos,2022-02-20,0 yrs 0 mos,2026-06-20,0,,0,,1,https://twitter.com/thecronosverse,0,,0,,Cronos,0,,No,,,,No,No,,,,
morphex,Morphex,50.85,,,,,,4 yrs 9 mos,2021-09-20,0 yrs 0 mos,2026-06-20,0,,0,,1,https://twitter.com/MorphexFTM,1,https://discord.com/invite/TR7zzfT2ru,0,,Fantom | Bsc,0,,No,,,,No,No,,,,
pollchain,Pollchain,50.72,,,,,,4 yrs 10 mos,2021-08-20,4 yrs 10 mos,2021-08-20,0,,0,,1,https://twitter.com/pollchain,0,,0,,Ethereum,0,,No,,,,No,No,,,87.52%,12.94%
swole-doge,Swole Doge,51.37,,,,,,4 yrs 7 mos,2021-11-20,0 yrs 0 mos,2026-06-20,0,,1,https://github.com/swoledogecoin,1,https://twitter.com/swoledoge,0,,0,,Solana,0,,No,,,,No,No,,,,
ghostycash,GhostyCash,50.70,,,,,,4 yrs 8 mos,2021-10-20,0 yrs 0 mos,2026-06-20,0,,0,,1,https://twitter.com/GhostyCash,0,,0,,Bitcoin | Ethereum,0,,No,,,,No,No,,,,
waves-exchange-token,WX Token,50.63,,$159.58,,,,6 yrs 8 mos,2019-10-20,0 yrs 0 mos,2026-06-20,0,,1,https://github.com/waves-exchange,1,https://twitter.com/WXNetwork,0,,0,,Waves | Sectors | DeFi | DEX | Socials,0,,No,,,,No,No,,,99.10%,0.00%
matrak-fan-token,Matrak Fan Token,50.64,,,,,,3 yrs 7 mos,2022-11-20,0 yrs 0 mos,2026-06-20,0,,0,,1,https://twitter.com/bitcicom,1,https://discord.com/invite/McqaxF8AVN,0,,Bitcicoin | Sectors | Gaming | DEX | Socials,0,,No,,,,No,No,,,,
kintaman,Kintaman,51.54,,,,,,4 yrs 8 mos,2021-10-20,4 yrs 8 mos,2021-10-20,0,,0,,1,https://twitter.com/KINTAMANTOKEN,0,,0,,Bsc,0,,No,,,,No,No,,,52.72%,0.00%
carb,Carbon,50.71,,,,,,,,,,0,,0,,1,https://twitter.com/contact_carbon,0,,0,,Zilliqa | Sectors | DeFi | DEX | Socials,0,,No,,,,No,No,,,,
apex,APEX,50.52,,,,,,4 yrs 1 mos,2022-05-20,0 yrs 0 mos,2026-06-20,0,,0,,1,https://twitter.com/ApexFoundation_,0,,0,,Avalanche,0,,Yes,2,,,No,No,,,,
winerz,Winerz,50.75,,,,,,4 yrs 7 mos,2021-11-20,9 yrs 0 mos,2017-06-20,0,,0,,1,https://twitter.com/Winerz_official,0,,0,,,0,,No,,,,No,No,,,,
alita,Alita,50.50,,,,,,2 yrs 6 mos,2023-12-20,2 yrs 6 mos,2023-12-20,0,,0,,1,https://twitter.com/TEMUFUND,0,,0,,Bsc,0,,Yes,1,,,No,No,,,32.98%,0.00%
stepex,StepEx,50.44,,,$0,$0,$97.45M,3 yrs 8 mos,2022-10-20,0 yrs 0 mos,2026-06-20,0,,0,,1,https://twitter.com/stepex_,0,,0,,Step | Sectors | DEX | Socials,0,,No,,,,No,No,,,,
punkswap,PunkSwap,50.36,,$1.16,,,,3 yrs 7 mos,2022-11-20,0 yrs 0 mos,2026-06-20,0,,0,,1,https://twitter.com/PunkSwapDEX,0,,0,,Opbnb,0,,No,,,,No,No,,,,
binary-swap,Binary Swap,50.22,,,,,,2 yrs 10 mos,2023-08-20,0 yrs 0 mos,2026-06-20,0,,0,,1,https://twitter.com/binaryswapio,0,,0,,Opbnb,0,,No,,,,No,No,,,,
fonsmartchain,FONSmartChain,50.40,,,,,,0 yrs 3 mos,2026-03-20,0 yrs 3 mos,2026-03-20,0,,1,https://github.com/FONSmartChain,1,https://twitter.com/FONSmartChain,0,,0,,,0,,No,,,,No,No,,,,
yuzuswap,YuzuSwap,50.12,,,,,,4 yrs 5 mos,2022-01-20,0 yrs 0 mos,2026-06-20,0,,1,https://github.com/Yuzu-swap,1,https://twitter.com/Yuzu_Swap,0,,1,https://t.me/yuzuswap_on_oasis,Oasis | Sectors | DeFi | DEX | Socials,0,,No,,,,No,No,,,,
pixelswap,PixelSwap,50.27,,,,,,,,,,0,,0,,1,https://twitter.com/PixelSwapFi,0,,0,,Base | Arbitrum,0,,No,,,,No,No,,,,
cranium-dex,Cranium Dex,50.21,,$0.00,,,,3 yrs 4 mos,2023-02-20,0 yrs 0 mos,2026-06-20,0,,0,,1,https://twitter.com/CraniumExchange,0,,0,,Fantom,0,,No,,,,No,No,,,,
momo-protocol,Momo Protocol,50.21,,$3.76,,,,5 yrs 3 mos,2021-03-20,5 yrs 3 mos,2021-03-20,0,,1,https://github.com/MomoProtocol762,1,https://twitter.com/momo_protocol,0,,1,https://t.me/momoprotocol_chat,Bsc,1,04/24/2021|TechRate,No,,,,No,No,,,28.98%,0.00%
liquid-collectibles,Liquid Collectibles,48.48,,$26.82,,,,4 yrs 7 mos,2021-11-20,4 yrs 7 mos,2021-11-20,0,,0,,1,https://twitter.com/LiqCollectibles,0,,1,https://t.me/LiquidCollectibles,Bsc,0,,No,,,,No,No,,,85.65%,51.64%
doex,DOEX,50.16,,,,,,4 yrs 7 mos,2021-11-20,0 yrs 0 mos,2026-06-20,0,,0,,1,https://twitter.com/doex_official,0,,0,,Cardano,0,,No,,,,No,No,,,,
scaryswap,ScarySwap.Io,50.86,,,,,,4 yrs 4 mos,2022-02-20,4 yrs 4 mos,2022-02-20,0,,0,,1,https://twitter.com/scaryswap,0,,1,https://t.me/ScarySwap_official,Bsc,0,,No,,,,No,No,,,100.00%,0.00%
space-chain,Space Chain,50.11,,,,,,3 yrs 6 mos,2022-12-20,3 yrs 6 mos,2022-12-20,0,,0,,1,https://twitter.com/SPACEChain_BSC,0,,0,,Bsc,0,,No,,,,No,No,,,93.48%,0.00%
unidex-exchange,UniDex Exchange,50.09,,,,,,5 yrs 7 mos,2020-11-20,5 yrs 7 mos,2020-11-20,0,,0,,1,https://twitter.com/UniDexFinance,0,,1,https://t.me/unidexfinance,Ethereum | Arbitrum,0,,No,,,,No,No,76,1M,98.18%,0.10%
rocket-raccoon-roc,Rocket Raccoon,50.63,,,,,,3 yrs 10 mos,2022-08-20,3 yrs 10 mos,2022-08-20,0,,0,,1,https://twitter.com/RocSmartChain,0,,1,https://t.me/RocketRaccoonChat,Bsc,0,,No,,,,No,No,,,60.26%,58.90%
salmonswap,SalmonSwap,50.02,,,,,,5 yrs 9 mos,2020-09-20,0 yrs 0 mos,2026-06-20,0,,0,,1,https://twitter.com/TronFi_io,0,,0,,Tron,0,,No,,,,No,No,,,,
apexit-finance,ApeXit Finance,50.18,,,,,,5 yrs 1 mos,2021-05-20,0 yrs 0 mos,2026-06-20,0,,0,,1,https://twitter.com/apeXit_finance,0,,1,https://t.me/apexit_finance,Solana,0,,No,,,,No,No,,,,
suteku,Suteku,50.84,,$0.00,,,,4 yrs 7 mos,2021-11-20,4 yrs 7 mos,2021-11-20,0,,0,,1,https://twitter.com/Sokuswap,0,,0,,Bsc,0,,No,,,,No,No,,,99.60%,98.98%
shard,Shard,50.20,,,,,,5 yrs 2 mos,2021-04-20,5 yrs 2 mos,2021-04-20,0,,0,,1,https://twitter.com/shardcoin,0,,0,,Ethereum,0,,No,,,,No,No,,,36.57%,0.00%
avaone-finance,AvaOne Finance,49.98,,,,,,4 yrs 5 mos,2022-01-20,4 yrs 5 mos,2022-01-20,0,,0,,1,https://twitter.com/AvaOneFinance,0,,1,https://t.me/AvaOneFinance,Avalanche,0,,No,,,,No,No,,,71.85%,24.66%
swapfish,SwapFish,49.88,,,,,,3 yrs 7 mos,2022-11-20,3 yrs 7 mos,2022-11-20,0,,1,https://github.com/swapfish,1,https://twitter.com/SwapFishFi,0,,0,,Arbitrum,0,,No,,,,No,No,,,,
alongside-crypto-market-index,Alongside Crypto Market Index,49.90,$292.71K,$0.00,,,,3 yrs 8 mos,2022-10-20,3 yrs 8 mos,2022-10-20,0,,0,,1,https://twitter.com/alongsidefi,0,,0,,Ethereum,0,,No,,,,No,No,,,70.18%,0.00%
jump-defi,Jump DeFi,49.55,,,,,,4 yrs 1 mos,2022-05-20,7 yrs 0 mos,2019-06-20,0,,0,,1,https://twitter.com/JumpDeFi,0,,0,,,0,,No,,,,No,No,,,,
polyx,POLYX,50.52,,,,,,4 yrs 7 mos,2021-11-20,4 yrs 7 mos,2021-11-20,0,,0,,1,https://twitter.com/Polyxchange,0,,0,,Bsc,0,,No,,,,No,No,,,9.40%,0.00%
seamlessswap,SeamlessSwap,50.33,,$0.76,,,,4 yrs 9 mos,2021-09-20,4 yrs 9 mos,2021-09-20,0,,0,,1,https://twitter.com/SeamlessSwap,0,,0,,Bsc,0,,No,,,,No,No,,,89.53%,54.67%
gridex,Gridex,49.97,,,,,,3 yrs 7 mos,2022-11-20,3 yrs 3 mos,2023-03-20,0,,1,https://github.com/GridexProtocol/core,1,https://twitter.com/gridexprotocol,0,,0,,Ethereum | Arbitrum,0,,Yes,1,,,No,No,,,,
shido,Shido,50.25,,,,,,3 yrs 1 mos,2023-05-20,2 yrs 12 mos,2023-06-20,0,,1,https://github.com/ShidoGlobal,1,https://twitter.com/ShidoGlobal,0,,0,,Bsc | Ethereum,0,,No,,,,No,No,,,37.37%,0.00%
janus-network,Janus Network,50.47,,,,,,4 yrs 0 mos,2022-06-20,4 yrs 0 mos,2022-06-20,0,,0,,1,https://twitter.com/NetworkJanus,0,,0,,Avalanche,0,,No,,,,No,No,,,72.96%,7.55%
yayswap,YaySwap,49.67,,,,,,4 yrs 9 mos,2021-09-20,4 yrs 9 mos,2021-09-20,0,,0,,1,https://twitter.com/YaySwap,0,,0,,Ethereum,0,,No,,,,No,No,,,99.63%,97.60%
lexer,LEXER Markets,49.64,,,,,,3 yrs 2 mos,2023-04-20,3 yrs 2 mos,2023-04-20,0,,0,,1,https://twitter.com/LexerMarkets,0,,0,,Arbitrum,0,,No,,,,No,No,,,,
zena-finance,Zena Finance,49.80,,,,,,8 yrs 6 mos,2017-12-20,0 yrs 0 mos,2026-06-20,0,,0,,1,https://x.com/ZenaFinance,0,,0,,Opbnb,0,,No,,,,No,No,,,,
unodex,UNODEX,49.60,,,,,,2 yrs 5 mos,2024-01-20,2 yrs 5 mos,2024-01-20,0,,0,,1,https://twitter.com/unodex_fi,0,,0,,,0,,No,,,,No,No,,,90.36%,83.12%
codi-finance,Codi Finance,49.49,,,,,,4 yrs 8 mos,2021-10-20,0 yrs 0 mos,2026-06-20,0,,1,https://github.com/CodiFinance,1,https://twitter.com/Codi_Finance,0,,0,,Solana,0,,No,,,,No,No,,,,
cakeswap,CakeSwap,49.97,,,,,,4 yrs 9 mos,2021-09-20,4 yrs 9 mos,2021-09-20,0,,0,,1,https://twitter.com/cake_swap,0,,1,https://t.me/CakeSwapOfficial,Bsc,0,,No,,,,No,No,,,85.07%,76.52%
mobiusdex,MobiusDEX,49.59,,,,,,1 yrs 6 mos,2024-12-20,0 yrs 0 mos,2026-06-20,0,,1,https://github.com/planetmobius,1,https://x.com/planetmobiusfun,0,,0,,Fantom,0,,No,,,,No,No,,,,
sobit,SoBit,49.22,,,,,,2 yrs 5 mos,2024-01-20,0 yrs 0 mos,2026-06-20,0,,0,,1,https://twitter.com/SobitBridge,0,,1,https://t.me/SoBitBridgeEN,Solana,0,,No,,,,No,No,,,,
micromines,Micromines,49.30,,$5.20,,,,7 yrs 8 mos,2018-10-20,7 yrs 8 mos,2018-10-20,0,,0,,1,https://twitter.com/microminestoken,0,,0,,Ethereum,0,,No,,,,No,No,,,0.00%,99.89%
avata-network,AVATA Network,49.94,,,,,,4 yrs 3 mos,2022-03-20,4 yrs 3 mos,2022-03-20,0,,0,,1,https://twitter.com/avatanetwork,0,,0,,Avalanche,0,,No,,,,No,No,,,24.32%,0.00%
cyclos,Cykura,49.24,,,,,,5 yrs 1 mos,2021-05-20,0 yrs 0 mos,2026-06-20,0,,1,https://github.com/cykura,1,https://twitter.com/cykurafi,0,,0,,Solana,0,,No,,,,No,No,,,,
degen-dex,Degen Dex,49.29,,,,,,,,,,0,,0,,1,https://twitter.com/degencoinsol,0,,0,,Solana,0,,No,,,,No,No,,,,
monopoly-finance,Monopoly Finance,49.26,,,,,,3 yrs 0 mos,2023-06-20,3 yrs 0 mos,2023-06-20,0,,0,,1,https://twitter.com/Monopoly_Fi,0,,0,,Arbitrum,0,,No,,,,No,No,,,,
shekel-swap,Shekel Swap,49.25,,,,,,2 yrs 8 mos,2023-10-20,2 yrs 8 mos,2023-10-20,0,,0,,1,https://twitter.com/ShekelSwap,0,,0,,Arbitrum,0,,No,,,,No,No,,,,
bored-candy-city,Bored Candy City,53.36,,$15.41,,,,3 yrs 9 mos,2022-09-20,0 yrs 0 mos,2026-06-20,0,,0,,1,https://twitter.com/BoredCandyCity,0,,0,,Cronos,0,,Yes,1,10/31/2022,Bored Candy City - Audit,No,No,,,,
tapp-exchange,Tapp Exchange,49.11,,,,,,1 yrs 4 mos,2025-02-20,0 yrs 0 mos,2026-06-20,0,,0,,1,https://twitter.com/TappExchange,0,,0,,Aptos,0,,No,,,,No,No,,,,
utility-nft-coin,Utility NFT Coin,49.84,,,,,,4 yrs 3 mos,2022-03-20,4 yrs 3 mos,2022-03-20,0,,1,https://github.com/unseaofficial,1,https://twitter.com/coin_utility,0,,0,,Bsc,0,,No,,,,No,No,,,66.06%,0.00%
beskar,Beskar,48.95,,$0.00,,,,7 yrs 4 mos,2019-02-20,0 yrs 0 mos,2026-06-20,0,,0,,1,https://twitter.com/BeskarDAO,0,,0,,Multiversx | Sectors | NFT | DEX | Socials,0,,No,,,,No,No,,,,
musk-doge,Musk Doge,48.93,,,,,,4 yrs 5 mos,2022-01-20,0 yrs 0 mos,2026-06-20,0,,0,,1,https://twitter.com/muskdoge_sol,0,,1,https://t.me/muskdoge_sol,Solana,0,,No,,,,No,No,,,,
kim-exchange,Kim Exchange,48.91,,$5.34,,,,2 yrs 9 mos,2023-09-20,0 yrs 0 mos,2026-06-20,0,,1,https://github.com/kim-protocol,1,https://twitter.com/kimprotocol,0,,0,,,0,,No,,,,No,No,,,99.29%,8.50%
linkcoin-token,LinkCoin Token,48.91,,,,,,8 yrs 2 mos,2018-04-20,8 yrs 2 mos,2018-04-20,0,,0,,1,https://twitter.com/LinkCoinLKN,0,,0,,Ethereum,0,,No,,,,No,No,,,77.39%,18.64%
claimswap,ClaimSwap,48.90,,,,,,4 yrs 7 mos,2021-11-20,0 yrs 0 mos,2026-06-20,0,,1,https://github.com/claimswap,1,https://twitter.com/claimswap,0,,0,,Klaytn,0,,No,,,,No,No,,,,
dino,Dino,48.21,,$190.64,,,,5 yrs 0 mos,2021-06-20,0 yrs 0 mos,2026-06-20,0,,0,,1,https://twitter.com/SolanaDINO,0,,0,,Solana,0,,No,,,,No,No,,,,
soulswap-finance,SoulSwap Finance,48.83,,$0.00,,,,4 yrs 11 mos,2021-07-20,0 yrs 0 mos,2026-06-20,0,,1,https://github.com/SoulSwapFinance,1,https://twitter.com/SoulSwapFinance,0,,0,,Fantom | Avalanche,0,,No,,,,No,No,,,,
smurfsinu,SmurfsINU,49.40,,$0.05,,,,3 yrs 10 mos,2022-08-20,3 yrs 10 mos,2022-08-20,0,,0,,1,https://twitter.com/SmurfsINU_,0,,0,,Bsc,0,,No,,,,No,No,,,26.72%,0.00%
skyup,skyup,48.77,,,,,,4 yrs 2 mos,2022-04-20,4 yrs 2 mos,2022-04-20,0,,0,,1,https://twitter.com/skyupcoin,0,,0,,Bsc,0,,No,,,,No,No,,,99.97%,0.00%
dodbase,DODbase,48.75,,,,,,4 yrs 0 mos,2022-06-20,4 yrs 0 mos,2022-06-20,0,,0,,1,https://twitter.com/dod_base,0,,0,,Bsc,0,,No,,,,No,No,,,86.16%,65.79%
ethrix,Ethrix,48.73,,,,,,3 yrs 2 mos,2023-04-20,0 yrs 0 mos,2026-06-20,0,,0,,1,https://twitter.com/ethrix,0,,0,,Solana,0,,No,,,,No,No,,,,
solberry,SOLBERRY,48.63,,,,,,3 yrs 4 mos,2023-02-20,0 yrs 0 mos,2026-06-20,0,,0,,1,https://twitter.com/BerrySol,0,,1,https://t.me/Solberry_tg,Solana,0,,No,,,,No,No,,,,
playground,Playground,48.61,,,,,,1 yrs 9 mos,2024-09-20,0 yrs 0 mos,2026-06-20,0,,0,,1,https://twitter.com/bridgesplit,0,,1,https://t.me/bridgesplit,Solana,0,,No,,,,No,No,,,,
metacraftpro,Mumubit,48.52,,$106.08K,,,,2 yrs 4 mos,2024-02-20,2 yrs 4 mos,2024-02-20,0,,0,,1,https://x.com/MumubitOfficial,0,,1,https://t.me/MumubitOfficial,Bsc | Ethereum,0,,Yes,4,,,No,No,,,0.00%,0.00%
eth-rsi-60-40-crossover-set,ETH RSI 60/40 Crossover Set,48.16,,,,,,6 yrs 7 mos,2019-11-20,6 yrs 7 mos,2019-11-20,0,,0,,1,https://twitter.com/SetProtocol,0,,0,,Ethereum,0,,No,,,,No,No,,,60.14%,0.00%
runnode,RunNode,48.25,,,,,,4 yrs 11 mos,2021-07-20,0 yrs 0 mos,2026-06-20,0,,1,https://github.com/runnode,1,https://twitter.com/runnode,0,,0,,Solana,0,,No,,,,No,No,,,,
solfina-protocol,SOLFINA PROTOCOL,48.13,,,,,,4 yrs 8 mos,2021-10-20,0 yrs 0 mos,2026-06-20,0,,1,https://github.com/solfinaprotocol,1,https://twitter.com/solfina_io,0,,0,,Solana,0,,No,,,,No,No,,,,
solardex,Solar,48.05,,,,,,0 yrs 4 mos,2026-02-20,0 yrs 0 mos,2026-06-20,0,,0,,1,https://twitter.com/solar_dex,0,,0,,Solana,0,,No,,,,No,No,,,99.91%,0.00%
cheese-v2,Cheese (V2),48.00,,$4.01,,,,4 yrs 1 mos,2022-05-20,4 yrs 1 mos,2022-05-20,0,,0,,1,https://twitter.com/_hamster_coin,0,,1,https://t.me/Cheese_Token,Bsc,0,,No,,,,No,No,,,99.43%,0.02%
mm-finance-polygon,MM Finance (Polygon),48.00,,$6.83,,,,4 yrs 6 mos,2021-12-20,3 yrs 10 mos,2022-08-20,0,,1,https://github.com/madmeerkatburrow,1,https://twitter.com/MMFcrypto,0,,1,https://t.me/MMFcrypto,Polygon,0,,No,,,,No,No,,,59.51%,0.00%
fastswap,FastSwap,47.57,,,,,,5 yrs 9 mos,2020-09-20,5 yrs 6 mos,2020-12-20,0,,1,https://github.com/toshifyfinance,1,https://twitter.com/fastswapdex,0,,0,,Ethereum,0,,No,,,,No,No,,,63.84%,0.00%
glyde,Glyde,47.89,,,,,,1 yrs 3 mos,2025-03-20,,,0,,0,,1,https://x.com/glydegg,0,,0,,Solana,0,,No,,,,No,No,,,,
warpgate,WarpGate,47.86,,,,,,2 yrs 10 mos,2023-08-20,,,0,,0,,1,https://x.com/WarpGateX,0,,0,,,0,,No,,,,No,No,,,,
scenium,Scenium,47.85,,,,,,1 yrs 10 mos,2024-08-20,,,0,,0,,1,https://x.com/sceniumapp,0,,0,,,0,,No,,,,No,No,,,,
monallo,MONALLO,47.82,,,,,,1 yrs 1 mos,2025-05-20,6 yrs 0 mos,2020-06-20,0,,0,,1,https://x.com/MONALLOAI,0,,0,,,0,,No,,,,No,No,,,,
super-exchange,super.exchange,47.82,,,,,,1 yrs 7 mos,2024-11-20,0 yrs 0 mos,2026-06-20,0,,0,,1,https://x.com/_superexchange,0,,0,,Solana,0,,No,,,,No,No,,,,
hercules,Hercules,47.79,,,,,,3 yrs 2 mos,2023-04-20,,,0,,0,,1,https://x.com/TheHerculesDEX,0,,0,,,0,,No,,,,No,No,,,,
tokamak,TOKAMAK,48.21,,,,,,,,,,0,,0,,1,https://twitter.com/tokamak_solana,0,,0,,Solana,0,,No,,,,No,No,,,,
eddy-finance,Eddy Finance,47.76,,,$639.00,"$6,646.00",$58.64M,2 yrs 10 mos,2023-08-20,,,0,,0,,1,https://x.com/eddy_protocol,0,,0,,,0,,No,,,,No,No,,,,
universalx,UniversalX,47.73,,,,,,1 yrs 6 mos,2024-12-20,,,0,,0,,1,https://x.com/UseUniversalX,0,,0,,,0,,No,,,,No,No,,,,
alyra,Alyra,47.71,,,,,,1 yrs 1 mos,2025-05-20,,,0,,0,,1,https://x.com/alyrafinance,0,,0,,,0,,No,,,,No,No,,,,
hop,Hop,47.71,,,,,,0 yrs 9 mos,2025-09-20,,,0,,0,,1,https://x.com/HopAggregator,0,,0,,Sui,0,,No,,,,No,No,,,,
sparkswap,Sparkswap,47.51,,,,,,4 yrs 3 mos,2022-03-20,0 yrs 0 mos,2026-06-20,0,,0,,1,https://twitter.com/sparkswap_,0,,0,,Pulsechain,0,,No,,,,No,No,,,,
nudex,NuDEX,47.69,,,,,,3 yrs 11 mos,2022-07-20,8 yrs 0 mos,2018-06-20,0,,0,,1,https://x.com/NUVO_Technology,0,,0,,,0,,No,,,,No,No,,,,
chillpill,ChillPill,47.65,,,,,,3 yrs 0 mos,2023-06-20,0 yrs 0 mos,2026-06-20,0,,0,,1,https://twitter.com/chillpillFTM,0,,0,,,0,,No,,,,No,No,,,,
labs-protocol,LABS Protocol,47.63,,,,,,3 yrs 11 mos,2022-07-20,0 yrs 0 mos,2026-06-20,0,,1,https://github.com/Monsta-Scientist,1,https://twitter.com/MonstaScientist,0,,0,,Solana,0,,No,,,,No,No,,,,
solid-protocol,Solid Protocol,47.63,,,,,,,,,,0,,0,,1,https://twitter.com/ProtocolSolid,0,,1,https://t.me/protocolsolid,Solana,0,,No,,,,No,No,,,,
terminal-finance,Terminal Finance,47.61,,,,,,1 yrs 6 mos,2024-12-20,,,0,,0,,1,https://x.com/Terminal_fi,0,,0,,,0,,No,,,,No,No,,,,
ddkoin,DDKoin,47.58,,,,,,8 yrs 1 mos,2018-05-20,3 yrs 3 mos,2023-03-20,0,,1,https://github.com/AraiEzzra,1,https://twitter.com/DDKoin_Official,0,,0,,Ethereum | Bsc,1,03/08/2023|InterFi Network,No,,,,No,No,,,99.76%,98.89%
piperx,PiperX,47.58,,,,,,2 yrs 1 mos,2024-05-20,,,0,,0,,1,https://x.com/piperxprotocol,0,,0,,Story | Protocol | Sectors | DeFi | DEX | Socials,0,,No,,,,No,No,,,,
motionwreck-games,MotionWreck Games,47.56,,,,,,4 yrs 6 mos,2021-12-20,0 yrs 0 mos,2026-06-20,0,,0,,1,https://twitter.com/motionwreckg,0,,0,,Xrp,0,,No,,,,No,No,,,,
jujubefinance,JujubeFinance,47.53,,,,,,3 yrs 7 mos,2022-11-20,0 yrs 0 mos,2026-06-20,0,,0,,1,https://twitter.com/JujubeFinance,0,,0,,,0,,No,,,,No,No,,,,
prerich,Prerich,47.51,,,,,,2 yrs 5 mos,2024-01-20,,,0,,0,,1,https://x.com/prerich_app,0,,0,,Solana,0,,No,,,,No,No,,,,
optimex,Optimex,47.50,,,,,,,,,,0,,0,,1,https://x.com/optimex_xyz,0,,0,,Bitcoin,0,,No,,,,No,No,,,,
yummi-universe,Yummi Universe,47.50,,,,,,5 yrs 2 mos,2021-04-20,0 yrs 0 mos,2026-06-20,0,,0,,1,https://twitter.com/YummiUniverse,0,,0,,Cardano,0,,No,,,,No,No,,,,
nakamoto-finance,Nakamoto Finance,47.49,,,,,,2 yrs 5 mos,2024-01-20,,,0,,0,,1,https://x.com/nakamotofi,0,,0,,Bitcoin | Brc-20,0,,No,,,,No,No,,,,
9inch,9inch,47.48,,,,,,3 yrs 2 mos,2023-04-20,0 yrs 0 mos,2026-06-20,0,,0,,1,https://twitter.com/9inch_io,0,,0,,Ethereum | Pulsechain,0,,No,,,,No,No,,,,
gambit-exchange,Gambit Exchange,47.48,,,,,,3 yrs 3 mos,2023-03-20,9 yrs 0 mos,2017-06-20,0,,0,,1,https://twitter.com/Gambit_Trade,0,,0,,Zksync,0,,Yes,1,,,No,No,,,,
gasswap,GasSwap,47.46,,,,,,,,,,0,,0,,1,https://twitter.com/gasswapofficial,0,,0,,Blast,0,,No,,,,No,No,,,,
ln-exchange,LN Exchange,47.85,,,,,,2 yrs 4 mos,2024-02-20,,,0,,0,,1,https://x.com/LNExchange,0,,0,,Bitcoin,0,,No,,,,No,No,,,,
chicken,Chicken,47.60,,,,,,5 yrs 9 mos,2020-09-20,5 yrs 9 mos,2020-09-20,0,,0,,1,https://twitter.com/ChefGrandpa,0,,1,https://t.me/chickenswap,Ethereum,0,,No,,,,No,No,,,65.57%,0.00%
zillacoin,ZillaCoin,47.45,,,,,,3 yrs 7 mos,2022-11-20,3 yrs 7 mos,2022-11-20,0,,0,,1,https://twitter.com/DOGEZILLACOIN,0,,0,,Bsc,0,,No,,,,No,No,,,45.34%,34.87%
foil,Foil,47.44,,,,,,,,,,0,,0,,1,https://x.com/foilxyz,0,,0,,Base,0,,No,,,,No,No,,,,
8020,8020,47.85,,,,,,1 yrs 5 mos,2025-01-20,,,0,,0,,1,https://x.com/8020_trade,0,,0,,,0,,No,,,,No,No,,,,
dexwallet,DexWallet,47.43,,,,,,3 yrs 6 mos,2022-12-20,3 yrs 6 mos,2022-12-20,0,,0,,1,https://twitter.com/Dexwallets,0,,0,,Bsc,0,,No,,,,No,No,,,72.14%,64.73%
metapocket,Metapocket,47.95,,,,,,4 yrs 3 mos,2022-03-20,4 yrs 3 mos,2022-03-20,0,,0,,1,https://twitter.com/MetapocketW,0,,1,https://t.me/Metapocket,Bsc,0,,No,,,,No,No,,,89.41%,0.00%
vex,VEX,47.32,,,,,,1 yrs 6 mos,2024-12-20,,,0,,0,,1,https://x.com/trade_vex,0,,0,,,0,,No,,,,No,No,,,,
luminadex,LuminaDEX,47.29,,,,,,3 yrs 0 mos,2023-06-20,,,0,,0,,1,https://x.com/LuminaDEX,0,,0,,,0,,No,,,,No,No,,,,
matrix-533ba916-8d8a-4979-b5d5-34483cdee5b1,Matrix,47.53,,,,,,3 yrs 9 mos,2022-09-20,0 yrs 0 mos,2026-06-20,0,,0,,1,https://twitter.com/cantoswapfi,0,,0,,Canto | Sectors | NFT | DEX | Socials,0,,No,,,,No,No,,,,
zappy,Zappy,47.26,,,,,,4 yrs 4 mos,2022-02-20,0 yrs 0 mos,2026-06-20,0,,0,,1,https://twitter.com/zappyfi,0,,0,,,0,,No,,,,No,No,,,,
double-swap-token,Double Swap Token,47.25,,,,,,4 yrs 6 mos,2021-12-20,,,0,,0,,1,https://twitter.com/bitone_twit,0,,0,,,0,,No,,,,No,No,,,,
bridgesplit-brand-index,Bridgesplit Brand Index,47.08,,,,,,1 yrs 9 mos,2024-09-20,0 yrs 0 mos,2026-06-20,0,,0,,1,https://twitter.com/bridgesplit,0,,0,,Solana,0,,No,,,,No,No,,,,
jediswap,JediSwap,46.98,,,,,,4 yrs 2 mos,2022-04-20,4 yrs 2 mos,2022-04-20,0,,1,https://github.com/jediswaplabs,1,https://twitter.com/JediSwap,0,,0,,Starknet | Sectors | DeFi | DEX | Socials,0,,No,,,,No,No,,,,
zilswap,ZilSwap,46.96,,,$0,$0,$37.44M,7 yrs 6 mos,2018-12-20,0 yrs 0 mos,2026-06-20,0,,1,https://github.com/Switcheo,1,https://twitter.com/ZilSwap,1,https://discord.com/invite/A4sfGjuyJD,0,,Zilliqa | Sectors | DEX | Socials,0,,No,,,,No,No,,,,
dickcoinmoon,Dickcoin,46.91,,,,,,4 yrs 7 mos,2021-11-20,0 yrs 0 mos,2026-06-20,0,,0,,1,https://twitter.com/dickcoinmoon,0,,0,,Solana,0,,No,,,,No,No,,,,
luxcoin,LUXCoin,46.89,,,,,,7 yrs 10 mos,2018-08-20,7 yrs 10 mos,2018-08-20,0,,1,https://github.com/LUX-Core,1,https://twitter.com/LUX_Coin,0,,1,https://t.me/LUXcoreOfficial,,0,,No,,,,No,No,,,,
unitflow-finance,UnitFlow Finance,46.89,,,,,,0 yrs 7 mos,2025-11-20,0 yrs 0 mos,2026-06-20,0,,0,,1,https://x.com/UnitFlowFinance,0,,0,,,0,,No,,,,No,No,,,,
emperor,Emperor,46.80,,,,,,1 yrs 8 mos,2024-10-20,0 yrs 0 mos,2026-06-20,0,,0,,1,https://x.com/Emperoronsol,0,,0,,Solana,0,,No,,,,No,No,,,,
hubinnetwork,HubinNetwork,46.80,,,,,,3 yrs 9 mos,2022-09-20,3 yrs 9 mos,2022-09-20,0,,0,,1,https://twitter.com/HubinNetwork,0,,0,,Bsc,0,,No,,,,No,No,,,97.94%,94.52%
kyotoswap,Kyoto Swap,50.00,,$40.13,$442.00,"$1,123.00",$7.77M,3 yrs 6 mos,2022-12-20,3 yrs 6 mos,2022-12-20,0,,0,,1,https://twitter.com/KyotoSwap,0,,1,https://t.me/+ery02-QKrOs4Y2Zh,Bsc,0,,Yes,1,,,No,No,1,6M,3.08%,0.00%
shiba-light,SHIBA LIGHT,46.67,,,,,,4 yrs 7 mos,2021-11-20,0 yrs 0 mos,2026-06-20,0,,0,,1,https://twitter.com/Shibalight_SOL,0,,0,,Solana,0,,No,,,,No,No,,,,
poodlefi,PoodleFi,46.65,,$1.29,,,,3 yrs 10 mos,2022-08-20,3 yrs 10 mos,2022-08-20,0,,0,,1,https://twitter.com/poodlefinetwork,0,,0,,Bsc,0,,Yes,1,,,No,No,,,38.18%,0.00%
space-dex,Space Dex,46.81,,,,,,3 yrs 7 mos,2022-11-20,3 yrs 3 mos,2023-03-20,0,,0,,1,https://twitter.com/spacedexF,0,,0,,Bsc,0,,Yes,2,,,No,No,,,,
pac-protocol,PAC Protocol,46.58,,,,,,5 yrs 2 mos,2021-04-20,5 yrs 2 mos,2021-04-20,0,,1,https://github.com/pacprotocol,1,https://twitter.com/PACcoinOfficial,0,,0,,,0,,No,,,,No,No,,,,
mobius-money,Mobius Money,46.50,,,$116.00,"$1,533.00",$173.47M,4 yrs 11 mos,2021-07-20,4 yrs 9 mos,2021-09-20,0,,1,https://github.com/mobiusAMM,1,https://twitter.com/MobiusMoney,0,,0,,Celo,0,,No,,,,No,No,,,,
animeswap,AnimeSwap,46.01,,,,,,3 yrs 10 mos,2022-08-20,0 yrs 0 mos,2026-06-20,0,,1,https://github.com/AnimeSwap,1,https://twitter.com/animeswap_org,0,,0,,Aptos,0,,No,,,,No,No,,,,
azurswap,Azurswap,46.17,,,,,,3 yrs 9 mos,2022-09-20,3 yrs 9 mos,2022-09-20,0,,1,https://github.com/AzurSwap/,1,https://twitter.com/azurswap,0,,0,,Bsc | Ethereum,0,,Yes,1,,,No,No,,,,
pippi-finance,Pippi Finance,46.21,,,,,,5 yrs 3 mos,2021-03-20,0 yrs 0 mos,2026-06-20,0,,1,https://github.com/Shrimp-Labs,1,https://twitter.com/pippishrimpswap,0,,1,https://t.me/pippishrimp_swap,Huobi,0,,No,,,,No,No,,,,
algodex-token,Algodex Token,46.16,,,,,,5 yrs 0 mos,2021-06-20,0 yrs 0 mos,2026-06-20,0,,1,https://github.com/algodex,1,https://twitter.com/AlgodexOfficial,0,,0,,Algorand,0,,No,,,,No,No,,,,
liq-protocol,LIQ Protocol,49.02,,$226.44,,,,4 yrs 12 mos,2021-06-20,0 yrs 0 mos,2026-06-20,0,,0,,1,https://twitter.com/liqprotocol,0,,0,,Solana,0,,No,,,,No,No,,,,
dystopia,Dystopia,46.07,,,$345.00,"$1,366.00",$190.26M,4 yrs 4 mos,2022-02-20,4 yrs 1 mos,2022-05-20,0,,1,https://github.com/dystopia-exchange,1,https://twitter.com/dystopiaswap,0,,0,,Polygon,0,,No,,,,No,No,,,79.02%,0.00%
vitex-coin,ViteX Coin,46.06,,,,,,4 yrs 7 mos,2021-11-20,4 yrs 7 mos,2021-11-20,0,,0,,1,https://twitter.com/ViteXExchange,0,,0,,Bsc,0,,No,,,,No,No,,,99.90%,0.00%
kawaii,KAWAII,46.04,,,,,,3 yrs 11 mos,2022-07-20,3 yrs 11 mos,2022-07-20,0,,0,,1,https://twitter.com/kawaiibsc,0,,0,,Bsc,0,,No,,,,No,No,,,78.77%,65.68%
soy-finance,Soy Finance,46.04,,,$0,$0,$97.89M,5 yrs 3 mos,2021-03-20,0 yrs 0 mos,2026-06-20,0,,1,https://github.com/SoyFinance,1,https://twitter.com/Soy_Finance,0,,0,,Ethereum,0,,No,,,,No,No,,,,
the-whive-protocol,Whive Protocol,46.04,,,,,,8 yrs 2 mos,2018-04-20,8 yrs 2 mos,2018-04-20,0,,1,https://github.com/whiveio,1,https://twitter.com/whiveio,0,,1,https://t.me/whiveio,,0,,No,,,,No,No,,,,
mauve,Mauve,45.90,,,,,,4 yrs 10 mos,2021-08-20,4 yrs 10 mos,2021-08-20,0,,1,https://github.com/violetprotocol,1,https://x.com/mauve_org,0,,0,,Ethereum,0,,No,,,,No,No,,,,
kriyadex,KriyaDEX,45.53,$11.14K,$55.04,,,,3 yrs 8 mos,2022-10-20,0 yrs 0 mos,2026-06-20,0,,0,,1,https://x.com/KriyaDEX,0,,0,,Sui,0,,No,,,,No,No,,,,
plug-chain,Plug Chain,45.75,,,,,,5 yrs 5 mos,2021-01-20,5 yrs 5 mos,2021-01-20,0,,1,https://github.com/oracleNetworkProtocol/mainnet/tree/main/assets/pc,1,https://twitter.com/Plugchainclub,0,,1,https://t.me/plugchain,,0,,No,,,,No,No,,,,
ravendex,Ravendex,45.65,,,,,,4 yrs 9 mos,2021-09-20,0 yrs 0 mos,2026-06-20,0,,1,https://github.com/Ravendexlabs,1,https://twitter.com/ravendexlabs,0,,0,,Cardano,0,,No,,,,No,No,,,,
ordinex,Ordinex,45.62,,$355.00,,,,3 yrs 4 mos,2023-02-20,3 yrs 4 mos,2023-02-20,0,,1,https://github.com/ordinex,1,https://twitter.com/ordinexio,0,,0,,Ethereum | Bitcoin,0,,No,,,,No,No,,,49.08%,0.00%
mojitoswap,MojitoSwap,45.70,,$7.06,$963.00,"$17,548.00",$1.3B,4 yrs 10 mos,2021-08-20,0 yrs 0 mos,2026-06-20,0,,1,https://github.com/MojitoFinance,1,https://twitter.com/MojitoSwap,0,,1,https://t.me/MojitoFinance,Kucoin | Sectors | DEX | Socials,0,,No,,,,No,No,,,,
poop-fi,Poop Fi,45.56,,$1.24,,,,2 yrs 12 mos,2023-06-20,2 yrs 12 mos,2023-06-20,0,,0,,1,https://twitter.com/poopfinance,0,,0,,Bsc,0,,No,,,,No,No,,,62.04%,0.00%
warp,Warp,45.38,,,,,,2 yrs 10 mos,2023-08-20,2 yrs 10 mos,2023-08-20,0,,1,https://github.com/warpdex,1,https://x.com/warpdex,0,,0,,,0,,No,,,,No,No,,,,
kswap,KSwap,45.04,,,,,,5 yrs 4 mos,2021-02-20,0 yrs 0 mos,2026-06-20,0,,1,https://github.com/kswap-finance,1,https://twitter.com/kswap_finance,0,,1,https://t.me/kswap_finance,Oktc,0,,No,,,,No,No,,,,
kodo-exchange,Kodo Exchange,45.08,,,,,,2 yrs 5 mos,2024-01-20,2 yrs 5 mos,2024-01-20,0,,1,https://github.com/kodo-exchange,1,https://x.com/kodohq,0,,0,,,0,,No,,,,No,No,,,,
redemption,Redemption,44.95,,,,,,4 yrs 3 mos,2022-03-20,,,0,,0,,1,https://twitter.com/RedemptionPO,0,,0,,Fantom,1,04/27/2022|,No,,,,No,No,,,,
deltafi,Deltafi,44.82,,,,,,3 yrs 2 mos,2023-04-20,0 yrs 0 mos,2026-06-20,0,,0,,1,https://twitter.com/deltafi_ai,0,,0,,Solana,0,,Yes,1,,,No,No,,,,
zamm,ZAMM,44.63,,,,,,1 yrs 1 mos,2025-05-20,,,0,,0,,1,https://x.com/zamm_defi,0,,0,,Ethereum,0,,No,,,,No,No,,,,
sparrowswap,Sparrowswap,44.62,,,,,,3 yrs 2 mos,2023-04-20,3 yrs 2 mos,2023-04-20,0,,1,https://github.com/SparrowSwap,1,https://x.com/sparrowswapxyz,0,,0,,,0,,No,,,,No,No,,,,
nika,Nika,44.61,,,,,,,,,,0,,0,,1,https://x.com/NikaExchange,0,,0,,Bsc,0,,No,,,,No,No,,,,
print3r,PRINT3R,44.59,,,,,,2 yrs 11 mos,2023-07-20,1 yrs 0 mos,2025-06-20,0,,0,,1,https://x.com/PRINT3Rxyz,0,,0,,Solana | Base,0,,No,,,,No,No,,,,
darkness-dollar,Darkness Dollar,44.09,,,,,,4 yrs 5 mos,2022-01-20,0 yrs 0 mos,2026-06-20,0,,1,https://github.com/darkcryptofinance,1,https://twitter.com/DarkCryptoFi,0,,1,https://t.me/darkcryptofi,Cronos,0,,No,,,,No,No,,,,
bozohybrid,bozoHYBRID,44.56,,$381.99,,,,0 yrs 5 mos,2026-01-20,0 yrs 0 mos,2026-06-20,0,,0,,1,https://twitter.com/BozoBenk,0,,0,,Solana,0,,No,,,,No,No,,,,
cream,Cream,44.27,,,,,,9 yrs 0 mos,2017-06-20,9 yrs 0 mos,2017-06-20,0,,1,https://github.com/creamcoin,1,https://twitter.com/creamcoin,0,,0,,,0,,No,,,,No,No,,,,
yaka-finance,Yaka Finance,44.26,,,$241.00,"$2,506.00",$217.75M,3 yrs 0 mos,2023-06-20,,,0,,0,,1,https://x.com/YakaFinance,0,,0,,,0,,No,,,,No,No,,,,
woodcoin,Woodcoin,44.07,,,,,,9 yrs 4 mos,2017-02-20,9 yrs 4 mos,2017-02-20,0,,1,https://github.com/woodcoin-core,1,https://twitter.com/WoodCoinWorld,0,,0,,,0,,No,,,,No,No,,,,
papyrus-swap,Papyrus Swap,43.94,,,,,,,,,,0,,0,,1,https://twitter.com/PapyrusSwapDex,0,,0,,Scroll,0,,No,,,,No,No,,,,
bambooswap,Bamboo Swap,43.74,,,,,,4 yrs 8 mos,2021-10-20,4 yrs 8 mos,2021-10-20,0,,0,,1,https://twitter.com/Bamboo_finance,0,,0,,Bsc,0,,Yes,2,,,No,No,,,0.34%,0.00%
echodex,EchoDEX,43.38,,$2.90,"$2,834.00","$16,624.00",$40.48M,4 yrs 6 mos,2021-12-20,0 yrs 0 mos,2026-06-20,0,,0,,1,https://twitter.com/Echo_DEX,0,,0,,Linea,0,,No,,,,No,No,,,,
spiritswap,SpiritSwap,43.47,,,$64.00,"$21,191.00",$10.68B,3 yrs 6 mos,2022-12-20,0 yrs 0 mos,2026-06-20,0,,1,https://github.com/Spirit-DAO/,1,https://twitter.com/Spirit_Swap,0,,0,,Fantom,0,,No,,,,No,No,48,144M,,
dexioprotocol-v2,Dexioprotocol(Rebrand to Seek Protocol),43.27,,,,,,4 yrs 4 mos,2022-02-20,3 yrs 9 mos,2022-09-20,0,,1,https://github.com/Dexioprotocol,1,https://twitter.com/dexioprotocol,0,,0,,Polygon,1,08/18/2022|Cyberscope,No,,,,No,No,,,45.57%,0.00%
ai-technology,AI Technology,43.10,,,,,,2 yrs 4 mos,2024-02-20,2 yrs 4 mos,2024-02-20,0,,0,,1,https://twitter.com/ai__technology,0,,0,,Optimism,0,,No,,,,No,No,,,65.33%,27.12%
onedex,OneDex,42.85,$32.19K,$2.07,,,,3 yrs 6 mos,2022-12-20,0 yrs 0 mos,2026-06-20,0,,0,,1,https://x.com/OneDex_X,0,,1,https://t.me/one_dex_multiversx,Ethereum,0,,Yes,1,,,No,No,,,,
ushi,Ushi,42.60,,,,,,3 yrs 8 mos,2022-10-20,3 yrs 8 mos,2022-10-20,0,,0,,1,https://twitter.com/USHI_ETH,0,,0,,Ethereum,0,,No,,,,No,No,,,14.43%,3.18%
opx-finance,OPX Finance,42.42,,,$0,$0,$90.78M,3 yrs 7 mos,2022-11-20,0 yrs 0 mos,2026-06-20,0,,1,https://github.com/opxfinance,1,https://twitter.com/opxfinance,0,,0,,Optimism,0,,No,,,,No,No,,,,
spartacus,Spartacus,42.67,,,,,,4 yrs 7 mos,2021-11-20,0 yrs 0 mos,2026-06-20,0,,1,https://github.com/spartacus-finance,1,https://twitter.com/Spartacus_Fi,0,,0,,Fantom,0,,Yes,1,,,No,No,,,,
mobydex,MobyDEX,41.95,,,,,,2 yrs 11 mos,2023-07-20,0 yrs 0 mos,2026-06-20,0,,0,,1,https://twitter.com/mobydexio,0,,0,,Opbnb,1,08/30/2023|,No,,,,No,No,,,,
mojito-markets,Mojito Markets,41.02,,,,,,,,,,0,,0,,1,https://twitter.com/MojitoMarkets,0,,0,,Aptos,0,,No,,,,No,No,,,,
dojo,DOJO,40.00,,$1.83,,,,,,,,0,,0,,1,https://twitter.com/DOJO_HECO,0,,0,,Huobi,0,,No,,,,No,No,,,,
hyper-alloy,HyperAlloy,40.00,,$0.04,,,,5 yrs 3 mos,2021-03-20,5 yrs 3 mos,2021-03-20,0,,0,,1,https://twitter.com/HyperJumpBSC,0,,0,,Bsc,0,,No,,,,No,No,,,100.00%,100.00%
hyperjump-aurora,HyperAurora,40.00,,,,,,5 yrs 4 mos,2021-02-20,0 yrs 0 mos,2026-06-20,0,,1,https://github.com/HyperJump-DeFi,1,https://twitter.com/HyperJumpBSC,0,,0,,Fantom,0,,No,,,,No,No,,,,
moon-robots,Moon Robots,40.00,,,,,,4 yrs 4 mos,2022-02-20,0 yrs 0 mos,2026-06-20,0,,0,,1,https://twitter.com/moonrobotsgame,0,,0,,Harmony,0,,No,,,,No,No,,,,
pls2e,PLS2E,40.00,,,,,,4 yrs 6 mos,2021-12-20,4 yrs 6 mos,2021-12-20,0,,0,,1,https://twitter.com/PLS2Eio,0,,0,,Bsc,0,,Yes,4,,,No,No,,,95.36%,0.00%
shiro-inu,Shiro Inu,40.00,,$0.56,,,,5 yrs 0 mos,2021-06-20,5 yrs 0 mos,2021-06-20,0,,1,https://github.com/shirotoken,1,https://twitter.com/ShiroTokens,0,,0,,Bsc,0,,No,,,,No,No,,,54.31%,0.01%
smart-money-coin,SMART MONEY COIN,40.00,,$0.09,,,,4 yrs 3 mos,2022-03-20,4 yrs 3 mos,2022-03-20,0,,1,https://github.com/smartmoneycoin,1,https://twitter.com/smartmoneycoin,0,,0,,Bsc,0,,No,,,,No,No,,,66.67%,33.33%
wagmi,Euphoria,40.00,,,"$34,188.00","$314,165.00",$3.54B,0 yrs 11 mos,2025-07-20,0 yrs 0 mos,2026-06-20,0,,1,https://github.com/VenomProtocol,1,https://twitter.com/VenomDao,0,,0,,Harmony,0,,No,,,,No,No,,,,
monoswap,Monoswap,37.12,,,,,,3 yrs 1 mos,2023-05-20,0 yrs 0 mos,2026-06-20,0,,0,,1,https://twitter.com/monoswapio,0,,0,,Blast,0,,No,,,,No,No,,,,
cuanswap,CuanSwap,37.28,,,,,,2 yrs 8 mos,2023-10-20,0 yrs 0 mos,2026-06-20,0,,0,,1,https://twitter.com/CuanSwap,0,,0,,Opbnb,0,,No,,,,No,No,,,18.69%,0.00%
catapult-protocol,Catapult Protocol,33.73,,,,,,2 yrs 3 mos,2024-03-20,0 yrs 0 mos,2026-06-20,0,,1,https://github.com/CatapultProtocol,1,https://x.com/catapulttoken,0,,1,https://t.me/CatapultToken,,0,,Yes,1,,,No,No,,,,
