network,date,fee_token,gwei_high,gwei_avg,gwei_median,gwei_low,cost_usd_high,cost_usd_avg,cost_usd_median,cost_usd_low,tx_count
Arbitrum One,2025-06-01,ETH,0.051389,0.01071456622918282,0.01,0.01,0.008414635580437844,0.0017544449244203556,0.0016374390590277775,0.001637439059027777,1576148
Base,2025-06-01,ETH,3119.835079281,0.03288678967007653,0.0018447296915124912,0.000402681,510.8539897031408,0.005400001300765398,0.0003176742438008366,6.643834581318893e-05,8386724
Optimism,2025-06-01,ETH,52.780526414,0.01617820971074392,0.0008019357400567165,3.52e-07,8.642499376269447,0.0026771521815635224,0.0001544767483191561,8.417188956425084e-08,732957
Polygon PoS,2025-06-01,POL,1066469.712323809,60.38553026687,35.05655754148715,25.00000002,14.84223026959289,0.0008403951231014773,0.0004881167452801526,0.00034792901546931536,2836433
zkSync Era,2025-06-01,ETH,6.5,0.056375578846306736,0.04525,0.04525,1.0643353883680557,0.009231157477827672,0.007409411742100696,0.0074094117421006946,45379
Arbitrum One,2025-06-02,ETH,0.059818,0.011991613320040062,0.01,0.01,0.009814026482478476,0.001967401295438636,0.0016406477118055558,0.0016406477118055555,1915279
Base,2025-06-02,ETH,2735.760325682,0.03373118604041934,0.0019183139630363953,0.000226015,448.8418969442695,0.00556942526605057,0.0003606349709028419,3.745799172633202e-05,8773707
Optimism,2025-06-02,ETH,47.326452253,0.01958199549135927,0.0009927906257444653,3.04e-07,7.764630543648617,0.003280617734608682,0.00020645052121090723,8.357017959207585e-08,748906
Polygon PoS,2025-06-02,POL,427885.714285708,64.88848178427885,37.35385384350272,0.000121157,5.969122008571338,0.0009052119568139813,0.0005202097055524512,1.6901730790422734e-09,3137270
zkSync Era,2025-06-02,ETH,42.64,0.14315510876780704,0.04525,0.04525,6.99572184313889,0.02348671016329187,0.00742393089592014,0.007423930895920138,52421
Arbitrum One,2025-06-03,ETH,0.032269,0.010813511890418997,0.01,0.01,0.005488531313346701,0.0018392357562321768,0.001700868112847222,0.0017008681128472215,1975161
Base,2025-06-03,ETH,6764.654795775,0.030049711672024526,0.002792910417447949,0.000596881,1150.5786243983944,0.005153944026901403,0.0005118790060545401,0.00010211977857707644,11669568
Optimism,2025-06-03,ETH,442.841827719,0.0172257249037386,0.0007499792441169732,3.19e-07,75.32160415202405,0.0030130254064853236,0.0001896501137193494,7.484600292820871e-08,816557
Polygon PoS,2025-06-03,POL,819428.571428562,93.08210077327166,44.18069531050309,25.000000028,11.58006936976177,0.0013154254337977137,0.0006235805694920895,0.0003532970958818037,3162311
zkSync Era,2025-06-03,ETH,6.5,0.05992826277673105,0.04525,0.04525,1.1055642733506945,0.010193007121520409,0.007696428210633681,0.007696428210633679,57791
Arbitrum One,2025-06-04,ETH,0.050429,0.0113675180056111,0.01,0.01,0.008618241647184723,0.0019426920442826442,0.0017089852361111112,0.0017089852361111108,1925566
Base,2025-06-04,ETH,2057.320765653,0.03827698323844406,0.006424775597849676,0.000579292,351.593120650209,0.006580604939136916,0.0011207759655392682,9.931750962039285e-05,9916445
Optimism,2025-06-04,ETH,136.694937653,0.018708614117630588,0.0006030132670674293,4.16e-07,23.360987833530416,0.0032815107048914487,0.00018230840735644174,1.5267191290704526e-07,940717
Polygon PoS,2025-06-04,POL,808531.649051969,78.1290907947747,47.647343209070975,25.000000018,11.391594429759845,0.0011007793158666524,0.0006732717654826164,0.0003522309377536063,3095533
zkSync Era,2025-06-04,ETH,35,0.0580928082717396,0.04525,0.04525,5.981448326388891,0.009927975166055742,0.007733158193402781,0.007733158193402779,54109
Arbitrum One,2025-06-05,ETH,2.181702,0.10208716608814472,0.010023866438540462,0.01,0.36548623227626253,0.017101993625748938,0.001678396422329005,0.0016752344374999996,2302730
Base,2025-06-05,ETH,6682.665823037,0.05847737364229241,0.003052089314209358,0.000492823,1119.5032272250744,0.00986168977515268,0.0005679654868161429,8.340556977524633e-05,11945920
Optimism,2025-06-05,ETH,27764.606129113,0.05417951679389292,0.0006142884263261703,4.63e-07,4651.222866868991,0.009185356524813976,0.00018019816309843982,1.1401640965026057e-07,994508
Polygon PoS,2025-06-05,POL,407580.406531959,91.10082588946244,44.22235574167761,25.000000026,5.58934674401471,0.0012493095752442623,0.0006066363311766775,0.00034283706112043935,3411948
zkSync Era,2025-06-05,ETH,6.5,0.057980266551887344,0.04525,0.04525,1.088902384375,0.009713053922320346,0.007580435829687499,0.0075804358296874975,57789
Arbitrum One,2025-06-06,ETH,0.080782,0.012924723118948803,0.01,0.01,0.01300460558914653,0.002080673002784024,0.0016098395173611117,0.0016098395173611113,2027488
Base,2025-06-06,ETH,1288.772085392,0.027030019849611474,0.0024877413366213323,0.000221707,207.47162732176943,0.004378641753789283,0.00043241480783096363,3.599655528127629e-05,10873947
Optimism,2025-06-06,ETH,160.572736394,0.017509632144006297,0.00048088985276618836,4.87e-07,25.84964060490423,0.0028618088229807005,0.00011382990676524069,1.6287786416316607e-07,963125
Polygon PoS,2025-06-06,POL,357420.291904761,100.73457021072284,51.23873935624464,25.000000024,4.8549632900734085,0.0013683124643205414,0.0006936521506972467,0.0003395836361766946,3231136
zkSync Era,2025-06-06,ETH,6.5,0.0567801297643295,0.04525,0.04525,1.0463956862847226,0.009140689669546577,0.00728452381605903,0.007284523816059028,58120
Arbitrum One,2025-06-07,ETH,0.035721,0.01055835570757613,0.01,0.01,0.005815387581412501,0.0017189029047898073,0.0016280024583333337,0.0016280024583333332,1588063
Base,2025-06-07,ETH,11465.560154843,0.025201705250159055,0.001905623820808613,0.000297114,1866.5960139323709,0.004114830789123087,0.000326426145728698,4.854518344945112e-05,8781426
Optimism,2025-06-07,ETH,91.283983882,0.00948174920332684,0.0008949950588120529,8.61e-07,14.861059118404519,0.0015638935329560504,0.0001539387948911715,1.6322540729664502e-07,1031251
Polygon PoS,2025-06-07,POL,19830530.249688983,64.47422537153733,37.41759264012334,25.000000021,278.0503615395063,0.0009040142370785527,0.000525946882830373,0.00035053319083264226,3078073
zkSync Era,2025-06-07,ETH,6.5,0.05810503512027743,0.04525,0.04525,1.0582015979166668,0.00945951400173745,0.007366711123958333,0.007366711123958331,37438
Arbitrum One,2025-06-08,ETH,0.027812,0.010234457577300514,0.01,0.01,0.004556170907870833,0.0016766121771745535,0.0016382032604166667,0.0016382032604166665,1504572
Base,2025-06-08,ETH,23100,0.030921290663904137,0.002014454345738466,0.000373495,3784.2495476139266,0.005074684446584401,0.00033970341011466294,6.146739872586252e-05,9351067
Optimism,2025-06-08,ETH,33,0.010599689219249487,0.00022223623900806166,6.14e-07,5.40610827765453,0.0017548489140215221,6.5347529764487e-05,1.226438026512226e-07,844472
Polygon PoS,2025-06-08,POL,555788.190476184,59.70817914235465,35.51265825929928,25.000000019,7.630224300823614,0.0008197129900503984,0.00048746847790736376,0.0003432163743927889,2824272
zkSync Era,2025-06-08,ETH,6.5,0.061911641134115174,0.04525,0.04525,1.0648321192708339,0.010142385236372108,0.00741286975338542,0.007412869753385418,40127
Arbitrum One,2025-06-09,ETH,0.077894,0.012228553096216652,0.01,0.01,0.012873769558031599,0.002021048791805222,0.001652729293402778,0.0016527292934027775,2007996
Base,2025-06-09,ETH,12086.007573308,0.04311672688532715,0.00757238126566872,0.000411378,1997.4899310183516,0.007158438259831057,0.0012920945380732244,6.806250849077841e-05,10641588
Optimism,2025-06-09,ETH,208.548515148,0.013026421832550324,0.0006184196859892327,4.35e-07,34.46768128374828,0.002214081511673631,0.00016608214946032247,9.622403155270997e-08,1006959
Polygon PoS,2025-06-09,POL,89151571.42857142,104.68066598684675,39.424800134089736,25.000000021,1228.6281127481177,0.0014426398439390357,0.0005423417544966189,0.0003445334989873248,3206194
zkSync Era,2025-06-09,ETH,6.5,0.05863295645376986,0.04525,0.04525,1.0742740407118059,0.009690440468996935,0.0074786000526475705,0.007478600052647569,51344
Arbitrum One,2025-06-10,ETH,0.274192,0.029279706461836665,0.010274118900727209,0.01,0.048590898197436116,0.00518879922075857,0.0018255382156556388,0.0017721486475694441,2635303
Base,2025-06-10,ETH,3280.357142857,0.05295852592709321,0.00591160258491679,0.000443074,581.3282372400888,0.009436030907363854,0.0011097876781759252,7.980048726841255e-05,10229759
Optimism,2025-06-10,ETH,76.349769388,0.020838703578678924,0.0008144480352629645,4.33e-07,13.530498500660928,0.003782737023116341,0.00020695490001314742,1.461553545492573e-07,1045324
Polygon PoS,2025-06-10,POL,578571.428571428,78.70100821426225,40.79055188789434,25.00000002,8.296473003348206,0.0011285396370126744,0.0005844908814683622,0.00035848957450554164,3187026
zkSync Era,2025-06-10,ETH,6.5,0.05928368291511243,0.04525,0.04525,1.1518966209201391,0.010505949850078865,0.008018972630251735,0.008018972630251734,62172
Arbitrum One,2025-06-11,ETH,0.191186,0.020753288933487192,0.010065810696265807,0.01,0.03481541172186459,0.0037792217986802774,0.001828521930847318,0.0018210230729166666,2404986
Base,2025-06-11,ETH,3331.305402409,0.051750051266369,0.004932499602077368,0.00046395,606.6384240316073,0.0094689059554368,0.0009351358134711711,8.581550426510837e-05,10658841
Optimism,2025-06-11,ETH,123.697489951,0.016173820448531516,0.0009201348883856482,2.965e-06,22.525617327028648,0.0030123766355505976,0.00020823798860579223,6.299134308113201e-07,1208292
Polygon PoS,2025-06-11,POL,2134566.333269687,79.5473554798982,40.36685784285493,25.000000022,31.55480726795633,0.0011759304134619207,0.0005972613318960801,0.00036956929850230424,3324024
zkSync Era,2025-06-11,ETH,6.5,0.05923003067337645,0.04525,0.04525,1.1836649973958338,0.010785925246578832,0.008240129404947918,0.008240129404947916,57504
Arbitrum One,2025-06-12,ETH,0.180308,0.014465341501715063,0.01,0.01,0.03210576825735138,0.0025757087983774686,0.001780606975694444,0.0017806069756944438,2287151
Base,2025-06-12,ETH,7481.957980111,0.052200205618053906,0.003945637878148002,0.000471123,1332.2426859304737,0.009335966229658122,0.0007597474850275772,8.642665706121948e-05,12171338
Optimism,2025-06-12,ETH,432.071796394,0.01478491015127669,0.0008305352162187643,2.879e-06,76.93503429058754,0.002705202924549139,0.00019917310631552677,5.8333870780918e-07,1197250
Polygon PoS,2025-06-12,POL,8375714.285714285,72.73970839984493,38.93624365310825,25.000000019,120.10450512008927,0.001043059300010276,0.0005581068540816663,0.00035849033620995266,3194718
zkSync Era,2025-06-12,ETH,6.5,0.05801372976438092,0.04525,0.04525,1.1573945342013887,0.010329965190459754,0.00805724656501736,0.008057246565017358,57437
Arbitrum One,2025-06-13,ETH,1.678476,0.08422088893747891,0.010500413904564283,0.01,0.27647422628596874,0.01387264703582338,0.0017287572515217093,0.0016471741406249994,2627880
Base,2025-06-13,ETH,6243.239159567,0.07122716807344738,0.005191077540270802,0.000465214,1028.3702128093068,0.011760599649148828,0.0008852980715770191,7.859303517598506e-05,10994765
Optimism,2025-06-13,ETH,1345.308124193,0.02401374422807446,0.0009442729202209626,3.691e-06,221.5957158920831,0.004009822445621874,0.00017944316258330679,6.554791485862588e-07,1144674
Polygon PoS,2025-06-13,POL,11785714.285714284,143.1080155868376,59.71456023089396,25.00000002,154.24229505208336,0.0018728868042574892,0.0007817504671004694,0.0003271806261298001,3298901
zkSync Era,2025-06-13,ETH,6.5,0.05757901880360803,0.04525,0.04525,1.0706631914062497,0.00948426708158155,0.007453462986328122,0.00745346298632812,67876
Arbitrum One,2025-06-14,ETH,0.024327,0.010190637509060012,0.01,0.01,0.004011966005896877,0.0016806219946883774,0.0016491823923611116,0.0016491823923611114,1569402
Base,2025-06-14,ETH,2939.735815289,0.025840519717073015,0.0020076383015536735,0.000486441,484.81606370363255,0.004269332618903761,0.00034104183905142035,8.035657692117831e-05,9987419
Optimism,2025-06-14,ETH,49.244855161,0.010693294025142788,0.0008671415787626565,8.44e-07,8.1213803709703,0.001776269999299349,0.00015473986183677652,1.620046060616694e-07,1019138
Polygon PoS,2025-06-14,POL,404140.430428753,58.3935143598418,37.78920134908295,25.000000025,5.278053940671878,0.0007626163961117803,0.0004927403328090889,0.00032649875813899884,3012510
zkSync Era,2025-06-14,ETH,6.5,0.05629155654844786,0.04525,0.04525,1.0719685550347218,0.009283504389834718,0.007462550325434024,0.007462550325434023,49879
Arbitrum One,2025-06-15,ETH,0.074128,0.010780998959557572,0.01,0.01,0.01222191277475278,0.0017775257515172268,0.0016487579288194448,0.0016487579288194444,1530124
Base,2025-06-15,ETH,2011.469123302,0.020819048313029994,0.0016796448074455827,0.000208565,331.6425678303092,0.0034398542179127937,0.0002846872140648284,3.462686971387403e-05,7828317
Optimism,2025-06-15,ETH,55.896052622,0.00975536398931525,0.0009269790896342367,1.654e-06,9.215924422017462,0.0016224465106872148,0.00016877494336649655,2.9384212547543263e-07,1065273
Polygon PoS,2025-06-15,POL,838836.577318542,57.133605542554754,36.14639023866156,25.000000018,10.846152939866617,0.0007387372468919354,0.00046742554852998455,0.000323249880875101,2615495
zkSync Era,2025-06-15,ETH,6.5,0.055374541499879935,0.04525,0.04525,1.0716926537326388,0.0091299214352736,0.007460629627907984,0.007460629627907983,45646
Arbitrum One,2025-06-16,ETH,0.447318,0.020073385115636406,0.010000012993291351,0.01,0.07604905342015311,0.0034126995492765612,0.00170011208686299,0.0017001116302083326,2102462
Base,2025-06-16,ETH,4444.040257736,0.04559757843798504,0.0027224828715011803,0.000264353,755.5364648658003,0.0077720551809577175,0.00048419313522690135,4.51492168241411e-05,11265516
Optimism,2025-06-16,ETH,115.39918594,0.011042648336717151,0.0010389604602012816,6.154e-06,19.61916192205183,0.001903493405831071,0.00019398246923529625,1.0880997455275476e-06,1452397
Polygon PoS,2025-06-16,POL,10827857.142857142,78.01477528251654,41.001597913552594,25.000000019,143.39111047857142,0.001033133806062047,0.0005426378778676386,0.0003310699169182797,3395715
zkSync Era,2025-06-16,ETH,6.5,0.05666417248210975,0.04525,0.04525,1.1050725596354167,0.009633541865288635,0.007693005126692708,0.007693005126692705,51534
Arbitrum One,2025-06-17,ETH,0.248417,0.020262607784059455,0.010001324474500575,0.01,0.04115862695835538,0.003357182137243126,0.0016569929637088527,0.001656836164930555,2398773
Base,2025-06-17,ETH,20766.49497668,0.04471008261587942,0.003218110251062282,0.000483577,3440.667994123606,0.007429588126652196,0.0005464779948516116,8.024966254483204e-05,10202361
Optimism,2025-06-17,ETH,764.250209404,0.014228223991172009,0.0009659193301879603,5.25e-07,126.6237521519007,0.0024037556654432617,0.0001782970542440339,1.4752696963487358e-07,1362940
Polygon PoS,2025-06-17,POL,3613402.43813417,114.27678656256327,35.608506219220466,25.000000019,46.5939206500018,0.0014735705796398181,0.0004594019649785416,0.00032236874720680556,3642925
zkSync Era,2025-06-17,ETH,6.5,0.05924136596485425,0.04525,0.04525,1.0769435072048614,0.009815323759047308,0.0074971836463107655,0.007497183646310764,61425
Arbitrum One,2025-06-18,ETH,0.137631,0.01789593388384448,0.01000663313164964,0.01,0.02253223355034167,0.0029298294851623045,0.001637589264258592,0.0016371481388888888,2126273
Base,2025-06-18,ETH,10391.769635833,0.04836499760042173,0.004016484502525688,0.00047746,1701.286654056116,0.007932748183360424,0.0006760160516369465,7.893692206091872e-05,11560418
Optimism,2025-06-18,ETH,55.196822728,0.011059324034455484,0.0008475586757042617,5.99e-07,9.036542879999674,0.0018384732240275105,0.0001571437596943335,1.1760765448325181e-07,1358736
Polygon PoS,2025-06-18,POL,284765.428407884,90.12692246446865,37.13719084206431,25.000000018,3.5470861513131378,0.001122636130100328,0.0004629684114639084,0.00031140421202976645,4074117
zkSync Era,2025-06-18,ETH,7.09341812,0.06572148517318814,0.04525,0.04525,1.1612976273518718,0.010759580713632273,0.007408095328472221,0.007408095328472219,64398
Arbitrum One,2025-06-19,ETH,0.046461,0.01055177378602442,0.01,0.01,0.007611538136481773,0.001728659059853781,0.001638263949652778,0.0016382639496527777,1712087
Base,2025-06-19,ETH,8170.644340948,0.0353935114927625,0.00629237638868622,0.000470078,1338.567223801748,0.005815297757759422,0.001052386283290594,7.751892368378831e-05,9130351
Optimism,2025-06-19,ETH,264.380239694,0.009757074524837699,0.0005993013408113481,9.84e-07,43.31246930474589,0.0016303553318032667,0.0001379721141849765,1.7991272026763128e-07,1141791
Polygon PoS,2025-06-19,POL,999419.149819114,56.99809558326753,34.96736589200899,25.000000018,12.278720268440251,0.0007002704237030125,0.00042936214256393063,0.00030714641298156204,3407054
zkSync Era,2025-06-19,ETH,6.5,0.06411334013894428,0.04525,0.04525,1.0648715672743057,0.010503457384133974,0.00741314437217882,0.007413144372178818,50831
Arbitrum One,2025-06-20,ETH,1.293624,0.043857774931647234,0.01000000009610526,0.01,0.21012623204478745,0.007123916216964945,0.0016243223222712167,0.0016243223072916655,2012122
Base,2025-06-20,ETH,3032.473381901,0.043460778959227946,0.0027467395918252912,0.000490706,492.57143895255336,0.007076359584781185,0.0004572526070158252,7.979185282049693e-05,10973554
Optimism,2025-06-20,ETH,242.576176519,0.013115590344941488,0.0009906588726977816,6.48e-07,39.4021999172389,0.0021676694028900665,0.00018582436881155867,1.2326781798498683e-07,1193811
Polygon PoS,2025-06-20,POL,945220.080992967,61.62133877666377,32.43222279963753,25.000000018,11.506333250167929,0.0007501275877898765,0.00039424480668229255,0.0003043294754795339,3939916
zkSync Era,2025-06-20,ETH,6.5,0.064262858567882,0.04525,0.04525,1.0558094997395837,0.010438359470217996,0.007350058440494794,0.007350058440494792,54374
Arbitrum One,2025-06-21,ETH,2.751614,0.09583589079598305,0.01,0.01,0.4310843202294281,0.015014224319737637,0.001566659904311473,0.0015666598593749993,1964881
Base,2025-06-21,ETH,2005.609976504,0.04622626150478989,0.003749009364466697,0.000502519,314.2108911774491,0.0072507662401941585,0.0005981755249384862,7.896418314329291e-05,11329996
Optimism,2025-06-21,ETH,777.039417655,0.02123185982068399,0.0008932304964365815,8.8e-07,121.73569376943826,0.0033458279089113594,0.00014974116369558693,1.6550168835904268e-07,1211715
Polygon PoS,2025-06-21,POL,2027916.212419601,75.25011260434138,32.234302475952745,25.000000018,24.052708295404493,0.0008925265238197507,0.00038378674872483447,0.0002965199963072443,3669387
zkSync Era,2025-06-21,ETH,6.5,0.06379783842728232,0.04525,0.04525,1.0183289085937504,0.009994951257892914,0.007089135863671876,0.007089135863671874,54067
Arbitrum One,2025-06-22,ETH,2.675565,0.11904504289813994,0.011743321930742855,0.01,0.38979202071224994,0.017343180908341693,0.0017278145194959318,0.0014568587222222218,2667320
Base,2025-06-22,ETH,3094.553658286,0.07670984265564558,0.009357217026797992,0.000612699,450.83275462227897,0.011203722065663129,0.0013786616723010696,8.948795690088167e-05,8742243
Optimism,2025-06-22,ETH,87.169130825,0.018568218214988826,0.0010108175111094928,2.823e-06,12.69975123732636,0.002760319934147479,0.00016728427779244467,4.4040087084966646e-07,1435859
Polygon PoS,2025-06-22,POL,2499705.735666666,88.3998485666761,37.84565360087494,25.000000018,27.86310863816101,0.0009853538154775316,0.0004231553064225848,0.0002786638869193879,3586537
zkSync Era,2025-06-22,ETH,6.5,0.06524175331613458,0.04525,0.04525,0.9469581694444453,0.00950480173716301,0.006592285718055561,0.006592285718055558,69253
Arbitrum One,2025-06-23,ETH,0.536488,0.048621844730347724,0.010797567609362301,0.01,0.07942988359005557,0.007198721065260564,0.0016296112253019388,0.001480552847222222,2529515
Base,2025-06-23,ETH,1838.639048726,0.06270706209446959,0.003934600178379733,0.000481239,272.2202290767722,0.009329711670753082,0.0006232588618519689,7.131135763907329e-05,8588254
Optimism,2025-06-23,ETH,35.2,0.015878475900863446,0.0010675312204329911,4.3326e-05,5.213547140237677,0.0024321940146174604,0.00019197467342324146,6.841428832778754e-06,1168520
Polygon PoS,2025-06-23,POL,2895000,72.80084669679073,32.98328092229702,25.000000019,32.79281882838542,0.0008246442059692369,0.0003743127318847164,0.000283184964190915,3975589
zkSync Era,2025-06-23,ETH,6.5,0.06797904612998283,0.04525,0.04525,0.962359350694445,0.010064657029917812,0.0066995016336805595,0.006699501633680558,63754
Arbitrum One,2025-06-24,ETH,0.106794,0.013143428129504694,0.010000000002445195,0.01,0.01683350620489688,0.0020717454067809417,0.001576259578915976,0.0015762595468749997,2275461
Base,2025-06-24,ETH,5963.462266553,0.049039202038256416,0.003198026583043735,0.00047961,939.9964652433365,0.007778103815658264,0.0005460711894098507,7.564344114491706e-05,7912809
Optimism,2025-06-24,ETH,170.057410007,0.01400837002609256,0.0007996075986799239,2.637e-06,26.805538094518734,0.0022855889281618363,0.00017522099839292808,7.197383094442604e-07,1202298
Polygon PoS,2025-06-24,POL,35218207.067528576,72.43735024390689,34.6134152852332,25.000000018,416.4962403506687,0.0008566558763114522,0.00040977635976747795,0.0002956540631468988,3789762
zkSync Era,2025-06-24,ETH,6.5,0.06462133242153853,0.04525,0.04525,1.02456870546875,0.010185999216118399,0.007132574449609376,0.007132574449609374,54237
Arbitrum One,2025-06-25,ETH,0.238997,0.015021119933974245,0.01,0.01,0.03781858143016823,0.0023769229211904764,0.0015823872864583334,0.0015823872864583332,2237481
Base,2025-06-25,ETH,2444.007505224,0.04383820114961044,0.005763660092190914,0.000496648,386.7366594063309,0.006987883800516053,0.0009511503951990021,7.913120490083448e-05,8780881
Optimism,2025-06-25,ETH,68.675969684,0.012147974830549123,0.0007499442108704573,1.046e-06,10.867217111008989,0.001995532844735915,0.00017268459369896804,3.298129908026469e-07,1164952
Polygon PoS,2025-06-25,POL,13166666.666666666,70.74978627759126,35.47229622592577,25.000000018,155.18763725983797,0.0008338854811942188,0.00041819007759875276,0.0002946600709586831,4063141
zkSync Era,2025-06-25,ETH,6.5,0.06392650788355773,0.04525,0.04525,1.0285517361979166,0.010115649334256028,0.007160302471223959,0.007160302471223957,54345
Arbitrum One,2025-06-26,ETH,0.172388,0.016078572828629387,0.01,0.01,0.027484487711425705,0.002563469251489442,0.0015943388003472228,0.0015943388003472224,2287960
Base,2025-06-26,ETH,2444.188500469,0.04584495657708183,0.002746518742483475,0.00048019,389.68650233566416,0.007333264392336627,0.00045904016692898677,7.708888698768415e-05,8196457
Optimism,2025-06-26,ETH,106.22237748,0.012984201500999614,0.0007012854347927868,1.431e-06,16.935461421735177,0.0021100723786139524,0.000145027450940987,2.7557391981743926e-07,1188811
Polygon PoS,2025-06-26,POL,1338278.571428571,58.39120812962767,33.2673583696026,25.000000018,15.300650476825146,0.0006675915505075159,0.00038005636705827254,0.00028582708440718437,3590763
zkSync Era,2025-06-26,ETH,6.5,0.062068032136603245,0.04525,0.04525,1.036320220225695,0.009895747189655985,0.007214383071571183,0.007214383071571181,60170
Arbitrum One,2025-06-27,ETH,0.070786,0.010735116836933093,0.01,0.01,0.011201980663272569,0.001698846823175367,0.0015825135850694445,0.001582513585069444,1784119
Base,2025-06-27,ETH,6143.059237289,0.02778903647576859,0.0022128423147812736,0.000495153,972.1474752140489,0.004411585699529827,0.00036902568856087453,7.889406998872127e-05,7975390
Optimism,2025-06-27,ETH,61.2,0.0091306779096347,0.0006919403021778034,5.243e-06,9.685028798857946,0.001470380059894917,0.00013734240448257456,8.895622646632708e-07,1296281
Polygon PoS,2025-06-27,POL,1247120.943666125,55.6501144996981,31.152930361927872,25.000000015,14.136583350295345,0.0006308149069855318,0.00035152385777566226,0.0002833843708297527,3600087
zkSync Era,2025-06-27,ETH,10,0.06176947981921144,0.04525,0.04525,1.5825135850694447,0.009775104095663808,0.007160873972439238,0.007160873972439236,53207
Arbitrum One,2025-06-28,ETH,0.019328,0.010032288123683043,0.01,0.01,0.003052994748266667,0.0015846710965810352,0.0015795709583333335,0.001579570958333333,1685540
Base,2025-06-28,ETH,1346.130759296,0.015369251458088207,0.001835152149646263,0.000485283,212.63090700468413,0.0024340259169366753,0.00029549135972185755,7.69048716431809e-05,7391786
Optimism,2025-06-28,ETH,30.000005033,0.007116737900086236,0.000617191630331695,6.76e-07,4.738735517965111,0.0011347182611216816,0.00011029221319502182,1.2186492589861133e-07,1184341
Polygon PoS,2025-06-28,POL,282857.142857143,50.54328021991634,32.55841234473897,25.000000017,3.2418383446428582,0.0005792787914983163,0.000372662382432066,0.00028652611651428216,3128148
zkSync Era,2025-06-28,ETH,7.8,0.05869936863592027,0.04525,0.04525,1.2320653475000007,0.009271981796981512,0.007147558586458338,0.007147558586458336,38310
Arbitrum One,2025-06-29,ETH,0.253113,0.019287294301743935,0.01,0.01,0.040234373649688036,0.003065872577180353,0.001589581477430556,0.0015895814774305557,2180721
Base,2025-06-29,ETH,2962.347776245,0.024561038492333116,0.001750215371935218,0.000322821,470.889319641326,0.003909748345496178,0.00028479917059383005,5.158550166016817e-05,7926844
Optimism,2025-06-29,ETH,53.492426761,0.008718134355579632,0.0007272089851445729,1.096e-06,8.503072518446832,0.0013955122150052152,0.00012531350690093502,3.2756229555590896e-07,1191128
Polygon PoS,2025-06-29,POL,2796376.77365143,58.79773072942863,35.15903626678665,25.000000017,32.652693714747755,0.0006865685306502112,0.00041295400500765807,0.000291919655146422,3082366
zkSync Era,2025-06-29,ETH,6.5,0.057855065792195265,0.04525,0.04525,1.0332279603298613,0.009196534095886487,0.007192856185373265,0.007192856185373263,45708
Arbitrum One,2025-06-30,ETH,0.121033,0.01506706908527006,0.010000014157255243,0.01,0.019566621904616496,0.0024357955599056463,0.001616670153091038,0.0016166352899305552,2898838
Base,2025-06-30,ETH,1316.392885792,0.028172374269099163,0.0027348207896278095,9.6658e-05,212.8127201298588,0.004580997919348027,0.0004715269977286084,1.5657653161714476e-05,9380749
Optimism,2025-06-30,ETH,167.14788619,0.010809933976869735,0.0009452986012565509,6.12e-07,27.02172060605419,0.0017944212820243167,0.00017107666319862407,1.8724084640706897e-07,1280788
Polygon PoS,2025-06-30,POL,1064077.679095737,61.78274425236893,36.499275424994195,25.000000018,12.839601833686022,0.0007454961719213753,0.0004409732783250021,0.0003016603509116399,3527042
zkSync Era,2025-06-30,ETH,6.5,0.06188090044408886,0.04525,0.04525,1.0508129384548612,0.010003884743065062,0.007315274686935764,0.007315274686935762,51858
Arbitrum One,2025-07-01,ETH,0.115547,0.011934970432726573,0.01,0.01,0.018392569974918754,0.0018997877818778617,0.0015917825625000003,0.0015917825624999998,2182954
Base,2025-07-01,ETH,4505,0.02420030601582317,0.0032347873971419797,0.000372396,717.0981211386003,0.0038703999919661434,0.0005270904784710368,5.9964523225772534e-05,10438275
Optimism,2025-07-01,ETH,99.868976714,0.010100205548518398,0.0008361452690523346,5.74e-07,15.896971570384421,0.0016417050073020874,0.00016181725311363752,1.5557109259416235e-07,1285709
Polygon PoS,2025-07-01,POL,339122.385724157,63.06918247811521,38.080310518919006,25.00000002,4.0244912211365635,0.0007484653974270119,0.00045334203521864665,0.0002966842793172085,3328881
zkSync Era,2025-07-01,ETH,15,0.060306025212277646,0.04525,0.04525,2.3876738437499996,0.009599407934654311,0.007202816095312499,0.0072028160953124965,46588
Arbitrum One,2025-07-02,ETH,3.700714,0.04011305124339072,0.010000695374562352,0.01,0.598567100473532,0.006488032518563905,0.001617547633429701,0.0016174367986111107,2199835
Base,2025-07-02,ETH,1608.643985147,0.040013130691488985,0.0037788149614476256,0.000458222,260.1879986322388,0.006488795900542562,0.0006247297087435915,7.434146573179525e-05,8844589
Optimism,2025-07-02,ETH,235.029443892,0.011681171766545343,0.001010302702917429,7.39e-07,38.01452965649013,0.001928400121506532,0.00019489439952595137,3.758187448763425e-07,1394849
Polygon PoS,2025-07-02,POL,232621.712414545,55.466167898917334,35.68341526871308,25.000000083,2.7635894954387292,0.0006589484591383597,0.00042352312526675257,0.00029700468154161103,3622922
zkSync Era,2025-07-02,ETH,6.5,0.0622041412954862,0.04525,0.04525,1.0513339190972224,0.010061126715729242,0.00731890151371528,0.007318901513715278,53124
Arbitrum One,2025-07-03,ETH,0.186382,0.017333905747463286,0.01,0.01,0.031348975184420834,0.002915518564703878,0.0016819743958333333,0.0016819743958333328,2031956
Base,2025-07-03,ETH,2863.03528595,0.043178726454059735,0.006392539025095842,0.000394629,481.5552069061177,0.007276060932062213,0.0010819577080697677,6.653667694834006e-05,8316117
Optimism,2025-07-03,ETH,42.966829207,0.013305653835980057,0.0009409249221122995,3.91e-07,7.226938147778703,0.0022660549008228985,0.0001813262883691232,1.6219741963598722e-07,1032539
Polygon PoS,2025-07-03,POL,1437459.037928571,56.42128833972897,34.419611701994896,25.000000079,17.683938997629994,0.0006941071674677105,0.0004238769902730016,0.00030755553005173654,3694400
zkSync Era,2025-07-03,ETH,6.5,0.06582220084500992,0.04525,0.04525,1.0932833572916665,0.011071125649867113,0.007610934141145832,0.00761093414114583,52913
Arbitrum One,2025-07-04,ETH,0.073801,0.01206647266850382,0.01,0.01,0.01217684147999132,0.001990915094741374,0.0016499561631944449,0.0016499561631944445,1978304
Base,2025-07-04,ETH,18941.546387847,0.03010390657703346,0.0018486379276707898,0.000356919,3125.2721209757224,0.004978962262814101,0.0003164781692757817,5.921567547398458e-05,8253285
Optimism,2025-07-04,ETH,107.046244809,0.015312122617718997,0.0007323295305902031,1.455e-06,17.66216561517912,0.002545295026622184,0.00013887617131821945,3.352664931468661e-07,1084014
Polygon PoS,2025-07-04,POL,8913098.38095238,56.51959101935521,31.64274603608833,25.00000008,105.5971154153499,0.000669610669714325,0.00037562411840788383,0.0002961852075450148,3647292
zkSync Era,2025-07-04,ETH,6.5,0.0663459521669028,0.04525,0.04525,1.0724715060763892,0.010946791268080305,0.007466051638454862,0.007466051638454861,45831
Arbitrum One,2025-07-05,ETH,0.047684,0.010444280667726756,0.01,0.01,0.007799635901759724,0.0017083631084655385,0.0016356924548611115,0.001635692454861111,1677863
Base,2025-07-05,ETH,1000,0.02062501050084796,0.0018126364268993738,0.000356319,163.56924648309257,0.0033775751735216695,0.00030198850530410704,5.852151436848559e-05,8144934
Optimism,2025-07-05,ETH,33,0.007134259154323887,0.0008953452904019388,8.09e-07,5.397883791990286,0.0011754068558276645,0.0001495647215682988,2.1304102849139412e-07,1135981
Polygon PoS,2025-07-05,POL,2380952.380952381,51.92264389859581,30.859172347337694,25.000000076,27.99040736607143,0.0006104011007829554,0.00036143464805058156,0.0002938992782372038,3631608
zkSync Era,2025-07-05,ETH,6.5,0.06421132783606182,0.04525,0.04525,1.0632000956597225,0.010502998445814274,0.007401508358246529,0.007401508358246527,39207
Arbitrum One,2025-07-06,ETH,0.105753,0.012209814874224904,0.01,0.01,0.017423156873213545,0.0020116074243438095,0.0016475331076388892,0.0016475331076388888,1868238
Base,2025-07-06,ETH,7552.683271398,0.02893185956803974,0.0014921756351297156,9.9098e-05,1244.3295748160617,0.00477165247139354,0.0002498378604167249,1.6345875123948985e-05,7219590
Optimism,2025-07-06,ETH,35.93918789,0.008466532508916864,0.0008394030583645378,4.37e-07,5.921103202487233,0.0014051436411055868,0.00014784083909525426,1.2932963748819232e-07,1100388
Polygon PoS,2025-07-06,POL,364045.439910777,49.912297296180995,31.488044492730786,25.00000008,4.319960981683397,0.0005922864378647609,0.00037501351687533756,0.00029666358384862896,3995533
zkSync Era,2025-07-06,ETH,10,0.06295487624655996,0.04525,0.04525,1.6475331076388888,0.010372024290350149,0.007455087312065973,0.007455087312065971,42766
Arbitrum One,2025-07-07,ETH,0.080026,0.01219602704002959,0.01,0.01,0.013295784601084375,0.002026288312714865,0.001661433109375,0.0016614331093749996,2104916
Base,2025-07-07,ETH,13983.731929249,0.03280169053412278,0.00140154023171677,6.5666e-05,2323.3035329504332,0.005471984255726664,0.00025632504739545286,1.1537622186443617e-05,7760383
Optimism,2025-07-07,ETH,109.461093923,0.03875031843295747,0.0008966469588694454,4.03e-07,18.18625195776741,0.006476332882294507,0.0001670698293728086,1.8386263932324993e-07,1114070
Polygon PoS,2025-07-07,POL,363000.000147071,51.96693900568639,31.01454667384573,25.000000085,4.357547213640479,0.0006238247663193096,0.00037275581017477227,0.00030010655831202895,3809559
zkSync Era,2025-07-07,ETH,6.5,0.06187054544443757,0.04525,0.04525,1.0799315210937503,0.010279377269642589,0.007517984819921877,0.007517984819921875,48961
Arbitrum One,2025-07-08,ETH,0.071267,0.011565069097263854,0.01,0.01,0.011913928410885767,0.0019333689546607992,0.0016717314340277782,0.0016717314340277778,2008502
Base,2025-07-08,ETH,701.008335413,0.026470120346224254,0.0020660349054643667,9.9621e-05,117.18977709930569,0.004442222721048543,0.0003590604009054763,1.6895066412511822e-05,8389826
Optimism,2025-07-08,ETH,122.545131118,0.01091168075017335,0.0008021027727852432,3.77e-07,20.486260235908944,0.0018531305819545823,0.0001569134421304033,2.8106877304921e-07,1076233
Polygon PoS,2025-07-08,POL,501072.507689176,54.05015259982307,31.662455198856897,25.000000082,6.102430156849483,0.0006582625790598826,0.00038532139155208697,0.00030446841940143406,3619505
zkSync Era,2025-07-08,ETH,10,0.0625323732632801,0.04525,0.04525,1.6717314340277774,0.010453733402863449,0.007564584738975694,0.007564584738975692,46966
Arbitrum One,2025-07-09,ETH,0.436484,0.04367280567099044,0.01081011146131556,0.01,0.07538187967712638,0.007542402888199219,0.0019047564959630196,0.0017270250381944438,2659891
Base,2025-07-09,ETH,7502.266280121,0.032557230356082496,0.004211394007387878,0.000100775,1295.6602179069682,0.005655492660210945,0.0007655015261590518,1.7448828070019695e-05,8156012
Optimism,2025-07-09,ETH,280.255600468,0.01307527260920806,0.0009299509893891854,6.43e-07,48.40085590515818,0.0023160737162753846,0.00018114444705934871,1.8151424082344053e-07,1140379
Polygon PoS,2025-07-09,POL,248154.068013103,53.40670493272836,30.18283666017083,25.00000009,3.2482934439600655,0.0006990844473576568,0.00039427650836532433,0.000327245638330862,4331894
zkSync Era,2025-07-09,ETH,6.5,0.058434553738769573,0.04525,0.04525,1.1225662748263892,0.010091793740257753,0.007814788297829863,0.007814788297829861,61960
Arbitrum One,2025-07-10,ETH,1.733818,0.05365072134362449,0.010000229461739498,0.01,0.31610034688219274,0.009781310164725249,0.0018231672909763113,0.001823146067708333,2591105
Base,2025-07-10,ETH,4027.695617814,0.050448511667044046,0.005339028300054882,0.00016592,734.3077562523372,0.009252731459764138,0.0010365181481945802,3.0294051328497657e-05,9264587
Optimism,2025-07-10,ETH,139.300480005,0.019002390026628336,0.0009862218503759043,2.759e-06,25.396526925533244,0.0035626180536495154,0.0002389797109694249,9.603886184923815e-07,1150615
Polygon PoS,2025-07-10,POL,1667389.250238067,72.45326643297207,31.35833017093929,25.000000098,22.78537478444193,0.0009900956419123873,0.00042827522845944335,0.0003416325082836437,3436117
zkSync Era,2025-07-10,ETH,11.4,0.06191839732140679,0.04525,0.04525,2.0783865171874996,0.011288628259532254,0.008249735956380209,0.008249735956380205,54087
Arbitrum One,2025-07-11,ETH,0.230557,0.022469363690264105,0.01116070863517191,0.01,0.04462850012511042,0.004349353956989656,0.0021443572044874326,0.0019356818541666663,2815811
Base,2025-07-11,ETH,1874.456725964,0.03777610163267261,0.004101683017292605,0.000309175,362.8351965457732,0.007378372652118506,0.0008583432515177397,6.142078330117555e-05,9317114
Optimism,2025-07-11,ETH,55.124952308,0.01847866544291091,0.0009882704294566231,5.62e-07,10.670625082442351,0.003692695409248966,0.00026439664048541413,4.2377071280479605e-07,1203531
Polygon PoS,2025-07-11,POL,448815.013472525,65.4361648629879,33.29581607515715,25.000000074,6.682954531458608,0.0009743589259835271,0.0004961612151519396,0.0003722555145567374,2956326
zkSync Era,2025-07-11,ETH,9.3,0.05830831095905409,0.04525,0.04525,1.8001841243750005,0.011286633947037278,0.00875896039010417,0.008758960390104167,79091
Arbitrum One,2025-07-12,ETH,0.073009,0.011048397633794987,0.01,0.01,0.01398452089571424,0.0021162671393118943,0.0019154516423611114,0.001915451642361111,2177076
Base,2025-07-12,ETH,1432.349710177,0.013215073646273768,0.00159867882596963,0.000121111,274.3596653679315,0.002545507788235897,0.0003234710914914457,2.3507367859411498e-05,9099077
Optimism,2025-07-12,ETH,270.534834541,0.011042102929884338,0.0009605035583017493,1.484e-06,51.81964158299754,0.0021424872432713672,0.00020791489053796443,3.2683967109654265e-07,1174915
Polygon PoS,2025-07-12,POL,529044.619046488,61.97798511907485,33.14894293768556,25.000000075,7.899781994019619,0.0009254655528899092,0.000496197074036327,0.0003733041473872735,3187072
zkSync Era,2025-07-12,ETH,10,0.05827573216790366,0.04525,0.04525,1.915451642361111,0.011162434689082155,0.008667418681684028,0.008667418681684027,49284
Arbitrum One,2025-07-13,ETH,0.116222,0.012319748322778159,0.01,0.01,0.02240480258683333,0.002374950776027409,0.0019277591666666668,0.0019277591666666664,1987518
Base,2025-07-13,ETH,433.848751362,0.013922659226536056,0.0021296947566008632,0.000148929,83.6356054894572,0.0026988293093571925,0.00042320612710297926,2.8758764611291252e-05,8890506
Optimism,2025-07-13,ETH,300,0.009770537105930666,0.0007850780212241906,2.088e-06,57.83280495041932,0.0019121849291667116,0.00017774486523612903,6.771209776585345e-07,1146938
Polygon PoS,2025-07-13,POL,548139.115383244,53.77371444840625,30.776449320633354,25.000000075,8.224860790487703,0.000806877858399787,0.00046425262971211455,0.0003751265228267684,3233824
zkSync Era,2025-07-13,ETH,6.5,0.05866108284918795,0.04525,0.04525,1.2530434583333334,0.01130844401890514,0.008723110229166666,0.008723110229166666,53388
Arbitrum One,2025-07-14,ETH,0.214237,0.017010789593892683,0.01001412839415294,0.01,0.04205621524582745,0.0033393364762483654,0.0019651497625701006,0.001963069649305556,2801411
Base,2025-07-14,ETH,1892.916387971,0.02508526310126955,0.005301709637876647,0.000401127,371.5928988998037,0.0049804014992254385,0.001104488402134846,8.22439923469001e-05,9315131
Optimism,2025-07-14,ETH,1299.011291696,0.024332831962888733,0.000921804782195833,3.71e-07,255.00497828961502,0.004879641886874154,0.00023812531088392646,3.9783222224406817e-07,1158570
Polygon PoS,2025-07-14,POL,644821.076877883,58.227545397833524,30.232686526440173,25.00000008,9.858123585432677,0.0008901916503527951,0.00046234541220113945,0.0003822038380286078,4045984
zkSync Era,2025-07-14,ETH,10,0.05460413054060067,0.04525,0.04525,1.9630696493055566,0.010719171139108448,0.008882890163107643,0.008882890163107641,111475
Arbitrum One,2025-07-15,ETH,0.272012,0.02574193177025721,0.011990789111124828,0.01,0.05326001986976668,0.005040276890614537,0.002360537064976599,0.0019580025833333334,3045783
Base,2025-07-15,ETH,16902.662943284,0.03415542965768392,0.008133164567563368,0.000433788,3309.545820721468,0.006725783281236172,0.0016123653877027945,8.636181837150436e-05,8959924
Optimism,2025-07-15,ETH,55.01,0.016490500990942795,0.0009957448062599572,4.89e-07,10.771065566519685,0.0033012301350952645,0.00022861344777504443,3.2090252099796787e-07,1314317
Polygon PoS,2025-07-15,POL,803816.48079958,64.92137499187206,30.99979641627205,25.00000008,11.764306161855387,0.0009501608266270381,0.00045263042458477476,0.0003658890580284838,4065787
zkSync Era,2025-07-15,ETH,6.5,0.05502957816129894,0.04525,0.04525,1.2727016791666672,0.010774805619953587,0.008859961689583336,0.008859961689583334,137715
Arbitrum One,2025-07-16,ETH,0.240599,0.025919776418618527,0.011145035236653077,0.01,0.050314428790979186,0.005420383064323339,0.002346282043255584,0.0020912152083333332,3054342
Base,2025-07-16,ETH,3280.102204461,0.05565150688492381,0.013613776066528598,0.001692389,685.9400420602125,0.01172627963371454,0.002938007748847209,0.00035585378463336175,9240831
Optimism,2025-07-16,ETH,346.521257343,0.02091898329476888,0.0010231646907304676,2.52e-06,72.4650573474786,0.004533745287283257,0.00029862205130312935,1.1091043340892317e-06,1244470
Polygon PoS,2025-07-16,POL,541883.153574125,62.28753038962168,31.09173155356843,25.00000009,8.199139185993594,0.0009424617241702974,0.00046980562919131483,0.0003782706272298297,4146010
zkSync Era,2025-07-16,ETH,6.5,0.05751583533213811,0.04525,0.04525,1.3592898854166677,0.01202779895664911,0.009462748817708339,0.009462748817708337,68375
Arbitrum One,2025-07-17,ETH,0.261661,0.025675742753032346,0.013352640308659399,0.01,0.05805199125827744,0.0056964086885272925,0.0029663035812669933,0.0022185954826388888,3069039
Base,2025-07-17,ETH,1038.770657996,0.05190047851133467,0.015487694944920328,0.002908931,230.46183827693713,0.011637913384915339,0.0035545432462548935,0.0006575618459522069,10601748
Optimism,2025-07-17,ETH,233.837696802,0.021702660914197605,0.0010043310514182432,8.93e-07,51.87915682298652,0.005041004219421911,0.000357276417456485,8.376398158829325e-07,1280209
Polygon PoS,2025-07-17,POL,1209580.638382906,64.14062192579303,33.06850923620489,25.000000085,18.2927246604764,0.0009700111751200114,0.0005000607685089684,0.00037807989277852713,4464064
zkSync Era,2025-07-17,ETH,6.5,0.06566795876734421,0.04525,0.04525,1.4420870637152774,0.014569063667538828,0.010039144558940968,0.010039144558940966,74240
Arbitrum One,2025-07-18,ETH,0.685263,0.05556522313858778,0.02679468617686285,0.01,0.15979691249402292,0.01295728953640756,0.006273629404558249,0.0023319063263888885,3207854
Base,2025-07-18,ETH,1349.680038532,0.036030971113794164,0.009230314005715336,0.003148964,314.7330697213622,0.008481565107909414,0.00223621690558138,0.0007454507980909101,9773284
Optimism,2025-07-18,ETH,169.00629949,0.022515328576278453,0.0010031993588777038,3.76e-07,39.41072689998546,0.0053914509060096994,0.00034367135814610027,5.79551171409304e-07,1470916
Polygon PoS,2025-07-18,POL,507317.057469926,71.07366513624451,34.85765278384199,25.000000087,7.993551247867396,0.001119873610151576,0.0005495593561519731,0.00039391299572845597,4359972
zkSync Era,2025-07-18,ETH,6.5,0.06023745034142902,0.04525,0.04525,1.515739112152778,0.014046809153655712,0.010551876126909722,0.010551876126909719,73999
Arbitrum One,2025-07-19,ETH,0.577184,0.011483763468364772,0.01,0.01,0.1336740370540611,0.002659604256858087,0.002315969206597222,0.0023159692065972217,2339036
Base,2025-07-19,ETH,1380.113982653,0.019567747551407055,0.005438376792609875,0.000974217,319.63015919921247,0.004552596019289637,0.0012867293852170056,0.00022665146958897423,10152359
Optimism,2025-07-19,ETH,178.869006077,0.014459060423624917,0.0009982667313301094,1.205e-06,41.42551711661471,0.003385435480217974,0.00026073280653344795,3.6049187697525653e-07,1059390
Polygon PoS,2025-07-19,POL,687790.47619048,54.95441720719063,31.933852499352597,25.000000078,10.557450203835705,0.0008435396290440239,0.0004907878988824687,0.0003837451448604792,3393809
zkSync Era,2025-07-19,ETH,6.5,0.0576073316516426,0.04525,0.04525,1.5053799842881948,0.013341680617953546,0.010479760659852433,0.01047976065985243,57017
Arbitrum One,2025-07-20,ETH,0.353618,0.018610912167147522,0.0100045121435556,0.01,0.08511995051692707,0.004479862231963308,0.002409974745854462,0.002407115885416666,2923963
Base,2025-07-20,ETH,1382.347061104,0.03373929942659082,0.00532863205154404,0.000541848,332.7469618496685,0.008154993014908097,0.0013252748817091115,0.0001326059428858416,9783269
Optimism,2025-07-20,ETH,627.650317802,0.019978674201382853,0.000863411229658218,2.77e-06,151.08271990588932,0.004877668947839504,0.00024912122811082427,7.117042765579084e-07,1247156
Polygon PoS,2025-07-20,POL,430244.337025688,60.24669946356868,33.52884822096847,25.000000075,6.90537110036981,0.0009669524536787913,0.0005376290001747196,0.00040124706630790776,3388251
zkSync Era,2025-07-20,ETH,6.5,0.05767664596060083,0.04525,0.04525,1.5646253255208336,0.01388343707091385,0.010892199381510417,0.010892199381510415,63013
Arbitrum One,2025-07-21,ETH,0.146819,0.016666594895130997,0.01009379224687237,0.01,0.036010488345638726,0.0040878375498597285,0.0024745179731961893,0.002452713092013889,2825814
Base,2025-07-21,ETH,1370.997373169,0.026615009655553783,0.006443964784752791,0.001578684,336.26646427685023,0.006561344590926017,0.0016134343956675549,0.00038935075847775603,8926503
Optimism,2025-07-21,ETH,549.729266779,0.011328293811222287,0.00012647829481282516,4.804e-06,134.83285950785785,0.0028649473535653004,0.00017340085347261944,1.2434221944601871e-06,1971930
Polygon PoS,2025-07-21,POL,8388608,63.06037755986679,32.29420997068662,25.000000078,139.3296047399822,0.0010473939752781959,0.0005346438052230814,0.0004152345811566429,3658232
zkSync Era,2025-07-21,ETH,6.5,0.05696670128996468,0.04525,0.04525,1.5942635098090279,0.013972297406252887,0.011098526741362847,0.011098526741362845,66957
Arbitrum One,2025-07-22,ETH,0.198059,0.019288051795678277,0.010375498269457429,0.01,0.04767672898877327,0.0046430165666988725,0.002495416801923918,0.002407198309027777,2872614
Base,2025-07-22,ETH,5301.46031134,0.039904713476714516,0.011572009468304181,0.001781055,1276.166661152758,0.009627912857160126,0.0028197982895870406,0.0004305404644210758,8902081
Optimism,2025-07-22,ETH,543.306730674,0.013472283928719752,0.0007101710856630258,4.76e-07,130.78471087682658,0.003292732063804756,0.00022890007031671546,1.945681040664377e-07,1932316
Polygon PoS,2025-07-22,POL,178836.251331112,58.45659610190564,32.07538416274174,25.000000095,2.9058197865421067,0.0009498316607650009,0.0005235399268682449,0.0004062123557102736,3686780
zkSync Era,2025-07-22,ETH,6.5,0.05921921352662352,0.04525,0.04525,1.5646789008680573,0.01425523906630732,0.010892572348350706,0.010892572348350702,68397
Arbitrum One,2025-07-23,ETH,0.934492,0.039516503157950855,0.010241269837089399,0.01,0.22201577967387373,0.009388295735650691,0.0024174878307559027,0.0023757911215277782,2771893
Base,2025-07-23,ETH,8084.372895677,0.05074088149323211,0.014016596094734667,0.002890874,1920.6781489727823,0.012074522925808512,0.0033562202586940636,0.0006890271331881547,8967417
Optimism,2025-07-23,ETH,357.128354685,0.012322827618953138,0.00011784757048885895,3.699e-06,84.84625179168214,0.002968754741442485,8.89058264283096e-05,9.54557413661082e-07,1982655
Polygon PoS,2025-07-23,POL,347518.80952377,61.66321598473288,34.98527816738926,25.000000088,5.460413331359893,0.0009688875461992312,0.000548011078004005,0.0003928142305493726,4386443
zkSync Era,2025-07-23,ETH,6.5,0.055516848098586785,0.04525,0.04525,1.5442642289930557,0.013189643480779417,0.010750454824913195,0.010750454824913191,66778
Arbitrum One,2025-07-24,ETH,0.139881,0.02089621616079198,0.01320594334997438,0.01,0.03328665398931978,0.004972548931094615,0.003145357623605263,0.002379640836805554,3145390
Base,2025-07-24,ETH,4247.195819147,0.033294323952122395,0.009180901329734013,0.00208765,1010.680070664419,0.007937518973983421,0.0022033676748850657,0.0005002898337997811,8935659
Optimism,2025-07-24,ETH,74.927996929,0.014681757588227245,0.0010083659991479612,3.9e-06,17.830178596009734,0.003524311583860344,0.0002740427958557909,9.942232751917818e-07,1389323
Polygon PoS,2025-07-24,POL,357142.857142857,62.93589830164441,33.85352922011797,25.000000078,5.350850861855154,0.0009429296958731357,0.0005092858974841391,0.0003745595614984867,3695711
zkSync Era,2025-07-24,ETH,6.5,0.05554178864683636,0.04525,0.04525,1.5467665439236125,0.013216950841323486,0.010767874786545147,0.010767874786545145,68680
Arbitrum One,2025-07-25,ETH,0.192117,0.02002468883612056,0.013961258399249034,0.01,0.04579086684929115,0.004772861642610858,0.003331759507990997,0.0023834885434027776,3267664
Base,2025-07-25,ETH,1000.002970848,0.02362566539387633,0.005043860935305523,0.000596641,238.34956616944785,0.005639790890843719,0.0012103784311388254,0.00014248206920955013,8870870
Optimism,2025-07-25,ETH,47.088371772,0.017008668756110717,0.0008224394269714648,4.54e-07,11.223469752352253,0.004073311257239652,0.0002111804795261788,1.2423409763150124e-07,1587069
Polygon PoS,2025-07-25,POL,431832,68.91014383036148,35.00550563058168,25.000000078,6.442185620931664,0.001028020011764482,0.0005224568342707412,0.0003729567077608469,3617548
zkSync Era,2025-07-25,ETH,6.5,0.05726549399327685,0.04525,0.04525,1.5492675532118048,0.013649164886525005,0.010785285658897564,0.01078528565889756,61862
Arbitrum One,2025-07-26,ETH,0.04245,0.010542217778249076,0.01,0.01,0.010320419804973962,0.0025630179775509485,0.002431194300347223,0.002431194300347222,2335550
Base,2025-07-26,ETH,1360.75282711,0.02219099916932323,0.0056818138484591866,0.001007266,330.8254703526247,0.005401082376581242,0.001389050119540772,0.0002462077299555611,9056727
Optimism,2025-07-26,ETH,30.000000172,0.00826963113468813,0.00041141243455389184,5.62e-07,7.293588046205442,0.00202220946150569,0.00010537516367702503,1.5600270672282516e-07,1541820
Polygon PoS,2025-07-26,POL,632556.177770168,57.06439750169158,32.875968384082455,25.000000072,9.66525326582739,0.0008719254885154194,0.0004994825282118243,0.0003819918938952754,3320153
zkSync Era,2025-07-26,ETH,6.5,0.057315730370871246,0.04525,0.04525,1.5802762952256946,0.01393456769979445,0.01100115420907118,0.011001154209071176,42962
Arbitrum One,2025-07-27,ETH,0.040249,0.010902016680235946,0.01,0.01,0.009947493064412675,0.002694420614545794,0.002471488251736111,0.0024714882517361102,2607936
Base,2025-07-27,ETH,3849.085072478,0.044384922844313515,0.012415145927092608,0.002327667,951.2968777449476,0.010975883063789106,0.003107294573062608,0.000575788428981769,8735697
Optimism,2025-07-27,ETH,33,0.007850959605521325,0.00043606683207715905,4.41e-07,8.15593502071265,0.0019527724459938878,0.0001205515579777569,2.0741396666432936e-07,1554321
Polygon PoS,2025-07-27,POL,1006879.635880513,58.74137148844033,35.29152919037285,25.000000077,15.58643229516476,0.0009093126695615712,0.0005445410821250295,0.0003869984004975105,3097486
zkSync Era,2025-07-27,ETH,6.5,0.05594494470572056,0.04525,0.04525,1.606467363628472,0.013826727358409893,0.011183484339105902,0.011183484339105898,52718
Arbitrum One,2025-07-28,ETH,0.331285,0.018705142205540853,0.010001206322401033,0.01,0.08278536993651298,0.004674259677319694,0.0024991991942417673,0.002498916942708331,3025508
Base,2025-07-28,ETH,3162.527882962,0.0423195666629494,0.012445159589892998,0.003109526,790.2894760046025,0.01058688011087293,0.0031347482052904167,0.0007772568685583662,8544265
Optimism,2025-07-28,ETH,401.125644794,0.013324308219347455,0.0006729142119695781,5.24e-07,100.2379972418405,0.003354163501802599,0.00019473085497469805,3.033174737128398e-07,2109147
Polygon PoS,2025-07-28,POL,338686.668789129,58.16031147388146,33.25682701445537,25.00000008,5.1875742478747044,0.000890826128849271,0.0005085452816055826,0.00038291839792672764,3621339
zkSync Era,2025-07-28,ETH,6.5,0.057543529532263264,0.04525,0.04525,1.6242960127604167,0.014379650089157757,0.011307599165755208,0.011307599165755204,68065
Arbitrum One,2025-07-29,ETH,0.138498,0.014889310793721876,0.010000250393193667,0.01,0.034199228113334375,0.0036766085884595064,0.002469300593759645,0.0024692940052083324,2667702
Base,2025-07-29,ETH,5111.034916226,0.03978333006505512,0.010523601600059943,0.002820928,1262.0648793584817,0.00985801368441468,0.0026360382940539967,0.0006983946168927578,8806412
Optimism,2025-07-29,ETH,30.861633083,0.009307572471575277,0.0001322332784802472,3.68e-07,7.620655128282009,0.0023573111419299794,0.00014631652751020732,1.4547620078825395e-07,1711372
Polygon PoS,2025-07-29,POL,1197983.231376521,57.744237166705574,31.871570686856174,25.000000088,17.567334796925564,0.0008467667328990995,0.00046689325533110545,0.00036660226951960655,3760169
zkSync Era,2025-07-29,ETH,6.5,0.05583845686078497,0.04525,0.04525,1.605041103385416,0.013788156678644777,0.011173555373567703,0.0111735553735677,78506
Arbitrum One,2025-07-30,ETH,0.812203,0.01986374863850776,0.010000149076933446,0.01,0.2000331683868984,0.004892137281200707,0.0024628542740200475,0.002462846953124999,2675382
Base,2025-07-30,ETH,700.886100435,0.030791585310666753,0.007868372147707607,0.001118879,172.61752732890588,0.007634225928608819,0.001986300414755012,0.00027752998091928676,8594860
Optimism,2025-07-30,ETH,110.648347766,0.015457435253442856,0.0006976276295619876,3.72e-07,27.251052368894428,0.003895887587668001,0.0002486579318518538,1.6175248157895507e-07,1250657
Polygon PoS,2025-07-30,POL,4141172.003689631,65.33302271000632,33.96766243337227,25.000000069,58.69260433794919,0.0009259613579692532,0.0004811552914426213,0.00035432363379043314,2623959
zkSync Era,2025-07-30,ETH,6.5,0.05659500628689054,0.04525,0.04525,1.6008505195312503,0.013938483879574444,0.011144382462890628,0.011144382462890625,80644
Arbitrum One,2025-07-31,ETH,0.065034,0.012643397005135388,0.010000004024382917,0.01,0.016108578214990624,0.0031317026410868283,0.0024769550344714074,0.002476947168402777,2557448
Base,2025-07-31,ETH,1826.900617638,0.03772948021298832,0.011877017728647804,0.001424424,452.5139074341294,0.009403393535328118,0.002993845905122596,0.0003566052863722728,9404319
Optimism,2025-07-31,ETH,92.483042477,0.013175075266153014,0.0009236857226400085,3.04e-07,22.907588195257674,0.003355703184742842,0.00028169809168009774,1.0229455175998553e-07,1087990
Polygon PoS,2025-07-31,POL,306502.885258445,63.43312448345611,34.960589244832406,25.000000083,4.298303442431496,0.0008895668864634672,0.000491823435836312,0.0003505924139243836,2942750
zkSync Era,2025-07-31,ETH,6.5,0.056279008322402874,0.04525,0.04525,1.6100156594618056,0.013940013030464488,0.01120818593702257,0.011208185937022566,59841
Arbitrum One,2025-08-01,ETH,0.679786,0.04037187184378839,0.011933984597533535,0.01,0.1598415757607591,0.009492845707209202,0.0028117007307646197,0.0023513513923611117,3278202
Base,2025-08-01,ETH,958.829331254,0.038639380628574964,0.01108345351753201,0.001817527,225.45450582510247,0.009099984267972613,0.0026438861625147857,0.0004284163642651997,9898643
Optimism,2025-08-01,ETH,603.64066485,0.02100751016665129,0.0010002980596177397,3.32e-07,141.93713369649416,0.0049636234327956495,0.00025243374341794286,9.416068541747533e-08,1365403
Polygon PoS,2025-08-01,POL,529624.309412673,75.40864554959651,34.702178559229544,25.000000081,6.920910377885811,0.000985408842251367,0.00045376543564979723,0.0003266896117355576,3740910
zkSync Era,2025-08-01,ETH,6.5,0.0616149801962385,0.04525,0.04525,1.5283784050347222,0.014487846947456322,0.010639865050434027,0.010639865050434023,63084
Arbitrum One,2025-08-02,ETH,0.394064,0.017602887022545276,0.01,0.01,0.08906460106790277,0.003978526610668799,0.0022601557378472224,0.0022601557378472215,2495259
Base,2025-08-02,ETH,1353.074170218,0.02472987117294543,0.006007210783038018,0.001111208,305.81583697002213,0.005596514865959689,0.0013670533494823868,0.0002515334734321212,10368924
Optimism,2025-08-02,ETH,234.921302422,0.01635312929843529,0.0008456050963020678,3.32e-07,53.0958754360677,0.003707977090243805,0.00020113388795822012,9.099501844736347e-08,1013154
Polygon PoS,2025-08-02,POL,397025.000000138,59.43836382906238,32.36392688492543,25.000000077,5.060917694570336,0.0007576668150335772,0.00041133979330520667,0.0003186775209468046,3250795
zkSync Era,2025-08-02,ETH,6.5,0.057067549522459585,0.04525,0.04525,1.4691012296006947,0.012898154949806083,0.01022720471375868,0.010227204713758679,49173
Arbitrum One,2025-08-03,ETH,0.056694,0.010548724610285982,0.01,0.01,0.012791434583755208,0.0023800282356966716,0.0022562236892361112,0.002256223689236111,2036002
Base,2025-08-03,ETH,4337.288864915,0.0180283242920732,0.002853301745019524,0.000404929,978.5893986675566,0.004073042817246597,0.0006465289417695736,9.172462846713968e-05,8799647
Optimism,2025-08-03,ETH,48.886335211,0.010373467657609794,0.0003051042225643133,3.18e-07,11.029854709487125,0.0023498231706429356,7.81277051269228e-05,8.573677817580477e-08,916063
Polygon PoS,2025-08-03,POL,3641301.085714282,58.851591901714635,31.235666034629492,25.000000075,47.22621559007941,0.000763281558307209,0.00040550983713114833,0.0003242399805734144,3297943
zkSync Era,2025-08-03,ETH,6.5,0.05800880097718841,0.04525,0.04525,1.4665453980034728,0.013088083094892036,0.010209412193793406,0.010209412193793404,40411
Arbitrum One,2025-08-04,ETH,0.148157,0.014716018223776103,0.01,0.01,0.03475470663940574,0.003452087287590869,0.002345802536458334,0.002345802536458333,2473197
Base,2025-08-04,ETH,4618.958967356,0.02478033474611265,0.005165267091859095,0.000193965,1083.516570551898,0.005822088770342106,0.0012288801916261625,4.581048500819e-05,8837424
Optimism,2025-08-04,ETH,246.56023782,0.01557963993151546,0.0005825617937774833,3.22e-07,57.83820089315277,0.003671469364425726,0.00015053950751761744,8.996704579642874e-08,949434
Polygon PoS,2025-08-04,POL,11902638.159946136,60.134452762700704,31.381665885672188,25.00000008,158.39383471327648,0.0008002365898613277,0.00041826872772344277,0.00033268640340834645,3564550
zkSync Era,2025-08-04,ETH,32,0.05837321387751882,0.04525,0.04525,7.506568116666667,0.013693203317516828,0.01061475647747396,0.010614756477473956,43855
Arbitrum One,2025-08-05,ETH,0.166266,0.01682869892638556,0.010000000750661053,0.01,0.039254777976740624,0.003973192594947286,0.0023609624751302944,0.002360962432291666,2713117
Base,2025-08-05,ETH,2904.761904761,0.026699269457528887,0.005290422249346443,9.6e-08,685.8033791118349,0.006325233639262153,0.001269300120633538,7.832644449733262e-08,8775570
Optimism,2025-08-05,ETH,32.413730938,0.014529388815889804,0.0007956676059662599,2.96e-07,7.652762135359416,0.003465788216900838,0.00023081133452422907,1.3477124891247512e-07,989315
Polygon PoS,2025-08-05,POL,351835.000000325,58.177021958498436,31.800659351042693,25.000000082,4.8858047749717,0.0008078831602262509,0.0004417115700184292,0.00034716591520120413,4051770
zkSync Era,2025-08-05,ETH,6.5,0.06105964551347941,0.04525,0.04525,1.5346255809895832,0.014415952918629385,0.010683355006119792,0.010683355006119789,47780
Arbitrum One,2025-08-06,ETH,0.042171,0.011134767575696482,0.01,0.01,0.009956253061645312,0.002628834122174677,0.002360924109375,0.0023609241093749994,2382750
Base,2025-08-06,ETH,2676.480428236,0.024641183978621597,0.005879037966144243,0.000257231,631.8967199757691,0.005827879358859091,0.0014014857465851427,6.131271413924387e-05,9495829
Optimism,2025-08-06,ETH,64.197710363,0.012766698779242273,0.000945939128730544,3.01e-07,15.156602141720844,0.003032712302588198,0.0002329260833711811,1.3598645605199996e-07,973783
Polygon PoS,2025-08-06,POL,694121.167417142,54.19845386755956,31.12669072236176,25.000000086,9.855800872488663,0.0007695618488383945,0.0004426889215052708,0.0003549740797801385,4043081
zkSync Era,2025-08-06,ETH,6.5,0.060910379606021435,0.04525,0.04525,1.5346006710937499,0.014380478372299235,0.010683181594921874,0.010683181594921872,46845
Arbitrum One,2025-08-07,ETH,0.133996,0.014723740493960039,0.010000000158934824,0.01,0.03290473632411875,0.003615636277640859,0.002455650798881168,0.0024556506406249994,2617153
Base,2025-08-07,ETH,1139.087090042,0.036288365866498994,0.009938807174151522,0.001091586,279.7199951652969,0.008925496342320155,0.002455321236425117,0.0002688233700269969,9065082
Optimism,2025-08-07,ETH,670.292518291,0.01565610725991857,0.0009845025181541688,3.22e-07,164.60043473987724,0.0038746826836843977,0.00025349557902196217,1.3900539485584402e-07,984490
Polygon PoS,2025-08-07,POL,165943.206487268,50.70264346467926,30.63163925119185,25.000000087,2.5306588134594783,0.0007732229252749119,0.0004670422813375733,0.0003812537547989853,4499428
zkSync Era,2025-08-07,ETH,6.5,0.0574161721955732,0.04525,0.04525,1.5961729164062506,0.014099406003428235,0.011111819148828129,0.011111819148828127,46682
Arbitrum One,2025-08-08,ETH,0.291838,0.02655702309122638,0.010053819960107117,0.01,0.0749219109247014,0.0068178335873530374,0.0025779858124775627,0.0025672431597222214,2995986
Base,2025-08-08,ETH,2384.148305774,0.038343700779635524,0.00987900962917509,0.002985835,612.0688476373747,0.009862374868187014,0.002533128749058738,0.0007669523685699562,9868666
Optimism,2025-08-08,ETH,2680.900460846,0.02312235552645349,0.000986982243972383,3.42e-07,688.2523396213585,0.005971670589945421,0.00026725735516266183,1.311016393390416e-07,1019677
Polygon PoS,2025-08-08,POL,520242.841271638,58.201778640705434,31.263448763660417,25.000000089,8.122813553105374,0.0009087336890633085,0.00048759774562344226,0.0003903375951396019,4502202
zkSync Era,2025-08-08,ETH,6.5,0.05932444944895029,0.04525,0.04525,1.6687080538194448,0.01523002870520577,0.011616775297743057,0.011616775297743053,52472
Arbitrum One,2025-08-09,ETH,0.67481,0.022321354940202744,0.010002462008212719,0.01,0.18311058738894107,0.0060569292310705455,0.0027139692208905004,0.002713513246527778,2727296
Base,2025-08-09,ETH,4066.064082621,0.038481528382491755,0.008915746731023255,0.002877082,1103.3318788051192,0.010457490418028712,0.002443101256076445,0.0007812129359962137,9273541
Optimism,2025-08-09,ETH,78.99319602,0.03578207778764394,0.0010005186567012216,3.81e-07,21.434913234760565,0.0097465795566981,0.00030274826068217147,1.6105922966293917e-07,1477257
Polygon PoS,2025-08-09,POL,3165875.407749417,53.43344638373317,30.3210019301952,25.000000076,51.09104820401001,0.000862311504178379,0.00048810212520004334,0.0004034511926327417,4126590
zkSync Era,2025-08-09,ETH,6.5,0.05811601994463435,0.04525000025471893,0.04525,1.7637836102430555,0.015769858995529896,0.012278647501014513,0.012278647440538191,60427
Arbitrum One,2025-08-10,ETH,0.081772,0.012534803049185816,0.01,0.01,0.022452597439638892,0.003441751294437957,0.002745756180555556,0.002745756180555555,2607184
Base,2025-08-10,ETH,1511.235260661,0.031131378028660887,0.00346067204201639,0.000228172,414.94835929112475,0.008558939550770134,0.0009627008192114653,6.310347143410829e-05,8336123
Optimism,2025-08-10,ETH,163.407143147,0.03544977987488636,0.0010004273231785283,3.63e-07,44.86762037709278,0.009765497964198127,0.00030506757182941115,1.6224332183860537e-07,1601092
Polygon PoS,2025-08-10,POL,471011.123335905,56.943605170307286,31.321246450235584,25.000000079,7.458522500306512,0.0009017094063581666,0.0004961559478425932,0.0003958782581954197,3715808
zkSync Era,2025-08-10,ETH,6.5,0.06682667694648953,0.04525,0.04525,1.7847415173611114,0.01834897612518704,0.01242454671701389,0.012424546717013887,54214
Arbitrum One,2025-08-11,ETH,0.206755,0.01963832347750952,0.010363851070445422,0.01,0.057379253901858523,0.00545008512017972,0.002847132565799477,0.002775229324652778,3059072
Base,2025-08-11,ETH,1201.779043707,0.046553903161567094,0.008187401226719418,0.000317817,333.5212516239078,0.012939113536352156,0.0022793955811590415,8.846230289253926e-05,8577682
Optimism,2025-08-11,ETH,96.295438564,0.021763295036244915,0.0009144319028102332,3.49e-07,26.724205535746062,0.006076354018994763,0.0002825312070262783,1.6789825609879415e-07,1076807
Polygon PoS,2025-08-11,POL,1429047.413444022,65.56562584318061,31.283404753121307,25.00000009,22.424495976090803,0.00102885047693895,0.0004915773351736452,0.00039229797146435595,4001691
zkSync Era,2025-08-11,ETH,6.5,0.06371473251014835,0.04525,0.04525,1.8038990610243062,0.017682299407462822,0.012557912694053824,0.01255791269405382,59199
Arbitrum One,2025-08-12,ETH,0.516779,0.02911690464757214,0.01003263237619299,0.01,0.14729437579742488,0.008299014269574967,0.002858910730138721,0.0028502391892361112,2820075
Base,2025-08-12,ETH,2206.64304615,0.04606455133630562,0.009886877236705205,0.000707296,628.9460520348964,0.013162977590896548,0.0028296978675837496,0.00020165777045315955,8245088
Optimism,2025-08-12,ETH,330.253446607,0.02334457766823761,0.0009916337665113902,3.41e-07,94.13014061647277,0.006724748272298108,0.0003138635029829138,1.7132757872073874e-07,1064525
Polygon PoS,2025-08-12,POL,299833.333333333,62.37130565297283,32.223293210222195,25.000000088,4.680117926701384,0.000973557751078098,0.0005020323170295687,0.0003902266211652644,3938514
zkSync Era,2025-08-12,ETH,6.5,0.05858092279044792,0.04525,0.04525,1.8526554730034723,0.016696964187878815,0.012897332331293402,0.012897332331293398,59045
Arbitrum One,2025-08-13,ETH,0.326117,0.02848310527189901,0.012446294476867912,0.01,0.0989875829272936,0.008645589604740952,0.0037682967712057945,0.003035339553819444,3305792
Base,2025-08-13,ETH,2161.363041988,0.042246317024248234,0.010445541515507091,0.001746952,656.0470760481854,0.01286591759829278,0.0032152190387033297,0.0005315530042142816,8796224
Optimism,2025-08-13,ETH,106.707592053,0.021029797675060642,0.001000588256131258,3.3e-07,32.389395560256375,0.00648144593625826,0.00036534636718073754,2.1229778952332842e-07,1118635
Polygon PoS,2025-08-13,POL,426079.31328016,70.71958723751209,32.95909705208068,25.000000081,6.931889673746336,0.0011505378487619373,0.0005366568079682489,0.00040672531381778977,3924021
zkSync Era,2025-08-13,ETH,7.456,0.06605197768818913,0.04525,0.04525,2.2631491713277763,0.0200490180484878,0.013734911481032978,0.013734911481032975,56483
Arbitrum One,2025-08-14,ETH,4.074631,0.08381207962974858,0.012485585956789927,0.01,1.2324264920483636,0.0253500813421754,0.00381023082144578,0.00302463337673611,3152328
Base,2025-08-14,ETH,34154.23611578,0.05473952836843064,0.010396550833016166,0.000363391,10330.404335881636,0.016604633779493914,0.003220426464491824,0.00011089589623163192,9249882
Optimism,2025-08-14,ETH,1630.340255495,0.04201553299971022,0.000996185204142956,3.46e-07,493.1185389274202,0.012812155651441904,0.0003513592143713097,1.5018411545785824e-07,1058361
Polygon PoS,2025-08-14,POL,344314.623048228,82.25743530618256,34.74151701702626,25.00000008,5.519678305901074,0.0013186619178094119,0.0005573813903852264,0.0004007728654317788,4064374
zkSync Era,2025-08-14,ETH,15,0.08172932167053856,0.04535209801183555,0.04525,4.536950065104165,0.024720123418263754,0.013693054146377424,0.013686466029730896,50237
Arbitrum One,2025-08-15,ETH,0.211049,0.022375322855703633,0.01000319431094168,0.01,0.06238477142606492,0.006614006235225284,0.0029575138622534,0.002955937788194443,3003543
Base,2025-08-15,ETH,877.80590658,0.030062944395949514,0.002811361276948931,3.2404e-05,259.4741455653117,0.008906276017524271,0.0008447734901666649,9.9033167430156e-06,8312238
Optimism,2025-08-15,ETH,181.139009686,0.014883080702458019,0.0009999921046836297,4.02e-07,53.54357126556217,0.004445371003371851,0.0003214436739383752,1.527282567003019e-07,1148631
Polygon PoS,2025-08-15,POL,959444.560705496,63.80978770213212,33.94281951694359,25.000000093,14.726793917211847,0.0009794350105016502,0.0005200925265866315,0.00038373228050734523,3777131
zkSync Era,2025-08-15,ETH,6.5,0.06807753186545219,0.04529840415061248,0.04525,1.9213595623263873,0.02012329489682098,0.01337812759251852,0.013375618491579849,33137
Arbitrum One,2025-08-16,ETH,0.109135,0.010872188086029248,0.01,0.01,0.031429146989251734,0.0031310175237156007,0.0028798412048611113,0.0028798412048611105,2510096
Base,2025-08-16,ETH,2395.760462285,0.018944090410310473,0.001478941257099874,5.0054e-05,689.9409818864825,0.00546220648287511,0.0004307312044976996,1.4822374133297649e-05,8119251
Optimism,2025-08-16,ETH,56.759864761,0.015871424671631156,0.0010041276629709447,1.079e-06,16.34594184735944,0.004583734895611827,0.00030198279935992565,3.6873831475950107e-07,1087448
Polygon PoS,2025-08-16,POL,814523.41125731,54.948132629648086,31.262014747012444,25.000000084,12.440844869378179,0.0008392652494202069,0.00047817628413882686,0.00038184430119619125,3762378
zkSync Era,2025-08-16,ETH,6.5,0.06221028196253029,0.045251019521651524,0.04525,1.8718967831597215,0.017915573336179616,0.013031281451996524,0.013031281451996519,25096
Arbitrum One,2025-08-17,ETH,0.323152,0.01381619692482558,0.01,0.01,0.09444547452202778,0.004037967503389933,0.002922633142361111,0.0029226331423611103,2618522
Base,2025-08-17,ETH,1128.174004613,0.024298086227164298,0.0015560617719726833,4.8e-07,329.7238760190002,0.007106989899850824,0.00045998300786008944,2.0378581827121222e-07,8385097
Optimism,2025-08-17,ETH,55.01,0.012382883903007767,0.0009728259571847236,3.48e-07,16.07746045460949,0.0036308567600873156,0.00029116294297731074,2.3372128679472335e-07,941315
Polygon PoS,2025-08-17,POL,300000.000000188,57.70409083641966,32.89149428899368,25.000000078,4.762764500002988,0.000916103317801589,0.0005217042214111645,0.0003968970429049856,3717185
zkSync Era,2025-08-17,ETH,6.5,0.06685385383219077,0.04525893154486079,0.04525,1.899711542534724,0.01953892889045489,0.013226428930824744,0.013224914969184038,29287
Arbitrum One,2025-08-18,ETH,0.273267,0.02303312838875329,0.010382031154309712,0.01,0.07696672592206408,0.006487371251651973,0.002937245927239179,0.0028165393524305546,3238025
Base,2025-08-18,ETH,949.042489886,0.03430139174691185,0.0025445522866150436,9.7366e-05,267.3015787123936,0.009671435552999895,0.0007261932541983041,2.7943367983685695e-05,8915202
Optimism,2025-08-18,ETH,807.202026193,0.014468884891909981,0.0010001790849595434,2.98e-07,227.3516359748093,0.004097969546304378,0.00029514615224841557,1.3740993101534855e-07,1208774
Polygon PoS,2025-08-18,POL,882531.437484171,72.76547305220511,36.477371514703314,25.000000089,14.278455733838637,0.0011772709070733696,0.0005880807900962351,0.00040447442374895676,4416210
zkSync Era,2025-08-18,ETH,6.5,0.06714367831367013,0.04532755640050289,0.04525,1.830750579079861,0.01891128122373959,0.01276842088721441,0.012744840569748261,34787
Arbitrum One,2025-08-19,ETH,0.234506,0.02294755896171932,0.010091890927936135,0.01,0.06446442272653681,0.006308159029835549,0.002776222330765764,0.0027489455590277772,3116895
Base,2025-08-19,ETH,2118.600388507,0.033200918899673956,0.0059868571124363605,0.000185235,582.3917152328754,0.00913777342402849,0.0016416407778299372,5.177621213034729e-05,9330679
Optimism,2025-08-19,ETH,66.831997172,0.013573878106120414,0.000991069770525406,3.55e-07,18.371753592390696,0.0037536522457763087,0.0002836726813549193,1.1683928474508073e-07,1090154
Polygon PoS,2025-08-19,POL,740605.107716666,69.60651975709034,34.400173977112786,25.000000086,11.945458820375256,0.0011227060233914379,0.0005565733520948276,0.0004032330703975383,4071919
zkSync Era,2025-08-19,ETH,6.5,0.0656974998303168,0.0452636048625835,0.04525,1.7868146133680556,0.018059885039782928,0.012439141509006544,0.01243897865460069,30655
Arbitrum One,2025-08-20,ETH,0.180893,0.019859978824353173,0.010005315697459202,0.01,0.049717791782312164,0.005458443897714234,0.0027502740239003674,0.0027484641076388886,3011807
Base,2025-08-20,ETH,2000.000801329,0.03659092602208489,0.008290643129096708,0.000264007,549.6930477322444,0.01007129721220912,0.0022793561813134605,7.327486395457356e-05,9426835
Optimism,2025-08-20,ETH,206.918250656,0.01330865330441433,0.0009782150820241775,3.42e-07,56.870740099015876,0.0036871783589017978,0.0002766658890243958,1.105247567363789e-07,1065626
Polygon PoS,2025-08-20,POL,720000.000058938,62.29907563667175,34.73502376890765,25.000000081,11.198957088416725,0.0009690064925638751,0.0005404690201790347,0.00038885267790918806,3928601
zkSync Era,2025-08-20,ETH,6.5,0.07288042086527648,0.04533454039514588,0.04525,1.7865016699652774,0.02003092208978326,0.012461902140280303,0.012436800087065965,32773
Arbitrum One,2025-08-21,ETH,0.084744,0.013094504781739003,0.01,0.01,0.023546426787812495,0.0036383554961529722,0.0027785361545138885,0.0027785361545138876,2698493
Base,2025-08-21,ETH,3094.208432055,0.02184295806612326,0.00205661848584463,2.0217e-05,859.737001401834,0.0060787154292821855,0.0005801969915589919,5.754568101900919e-06,9771527
Optimism,2025-08-21,ETH,150,0.011409128735107184,0.0010002643101954707,3.4e-07,41.678099677283164,0.0031921030895046857,0.0002898753144965975,1.0772200704944419e-07,1094283
Polygon PoS,2025-08-21,POL,482907.769153306,61.56609038881248,33.066568258333696,25.000000081,7.527060074018037,0.000959627677333765,0.0005148026162051494,0.0003896737937972653,3868983
zkSync Era,2025-08-21,ETH,10,0.06744294460035775,0.04530776515194205,0.04525,2.778536154513889,0.018739265993898982,0.012575977817467651,0.012572876099175345,33166
Arbitrum One,2025-08-22,ETH,2.843233,0.07521243084118794,0.010211257175479606,0.01,0.8290928596998846,0.021932106644477978,0.0029744273920564715,0.002916021513888888,2956702
Base,2025-08-22,ETH,2581.944811492,0.041224082789124594,0.00288173854962274,8.1543e-05,752.9006761541726,0.012058884021630353,0.0008736072515360275,2.3939719844491383e-05,9324871
Optimism,2025-08-22,ETH,154.199680515,0.02192483880735848,0.0008835461273710997,3.2e-07,44.96501092635983,0.006489556221740318,0.00030710148983973187,1.0863197829860671e-07,1198311
Polygon PoS,2025-08-22,POL,471638.151110352,83.40641256715475,37.267755145670385,25.000000088,7.435544922650771,0.0013149320639566228,0.0005874146254679109,0.0003941339844602683,3911811
zkSync Era,2025-08-22,ETH,1.5,0.06720207703719987,0.045342732052212675,0.04525,0.4374032270833333,0.01959627024184599,0.013199057510829164,0.013194997350347216,36174
Arbitrum One,2025-08-23,ETH,0.105408,0.01156823869253314,0.01,0.01,0.03247079876040001,0.003563581043161888,0.003080487131944445,0.0030804871319444443,2729746
Base,2025-08-23,ETH,1661.334976266,0.019497831801115056,0.0016319615494821836,9.4824e-05,511.77210347942207,0.006015756750765596,0.0005115529320955008,2.9817201949558712e-05,9074169
Optimism,2025-08-23,ETH,342.826249133,0.011645091902666556,0.0005573018403239076,4.21e-07,105.60718896822658,0.00360701129369117,0.00019513212801164413,1.6004496415675383e-07,1038126
Polygon PoS,2025-08-23,POL,255981.545999623,59.96981670685656,35.16791341641077,25.000000084,4.139614952678799,0.0009698040887270585,0.0005680706539075564,0.00040428841759104794,3633989
zkSync Era,2025-08-23,ETH,4.525,0.06221779920341443,0.045254305379132394,0.04525,1.393920427204861,0.01916611298240353,0.013940162864042474,0.013939204272048608,29120
Arbitrum One,2025-08-24,ETH,2.618488,0.043011144129129875,0.01,0.01,0.8157265044373974,0.01339908002339798,0.0031152577534722227,0.003115257753472222,2739828
Base,2025-08-24,ETH,1076.687211438,0.02563289791342645,0.0020245546898441593,9.2221e-05,335.4158254181993,0.007996043584519339,0.0006406922398483826,2.9184802502649687e-05,9173195
Optimism,2025-08-24,ETH,360.153564635,0.008336476868922098,0.0010027858374430287,5.11e-07,112.19712932285404,0.002631083651734781,0.0003348339071139713,1.7706890659953554e-07,2308651
Polygon PoS,2025-08-24,POL,850967.450128006,66.26537381041652,33.99322602814498,25.000000086,13.755086676307549,0.0010711173033270403,0.0005488523975870802,0.00040410143541788667,3620281
zkSync Era,2025-08-24,ETH,1.5,0.06325358112520557,0.04525183256570322,0.04525,0.46728866302083344,0.019705120903517167,0.014096541334461808,0.014096541334461804,37606
Arbitrum One,2025-08-25,ETH,0.950295,0.038017687466739704,0.010147861077284237,0.01,0.28443987664269543,0.011379357287243208,0.003040660993568371,0.0029931745052083334,3228034
Base,2025-08-25,ETH,5460.661395308,0.047890561488781805,0.005684844231523649,0.000245206,1634.4712495662877,0.014349122940252491,0.0017182309367315453,7.374733633848259e-05,11796701
Optimism,2025-08-25,ETH,366.326360022,0.017772402285621616,0.0009964421064938094,4.06e-07,109.64800932577488,0.005355686596117742,0.0003104174140386215,1.4578476010337273e-07,1193809
Polygon PoS,2025-08-25,POL,2722719.300498054,69.8893731878228,32.200529588810944,25.000000092,42.809402442947466,0.0010988728447826137,0.0005070850972564379,0.0003930757991895744,3870498
zkSync Era,2025-08-25,ETH,1.5,0.0647459694542745,0.04540026501504996,0.04525,0.44897617578125,0.019379598508558037,0.013590666858865407,0.013544114636067703,35231
Arbitrum One,2025-08-26,ETH,0.216695,0.020169637374181638,0.010001392344398771,0.01,0.06310789151742968,0.00587398549738637,0.002915091315653096,0.002912291078124999,3157420
Base,2025-08-26,ETH,3876.536551749,0.024273129775439977,0.004326613036123043,0.000104695,1128.9602892457544,0.007082698372708648,0.0012753107299265127,3.112255339176655e-05,10903645
Optimism,2025-08-26,ETH,124.256465094,0.013151513916894838,0.00032711389326472344,8.42e-07,36.18710144956835,0.00385896172303551,0.00013180491194782865,3.106361408703667e-07,1192274
Polygon PoS,2025-08-26,POL,1119725.895238095,61.451493726730824,33.03834772750392,25.00000009,17.34818807488091,0.0009520830724621323,0.000511292257173159,0.00038733113637703096,3613620
zkSync Era,2025-08-26,ETH,1.5,0.06907493068622303,0.04526511634916603,0.04525,0.4368436617187499,0.020116630435968442,0.01318086909083905,0.013178117128515618,28669
Arbitrum One,2025-08-27,ETH,0.686034,0.021108428944328916,0.010000005282688233,0.01,0.20473225621436247,0.006299361668534839,0.0029842878031695326,0.002984287312499998,3126816
Base,2025-08-27,ETH,3882.3492872,0.039384317666426104,0.007634621799229105,0.000256738,1158.604582799028,0.011775613792391353,0.002313473596949147,7.692597782042412e-05,13191722
Optimism,2025-08-27,ETH,127.901182144,0.011928158577699069,0.00043604437491831483,8e-07,38.1694026888622,0.003606550919402632,0.00020507272995563613,3.021041251202614e-07,1266005
Polygon PoS,2025-08-27,POL,149101.219539801,57.563826572461515,30.38996969255414,25.000000092,2.3545224756397807,0.0009090155256074948,0.0004801966245911767,0.0003947859198555899,3726559
zkSync Era,2025-08-27,ETH,1.5,0.06885077908699101,0.04525706940239297,0.04525,0.44764309687500003,0.020547050648511204,0.013509678568268044,0.013503900089062498,31513
Arbitrum One,2025-08-28,ETH,0.120328,0.01384393128938578,0.01,0.01,0.035521225983063905,0.004086774581350446,0.0029520332743055563,0.002952033274305556,2926957
Base,2025-08-28,ETH,2390.010818326,0.02014247722636117,0.002639587833923062,0.00019669,705.5391567656516,0.005961209797471921,0.0007936164006447412,5.905349174464489e-05,10989773
Optimism,2025-08-28,ETH,112.641564199,0.008397183300251458,0.00019932722712668512,1.19e-06,33.252172877549334,0.0025098954525486833,0.00011247848884303406,3.830653409464103e-07,1182079
Polygon PoS,2025-08-28,POL,983737.659357603,61.59347365765335,30.588020656245146,25.000000091,15.562363379995503,0.0009743858129031389,0.0004840081449273557,0.00039549069024166935,3718687
zkSync Era,2025-08-28,ETH,1.04525,0.0590768300812256,0.04525000044905864,0.04525,0.30856127799678823,0.01743967681403141,0.01335795056639868,0.013357950566232636,31041
Arbitrum One,2025-08-29,ETH,0.624864,0.030168532749030117,0.010000654107692419,0.01,0.17827441258640003,0.008607116835705223,0.002853463124516268,0.0028530114166666664,3104306
Base,2025-08-29,ETH,1409.805534924,0.023137463196868345,0.0027260155156207328,0.000101097,402.2191333418128,0.00661317935230019,0.0007747749846482937,2.913165816463567e-05,10748629
Optimism,2025-08-29,ETH,193.224378598,0.0099708434649103,0.0002611576582353503,3.38e-07,55.12713794984754,0.0028724604052155853,0.0001203834494318802,1.2768082988583995e-07,1397848
Polygon PoS,2025-08-29,POL,623092.156415427,64.1795706139385,30.459213686479544,25.000000084,9.966749869929325,0.0010265924879370718,0.0004860757897073293,0.00039989068233321616,4036841
zkSync Era,2025-08-29,ETH,1.3065625,0.06270833044908522,0.04525000563061299,0.04525,0.3727637729088542,0.017890758269149487,0.012911380616447289,0.012909876660416666,29846
Arbitrum One,2025-08-30,ETH,0.131191,0.011232885096932481,0.01,0.01,0.03723280857048368,0.0031879615256258844,0.0028380611909722218,0.0028380611909722213,2407438
Base,2025-08-30,ETH,1264.112903225,0.011735776846286426,0.0011671128860001657,0.00010328,358.7629856012792,0.0033355375031358858,0.000334262590368322,2.973965321417337e-05,9814585
Optimism,2025-08-30,ETH,110.872705279,0.006596727236309244,0.00012279688787705204,3.22e-07,31.466354707617317,0.0018816732156255078,4.632208098357425e-05,1.0457849623202723e-07,1036134
Polygon PoS,2025-08-30,POL,187955.606902086,48.39120824523845,30.12826612483756,25.00000008,3.0123107030010208,0.0007755520408828301,0.00048249542820473116,0.0004006678441640816,3628988
zkSync Era,2025-08-30,ETH,4.525,0.05672402006600883,0.045253330275727956,0.04525,1.2842226889149309,0.016098623994533087,0.01284222688914931,0.012842226889149306,22798
Arbitrum One,2025-08-31,ETH,0.030058,0.0103085061429235,0.01,0.01,0.008715935329395488,0.002989163380278539,0.002899705678819445,0.0028997056788194445,2169324
Base,2025-08-31,ETH,890.473757095,0.012173395531576436,0.0010814197443412938,2.0975e-05,258.2111821875684,0.00353502168613169,0.0003165722200334429,6.1471867007775794e-06,9718130
Optimism,2025-08-31,ETH,132.382213,0.00669754746769925,0.00012072982920558423,3.4e-07,38.38694714114312,0.0019518832602236137,4.876752284830974e-05,1.1245979736574946e-07,1068272
Polygon PoS,2025-08-31,POL,489778.59475894,61.5168669987157,32.01594789463982,25.000000081,8.771527852302848,0.0011017159958393546,0.00057208983811811,0.0004477292379957818,3985991
zkSync Era,2025-08-31,ETH,4.525,0.05800846899004648,0.04525,0.04525,1.3121168196657986,0.016820748695011815,0.013121168196657986,0.013121168196657982,25653
Arbitrum One,2025-09-01,ETH,0.299819,0.01568915593300873,0.01,0.01,0.0853344568171108,0.004465446150720936,0.002846199100694445,0.0028461991006944443,2551570
Base,2025-09-01,ETH,3185.748236688,0.016764559737366402,0.001298180592345244,8.2265e-05,906.727474724143,0.004929617141958935,0.0004419042052705997,2.3793030976909545e-05,11160536
Optimism,2025-09-01,ETH,103.082942243,0.011132272266975976,0.00025727014912693973,4.35e-07,29.339508540171053,0.0034742376703970797,0.00019667357733119502,2.036266533947703e-07,1113861
Polygon PoS,2025-09-01,POL,234679.538390741,61.62050453642301,31.097367680954154,25.000000084,4.219454214553441,0.001107914645443916,0.000559848090095051,0.0004494910653123732,4399184
zkSync Era,2025-09-01,ETH,2.087478683,0.05812398197468195,0.045339138732388214,0.04525,0.5941379950273422,0.01654324252251265,0.012906037036778574,0.012879050930642356,27229
Arbitrum One,2025-09-02,ETH,0.171238,0.01585738572862216,0.01,0.01,0.04832852199610591,0.0044754319425956155,0.002822301241319445,0.002822301241319444,2634658
Base,2025-09-02,ETH,1077.417428558,0.015562965457605778,0.0014830021607129251,9.5793e-05,304.07965832065355,0.00440226989565359,0.0004235685634499106,2.7725174637259775e-05,11516331
Optimism,2025-09-02,ETH,80.979031827,0.008427918777733,0.00024757381232441044,1.054e-06,22.85477357268023,0.0023992767149905296,0.00010338922945551841,3.4563527929261504e-07,1185457
Polygon PoS,2025-09-02,POL,623950.137753272,61.4878819748624,30.885617352810044,25.00000009,11.48649512848689,0.0011319498370629798,0.0005696253880297589,0.0004602328966221161,4365603
zkSync Era,2025-09-02,ETH,1.503,0.0608489556384333,0.045251011296186555,0.04525,0.4241918765703124,0.017173408303142016,0.012771483315626282,0.01277091311697048,25717
Arbitrum One,2025-09-03,ETH,0.12646,0.013426817976409242,0.01,0.01,0.036082240577545145,0.003831011200506976,0.002853253248263889,0.0028532532482638882,2570991
Base,2025-09-03,ETH,2411.003798861,0.015346822067497096,0.0015674884527676696,0.000101544,687.9204506988017,0.004392473123245084,0.0004565762491118933,2.9538835547366648e-05,11457367
Optimism,2025-09-03,ETH,30.000000419,0.007113132079266922,0.00014694176089294757,3.6e-07,8.559808396275546,0.0020593206315034905,8.86281626652398e-05,1.324134586677183e-07,1107119
Polygon PoS,2025-09-03,POL,11287167.546576163,56.78664450833267,30.69488653535158,25.000000083,209.066509736479,0.001051830365591101,0.0005688913094700381,0.00046306238825611696,4327536
zkSync Era,2025-09-03,ETH,1.725,0.058656800848768204,0.04526982803159019,0.04525,0.49218618532552083,0.016736270755451803,0.012910971174294154,0.012910970948394095,26644
Arbitrum One,2025-09-04,ETH,0.100185,0.012004210049752335,0.01,0.01,0.02845570214124219,0.003409574543262475,0.0028403156302083334,0.002840315630208333,2629377
Base,2025-09-04,ETH,984.433812678,0.017264768043217995,0.0018053474007382736,8.7109e-05,279.6102824957111,0.004919069601742549,0.0005293202974160321,2.5579440445531074e-05,11533932
Optimism,2025-09-04,ETH,37.785730673,0.00652592569556867,0.00020825588374951223,3.49e-07,10.732348795436955,0.0018817951569942753,0.00010364537538569337,1.4498153522262136e-07,1141847
Polygon PoS,2025-09-04,POL,816637.565215232,54.101687462461825,32.277923362911956,25.000000087,14.723830574506573,0.0009754438369269099,0.0005815095041407948,0.00045074557101303894,4826576
zkSync Era,2025-09-04,ETH,4.525,0.06073030183833343,0.04525164935095843,0.04525,1.285242822669271,0.017249322553866093,0.012853941782955921,0.012852428226692709,24806
Arbitrum One,2025-09-05,ETH,0.928975,0.030630783418292264,0.01,0.01,0.26237062859131954,0.008651059393095104,0.0028243032268872007,0.002824302361111111,2674224
Base,2025-09-05,ETH,2000.000246731,0.028417211778089226,0.0016821868486042676,0.000103333,564.86054298052,0.008036386836115591,0.0004803077119214466,2.9441778990685222e-05,11709417
Optimism,2025-09-05,ETH,1000,0.03389747687611036,0.00021843991419884408,4.69e-07,282.4302744939802,0.009599655590148968,0.00010307180027638199,1.501406089540293e-07,1287801
Polygon PoS,2025-09-05,POL,315467,103.06850377119417,64.42465203791772,25.000000085,5.7995786820630215,0.001894822270676677,0.0011992750329676198,0.00045960264479181573,4664133
zkSync Era,2025-09-05,ETH,1.5,0.05976920216632188,0.04548236377565652,0.04525,0.42364535416666665,0.016880629880010295,0.012825556157439267,0.012779968184027775,28142
Arbitrum One,2025-09-06,ETH,0.040303,0.01025195972516737,0.01,0.01,0.011254891568393058,0.0028629306768801184,0.002792569180555556,0.0027925691805555557,1877972
Base,2025-09-06,ETH,5872.438882592,0.017148104690511375,0.0014975198967807199,9.6884e-05,1639.9192129247474,0.004795331229102017,0.00042851240154229923,2.7422255905834713e-05,10905785
Optimism,2025-09-06,ETH,97.058190017,0.005212454738016609,0.00011311243759392958,3.7e-07,27.10417342645866,0.001467231803799896,4.413885561328063e-05,1.3380497311229426e-07,993838
Polygon PoS,2025-09-06,POL,376463.191351535,55.09206714902328,37.078744798886135,25.000000077,6.78413345454752,0.0009927980860069295,0.0006654914247623475,0.000450517715363289,3431399
zkSync Era,2025-09-06,ETH,1.5,0.05382768185757769,0.04525,0.04525,0.4188853770833334,0.015031752541617921,0.012636375542013892,0.012636375542013889,21619
Arbitrum One,2025-09-07,ETH,0.015169,0.010021401365663532,0.01,0.01,0.004237703480774655,0.0027996392279993247,0.002793660413194445,0.0027936604131944447,2081618
Base,2025-09-07,ETH,589.375627615,0.01056513236333102,0.0013001000677312741,8.4205e-05,164.65153635171578,0.002955789366475856,0.00036813154445425474,2.3927588011796047e-05,11479409
Optimism,2025-09-07,ETH,74.240746639,0.005830882591844388,0.00010183235440048152,3.37e-07,20.740345376997663,0.0016370261128529685,3.714971650879172e-05,1.1465307790677823e-07,1014270
Polygon PoS,2025-09-07,POL,177537.401884342,52.35894498641092,37.59743362605642,25.00000008,3.2041727075790134,0.0009449676560682421,0.000678753536764985,0.00045119685821466324,3129526
zkSync Era,2025-09-07,ETH,1.5,0.0557261167236944,0.04525,0.04525,0.4190490619791668,0.015567984627209232,0.012641313369704865,0.012641313369704862,24510
Arbitrum One,2025-09-08,ETH,0.04426,0.01082990861419228,0.01,0.01,0.012415876887374997,0.003038021058642003,0.0028052139374999995,0.002805213937499999,2537648
Base,2025-09-08,ETH,8836.537314487,0.025223257854658444,0.002043551542351928,0.00010295,2478.8377658405843,0.007089592193449589,0.0005779714046053765,2.9128968182469417e-05,12144859
Optimism,2025-09-08,ETH,164.856840791,0.008357276434205094,0.00014812678890801064,3.28e-07,46.24588135152011,0.0023716824452671642,8.655114441292008e-05,1.4508025343073686e-07,1186645
Polygon PoS,2025-09-08,POL,199400.768037849,51.523859026521336,33.93779884621559,25.000000079,3.5851519687236104,0.0009263799053678063,0.0006105658456528593,0.0004494907436078907,4050536
zkSync Era,2025-09-08,ETH,4.525,0.05631334904389325,0.04525000357942356,0.04525,1.2693593067187494,0.015797099160524034,0.012693593067187498,0.012693593067187495,24281
Arbitrum One,2025-09-09,ETH,0.162708,0.01269214035513547,0.01,0.01,0.04566633960771458,0.0035622316776446348,0.0028066437795138885,0.0028066437795138876,2205947
Base,2025-09-09,ETH,2086.93609979,0.02605138202095471,0.004525135746633698,0.000347756,585.7286323088485,0.007323997725540702,0.0012877806825657516,9.832768514749444e-05,11678052
Optimism,2025-09-09,ETH,459.867409421,0.013779889840571977,0.0002605535322784485,4.54e-07,129.06840438369628,0.003894128994527069,0.00011546612819030125,1.3837422233813148e-07,1308354
Polygon PoS,2025-09-09,POL,263166.666666666,84.24610395754596,38.692856119328745,25.000000076,4.661295155682859,0.0014921948939675557,0.000685466555164818,0.00044280828086002604,3752838
zkSync Era,2025-09-09,ETH,1.04525,0.05424841816204959,0.04525,0.04525,0.2933644410536893,0.015225598538294987,0.01270008225130526,0.012700063102300348,24812
Arbitrum One,2025-09-10,ETH,0.217238,0.014793218845125725,0.01,0.01,0.061298046761719446,0.004174202582076159,0.0028217000138888886,0.002821700013888888,2031432
Base,2025-09-10,ETH,4001.247965382,0.023670885996501984,0.0049155051827281596,0.000163222,1129.032155369007,0.006693474945277141,0.0013951497533548926,4.6406356293486525e-05,12287908
Optimism,2025-09-10,ETH,163.365037617,0.008044315678908048,0.0001749277771021292,3.42e-07,46.096725798846116,0.0023023237164238593,0.0001009795860948595,1.18342256241386e-07,1142922
Polygon PoS,2025-09-10,POL,572255.415259507,143.11241788940475,44.34272483418774,25.000000074,9.982915871688684,0.0024965761614260517,0.0007739355448695377,0.00043612151300966945,2804825
zkSync Era,2025-09-10,ETH,2.316,0.05917593267153956,0.04525,0.04525,0.6535057232166667,0.016697673004131736,0.012768267520682578,0.012768192562847218,29905
Arbitrum One,2025-09-11,ETH,1.235555,0.022931951045142375,0.01,0.01,0.35472324041719183,0.006583677767338095,0.0028709627690972216,0.002870962769097221,1931596
Base,2025-09-11,ETH,2000,0.018219063273086977,0.003168947927904386,0.000250489,574.1925596764017,0.005238673032413751,0.0009144892012896054,7.243190317763653e-05,11687196
Optimism,2025-09-11,ETH,466.768672644,0.009812418519701563,0.00017754562539351788,3.58e-07,134.00759398185363,0.0028364278375770983,7.779061700416633e-05,1.637312733018778e-07,1250361
Polygon PoS,2025-09-11,POL,226424.396714999,62.133181740368435,36.61691992172035,25.00000008,3.987942660606545,0.0010943324557623696,0.0006461424766881318,0.0004403172462006817,3067581
zkSync Era,2025-09-11,ETH,1.04525,0.06885471859290353,0.04525,0.04525,0.3000873834398872,0.01976793335569185,0.012991108180149834,0.012991106530164928,37466
Arbitrum One,2025-09-12,ETH,0.159451,0.012484787005140588,0.01,0.01,0.04726050483432779,0.0037004304558284538,0.0029639516111111116,0.002963951611111111,2008518
Base,2025-09-12,ETH,4216.72264778,0.01968717364929229,0.0031268361499900057,0.000352617,1249.816192381087,0.005847087516270558,0.0009420851942533624,0.00010534137885411918,11746708
Optimism,2025-09-12,ETH,224.696684796,0.051751618652352206,0.00022151790528354026,3.56e-07,66.59901146238165,0.01536447678184415,0.00010684382874105071,1.327599049894723e-07,1096534
Polygon PoS,2025-09-12,POL,496068.611648957,58.20265333019436,36.40133502017762,25.000000093,8.72637994596742,0.0010238472156793577,0.0006387783257260216,0.0004397768662193032,3165088
zkSync Era,2025-09-12,ETH,15,0.05792077866112562,0.04525,0.04525,4.445927416666668,0.017167438522949056,0.01341188104027778,0.013411881040277778,37341
Arbitrum One,2025-09-13,ETH,0.213399,0.0121181063408081,0.01,0.01,0.06508569680394849,0.003695965750244278,0.0030499532239583356,0.003049953223958335,1644947
Base,2025-09-13,ETH,1666.666666666,0.013545937336873965,0.0023647938953979424,0.0003535,508.32556555229326,0.004137691122152753,0.0007250296403259812,0.00010885594937231666,12499432
Optimism,2025-09-13,ETH,117.752502525,0.009142180618273578,0.00012191930717819379,3.32e-07,35.913966816439036,0.0028013641580699623,5.523143984731056e-05,1.2347840726064168e-07,979500
Polygon PoS,2025-09-13,POL,4404948.511022597,67.34572836068048,38.884766673170276,25.00000008,80.35192785319643,0.0012284727262798518,0.000709016076858268,0.00045603216421971935,2966074
zkSync Era,2025-09-13,ETH,4.525,0.06624540981691042,0.04525,0.04525,1.3801038338411453,0.02020454012435542,0.013801038338411457,0.013801038338411453,30197
Arbitrum One,2025-09-14,ETH,0.111806,0.011475617433190612,0.01,0.01,0.03371822524823819,0.0034607932801008876,0.0030157795868055552,0.0030157795868055544,1711918
Base,2025-09-14,ETH,1334.213024543,0.015204866344834884,0.0026841206481978065,0.000311895,402.36924760299576,0.004590095034142611,0.0008152588008081778,9.432278979026765e-05,12572937
Optimism,2025-09-14,ETH,118.946771809,0.008144609039612788,0.00012610766677460507,2.9e-07,35.8717262624573,0.0024653536444109946,4.9279324072732524e-05,1.1881680025292953e-07,866260
Polygon PoS,2025-09-14,POL,597149.359046227,69.5418285136637,40.488415762538736,25.000000079,10.725681562823565,0.0012490736138867835,0.0007277609630909166,0.0004490368043703457,2817096
zkSync Era,2025-09-14,ETH,2.1,0.061770163635577816,0.04529671168610515,0.04525,0.6333137132291663,0.018628519856587433,0.013646403133431548,0.013646402630295129,33529
Arbitrum One,2025-09-15,ETH,0.265374,0.013678022951747386,0.01,0.01,0.07858548817348124,0.004050487654821273,0.0029613107604166654,0.002961310760416665,1998541
Base,2025-09-15,ETH,2245.60611028,0.03313538848053169,0.007199766560807858,0.000205191,664.9937632062307,0.009844515064200081,0.002151433877498682,6.157200887113486e-05,13352445
Optimism,2025-09-15,ETH,75.283169684,0.009502644924456313,0.00011884329959739416,3e-07,22.293692220500596,0.0028774599760888046,0.00011148827895569111,1.1623123793341951e-07,1032648
Polygon PoS,2025-09-15,POL,290294.851411206,189.4113834695258,61.68984474132967,25.00000008,4.971296114998236,0.003243667843921445,0.0010612030902972306,0.0004281247244602769,3616247
zkSync Era,2025-09-15,ETH,1.449,0.06300823913290529,0.04559293082296641,0.04525,0.42909392918437494,0.018658697653914338,0.013541089333963623,0.01339993119088541,38958
Arbitrum One,2025-09-16,ETH,0.195267,0.01279685328355221,0.01,0.01,0.057152879970692204,0.0037455228979684087,0.0029269093072916675,0.002926909307291667,1817983
Base,2025-09-16,ETH,3902.114761904,0.01873972785113925,0.004360340785823361,0.000602944,1142.1137171800608,0.005503915210170785,0.0012947254330285924,0.0001770026992371078,11861408
Optimism,2025-09-16,ETH,59.629013728,0.0071184657913654584,0.00011426778068731604,2.97e-07,17.45287454367683,0.0021213887741727893,8.788447919441019e-05,1.0319999080251008e-07,1075191
Polygon PoS,2025-09-16,POL,222226.625721184,80.5153410014339,56.533687386804175,25.025261057,3.712100728652994,0.001344938101045356,0.000944268310125126,0.00041802502064254506,3862790
zkSync Era,2025-09-16,ETH,56,0.059338990561981574,0.04525,0.04525,16.39069212083333,0.01736798437611892,0.013244264615494791,0.013244264615494786,31393
Arbitrum One,2025-09-17,ETH,1.466023,0.03931301846863201,0.01,0.01,0.4299466095006603,0.011529491010597005,0.0029327412683211197,0.0029327412291666652,1927322
Base,2025-09-17,ETH,3021.203369199,0.0275724232983308,0.005586410725014086,0.000769006,886.0407745215424,0.008099633899609878,0.00165706127701398,0.00022584213062122987,12192020
Optimism,2025-09-17,ETH,353.01439336,0.013694001057019239,9.500964754150613e-05,3.12e-07,103.53003107323062,0.00404015588992683,5.458231661880079e-05,1.0585490253972434e-07,1276287
Polygon PoS,2025-09-17,POL,505532.259252884,91.9973334474108,62.333795389466104,38,8.36176506689104,0.001521683483076942,0.0010284106628465329,0.0006285396564236109,3691431
zkSync Era,2025-09-17,ETH,1.26,0.07492376259883662,0.04525339113399054,0.04525,0.3695253948750001,0.02197320076179475,0.01327758891268251,0.013270654061979168,30470
Arbitrum One,2025-09-18,ETH,0.030789,0.010732999148776077,0.01,0.01,0.009202046852212502,0.0032078197093702403,0.002988744958333334,0.002988744958333333,1940744
Base,2025-09-18,ETH,4000.017809982,0.026543842487605825,0.006104559996489548,0.000374838,1195.5033069610502,0.00798843601368097,0.0019004424761558578,0.00011239644775503964,12943119
Optimism,2025-09-18,ETH,40.491726523,0.03152686761546888,0.00010824602395146979,3.23e-07,12.101946604783093,0.009503046669093346,0.00010157386099658711,1.2573675411357475e-07,1187143
Polygon PoS,2025-09-18,POL,134996.387417421,70.48643701497294,52.237662223894745,25.000000096,2.2894856507699073,0.0011954222568984912,0.0008844002674499037,0.00042399017176701116,3632363
zkSync Era,2025-09-18,ETH,4.525,0.058949433064257414,0.04525026348812886,0.04525,1.3524070936458334,0.01761848208674586,0.013524070936458335,0.013524070936458332,28875
Arbitrum One,2025-09-19,ETH,0.081165,0.011715187767042674,0.01,0.01,0.02384527809276302,0.0034417779857617505,0.0029378769288194444,0.002937876928819444,1925455
Base,2025-09-19,ETH,5000.002284435,0.01777857908342984,0.0034921766474547544,0.000590921,1468.9391376939789,0.005236056328719772,0.0010360907653006988,0.00017386058480652167,12232573
Optimism,2025-09-19,ETH,159.584671034,0.009468465153378099,0.00010344709402684646,3.76e-07,46.88401523541272,0.0028064131116794125,5.6985565299834853e-05,1.260340338992496e-07,1093572
Polygon PoS,2025-09-19,POL,175450.000000314,61.44549885387658,43.40640089844213,25.000000091,2.9012924399340116,0.0010160807141203088,0.0007159181025192498,0.00041340730272008036,3724560
zkSync Era,2025-09-19,ETH,4.525,0.055273237501460175,0.04525140231696092,0.04525,1.3293893102908003,0.01623859692367449,0.013293893102908001,0.013293893102907997,26181
Arbitrum One,2025-09-20,ETH,0.023681,0.010078976865851897,0.01,0.01,0.006896965711921006,0.00293544858135506,0.0029124469878472215,0.0029124469878472206,1978461
Base,2025-09-20,ETH,5000.002229182,0.014035704680192416,0.0034438729035916314,0.000133904,1456.224148524525,0.004093715424183627,0.0010087506956271222,3.9080146826730446e-05,12743336
Optimism,2025-09-20,ETH,400.596428571,0.006001311492757802,8.612447362849485e-05,3.69e-07,116.67160503030058,0.0017589718343177935,3.5339667144734755e-05,1.2294064853821173e-07,1064862
Polygon PoS,2025-09-20,POL,645700.79487451,54.90730553716658,41.426295183996764,25.000000082,10.538013912305932,0.000896102272493472,0.0006763701429155783,0.0004080068520327069,3571110
zkSync Era,2025-09-20,ETH,1.5,0.05509721044066908,0.045367128795139725,0.04525,0.4368670481770834,0.01604677045867496,0.01318358603260529,0.01317882262000868,23446
Arbitrum One,2025-09-21,ETH,0.021133,0.01009985935095004,0.01,0.01,0.006151871135732292,0.0029400952640925102,0.0029110259479166664,0.002911025947916666,1643303
Base,2025-09-21,ETH,10800.765927267,0.020480205547005404,0.0063826146968405766,0.000638433,3144.1309892373024,0.005965699842384689,0.0018549155202960295,0.00018610540028279288,14438004
Optimism,2025-09-21,ETH,164.945785377,0.006182222098868143,3.816437635107603e-05,3.78e-07,48.0161476013658,0.0018071446143478943,2.0478171360463165e-05,1.2694694741085558e-07,1305395
Polygon PoS,2025-09-21,POL,411737.886114582,57.226695868199194,41.76412390679854,25.000000087,6.653490880066166,0.0009247565305404719,0.0006750084024765411,0.00040398826095449004,3520548
zkSync Era,2025-09-21,ETH,2,0.06626689955197557,0.04525714747669911,0.04525,0.5822051895833334,0.01929046640838854,0.013173039667526762,0.013172392414322916,27321
Arbitrum One,2025-09-22,ETH,10.925582,0.2703483857810927,0.01224247777347163,0.01,2.9981884913275434,0.07418876348168071,0.0033147011064986074,0.002744191102430555,2669361
Base,2025-09-22,ETH,4766.701187768,0.038158216829259184,0.00873070099607188,0.001004912,1308.0738998949369,0.01048321207599871,0.0023940942680305438,0.00027600144563893553,13733264
Optimism,2025-09-22,ETH,1474.900569808,0.016323164904787305,0.00010386745760889248,9.75e-07,404.74090369220175,0.004503694366542979,6.097229051360289e-05,2.8311505592298493e-07,1588200
Polygon PoS,2025-09-22,POL,456218.680819871,103.55049382470244,45.55578271269198,25.000000091,6.807623546286244,0.001545164215379746,0.0006805302720607636,0.0003730460773127488,4173117
zkSync Era,2025-09-22,ETH,1.5,0.06118472884650912,0.04540896687444757,0.04525,0.41162866536458337,0.016790258850532404,0.012433390645783778,0.01241746473849826,35380
Arbitrum One,2025-09-23,ETH,0.307713,0.04897736583071753,0.025606712802532777,0.01,0.08372987559437449,0.013326927194968682,0.006967238304817084,0.002721037967013888,3385648
Base,2025-09-23,ETH,3760.565951421,0.02377682364181813,0.006225132082349927,0.0007306,1023.2642776359855,0.006477720695770641,0.0017046656480930078,0.0001989851273085692,12424896
Optimism,2025-09-23,ETH,31.04551307,0.0082526340290211,8.314266390936009e-05,8.01e-07,8.447647161246119,0.002261877207083055,3.88465806374865e-05,2.3258651116756328e-07,1390382
Polygon PoS,2025-09-23,POL,316517.835404873,65.37073624622141,42.25279611664085,25.000000085,4.653225175780722,0.0009610351191462591,0.000622031807390544,0.0003675326214753054,3786339
zkSync Era,2025-09-23,ETH,1.355,0.064169941670411,0.045252641652074675,0.04525,0.3687006445303819,0.01746088476263015,0.012317385627773424,0.012312696800737842,30995
Arbitrum One,2025-09-24,ETH,0.330224,0.01668555045373101,0.010058560990270892,0.01,0.08958464114722775,0.004526530626908786,0.00273225414927,0.0027128446493055536,4288335
Base,2025-09-24,ETH,7795.381323708,0.02351196857094049,0.005365026386497471,0.000890366,2114.765856146254,0.006388459696553259,0.0014639862806298289,0.00024169443661929978,11659184
Optimism,2025-09-24,ETH,73.020010998,0.007790786893912029,0.0001058182503223098,5.35e-07,19.809196901388564,0.002129782304841708,5.048350506604347e-05,1.6044520626415888e-07,1427315
Polygon PoS,2025-09-24,POL,360858.195288804,58.82721610340203,41.26460208651751,25.000000083,5.3018400577403,0.0008643076280219957,0.0006063990858707361,0.0003673077225736283,3697270
zkSync Era,2025-09-24,ETH,1.593,0.05866591430070512,0.04536855585313389,0.04525,0.4321561526343749,0.01591515117073052,0.01232010642705533,0.012275622038107633,27531
Arbitrum One,2025-09-25,ETH,1.415601,0.058671486396622174,0.02477903067020622,0.01,0.36785745530574215,0.015246346735312735,0.006424268080192082,0.0025985956163194434,5944875
Base,2025-09-25,ETH,4688.036760132,0.038268079163811454,0.009290860490193448,0.002034916,1218.2311787213384,0.009980679986592857,0.0024333951745040086,0.0005290968351832423,12276364
Optimism,2025-09-25,ETH,234.722168647,0.012624212464611654,0.0005479288730752877,1.978e-06,60.994828175722795,0.0033579544800901385,0.00022858843544925567,5.387550249611479e-07,1802055
Polygon PoS,2025-09-25,POL,427728.082657511,74.39326125462873,43.58612157214966,25.000000094,6.1032105827078516,0.0010615102392866433,0.0006207883228123868,0.0003567225799003046,3942237
zkSync Era,2025-09-25,ETH,1.3065625,0.06746824992216623,0.045410704161697395,0.04525,0.33952275849473745,0.01753226984885691,0.011841605174231894,0.011758645163845484,30161
Arbitrum One,2025-09-26,ETH,0.165661,0.02187154254997927,0.013915086360942353,0.01,0.042682473560654674,0.005635191968058458,0.003569965045179309,0.002576494984374998,4339720
Base,2025-09-26,ETH,1584.996774193,0.025592349005409968,0.005730671314770288,0.000960813,408.3736704607127,0.006605455594719546,0.001480557648009486,0.00024766609475921334,11260230
Optimism,2025-09-26,ETH,96.93836542,0.009928908314427774,0.00012439684764174085,2.894e-06,24.976131913051752,0.00258249450737328,7.011548259268657e-05,7.737101421868737e-07,1466766
Polygon PoS,2025-09-26,POL,623950.137753272,62.8092664947914,41.93757093590706,25.000000112,8.849985567070068,0.0008908742354937552,0.0005940879996951222,0.00035459506582469674,3963448
zkSync Era,2025-09-26,ETH,3,0.06254487442194541,0.0455753256745455,0.04525,0.7729484953125002,0.016114655524654024,0.011746542262263562,0.011658639804296876,25576
Arbitrum One,2025-09-27,ETH,0.202167,0.03596329099943745,0.0199626010441145,0.01,0.05276219687702032,0.009385815885173001,0.0052423506198927125,0.0026098323107638884,4062331
Base,2025-09-27,ETH,4093.564916403,0.01559273370859765,0.002674236984841345,0.000354089,1068.351827945096,0.0040750025278853885,0.0007029741608905298,9.248055797907918e-05,10961966
Optimism,2025-09-27,ETH,229.550913752,0.008993931907992388,0.00011371406308284951,1.158e-06,59.908941876929006,0.0023580592482488633,4.3089036029083925e-05,3.2192522115953956e-07,1165567
Polygon PoS,2025-09-27,POL,202607.187190342,54.323397718286365,38.68111603576152,25.000000085,2.930031949300352,0.0007856053534744058,0.0005591786248102087,0.00036154096997923906,3661067
zkSync Era,2025-09-27,ETH,2,0.0616127207551141,0.04550993108143714,0.04525,0.5219664621527773,0.016079886938074134,0.01190597878630741,0.011809491206206581,24155
Arbitrum One,2025-09-28,ETH,0.203964,0.013155552971510488,0.01,0.01,0.053408004100831255,0.003444783525774842,0.0026185015052083336,0.0026185015052083327,2460445
Base,2025-09-28,ETH,914.024193548,0.013487809404154479,0.0024833395216549946,0.00033938,239.337383713868,0.0035402013684583795,0.0006565822942828515,8.90512367506175e-05,11271527
Optimism,2025-09-28,ETH,147.262676806,0.008593378669982945,0.00010654454975813996,4.03e-07,38.56075517305042,0.0022651698151548755,3.897469254127168e-05,1.209660332629724e-07,1196505
Polygon PoS,2025-09-28,POL,311397.432629482,56.806862331797035,41.543020940425805,25.000000087,4.533142116249372,0.0008269611536413666,0.0006044428301367476,0.0003639354131588563,3893009
zkSync Era,2025-09-28,ETH,4.5,0.06607680387825696,0.04556702591700784,0.04525,1.17832567734375,0.017302221041457757,0.01194161603434503,0.011848719311067703,28671
Arbitrum One,2025-09-29,ETH,0.087872,0.013095754123592944,0.01,0.01,0.02369863789583333,0.0035318592378470134,0.002696949869791666,0.002696949869791665,2733296
Base,2025-09-29,ETH,2867.906576226,0.016580666679200134,0.002961360875997493,0.000200891,773.4600285852255,0.004535910132552528,0.0008261901038999901,5.4682167067652e-05,11263465
Optimism,2025-09-29,ETH,99.920218492,0.01182159501105358,0.0002192963486568449,3.02e-07,26.947989599473907,0.003310450699406172,0.00017365485335735922,1.0854466329817122e-07,1102428
Polygon PoS,2025-09-29,POL,860368.602152599,87.08331138256304,49.300367359465284,25.000000139,12.711098230433747,0.0012865701077953413,0.000727842573077254,0.0003693503653348379,4139850
zkSync Era,2025-09-29,ETH,3.1,0.07533290222513311,0.04582206486661411,0.04525,0.8360544596354165,0.02031690608471791,0.012374763929245785,0.012203698160807287,26671
Arbitrum One,2025-09-30,ETH,0.152998,0.014303288258267878,0.010000000009434505,0.01,0.041425038646960774,0.003872692903680306,0.002707554508764746,0.0027075542586805557,3117548
Base,2025-09-30,ETH,5366.334094653,0.02805508953935328,0.00466261567476692,0.000229278,1452.9640849043033,0.007612855883065352,0.0012755428243766728,6.30656634229074e-05,11751920
Optimism,2025-09-30,ETH,78.232531356,0.00922295955394698,0.0001442776064930418,3.12e-07,21.18190197443989,0.002529857428314186,9.749263338259992e-05,1.06050549455938e-07,1240256
Polygon PoS,2025-09-30,POL,1295514.12995221,74.3944712107711,52.798342405361055,25.000000202,18.87831311870393,0.0010840808983450948,0.00077040940228607,0.0003643015702178621,3852477
zkSync Era,2025-09-30,ETH,20,0.06809516404674333,0.04525300566985034,0.04525,5.415108517361114,0.01843713514103011,0.012265221396770581,0.012251683020529518,26817
Arbitrum One,2025-10-01,ETH,0.468521,0.020328355273621854,0.0101998760749074,0.01,0.12957049654006703,0.005621850646282094,0.002821186550187534,0.0027655216423611104,3245946
Base,2025-10-01,ETH,4950.629017793,0.02016729408366664,0.003928915181677639,0.000451846,1369.1071838037876,0.0055919997279878725,0.001113339574482204,0.0001251787964188915,11354789
Optimism,2025-10-01,ETH,86.091337637,0.011206923592516497,0.00017180866506622048,3.24e-07,23.808749513380725,0.003125500982797918,9.739813189117794e-05,1.106552179215093e-07,1165910
Polygon PoS,2025-10-01,POL,1295000,90.43352978717017,59.13613619671579,25.109837172,19.495644026128474,0.001361436219889565,0.0008896384831854748,0.0003780173336365718,3725479
zkSync Era,2025-10-01,ETH,6,0.06623627206106962,0.04540097512978565,0.04525,1.6593129854166675,0.01831778438942324,0.012517482813096,0.01251398543168403,27257
Arbitrum One,2025-10-02,ETH,0.101302,0.013871675296392083,0.01,0.01,0.029087820454969795,0.0039831079389488775,0.002871397021725585,0.0028713964635416664,2601163
Base,2025-10-02,ETH,781.44059903,0.01815558093453868,0.0037968383191359857,0.00045803,224.38258086359969,0.005230429662786918,0.0010910424520872183,0.00013176472457658326,11397630
Optimism,2025-10-02,ETH,243.12566887,0.010209338294657798,0.00018218730218960558,3.26e-07,69.81102329629636,0.0029625917030675682,0.00010397562025271471,1.7374813900979274e-07,1248923
Polygon PoS,2025-10-02,POL,825618.586123193,75.5110870911216,48.962422121429505,25.000023687,12.834377750365295,0.0011738323632210584,0.0007613741722760662,0.00038862951144750727,3702342
zkSync Era,2025-10-02,ETH,3.1,0.08742490041595993,0.04543976912507451,0.04525,0.8901329036979166,0.025103154987980342,0.013030737975263948,0.012993068997526036,29481
Arbitrum One,2025-10-03,ETH,0.359054,0.018127763802868548,0.01,0.01,0.10495446017170379,0.005298895609159388,0.002923082889362373,0.0029230828836805537,2178532
Base,2025-10-03,ETH,1014.433995644,0.01879777966763486,0.0030140620865054583,0.000296728,296.5274669167053,0.005506171979520813,0.0008988982587611174,8.691977595037867e-05,11012225
Optimism,2025-10-03,ETH,323.047939161,0.009830325073692935,0.00014894006798603647,3.73e-07,94.42960288979226,0.0029014093238980323,8.285412225476671e-05,1.3044989729176585e-07,1228558
Polygon PoS,2025-10-03,POL,1000030.000006312,78.65237980976751,51.73989892374429,25.000000255,15.57036780892519,0.0012246097443853095,0.000805973825416921,0.00038924752176546363,3689933
zkSync Era,2025-10-03,ETH,1.5,0.06736482438399348,0.04574378334756715,0.04525,0.43846243255208334,0.019691296511902445,0.0133295984436491,0.013226950048654509,27843
Arbitrum One,2025-10-04,ETH,0.016096,0.01005878822942485,0.01,0.01,0.004696641908544445,0.0029350476110535082,0.002917893829861111,0.0029178938298611108,2756417
Base,2025-10-04,ETH,10374.294344142,0.013092304339757527,0.0020161778478997965,0.00049343,3027.1089481276554,0.003823662907893642,0.0005881449496518501,0.00014401698241195952,10378994
Optimism,2025-10-04,ETH,324.855192376,0.005965702593636176,8.770993464126736e-05,3.4e-07,94.78929940453872,0.0017476882844285706,3.134161540482413e-05,1.1910380549188703e-07,1237802
Polygon PoS,2025-10-04,POL,218356.232495138,76.10092910468802,59.4459147335782,35.570001,3.3604438978716846,0.0011711729036079086,0.0009151589466342969,0.0005474127825062251,3395083
zkSync Era,2025-10-04,ETH,3.1,0.06112336275681986,0.04544368968731462,0.04525,0.9045470872569447,0.017835148304849755,0.013247441379371875,0.013203469580121528,23654
Arbitrum One,2025-10-05,ETH,0.132148,0.014595131375926999,0.010013040379863797,0.01,0.038950853524844446,0.004301940433451041,0.0029499404005386923,0.0029475174444444437,3509570
Base,2025-10-05,ETH,14050.518708199,0.03069372308165416,0.006175376818042359,0.000659863,4141.414901067524,0.009053381386788387,0.001834276106876007,0.0001945429089944449,11755852
Optimism,2025-10-05,ETH,671.121624201,0.005284148446375375,1.521421261159028e-05,3.73e-07,197.81427028335753,0.00156824963045464,1.6893727904028095e-05,1.4256423989456055e-07,1798930
Polygon PoS,2025-10-05,POL,268458.590270545,72.13741167786719,53.102568658077374,25.221986499,4.172276203656801,0.0011211308449233892,0.0008277315631891459,0.00039199004201236347,3625020
zkSync Era,2025-10-05,ETH,6.1,0.0718300847156447,0.046203228321466214,0.04525,1.7979856411111113,0.02117204277353837,0.013586697132871204,0.013337516436111106,26820
Arbitrum One,2025-10-06,ETH,0.229459,0.018872791879523683,0.01033921757995277,0.01,0.06874386501263804,0.005654119722382073,0.003090937712346383,0.0029959105989583335,3461889
Base,2025-10-06,ETH,2115.536394912,0.030633589620818667,0.007671632992550453,0.000785713,633.7958020512286,0.009201446712853839,0.002307367423382466,0.00023556831097347567,12633661
Optimism,2025-10-06,ETH,220.737194287,0.007043884188519136,4.9892879387917685e-05,3.69e-07,66.13089796379884,0.0021448315302474235,4.037774403884024e-05,1.5537091239444873e-07,1571697
Polygon PoS,2025-10-06,POL,195168.315668769,113.0942327372188,64.09086176721624,38,3.0908222816052784,0.0017910395612497742,0.0010215732998950743,0.0006017946422222222,3444885
zkSync Era,2025-10-06,ETH,5.5,0.06448027856116284,0.04539080722934575,0.04525,1.647750829427084,0.019317714996529328,0.01356708717080527,0.013556495460286458,27672
Arbitrum One,2025-10-07,ETH,0.589566,0.023208951206027943,0.0100607941104421,0.01,0.1769875850512791,0.006967322107328609,0.0030184441507168916,0.003001997826388887,4198572
Base,2025-10-07,ETH,5958.216994005,0.02725445951565715,0.005499784800122157,0.000870744,1788.655448287612,0.008199270831679949,0.0016582102740666457,0.0002614542681866992,10636044
Optimism,2025-10-07,ETH,364.559315686,0.0067190351381091855,4.440323371674882e-05,3.62e-07,109.4406341743732,0.0020590417809275546,4.3881191893286684e-05,1.336986511338793e-07,1747790
Polygon PoS,2025-10-07,POL,270888.777270767,135.80232278100124,67.46864391734469,26.782096354,4.289810600981391,0.0021505735666617416,0.001067620041105504,0.00042412285224003877,3465577
zkSync Era,2025-10-07,ETH,6,0.06238252480505629,0.045503620662615735,0.04525,1.8011986958333328,0.018727220386950873,0.013625149323203072,0.013584040164409715,31294
Arbitrum One,2025-10-08,ETH,0.101825,0.019327853722023638,0.013016276270338386,0.01,0.029696086762265626,0.00563674560331804,0.003762045357726913,0.0029163846562499994,3757859
Base,2025-10-08,ETH,15879.641879352,0.026221079790496465,0.005087719358691625,0.000881283,4631.114469294184,0.007655512797566073,0.0014888965157967258,0.0002572150043453477,10074361
Optimism,2025-10-08,ETH,2430,0.006225991276306805,4.803720537269886e-05,3.49e-07,708.6815308977962,0.00183255813784828,3.538811124887506e-05,1.3212589450454276e-07,2040044
Polygon PoS,2025-10-08,POL,592558.8915431,115.97063286577884,67.7585978085035,27.874802945,9.202642578234618,0.001801063656400818,0.001048619230378889,0.0004329052387916088,3713762
zkSync Era,2025-10-08,ETH,8.5,0.06879742468533102,0.0452909025601258,0.04525,2.4789269578125,0.020063975374180015,0.013259526754942012,0.013196640569531246,25816
Arbitrum One,2025-10-09,ETH,0.220151,0.030584290652541875,0.015379600810905992,0.01,0.06277113287977415,0.008720426310052189,0.004357716478757143,0.0028512763003472226,2912942
Base,2025-10-09,ETH,3830.349869738,0.03406918454280969,0.00966261697603589,0.001118715,1092.1385838668973,0.00972651804021962,0.002767018601545477,0.0003191579551655696,10160570
Optimism,2025-10-09,ETH,101.081437895,0.0045055185585067955,0.0005814630291340365,3.75e-07,28.821189768007375,0.0013117998615304707,0.00018991784392906918,1.398066235428664e-07,2801506
Polygon PoS,2025-10-09,POL,249324.851158719,109.98330996179963,74.78931413786617,31.5,3.836349996790407,0.0016923081227484444,0.0011514629549745155,0.0004846890485937499,3929604
zkSync Era,2025-10-09,ETH,4.525,0.05958246005749053,0.04525128348486564,0.04525,1.290202525907118,0.01698860562783452,0.012902233104000837,0.012902025259071177,29420
Arbitrum One,2025-10-10,ETH,41.459759,0.5013286776225025,0.02881601032098228,0.01,11.385209974264813,0.1376692098198768,0.008012487309960828,0.002746086868055555,3858281
Base,2025-10-10,ETH,19331.516170813,0.23031442088681936,0.016921703138023755,0.001795076,5308.603509059821,0.06373465082941877,0.004769514476912848,0.0005133479969115269,9961056
Optimism,2025-10-10,ETH,2978.998537548,0.15682232268884785,0.0008424933087848453,2.59e-07,818.107477303661,0.04423874174473575,0.000274152084118624,1.6277266027365888e-07,2904960
Polygon PoS,2025-10-10,POL,7726323.321795389,855.9329591059708,79.2086887317865,31.380547686,114.69566851202663,0.01270614739473824,0.0011781740589688892,0.0004658377271070427,4372329
zkSync Era,2025-10-10,ETH,5.325140482,0.08138571861246177,0.04696402858062382,0.04525,1.4623298348171232,0.02234922531289735,0.012777989468970255,0.012426043077951388,52748
Arbitrum One,2025-10-11,ETH,0.418919,0.04487599489115675,0.02876727057606575,0.01,0.1035546264218623,0.011093115581442907,0.007131133953808797,0.002471948668402777,3586718
Base,2025-10-11,ETH,3560.418193548,0.04046347218191073,0.012054263481754745,0.001653604,880.1174295923673,0.01005157407008642,0.003027336417252961,0.0004157668256806179,9398771
Optimism,2025-10-11,ETH,437.442442252,0.014677876541545353,0.00010156702856830747,3.03e-07,108.13376893954683,0.003738447559850841,8.193341185302386e-05,2.634000549707716e-07,2528705
Polygon PoS,2025-10-11,POL,1918719.687576968,144.69083235118973,81.25155569494294,25.000000212,23.87297331070093,0.00180026316579114,0.0010054686649771613,0.0003110534288530108,4527181
zkSync Era,2025-10-11,ETH,4.5,0.0656718291509276,0.04570004868469368,0.04525,1.1123769007812503,0.01623373906211663,0.01125396589720908,0.011185567724522569,40018
Arbitrum One,2025-10-12,ETH,1.147659,0.04467493564957522,0.016492768121974755,0.01,0.29274215733416203,0.011395577467539629,0.004204229959052508,0.002550776470486111,3667652
Base,2025-10-12,ETH,4073.472598798,0.0417813439105315,0.010521703795821291,0.001950045,1039.0518133182504,0.010667647512819383,0.0027075850251243342,0.0004976976439994335,9068134
Optimism,2025-10-12,ETH,218.562354666,0.01315801336038999,6.863382934424052e-05,4.89e-07,55.750401156478205,0.0033793018081989287,3.23113033167428e-05,2.2107113684373478e-07,2387008
Polygon PoS,2025-10-12,POL,4613041.748893432,100.15800777075293,47.38863591363334,25.000000105,57.66939426578381,0.001252113454293473,0.0005907972708873932,0.00031253453603486726,4581052
zkSync Era,2025-10-12,ETH,6.1,0.07068036771860721,0.045576060132282846,0.04525,1.5559736469965282,0.018028981890191278,0.011631431159260389,0.011542263528949652,33449
Arbitrum One,2025-10-13,ETH,0.476964,0.034728355890178655,0.018347768572027166,0.01,0.12946435021503752,0.009426464113346378,0.004976788246463256,0.002714342177083333,3232441
Base,2025-10-13,ETH,3477.452835586,0.03805141192744854,0.011370683072893866,0.001920519,943.8996909064248,0.010339009367302782,0.0031027841849807125,0.0005214513233315799,8986588
Optimism,2025-10-13,ETH,418.849277512,0.010439764959423075,0.00010368473086503301,4.81e-07,113.69006659766904,0.002855922107090771,5.254092615552289e-05,1.7979569707068648e-07,2429386
Polygon PoS,2025-10-13,POL,985885.204549039,101.78199192464906,53.12876163593124,25.000000126,13.085385529332653,0.0013509246290866717,0.0007058779612846125,0.00033181818570014135,4220805
zkSync Era,2025-10-13,ETH,3,0.06576961414482357,0.045480152896689184,0.04525,0.814302653125,0.017852123764386725,0.012333803480303494,0.012282398351302081,28030
Arbitrum One,2025-10-14,ETH,0.368254,0.039250629292249914,0.021407830910861986,0.01,0.09761627515902256,0.010404504035680134,0.005712186603161452,0.0026507865538194435,3721368
Base,2025-10-14,ETH,702.115404861,0.04475106589032967,0.011977987290333206,0.001958725,186.11581338908255,0.011875802185591927,0.0031927315416223536,0.0005193754629215109,9706317
Optimism,2025-10-14,ETH,135.81471253,0.01029586311082946,0.00010638698579493338,4.72e-07,36.00158781070846,0.0027571714494574687,6.021262268169695e-05,2.0162349408606982e-07,2487703
Polygon PoS,2025-10-14,POL,500884.307913264,95.00882219152037,49.53242478934359,25.000000119,6.500734512212823,0.0012330734255944615,0.0006429486080475158,0.000324462876978471,4519945
zkSync Era,2025-10-14,ETH,4.67,0.06740359423189181,0.0452809458885806,0.04525,1.2379173206336802,0.01786725412690096,0.012004837724015597,0.011994809156032982,30567
Arbitrum One,2025-10-15,ETH,0.338943,0.02429822092266958,0.011691278665396451,0.01,0.08956042248233434,0.006420427421136802,0.003083465504057521,0.0026423446562499984,3326363
Base,2025-10-15,ETH,1850.303360394,0.05452332463477557,0.015560050580638456,0.001638948,488.9139213742685,0.014417361788226784,0.004109369167472229,0.00043343093366290367,9431388
Optimism,2025-10-15,ETH,719.455463887,0.0074509857313085955,5.878749390797076e-05,5.36e-07,190.10505748588105,0.0019924446052631464,3.684540142925996e-05,1.7344030634773807e-07,2309742
Polygon PoS,2025-10-15,POL,3333333.333333333,70.22154864918451,43.33838888803945,25.000000086,43.07102447916667,0.0009073542122502148,0.000560761931661801,0.0003230326847049824,4638295
zkSync Era,2025-10-15,ETH,6.1,0.06422187476169189,0.04551647653787198,0.04525,1.6118302403125,0.016969632759101374,0.0119702769777482,0.011956609569531247,28558
Arbitrum One,2025-10-16,ETH,0.376807,0.02839094771272273,0.011981909728061787,0.01,0.09739347936698386,0.007338221371332497,0.003065461036471633,0.002584704619791666,3100238
Base,2025-10-16,ETH,2592.411550233,0.03722457989152443,0.006906168424918016,0.000458207,670.0618120448825,0.009635738286039601,0.0017830863072764663,0.00011868906201605165,11862560
Optimism,2025-10-16,ETH,168.306036678,0.007175945409736124,5.598222144963182e-05,3.48e-07,43.50216535868721,0.0018800113726080436,3.233391311855776e-05,1.1857515035851518e-07,1955405
Polygon PoS,2025-10-16,POL,2924819.964993449,98.73677711506312,47.90900015684107,25.000000097,36.80500697703554,0.0012424722937153588,0.0006023103929113986,0.0003145920737032561,4708581
zkSync Era,2025-10-16,ETH,6.1,0.06231631360880437,0.045255187811242104,0.04525,1.576669818072917,0.01610692636731133,0.01169672049967106,0.011695788404557294,29693
Arbitrum One,2025-10-17,ETH,0.872773,0.04891413401869714,0.01785924461346303,0.01,0.21740212552024235,0.012184195321860356,0.004502009810086753,0.002490935506944443,3074586
Base,2025-10-17,ETH,4201.964376187,0.05212009936034661,0.007142816897262583,0.000247123,1046.6822359124008,0.013013868607344187,0.0018041102970784322,6.436775359861725e-05,11743186
Optimism,2025-10-17,ETH,204.618906277,0.00970792150576549,0.00010356994136442165,3.38e-07,50.96975127495285,0.0024735973650265378,8.186960744145158e-05,1.499500822326272e-07,1753852
Polygon PoS,2025-10-17,POL,320424.931984658,121.41979544810842,57.633942666060484,25.000000175,3.8608395301210217,0.0014630020925703747,0.0006902550385555489,0.0003012280858759576,4747564
zkSync Era,2025-10-17,ETH,1.04525,0.05725824906826195,0.04525,0.04525,0.2603650338633682,0.014262660566953349,0.011271483168923613,0.01127148316892361,49456
Arbitrum One,2025-10-18,ETH,0.079896,0.010539468984910384,0.01,0.01,0.020139611743929167,0.002656713894855737,0.0025207284149305555,0.0025207284149305546,2286871
Base,2025-10-18,ETH,523.778281301,0.014281586776042111,0.002348163735026576,0.000387895,132.03028150662752,0.0036034421305333403,0.0005956948208403724,9.794195125339007e-05,10591728
Optimism,2025-10-18,ETH,142.497337333,0.005423230315793066,5.079996370667884e-05,3.36e-07,35.919721390155345,0.0013730130303617441,1.9248923722614027e-05,9.827327112287253e-08,1284233
Polygon PoS,2025-10-18,POL,865336.315892457,62.54370645181919,44.70626602536051,25.000000094,10.606684345960625,0.0007666167939302102,0.0005481658614057385,0.00030643242953760257,4097269
zkSync Era,2025-10-18,ETH,6.1,0.059331654808430924,0.04525000048253033,0.04525,1.5376443331076393,0.014955898818043833,0.011406296077560767,0.011406296077560765,15618
Arbitrum One,2025-10-19,ETH,0.337034,0.01447889995834229,0.01,0.01,0.08629392187664899,0.003707166226153172,0.0025603921822916673,0.002560392182291667,2609693
Base,2025-10-19,ETH,967.679076333,0.018352033893649967,0.001667531246156446,0.00012206,247.76379703821812,0.004701939558729172,0.0004276965452668492,3.147312888178243e-05,10330868
Optimism,2025-10-19,ETH,458.226488362,0.00656037230681791,2.4143888285148175e-05,3.34e-07,117.32395247308723,0.001685614883182655,1.481955838740945e-05,1.0469258855335819e-07,1594754
Polygon PoS,2025-10-19,POL,305024.826282444,70.76469664158374,45.092671885390274,25.00000009,3.8037731525341676,0.000882462114684513,0.0005627770420718551,0.0003117593092820557,4095183
zkSync Era,2025-10-19,ETH,1.04525,0.05940058633642635,0.04525235064513382,0.04525,0.2676249928540365,0.015208879687934506,0.011585775370096349,0.01158577462486979,22019
Arbitrum One,2025-10-20,ETH,0.200812,0.01406669582130088,0.01,0.01,0.05231017745677569,0.003664279797237887,0.002604932845486111,0.0026049328454861103,2158090
Base,2025-10-20,ETH,6939.315912905,0.03531477482545469,0.003899231601469966,1.53e-07,1807.6451998713453,0.009203375769921735,0.001024702222262218,7.290315234998987e-08,10808094
Optimism,2025-10-20,ETH,315.774582803,0.005603467880431722,1.7872876654625955e-05,4.38e-07,82.25715897544329,0.0014670047560825467,1.5245438934216685e-05,1.311004559725698e-07,1833086
Polygon PoS,2025-10-20,POL,3259500.908399252,73.56817130546327,47.06100611608955,25.00000009,42.24965682964674,0.0009535907731245116,0.0006094674381787048,0.0003240500476075523,4139527
zkSync Era,2025-10-20,ETH,6.1,0.06505605781583468,0.04525114917770693,0.04525,1.5890090357465276,0.016946666180241286,0.011790623141733882,0.011787321125824647,24160
Arbitrum One,2025-10-21,ETH,0.275565,0.024648933207527386,0.010039175662626314,0.01,0.07049445277221615,0.006305637718444548,0.002569565446854,0.002558178751736111,2424255
Base,2025-10-21,ETH,34811.101801298,0.07750557107918048,0.008866275119585185,0.00158381,8905.302125963919,0.0198342424884658,0.002263575316770507,0.00040525463053068893,10468737
Optimism,2025-10-21,ETH,53.213083779,0.006016403984789819,4.141685842666174e-05,3.91e-07,13.612859433960228,0.001553669299209604,2.2537941744674124e-05,1.1342637714008198e-07,1805495
Polygon PoS,2025-10-21,POL,1183460.150824974,135.9968037341077,64.29987184170862,25.000000139,15.22145509430427,0.0017491668304713312,0.0008266630123591899,0.0003215455790447379,4267834
zkSync Era,2025-10-21,ETH,6.1,0.06511815810831957,0.04565723271551491,0.04525,1.5604890385590282,0.01665838884249688,0.011584749309712069,0.011575758851605902,27598
Arbitrum One,2025-10-22,ETH,0.312715,0.022985244432768025,0.011160895612067706,0.01,0.07793126050835938,0.005728120082945963,0.0027609523568630744,0.0024920857812499994,3050663
Base,2025-10-22,ETH,2700.174544789,0.05074596586890007,0.007008442885504963,0.000781937,672.9066605211167,0.012651758034274747,0.0017557696157995606,0.0001952514655524267,11557719
Optimism,2025-10-22,ETH,136.386675542,0.005533132386397271,5.425687446668661e-05,4.06e-07,33.988737284629536,0.0013891484666315097,2.4278628829744275e-05,1.25339698550701e-07,2282995
Polygon PoS,2025-10-22,POL,334506.752194025,124.70762288764526,63.014825903863034,25.773954947,4.18513432944133,0.0015602619387108125,0.0007887802702457766,0.00032246722359612404,4104788
zkSync Era,2025-10-22,ETH,1.04525,0.06017285999272667,0.04527044579218936,0.04525,0.2604852662851563,0.014995592880504895,0.011279873658584237,0.011276688160156248,25077
Arbitrum One,2025-10-23,ETH,0.066409,0.013319066845908986,0.01000000373582284,0.01,0.01665427132873924,0.0033402001701201465,0.002507839065783794,0.002507833475694444,3183695
Base,2025-10-23,ETH,20864.505898693,0.027564554215508352,0.0058240566061862975,0.000604603,5232.470641196667,0.006917006967901226,0.0014556473877428153,0.00015188961610824504,11751732
Optimism,2025-10-23,ETH,73.191342537,0.004538759052763093,1.4689071002273842e-05,5.65e-07,18.355174619259262,0.001145069722076451,1.4744037939878544e-05,1.9680007059075895e-07,1669615
Polygon PoS,2025-10-23,POL,494682.520497357,83.75813057347625,56.088778808774826,25.001116999,6.164942221685207,0.0010438291513973283,0.0006996224925086675,0.0003115744652175361,4055817
zkSync Era,2025-10-23,ETH,6.1,0.08914427829800499,0.04525000241812225,0.04525,1.529778420173611,0.022355900528247225,0.011350752543923854,0.011347946477517357,24021
Arbitrum One,2025-10-24,ETH,0.502396,0.015773135780127383,0.01000000047275359,0.01,0.12828919146166318,0.004027744719397665,0.0025535474666123358,0.0025535472309027767,3219418
Base,2025-10-24,ETH,11149.691446356,0.061282381869637,0.01943940949195342,0.001162836,2847.12637321371,0.0156547831150757,0.0049760247708579034,0.0002971228866987585,13237259
Optimism,2025-10-24,ETH,399.048166343,0.00563510812161406,1.7990480909522713e-05,4.05e-07,101.89884284351984,0.0014469361900941661,1.3391601257273933e-05,1.3282976187693891e-07,1581364
Polygon PoS,2025-10-24,POL,339852.363854586,80.68308334429992,58.7520807381785,25.000000097,4.281490625251319,0.0010164527356437566,0.0007400165592265404,0.00031495224818382035,4209797
zkSync Era,2025-10-24,ETH,6.1,0.06655360860609347,0.04525647165686192,0.04525,1.5576638108506942,0.01699477829627575,0.011556315839731547,0.011554801219835063,24441
Arbitrum One,2025-10-25,ETH,0.020836,0.010047622673511879,0.01,0.01,0.005338076136963196,0.0025741493005703186,0.002561948616319445,0.0025619486163194444,2360966
Base,2025-10-25,ETH,7386.326739727,0.05875117992956239,0.020537116812686912,0.003631475,1892.3389581366039,0.015054189607661302,0.005246385074653806,0.000930825056331943,12184874
Optimism,2025-10-25,ETH,100.219775278,0.0037167115376178003,1.2306354609761448e-05,3.02e-07,25.67580069997219,0.0009556064290376209,8.939883867758599e-06,1.1879306321032851e-07,1264731
Polygon PoS,2025-10-25,POL,482372.831002785,56.822664126448956,44.87182476751228,25.000000085,6.106410829170004,0.0007193243675078229,0.0005675282507903625,0.0003164777562843576,4042352
zkSync Era,2025-10-25,ETH,6.1,0.06210874875238215,0.04525,0.04525,1.5627886559548612,0.015911942292747967,0.011592817488845487,0.011592817488845483,18145
Arbitrum One,2025-10-26,ETH,0.418981,0.015289948926585216,0.01000000026397155,0.01,0.1094624257837387,0.003994631975229851,0.002612586985024595,0.0026125868663194433,2842947
Base,2025-10-26,ETH,6868.868538534,0.061821353488932564,0.02057681874825824,0.00389359,1794.5515737415226,0.016154309498092875,0.0053897177898227415,0.0010174034949484616,12173651
Optimism,2025-10-26,ETH,111.976432242,0.004374965963214407,1.7757839712385352e-05,3.28e-07,29.254822246270738,0.0011484689592643196,1.2977979214835453e-05,1.1521316152326211e-07,1636154
Polygon PoS,2025-10-26,POL,377999.991572106,61.82877154867545,44.99216535893397,25.000000087,4.880339161812878,0.0007982682059351942,0.0005808161113623328,0.0003227737624079749,4059061
zkSync Era,2025-10-26,ETH,6.1,0.062453627638623756,0.04525389558177477,0.04525,1.5936779884548613,0.016316552732272473,0.011823726259583183,0.011821955570095483,21452
Arbitrum One,2025-10-27,ETH,0.087973,0.01434915366635643,0.01025546470582845,0.01,0.02390577426851928,0.0038992375898550986,0.0027863710251854537,0.0027173990052083334,3449226
Base,2025-10-27,ETH,21000,0.054665032207252356,0.01704896214176153,0.004949381,5706.5379210772735,0.014870321782957665,0.004659055933972104,0.001345236658349697,11497751
Optimism,2025-10-27,ETH,38.171360032,0.004583268156215148,5.629644893024483e-05,3.7e-07,10.372691223178437,0.0012668880020687478,2.732632323197252e-05,1.4131460249173754e-07,1915091
Polygon PoS,2025-10-27,POL,3037945.630724767,65.6337043619011,44.97865807016249,25.000000119,39.89087890140557,0.0008618278503972541,0.0005904553647273408,0.00032827183185771286,4390462
zkSync Era,2025-10-27,ETH,6.1,0.07133725609756418,0.04536339611809502,0.04525,1.6576133931770836,0.01938517887539236,0.01234577704581694,0.012296230498567708,27411
Arbitrum One,2025-10-28,ETH,0.396783,0.021832437517163746,0.013018967127753288,0.01,0.10561732037719686,0.005811447435663561,0.003458167210495893,0.0026618408645833324,3572429
Base,2025-10-28,ETH,3500.915521559,0.055301148251933545,0.013723775680179007,0.002695073,931.8880008221555,0.014725859243819046,0.0036545722295755565,0.0007175390342871832,12211767
Optimism,2025-10-28,ETH,119.062683126,0.004481360509218583,5.9732033481501666e-05,3.95e-07,31.69266724696892,0.0012035861422055,2.7096098441170315e-05,1.3063855199491092e-07,2016751
Polygon PoS,2025-10-28,POL,1485293.973580004,68.58898934965993,45.05871642778506,25.000000134,19.219162685201873,0.0008875165241177058,0.0005835097760193721,0.0003234908901887724,4530935
zkSync Era,2025-10-28,ETH,5,0.06844224553618097,0.04528063014820375,0.04525,1.330920432291667,0.018218236603203524,0.012053931663018018,0.012044829912239582,25399
Arbitrum One,2025-10-29,ETH,1.830277,0.03182930043696807,0.010165112726676083,0.01,0.4741932286086103,0.008246423212740453,0.002636558194374457,0.002590827664930555,3593253
Base,2025-10-29,ETH,10714.285714285,0.04475071205300123,0.010060138534232464,0.002143691,2775.8867936566508,0.011601694563812225,0.002616949798326228,0.0005556280610515717,11849031
Optimism,2025-10-29,ETH,256.314112639,0.006937030434325743,3.477337984455366e-05,3.5e-07,66.40657586577505,0.0018128047993436337,2.363747439988152e-05,1.0962074335658334e-07,1666986
Polygon PoS,2025-10-29,POL,329383.50315,92.43145783577698,59.43039326400123,25.000000947,4.2023554035536534,0.0011792631767524489,0.0007573720304091786,0.000318956134911919,4732697
zkSync Era,2025-10-29,ETH,5.1,0.6882727367460527,1.04525,0.04525,1.3213221091145837,0.1783196047377774,0.2707909255933328,0.011723495183810764,61861
Arbitrum One,2025-10-30,ETH,0.524466,0.02980821359989202,0.011892900905502884,0.01,0.13108532541316878,0.007450281581124161,0.0029901550901539026,0.00249940559375,3477441
Base,2025-10-30,ETH,2589.411764705,0.04587985703411851,0.01661913931787791,0.003105387,647.1991039840507,0.011502471365736065,0.004169090612422999,0.0007767306424139556,12039697
Optimism,2025-10-30,ETH,108.630613084,0.00623102462545931,6.846895270788839e-05,3.59e-07,27.15119689535557,0.0015985582777387503,3.628086332070973e-05,1.0751468115068605e-07,1724077
Polygon PoS,2025-10-30,POL,1000000,167.55482059033872,89.59827778325669,25.001617789,12.321035729166663,0.0020644489310876826,0.0011023548046074714,0.0003080458260652378,4550817
zkSync Era,2025-10-30,ETH,27.775,0.6981231801178943,1.04525,0.04525,6.942099036640624,0.1744892981512617,0.26125036631489545,0.011309810311718748,95803
Arbitrum One,2025-10-31,ETH,0.061206,0.011740022184147053,0.010000024996764471,0.01,0.015309192829124999,0.002936481120075359,0.0025012569335535317,0.002501256874999999,3209228
Base,2025-10-31,ETH,4195.933404354,0.03758342655827074,0.012690276297697515,0.000658407,1049.5107332543207,0.009405983495270682,0.00316586651367775,0.00016481976185134768,11913479
Optimism,2025-10-31,ETH,144.732050773,0.005873278619252302,3.133303254951334e-05,9.31e-07,36.20121942142784,0.001478058264686965,2.0276225939290576e-05,2.5556062554131037e-07,1652397
Polygon PoS,2025-10-31,POL,622848.701965521,117.93278335221831,65.34644384038387,25.012157822,7.531083685419758,0.001425966944905343,0.0007894015223384203,0.00030243083611794367,4547866
zkSync Era,2025-10-31,ETH,6.1,0.6372250020853081,0.936456854312439,0.04525,1.52576669375,0.15938634173871669,0.26141969801629517,0.011318187359374999,62497
Arbitrum One,2025-11-01,ETH,0.020133,0.010092228096227918,0.01,0.01,0.005066552344831251,0.002539750753763117,0.0025165411736111113,0.002516541173611111,3245047
Base,2025-11-01,ETH,1389.49275058,0.025171256039964972,0.007395029177609523,0.00068801,349.67157243965806,0.006336619535642282,0.0018722642342981542,0.00017330449650840678,12499514
Optimism,2025-11-01,ETH,116.802880283,0.004137290863592941,1.1534730918888594e-05,2.71e-07,29.39392650664571,0.0010445938642841695,8.205611081177532e-06,1.0138541815575647e-07,1569684
Polygon PoS,2025-11-01,POL,490509.276463535,87.36655285630955,64.52784095922277,25.028744709,6.006112368260571,0.0010697724974047212,0.0007928178648399085,0.00030646811461462054,4401566
zkSync Era,2025-11-01,ETH,6.1,0.06661385442855255,0.0452501304331143,0.04525,1.535090115902778,0.016763650740235458,0.011393974459727115,0.011387348810590277,49768
Arbitrum One,2025-11-02,ETH,0.022797,0.010288709102937877,0.01,0.01,0.005743056026540627,0.002591947748343454,0.0025192156979166676,0.002519215697916667,3077690
Base,2025-11-02,ETH,1585.175445017,0.020184912931978848,0.0052624128747983745,0.001072022,399.33988722874335,0.005087937725247799,0.001336938761707406,0.00027010194591982724,12501576
Optimism,2025-11-02,ETH,40.056093112,0.004075509101200529,1.745863060854279e-05,4.02e-07,10.090997922757111,0.001031620769163906,1.0866413491665155e-05,1.1695025847937023e-07,1567986
Polygon PoS,2025-11-02,POL,1046902.438675052,95.2902616826133,70.14066876183092,25.1,13.035847121679904,0.001186537768554186,0.0008755036415104057,0.0003125408353888888,4519699
zkSync Era,2025-11-02,ETH,10,0.0711791379111258,0.045274764784061505,0.04525,2.5192156979166676,0.017931560159003584,0.011506043439766616,0.011399451033072917,91118
Arbitrum One,2025-11-03,ETH,4.043204,0.05828002291307037,0.010154837489065798,0.01,0.97311305658283,0.014026759776316537,0.0024439560783905694,0.002406786935763888,3129266
Base,2025-11-03,ETH,10323,0.037380404888631286,0.012270550950250026,0.001323353,2484.526182188549,0.009018618582763833,0.0029592994788500224,0.0003185306579523257,13133316
Optimism,2025-11-03,ETH,1648.15513363,0.012978245281248609,8.055785459664269e-05,4.04e-07,396.6758253753927,0.0031738728541899283,3.7411006818126946e-05,1.730483961240823e-07,1778028
Polygon PoS,2025-11-03,POL,1585313.571552595,161.24569316547164,78.80879033330997,30.583903153,18.373586653031428,0.001868817481264889,0.000914825859843748,0.0003544636246438161,4956497
zkSync Era,2025-11-03,ETH,6.1,0.06700579243442308,0.045259973407848694,0.04525,1.4681400308159722,0.016126866585176515,0.010893076289439432,0.010890710884331592,56610
Arbitrum One,2025-11-04,ETH,3.780105,0.21211720166378517,0.045214475694966234,0.01,0.8517238628077629,0.047793720642415154,0.010146165206907207,0.0022531751440972208,3564141
Base,2025-11-04,ETH,27028.005911477,0.08848483010254451,0.015891190664306366,0.001948317,6089.883184337615,0.019989705745040966,0.003631814098496495,0.00043924604291731257,13902324
Optimism,2025-11-04,ETH,650.74855379,0.014097743252408057,0.00016198040611849836,3.82e-07,146.62510267289534,0.00330010594843255,0.00015198759538810928,1.0884220476828808e-07,2030164
Polygon PoS,2025-11-04,POL,799556.641925942,280.29263922197305,169.59959273483057,40.209497813,8.627991764085968,0.0030246294707974935,0.001815733026196017,0.0004338994860113117,5181174
zkSync Era,2025-11-04,ETH,9.15,0.0652381851939296,0.04526266147489832,0.04525,2.0616552568489577,0.014699305732490973,0.010198278516954795,0.010195617527039926,76833
Arbitrum One,2025-11-05,ETH,0.140362,0.019794612397158157,0.010708966964283625,0.01,0.030596090166908684,0.0043148269882328375,0.002334701402528555,0.002179798675347222,3042697
Base,2025-11-05,ETH,3604.260130004,0.06981369515875369,0.015190544257198896,0.001727503,785.6561485644165,0.015231440837891299,0.0033106935475121077,0.00037692004598530664,12291076
Optimism,2025-11-05,ETH,156.540516757,0.007763088692443808,7.742961994554513e-05,3.48e-07,34.12275098089165,0.0017142276100007515,3.251004203928781e-05,1.0811878122916196e-07,1701662
Polygon PoS,2025-11-05,POL,346131.32742484,228.09908627804833,159.65471015790706,38,3.721814661797533,0.0024526601794996454,0.0017298778824101969,0.0004085991239236111,4908023
zkSync Era,2025-11-05,ETH,20,0.06776571393757298,0.045336096368171486,0.04525,4.359597350694444,0.014771561347506436,0.009879668791428322,0.009863589005946178,87516
Arbitrum One,2025-11-06,ETH,0.172697,0.021537866247842014,0.010209448192857424,0.01,0.03778334803347587,0.00471214147518929,0.002234558804611881,0.002187840439236111,2809308
Base,2025-11-06,ETH,3824.883175976,0.03314500253470335,0.010220715386812275,0.000836045,836.8234144750519,0.007290289336023347,0.002266721410938595,0.00018326676761527968,12970667
Optimism,2025-11-06,ETH,211.250052714,0.007279557526796694,8.012839838338935e-05,3.22e-07,46.21818841936795,0.001647679341347117,3.5050159602918546e-05,9.96281476749647e-08,1465700
Polygon PoS,2025-11-06,POL,1889210.746014353,146.12289416732403,100.73659705122371,39.013381957,20.314428797216376,0.001571239807664499,0.0010821591394161684,0.0004195056436006857,4939788
zkSync Era,2025-11-06,ETH,6.1,0.06441289649915209,0.04525305199232862,0.04525,1.334582667934028,0.01409251397690444,0.00990384223145793,0.009899977987543402,57478
Arbitrum One,2025-11-07,ETH,0.327592,0.0262439444986812,0.011344957511034951,0.01,0.07117184510186111,0.005701695867794209,0.0024654178147667516,0.0021725757986111108,2838437
Base,2025-11-07,ETH,1673.501310965,0.022014106011713875,0.0037474334936500385,0.000596339,363.58085179623015,0.004805607657179041,0.0008396871444169077,0.0001296938339619296,14613836
Optimism,2025-11-07,ETH,1010.850642779,0.00761879503312191,0.00010037344630171134,3.56e-07,219.6149673710096,0.0016912113811026956,4.841701214841125e-05,1.2671034804680052e-07,1618204
Polygon PoS,2025-11-07,POL,2201000,247.67497506588535,141.74279440149985,31.892990876,24.696615991892365,0.002779070308952155,0.0015926697575259776,0.00035785958586892263,5092171
zkSync Era,2025-11-07,ETH,6.1,0.06634692120685391,0.04537309476028995,0.04525,1.3252712371527784,0.01441437153263951,0.009858999126755684,0.00983090548871528,45355
Arbitrum One,2025-11-08,ETH,0.032332,0.011423659829363216,0.010000007375915623,0.01,0.007189931698579862,0.0025403728170522986,0.002223796049265336,0.002223781918402777,2504205
Base,2025-11-08,ETH,3280,0.013858708597527539,0.0017682586325184037,0.000115283,729.4004749478017,0.003084924345350993,0.00039465482909138727,2.5724456046009726e-05,13485465
Optimism,2025-11-08,ETH,114.334976927,0.004667938788532427,2.4560494525000897e-05,3.63e-07,25.425608928680692,0.001043354062966992,1.4034369054650887e-05,9.902946100151759e-08,1606388
Polygon PoS,2025-11-08,POL,923935.649354458,220.74297646269156,142.33805726551856,38.98212523,10.839412306790459,0.0025897086419157138,0.0016803522660146166,0.00045732982406094445,4757529
zkSync Era,2025-11-08,ETH,6.1,0.06459082454387506,0.045273432079259254,0.04525,1.3565069702256942,0.01436359077154156,0.010153631369067407,0.010062613180772565,32927
Arbitrum One,2025-11-09,ETH,0.317149,0.014766700921700602,0.01,0.01,0.07143491193340715,0.0033260643416453523,0.002252408550347223,0.0022524085503472227,2329293
Base,2025-11-09,ETH,1573.443301298,0.016694394115371783,0.0026341456790054006,0.000113394,354.40371536659137,0.0037623794185145496,0.0005927572280617226,2.5634005928043804e-05,15435139
Optimism,2025-11-09,ETH,217.027510199,0.004746693030045796,1.7906100709806188e-05,4.51e-07,48.88346346720736,0.0010729848247456794,8.845316503268426e-06,1.1819446356690458e-07,1674277
Polygon PoS,2025-11-09,POL,1052759.430307492,161.76916998924307,94.54739541432579,28,12.12582259062914,0.0018632787315426237,0.0010963326855268647,0.000322507709513889,4650659
zkSync Era,2025-11-09,ETH,3,0.07650068828989462,0.045259558246607316,0.04525,0.6757225651041667,0.017231080441150893,0.010327211312183029,0.010192148690321179,40229
Arbitrum One,2025-11-10,ETH,0.165415,0.016667458504693967,0.01017823379254677,0.01,0.038587816464042524,0.0038881650980931537,0.002379922828401077,0.002332788227430554,2749516
Base,2025-11-10,ETH,3243.312290322,0.016219619086525583,0.0030049281520014293,0.000250057,756.5960774680559,0.003792252979086938,0.0007041990691983552,5.844432866850673e-05,15849218
Optimism,2025-11-10,ETH,33,0.00439687646559565,4.87764936546475e-05,4.06e-07,7.698215654508022,0.0010402782074880703,2.3887544479808882e-05,1.1824547972290365e-07,1810730
Polygon PoS,2025-11-10,POL,311179.70633698,206.24238232742616,151.91415447349564,29.415067498,3.6666269087654086,0.002430151624189517,0.0017918069221090301,0.00034659740277060737,4935735
zkSync Era,2025-11-10,ETH,10.09845,0.07342154714575151,0.045693880221791654,0.04525,2.3557545275296086,0.01712769208212929,0.010557205570783004,0.010555866729123259,42566
Arbitrum One,2025-11-11,ETH,0.145824,0.0170647846804677,0.01029438031400023,0.01,0.03344970626421667,0.0039143901897063646,0.002359960942602871,0.002293840949652778,2664403
Base,2025-11-11,ETH,1683.429765933,0.024003703380315166,0.004386010659535432,0.000612833,386.1520726025362,0.005512056387131071,0.0010100672145314032,0.0001407167746568792,15282438
Optimism,2025-11-11,ETH,1499.000000862,0.00555454479736777,2.918385972967298e-05,3.08e-07,343.8467694825343,0.0012835068880250936,1.7216258721405674e-05,1.2803631781508203e-07,2148543
Polygon PoS,2025-11-11,POL,411850.855340375,255.33148684198196,188.1320968064419,39.664924745,4.766432554981446,0.002955002509803283,0.002182752228697005,0.0004590501297835303,5222433
zkSync Era,2025-11-11,ETH,6.1,0.0662098289605466,0.04526267440333721,0.04525,1.3992429792881942,0.01518748169392162,0.010382821564351346,0.010379630297178817,31501
Arbitrum One,2025-11-12,ETH,0.315322,0.022112023032223663,0.010021553871116919,0.01,0.07089367900428577,0.004971434479618136,0.002254976205138551,0.002248294727430555,2589285
Base,2025-11-12,ETH,3659.915962222,0.027278057838419124,0.0056717799242468146,0.000901556,822.8569766737297,0.006138102474835615,0.0012732227829410833,0.0002028309021923301,16055590
Optimism,2025-11-12,ETH,129.911611008,0.004853163972796239,3.238287130413606e-05,4.24e-07,29.207960474036273,0.0011034710853105119,1.625938150299617e-05,1.5132061462413907e-07,2242679
Polygon PoS,2025-11-12,POL,1782531.1942959,271.889086703886,172.92597042537622,38.625000039,20.067503249405817,0.003060891808439509,0.001956677408144606,0.00043483520303671305,4870059
zkSync Era,2025-11-12,ETH,1.5,0.06588969745280453,0.045622977352129446,0.04525,0.3372442091145833,0.014813945937522641,0.010212700393964807,0.010173533641623262,28258
Arbitrum One,2025-11-13,ETH,0.277473,0.031508359399440314,0.013225434072442796,0.01,0.06129556528464688,0.0069603986715060144,0.0029407255855419833,0.002209064135416666,2941919
Base,2025-11-13,ETH,3315.752380846,0.040839431482167975,0.010440636079477976,0.001360973,732.4709887088181,0.009037648295113469,0.002328081896096654,0.0003013802960240636,16912008
Optimism,2025-11-13,ETH,132.467352425,0.006643900097885295,6.060970616835951e-05,4.9e-07,29.262888321029216,0.0014910769731603802,2.5026646313664613e-05,1.4091923897786577e-07,2064355
Polygon PoS,2025-11-13,POL,1019555.45779671,404.1586666608529,329.2849595766292,56.456672462,11.333156007531533,0.004492539553426326,0.003647385051166429,0.0006275600525553089,5239121
zkSync Era,2025-11-13,ETH,6.1,0.06540134238021277,0.0452563851447173,0.04525,1.3475291226041661,0.014447575986029781,0.009997558382233287,0.00999601521276041,36654
Arbitrum One,2025-11-14,ETH,1.493573,0.05530334022092725,0.017538419761141608,0.01,0.3088640174072713,0.011436476045478193,0.0036582775844295414,0.0020679539427083324,2992488
Base,2025-11-14,ETH,4259.741432882,0.04815336685474897,0.007419973359818026,0.001029847,880.8949673970333,0.009968411518862227,0.0015582837100645347,0.0002130972079311017,17147498
Optimism,2025-11-14,ETH,164.74997722,0.008325282924046655,9.465639607297754e-05,7.13e-07,34.06955036430444,0.0017424422754840293,3.338013397501872e-05,2.1195926384707326e-07,2120979
Polygon PoS,2025-11-14,POL,1195659.945518163,344.48957283407066,269.98251731127084,42.622564092,12.469796278578032,0.0035927562928217034,0.0028135177353242257,0.00044451994322477833,5114329
zkSync Era,2025-11-14,ETH,1.5,0.06911879773909815,0.0459300840660612,0.04525,0.31019309140625007,0.014293449029989571,0.00950205220477443,0.009357491590755208,44220
Arbitrum One,2025-11-15,ETH,0.029045,0.010332526713885924,0.01,0.01,0.00599234140398698,0.002131727582559364,0.0020631232239583337,0.002063123223958333,1833840
Base,2025-11-15,ETH,380.798056557,0.010760606713197372,0.002374833438499076,0.000178735,78.56333193038643,0.002221543336495839,0.0004899009435822892,3.695693577865715e-05,14861058
Optimism,2025-11-15,ETH,121.197821357,0.0036910505041005135,1.2792938499512857e-05,4.25e-07,25.00460468004895,0.0007643320860632369,6.7762624441865806e-06,1.1488491566627613e-07,1848324
Polygon PoS,2025-11-15,POL,738934.383667301,114.32048629113346,73.62380787457424,36.300000186,7.467041003923275,0.0011552253861672828,0.0007454217550049008,0.0003668168592805991,4935777
zkSync Era,2025-11-15,ETH,6.1,0.06135051193452626,0.04525011448509177,0.04525,1.2585051666145834,0.012657366597393208,0.00935084296131495,0.009335632588411458,29733
Arbitrum One,2025-11-16,ETH,0.706733,0.03853648973934068,0.010318344142649157,0.01,0.14491949187161426,0.007902119345689655,0.0021263702883933745,0.002050555045138889,2368705
Base,2025-11-16,ETH,4941.390171179,0.02461128210976498,0.0020949107900420463,0.000147314,1013.2592646192413,0.005049597998734064,0.00042848584869542854,3.0275702218822493e-05,16533700
Optimism,2025-11-16,ETH,63.804962381,0.0054524112876653584,3.0173833721092032e-05,4.64e-07,13.083597619305227,0.0011244022323482275,1.4297538257582149e-05,1.363509925517459e-07,1849872
Polygon PoS,2025-11-16,POL,2040654.193298017,184.15606622495886,97.41986356355281,37.114535327,20.371319214191143,0.0018383820358290808,0.0009711289973387059,0.00037050473770411835,4800107
zkSync Era,2025-11-16,ETH,3,0.06751875384100652,0.04526464867706418,0.04525,0.6151665135416665,0.013845092133016944,0.009280322262165994,0.00927876157925347,40130
Arbitrum One,2025-11-17,ETH,0.808482,0.059709908342605915,0.014083548454511567,0.01,0.16420133283421562,0.01212698184159149,0.0028315568688303664,0.002030983161458333,2570615
Base,2025-11-17,ETH,1968.875595711,0.04179324513206162,0.0034473946840144435,9.8876e-05,399.87540549565347,0.008498292622779723,0.0006960776900904111,2.013215775309944e-05,17057069
Optimism,2025-11-17,ETH,406.617231514,0.007482793893413499,8.16155817103099e-05,4.13e-07,82.58329644201825,0.0015389930599849569,2.8385059490689085e-05,1.351541547017289e-07,2018444
Polygon PoS,2025-11-17,POL,1352638.965814105,248.10226862818033,152.80044345992246,35.686005426,13.08847377925798,0.002400699757721346,0.0014767441132533554,0.0003453067360243781,5194089
zkSync Era,2025-11-17,ETH,1.04525,0.06302574836404869,0.04525078107519107,0.04525,0.21228851495143233,0.012800423366570252,0.009190199657682894,0.009190198805598957,42158
Arbitrum One,2025-11-18,ETH,0.818989,0.03690519112361792,0.01135321506763118,0.01,0.16328580333922638,0.0073579666882044184,0.002266905734595435,0.001993748430555555,2636749
Base,2025-11-18,ETH,2381.699276803,0.031979405118803754,0.0031329985395590373,5.6624e-05,474.850930682243,0.006864331721420481,0.0007379904400056967,1.140501499383879e-05,18215538
Optimism,2025-11-18,ETH,43.385252573,0.00490737073617886,6.941442348181038e-05,2.62e-07,8.649932082828547,0.001593004472834159,3.704519316600411e-05,1.0139399573613324e-07,1823686
Polygon PoS,2025-11-18,POL,5987954.384914381,229.10151545337163,116.88778759401089,28.431021353,62.720422354544034,0.0023997082956247412,0.0012216867609372748,0.00029779880617055127,4986336
zkSync Era,2025-11-18,ETH,1.739274915,0.06732029788072919,0.046013179469390285,0.04525,0.3467676632085897,0.013421973824425839,0.009198028840353511,0.009021711648263887,32512
Arbitrum One,2025-11-19,ETH,0.378774,0.03490888349868807,0.01215670093114967,0.01,0.0746288725186469,0.0068780080374876455,0.00238346801046954,0.0019702744253472224,2680682
Base,2025-11-19,ETH,1065.746303823,0.033282499507805194,0.0036804707499386202,0.00017025,209.98127760387047,0.006682730240404118,0.0007719615233190806,3.36470758883642e-05,18054106
Optimism,2025-11-19,ETH,91.474734834,0.0055109222126725295,0.00028915154038079374,2.67e-07,18.023173828229403,0.0012414963019184134,9.950621754643382e-05,9.412395282750128e-08,1780578
Polygon PoS,2025-11-19,POL,855756.319215316,233.9777628267092,178.40214189765777,29.991194932,8.09089651054406,0.0022121833310391353,0.0016898934532838946,0.00028355695304110417,5099224
zkSync Era,2025-11-19,ETH,5.0543,0.06241095204327542,0.0452573601103482,0.04525,0.9958358028032462,0.01229667026724699,0.008922312071566156,0.008915491774696178,44339
Arbitrum One,2025-11-20,ETH,1.269267,0.08008818122421604,0.010814438220466982,0.01,0.24477698186242708,0.015444932613009069,0.002077128205280818,0.0019284908680555553,2476253
Base,2025-11-20,ETH,8002,0.0799734944307435,0.00423088208688527,0.000127412,1543.1783939172367,0.015440087479793743,0.0008436133032877653,2.537947248078253e-05,16460855
Optimism,2025-11-20,ETH,342.169450837,0.007219124712953011,0.0008154489166893859,3.05e-07,65.98707222872189,0.0014314754062224211,0.00017816218061305806,1.0003788379830665e-07,2072827
Polygon PoS,2025-11-20,POL,895514.63272,205.25242265925476,121.77724576910686,27.985862126,8.49829016239908,0.0019478125544366638,0.0011508295983421815,0.00026558134071942693,5520446
zkSync Era,2025-11-20,ETH,1.5,0.06521849151615251,0.04526681130329058,0.04525,0.28927363020833347,0.01257732653172737,0.00873314613378192,0.008726421177951391,33169
Arbitrum One,2025-11-21,ETH,10.936423,0.15911370579089162,0.03381308395596376,0.01,1.9632987774191244,0.02856397782435758,0.006074850707139018,0.0017951927951388893,3141167
Base,2025-11-21,ETH,6039.847216437,0.09856023312127105,0.008916171262332634,0.000350613,1084.26907248357,0.017711770448713044,0.0016179059507425843,6.362866921520466e-05,17757486
Optimism,2025-11-21,ETH,821.280359655,0.01270427218783574,0.0009142901428514806,3.33e-07,147.43566146779165,0.002322515944652764,0.0001829333381463108,1.216088522390192e-07,2323195
Polygon PoS,2025-11-21,POL,3862893.871023794,528.9207682607408,325.64067757642573,30.982823172,33.938200326450776,0.004646935584926064,0.002854348915317452,0.0002722055781490198,5224525
zkSync Era,2025-11-21,ETH,10,0.07338046660526829,0.045630817916700775,0.04525,1.7951927951388886,0.013173208495366585,0.00823870707390568,0.00812324739800347,39587
Arbitrum One,2025-11-22,ETH,0.047567,0.0105704893747845,0.01,0.01,0.008490501146630209,0.0018867860524545972,0.0017849561979166666,0.0017849561979166662,1990031
Base,2025-11-22,ETH,859.74019047,0.013969295472098868,0.0018524363202171992,0.00013807,153.45985863582058,0.0024951856488859853,0.0003313596866722912,2.4831604692130905e-05,15692896
Optimism,2025-11-22,ETH,131.255932137,0.004549750752599039,0.00022410568426575525,3.63e-07,23.428609240080284,0.0008151462970440466,4.343003985019226e-05,8.086749642354616e-08,1670834
Polygon PoS,2025-11-22,POL,2027916.212435532,126.59224369240222,90.28287167390936,25.715702083,17.404286107279145,0.001086458905291187,0.0007732901938029422,0.0002207011481823313,5114835
zkSync Era,2025-11-22,ETH,6.1,0.0658368610620659,0.04526422920528997,0.04525,1.0888232807291667,0.011751591320416862,0.00807985625796095,0.008076926795572915,25707
Arbitrum One,2025-11-23,ETH,0.021092,0.010249327163727982,0.01,0.01,0.003862033665560416,0.0018766947921344517,0.001831041942708333,0.0018310419427083327,1684982
Base,2025-11-23,ETH,2317.402815751,0.011312904545199079,0.0014619212847254218,8.172e-05,424.3261755629081,0.0020729510057563997,0.0002682145836897991,1.4987563155603734e-05,14694804
Optimism,2025-11-23,ETH,178.770379052,0.004251339994190647,0.00015866717349780115,3.59e-07,32.73360730909032,0.0007810217704314803,3.3943985998017374e-05,8.108326459336715e-08,1547681
Polygon PoS,2025-11-23,POL,940318.293504,227.37902882727147,168.33614848967133,25.00101609,8.274818124054091,0.00200093959861019,0.0014812236291290146,0.00022000939733968916,5076695
zkSync Era,2025-11-23,ETH,4.525,0.06445639228460184,0.04526932635991336,0.04525,0.8285464790755209,0.011802235774879651,0.008287234839115845,0.008285464790755209,25209
Arbitrum One,2025-11-24,ETH,0.253169,0.02466530017641572,0.010377545035708055,0.01,0.047096654239230554,0.004588449273470099,0.0019244503517744634,0.0018602851944444438,2372275
Base,2025-11-24,ETH,1034.517281638,0.016917990411889638,0.0020409902759701204,0.000109752,192.44972174593767,0.0031512991473126636,0.00038222783353270923,2.043854206238144e-05,15773059
Optimism,2025-11-24,ETH,333,0.008632037941478139,0.00023174022904187783,2.76e-07,61.94749979054363,0.0016134602968820386,5.552841009812947e-05,9.500319575547992e-08,1485307
Polygon PoS,2025-11-24,POL,18882232.32,306.6188234916786,184.95929536224276,25.014624114,165.69123915557543,0.0026905745015619468,0.0016437038412738902,0.00021950286365609114,5287546
zkSync Era,2025-11-24,ETH,1.5,0.06731629045263413,0.04597142043357193,0.04525,0.27904277916666675,0.012522749847398327,0.00854722535901681,0.008417790504861113,27120
Arbitrum One,2025-11-25,ETH,0.135048,0.014788492481876223,0.010224277358307776,0.01,0.02563280167695,0.002806931571656719,0.0019394444149427807,0.0018980511874999997,2958452
Base,2025-11-25,ETH,1203.564002462,0.014410404488903617,0.0018120318267060287,0.000116602,228.44260936114247,0.002738917022347346,0.0003462916595616928,2.222085119820379e-05,15111671
Optimism,2025-11-25,ETH,143.581285827,0.005597837478996874,0.0001669009471724121,3.26e-07,27.252470535571554,0.0010674840709577753,3.928867094948726e-05,7.322453303148021e-08,1336894
Polygon PoS,2025-11-25,POL,795595.115747,483.58649018165835,123.26873954092213,25.091770646,7.004732857987226,0.004257685989278202,0.0011048440876350071,0.00022091783475077008,5464953
zkSync Era,2025-11-25,ETH,1.369,0.07864912336072259,0.04752911553097771,0.04525,0.25984320756874996,0.014928006199073736,0.00901264481811009,0.0085886816234375,28644
Arbitrum One,2025-11-26,ETH,0.109322,0.013214816344421922,0.01000005086321908,0.01,0.021029128865107636,0.0025419959005098317,0.0019235957054341815,0.0019235953298611104,2675579
Base,2025-11-26,ETH,730.578517791,0.013439323325667914,0.002347029902976652,0.000147335,140.53374302257757,0.0025865464607431853,0.00045256638033880147,2.8403479570775736e-05,15239523
Optimism,2025-11-26,ETH,240.825215258,0.005225657014424888,0.00021483728045655588,2.76e-07,46.32502665157082,0.0010076927044235105,4.4802184246365874e-05,6.14044888800862e-08,1311764
Polygon PoS,2025-11-26,POL,1900122.740194876,79.6243511390809,53.416455157634346,25.000000126,16.74418629898877,0.0007016625511634734,0.0004713839625315613,0.0002203040102249156,6012012
zkSync Era,2025-11-26,ETH,1.5059,0.06379335720249024,0.04525619481110645,0.04525,0.28967422072378474,0.012271260399093837,0.008708112802423791,0.008704268867621528,23713
Arbitrum One,2025-11-27,ETH,0.028829,0.010776944339932447,0.010000000010106628,0.01,0.00567280685526389,0.002120625888179658,0.0019677431944444446,0.001967743194444444,2798721
Base,2025-11-27,ETH,4040.197393814,0.013868034843436648,0.002125995100192838,9.7927e-05,795.007092845209,0.0027298743625356154,0.0004200824071138555,1.9315719454516305e-05,15653540
Optimism,2025-11-27,ETH,144.660191838,0.004913712878476379,0.00019935432097831733,2.63e-07,28.46541295764693,0.0009689215405412155,4.369233725863485e-05,6.153292830681866e-08,1257212
Polygon PoS,2025-11-27,POL,4266033.80952381,111.555989899332,61.839121370376596,25.000000294,38.2194714810524,0.0009994320638012028,0.0005574847179067671,0.0002239754396999234,6046220
zkSync Era,2025-11-27,ETH,6.1,0.06704019063453899,0.04527700015913495,0.04525,1.2003233486111113,0.013191787887539622,0.008907666966633157,0.00890403795486111,19023
Arbitrum One,2025-11-28,ETH,0.921337,0.02033502971564062,0.0100000136276354,0.01,0.18181401728968702,0.0040128567986560905,0.001973372103272688,0.0019733714947916666,2464426
Base,2025-11-28,ETH,4231.279011236,0.012232592498080955,0.001216384198566693,1.388e-05,834.9885393710797,0.002415371593855603,0.0002409807985321454,2.7768717770114274e-06,13754942
Optimism,2025-11-28,ETH,50,0.003409159401723673,0.00018014391720740894,3.16e-07,9.866857762932247,0.0006759565594357778,3.97005525221099e-05,7.415041676200076e-08,1706068
Polygon PoS,2025-11-28,POL,490080.715360573,144.0951171987856,98.4624737985682,27.104118001,4.354930748801357,0.0012804508256959793,0.0008726646128810268,0.0002408512581745862,5900981
zkSync Era,2025-11-28,ETH,1.5,0.06690811222810984,0.04599600635852235,0.04525,0.29600572421875,0.013203456144131499,0.009150061598352003,0.00892950601393229,20086
Arbitrum One,2025-11-29,ETH,0.020749,0.010143090601686004,0.01,0.01,0.00405865345058559,0.001984061384651955,0.001956071835069444,0.0019560718350694435,2254097
Base,2025-11-29,ETH,903.435999926,0.008095294649029729,0.0009867191753549802,1.1669e-05,176.71857153381796,0.0015843048512247935,0.0001930902881996841,2.3027369262301523e-06,12762466
Optimism,2025-11-29,ETH,30.244763878,0.0036951969213719583,0.000130451521195163,2.57e-07,5.916094803641139,0.0007242466915557321,2.7909000813472472e-05,5.451289019709466e-08,1164546
Polygon PoS,2025-11-29,POL,592516.595603632,88.65998232940457,64.57641267172079,26,5.186011974928676,0.0007759980622801611,0.0005652539996022023,0.00022756545951388882,5336057
zkSync Era,2025-11-29,ETH,1.04525,0.06663364297620676,0.04527638583491478,0.04525,0.20445840856063366,0.013034019229383595,0.008911509226323146,0.008851225053689233,18161
Arbitrum One,2025-11-30,ETH,0.02181,0.010279965426742971,0.01,0.01,0.004279213344520834,0.002016972271218952,0.001962041881944445,0.0019620418819444444,2760139
Base,2025-11-30,ETH,900,0.007205776161491511,0.0009797768926515314,1.1994e-05,176.58376981711953,0.0014145654167872703,0.00019370983719784485,2.3562593685263905e-06,13143627
Optimism,2025-11-30,ETH,46.570883375,0.0036045640499549857,0.00011532599901933598,3.21e-07,9.137403674527095,0.0007084681630865819,2.2888310003542444e-05,7.559819279494252e-08,1229347
Polygon PoS,2025-11-30,POL,329781.673387397,138.0108181278659,62.68853722245762,25.000008472,2.8668013962184653,0.0011997319379159147,0.0005448121026805835,0.00021732577937650193,5183866
zkSync Era,2025-11-30,ETH,1.5,0.06100843115589836,0.04525000890793358,0.04525,0.29430628229166667,0.011970109707961127,0.008878466189894083,0.008878239515798608,17409
Arbitrum One,2025-12-01,ETH,1.105575,0.037759939459208254,0.01633173982069058,0.01,0.20203759146915362,0.006900415821954394,0.002972195592312744,0.0018274435607638882,3652644
Base,2025-12-01,ETH,1953.816407305,0.022189749059866145,0.0017607113936357604,3.0503e-05,357.0489221128428,0.004058417385494095,0.00032327424402312047,5.61015646229163e-06,14415050
Optimism,2025-12-01,ETH,77.545994904,0.004828722061894117,0.00020454949873512164,3.56e-07,14.171093166084306,0.0008880290546558366,4.3503047160230114e-05,8.082715735516011e-08,1884783
Polygon PoS,2025-12-01,POL,2938277.256191325,317.9114739934955,142.24855614918874,26.553556995,23.40885139707115,0.002532757055671482,0.001141713474344901,0.00021154854207507077,5404795
zkSync Era,2025-12-01,ETH,1.26,0.640182029739517,1.0451515674449425,0.04525,0.23025788865625,0.11698965279643768,0.17430423303323878,0.008269182112456596,59884
Arbitrum One,2025-12-02,ETH,0.516267,0.02553661885495325,0.010366148091853484,0.01,0.09680109010436719,0.004788166864701089,0.00194076727076503,0.0018750199045138884,3152721
Base,2025-12-02,ETH,512.73340348,0.015676645451521247,0.0012937317173409577,1.4503e-05,96.13853482226261,0.0029413717663417287,0.00024421699047963647,2.7498145738022746e-06,13469211
Optimism,2025-12-02,ETH,80.957602115,0.005316777345250148,0.00012277021247421337,2.5e-07,15.179711789159986,0.0010008093286872392,2.702215134312911e-05,6.330554471243087e-08,1406424
Polygon PoS,2025-12-02,POL,2168032.382582261,112.79504528728799,69.29655354820098,25.06351441,17.477481902887845,0.0009092914748791477,0.0005591747881367945,0.00020204823647597105,5574764
zkSync Era,2025-12-02,ETH,2.126,0.7884723518595723,1.04525,0.04525,0.39862923169965264,0.14784013538935506,0.19598645551931418,0.008484465067925344,79050
Arbitrum One,2025-12-03,ETH,0.476051,0.020746416493773748,0.010108438083455911,0.01,0.09537218114631911,0.004156342475873111,0.0020163374652252355,0.0020034026006944443,2825005
Base,2025-12-03,ETH,1286.211607073,0.01922013005933054,0.001561458870177291,3.9606e-05,257.6799679249903,0.0038595416551068084,0.00032366859566868527,7.977254464350629e-06,14480115
Optimism,2025-12-03,ETH,71.426012179,0.00485146208671842,9.726917334429123e-05,3.24e-07,14.309506110904705,0.000978743985906658,2.168934214540486e-05,7.706749019284129e-08,1594461
Polygon PoS,2025-12-03,POL,900601.45,113.969072818839,67.6486764158161,25.219667257,7.552104767685464,0.0009557017459874764,0.0005665795131797228,0.0002114826367768236,5815968
zkSync Era,2025-12-03,ETH,1.26,0.5981642518700149,0.9156579039040288,0.04525,0.2524287276875001,0.11983638178398377,0.1922932084351324,0.00906539676814236,47465
Arbitrum One,2025-12-04,ETH,0.221693,0.03603953067636997,0.030871881026861593,0.01,0.045802349047148964,0.007445860552808967,0.006415945564317774,0.002066025947916666,4342138
Base,2025-12-04,ETH,58442.534077857,0.020253455255445134,0.001356779410983361,5.51e-07,12074.379190085367,0.004765478624917064,0.00030987936277492245,2.8015903741598216e-07,13997458
Optimism,2025-12-04,ETH,122.05994288,0.004210690365110838,9.765260419519236e-05,2.5e-07,25.217917649481592,0.0012021033491976937,2.4578076730503395e-05,7.224599950342247e-08,1670819
Polygon PoS,2025-12-04,POL,1817915.797487564,123.66176661540867,59.13035944819448,26.542734755,15.032748732320814,0.0010225865619813204,0.000489593588485787,0.00021948775778944364,6184708
zkSync Era,2025-12-04,ETH,3,0.07231188229940687,0.04525648105385011,0.04525,0.6198077843750002,0.014939822517330496,0.00940939087764213,0.009348767414322919,24223
Arbitrum One,2025-12-05,ETH,0.273226,0.026921450868659963,0.013966964818586537,0.01,0.05522925600899688,0.005441838266329116,0.0028279598724116313,0.0020213762968749995,3989854
Base,2025-12-05,ETH,853.79160313,0.016427364512147526,0.0013044666734180108,0.0002,172.58341113727823,0.0033228152397154717,0.00026592557521955837,4.043166334838743e-05,13390857
Optimism,2025-12-05,ETH,33,0.003353584353644484,8.865534358535769e-05,3.5e-07,6.670545384531356,0.0006809499897540664,1.9762080383438605e-05,8.421098291155089e-08,1796765
Polygon PoS,2025-12-05,POL,645348.373203136,96.61559671621167,57.9980483305295,25.000000374,5.1374260157903695,0.0007691279636103477,0.0004620186213348831,0.0001990175502863303,5799385
zkSync Era,2025-12-05,ETH,3.14,0.06876591061552534,0.045482161370185396,0.04525,0.6347121572187502,0.013900178175131813,0.009195234214150904,0.009146727743359376,26081
Arbitrum One,2025-12-06,ETH,0.046601,0.01099064547633357,0.01,0.01,0.00920455927870104,0.002170855728379696,0.001975184927083333,0.0019751849270833325,3279279
Base,2025-12-06,ETH,395.512754989,0.007809963979715563,0.001196343291050429,0.0002,78.1210837010591,0.0015440679747045593,0.00023781044162161265,3.950542286402355e-05,12949642
Optimism,2025-12-06,ETH,84.757072729,0.0021681613731304988,7.216972543058173e-05,3.4e-07,16.74108949092316,0.00043002136716523744,1.6203291261765097e-05,8.46141557040126e-08,1620937
Polygon PoS,2025-12-06,POL,1000317.165521688,67.17120889331278,34.99260960817856,25.000000108,7.903422009291306,0.0005307140865479868,0.0002764298352790447,0.00019752290363107673,5802883
zkSync Era,2025-12-06,ETH,3.08,0.063135812577558,0.04528726889214653,0.04525,0.6083569575416667,0.01247049053623625,0.008937958246336869,0.008937711795052082,15299
Arbitrum One,2025-12-07,ETH,0.437259,0.018322632772908364,0.01,0.01,0.08681759772448752,0.003637951331660066,0.001985495958333334,0.0019854959583333336,3953597
Base,2025-12-07,ETH,1668.273001221,0.018258971466584017,0.0016240284839193063,0.0002,331.2349475246224,0.003648252408885223,0.00033844952290915467,3.972187152727931e-05,12821903
Optimism,2025-12-07,ETH,456.011501933,0.006458123779301303,0.00010617223890293023,3.39e-07,90.54095637925697,0.0013007921983591803,3.816060174648654e-05,9.207249306741148e-08,1126948
Polygon PoS,2025-12-07,POL,8820031,79.84215000991044,35.34967441357472,25.000000138,70.37351309055279,0.0006370468073071731,0.00028231005334632267,0.00019947070900038378,5665789
zkSync Era,2025-12-07,ETH,12.5,0.0773956851764922,0.04532940204189995,0.04525,2.4818699479166675,0.015366882011041185,0.009045885370124981,0.008984369211458334,22135
Arbitrum One,2025-12-08,ETH,0.112356,0.013243502871654036,0.01,0.01,0.022832589894481253,0.002691297926540748,0.0020321647170138896,0.0020321647170138887,3968299
Base,2025-12-08,ETH,13643.528659408,0.01583896385313547,0.0012848075477828443,0.0002,2772.5897660828405,0.0032368795161882395,0.00028179955108860477,4.067531936691439e-05,13772089
Optimism,2025-12-08,ETH,76.110204525,0.0062212973924503385,0.00010925625410652587,3.65e-07,15.466852834139615,0.001282528239976224,4.916862006535881e-05,1.4100928714456237e-07,1233481
Polygon PoS,2025-12-08,POL,2058874.906440835,107.67046022744006,54.619604494387076,25.000000111,16.559634995812704,0.0008659989568185071,0.00043865344309856414,0.0002010762652156952,5533018
zkSync Era,2025-12-08,ETH,6.1,0.07818000923458286,0.04528464065558678,0.04525,1.2396204773784723,0.015887465634233863,0.00919653999327322,0.009195545344487847,27327
Arbitrum One,2025-12-09,ETH,0.25371,0.018769280426875715,0.010000000102467474,0.01,0.052663999089203134,0.003896044173683813,0.0020757557491606423,0.0020757557482638887,3597141
Base,2025-12-09,ETH,1440.675482505,0.017505195364577363,0.0015128224092933202,0.0002,299.0490451098522,0.0036475041086937994,0.0003255201891176877,4.153950312104855e-05,12733473
Optimism,2025-12-09,ETH,82.485317013,0.005288303426671899,0.00011841569851301255,3.74e-07,17.121951902101262,0.0011149708724791972,4.467396381536293e-05,1.0283227494248999e-07,1416728
Polygon PoS,2025-12-09,POL,2804281.853514738,89.35460809154571,35.82023435819623,25.000000149,22.815350159474956,0.0007269799465471468,0.0002910894966132796,0.00020339744261849873,6323793
zkSync Era,2025-12-09,ETH,3,0.06588425721148335,0.04543181807256911,0.04525,0.6227267244791668,0.013675962562690954,0.009456982593886405,0.009392794760894097,29333
Arbitrum One,2025-12-10,ETH,1.874022,0.031998759898604255,0.01000000008081465,0.01,0.40624988693522185,0.006936680887880488,0.002167797136644667,0.0021677967864583325,3630724
Base,2025-12-10,ETH,1002.828858891,0.023152863266444664,0.0016276603205313475,0.0002,217.39292109831953,0.005028435137015006,0.0003625187147978665,4.338019228567937e-05,12848016
Optimism,2025-12-10,ETH,45.120235367,0.005192274380590134,0.00010665084719844156,3.44e-07,9.781152474072016,0.0011358770597534316,3.838617170682257e-05,1.2796083870976722e-07,1488972
Polygon PoS,2025-12-10,POL,756502.511606967,72.31273320820556,46.32124450634137,25.00017119,6.176195606605876,0.0005903715827637841,0.00037822731571005973,0.00020410500308859882,6684945
zkSync Era,2025-12-10,ETH,1.5,0.06894872259352604,0.04609843288763449,0.04525,0.32516951796875,0.014946681926868866,0.009983951247653318,0.009809280458723958,24903
Arbitrum One,2025-12-11,ETH,0.181279,0.01743300304600761,0.010000000961211973,0.01,0.03784467122082743,0.0036393971097966452,0.002087648674974622,0.0020876478368055547,3606378
Base,2025-12-11,ETH,2939.805683641,0.0169113175016402,0.0019607117888934375,0.0002,613.7279043563603,0.0035373623467438668,0.0004166204649666022,4.176375786770197e-05,13998905
Optimism,2025-12-11,ETH,48.897851164,0.004333358790987751,0.00010244310997852459,3.47e-07,10.208158856412533,0.0009129061212539875,3.241099425118987e-05,9.863120514729409e-08,1665754
Polygon PoS,2025-12-11,POL,6989619.675623177,111.83016842196538,73.84690161360277,25.000000063,54.63550164813277,0.0008741387421176902,0.0005775294430930545,0.00019541657601328312,8125704
zkSync Era,2025-12-11,ETH,6.1,0.06824788650542249,0.04531712440549243,0.04525,1.2734651804513892,0.01424775526296611,0.00945268372383426,0.009446606461545139,22533
Arbitrum One,2025-12-12,ETH,0.388021,0.019059771564808443,0.010000000000545161,0.01,0.08037535052613942,0.003948074512638067,0.002071417539930556,0.0020714175399305554,2915873
Base,2025-12-12,ETH,596.122192552,0.01465860524777934,0.0016668659570965802,0.0002,123.48180096966975,0.0030414919368870353,0.0003505223068595863,4.143717556508041e-05,14321326
Optimism,2025-12-12,ETH,44.002550148,0.003793268310999532,9.570659254065015e-05,3.5e-07,9.114766485573373,0.0007918668692867122,2.277748786738761e-05,9.131762067613208e-08,1681231
Polygon PoS,2025-12-12,POL,516969.146731791,150.57512309729924,36.56169458099617,25.000000088,4.0466920717718216,0.001178660584864716,0.0002859984708053506,0.00019569311397008975,6460685
zkSync Era,2025-12-12,ETH,6.1,0.06300262058398891,0.04542273820076148,0.04525,1.2635646993576393,0.013050473333927634,0.009377952765141868,0.009373164368185763,21887
Arbitrum One,2025-12-13,ETH,0.023334,0.01010771340654813,0.01,0.01,0.004710480162320834,0.0020404638505165506,0.0020187195347222226,0.0020187195347222218,2765939
Base,2025-12-13,ETH,1049.398197434,0.006630614185296392,0.0011991027781361094,0.0002,211.84406536778906,0.0013404578764326018,0.00024445980205665475,4.0377869294090585e-05,11382824
Optimism,2025-12-13,ETH,13.950739987,0.0024915120111376836,7.007796697092781e-05,3.8e-07,2.816264911651002,0.0005052482745372025,1.6844511029566418e-05,9.888723303367883e-08,1507955
Polygon PoS,2025-12-13,POL,697967.821097575,108.95617084069029,35.144620851761466,25.000000064,5.470799027597677,0.0008540183307428874,0.0002753080001868655,0.00019595455822733808,5047836
zkSync Era,2025-12-13,ETH,6.1,0.052064737244182695,0.04525,0.04525,1.2314189161805555,0.010510410214502962,0.009134705894618057,0.009134705894618055,28898
Arbitrum One,2025-12-14,ETH,0.086629,0.010952546547089903,0.01,0.01,0.017462869697794446,0.002207839097887621,0.0020158226111111114,0.002015822611111111,2026786
Base,2025-12-14,ETH,688.990306837,0.011190489791493386,0.0014960294725103302,0.0002,138.88822431660725,0.0022580112243491698,0.0003019205197875045,4.0321319015868934e-05,12395797
Optimism,2025-12-14,ETH,316.833607124,0.0034412095650174384,7.953590099058631e-05,3.82e-07,63.868035523013,0.0006962759894197949,1.8830126990562916e-05,9.061033087744939e-08,1710004
Polygon PoS,2025-12-14,POL,2522270.304363929,55.523941608007235,35.61679605575577,25.000000123,19.485466962282466,0.00042894289638452,0.0002752783600684966,0.0001931342075474425,5093479
zkSync Era,2025-12-14,ETH,10,0.06393781901247773,0.04525590841329061,0.04525,2.015822611111111,0.01288873012704682,0.009121597315277778,0.009121597315277776,18987
Arbitrum One,2025-12-15,ETH,0.885156,0.032140443152127,0.010000000360950074,0.01,0.1763316433871417,0.006402687390928313,0.001992102144724675,0.001992096798611111,3285944
Base,2025-12-15,ETH,2107.375077281,0.017770161957428962,0.001918642668771048,0.0002,419.8095170748838,0.003545071608010709,0.0003806994515726289,3.9846638648923274e-05,13989243
Optimism,2025-12-15,ETH,1453.002629934,0.005574875007703251,9.29382040493131e-05,3.99e-07,289.45219101550896,0.0011171924897968935,2.0976386179133492e-05,9.028135296404369e-08,2002143
Polygon PoS,2025-12-15,POL,999789.368592347,85.89796948105908,36.00241723575931,25.000000244,7.606218734471123,0.0006534963915847177,0.0002746043203856373,0.00019019553137019726,5701561
zkSync Era,2025-12-15,ETH,3,0.7535499708797977,1.04525,0.04525,0.5976290395833334,0.15011444845800162,0.2082239178748264,0.009014238013715276,81793
Arbitrum One,2025-12-16,ETH,0.250395,0.014957941680948201,0.01,0.01,0.04788673234965885,0.002860628006857952,0.001912447626736111,0.0019124476267361103,3254974
Base,2025-12-16,ETH,4443.692655325,0.0175262471485336,0.002127835765315595,0.0002,849.8329481754992,0.0033539892614222115,0.00040643555015962307,3.825901816987385e-05,14109539
Optimism,2025-12-16,ETH,50,0.004734334763980131,9.041914965395976e-05,6.41e-07,9.562238654782476,0.0009081405032499999,1.945798873710515e-05,1.5179561949214752e-07,2231342
Polygon PoS,2025-12-16,POL,8400000,141.64156958620617,57.152408051873756,32.20594753,61.38128397916669,0.0010350168340506984,0.0004173722432435807,0.00023533838228060377,6454686
zkSync Era,2025-12-16,ETH,6.1,0.6997766801375304,1.0452429669875545,0.04525,1.1665930523090282,0.13382862511709054,0.19987281677765917,0.008653825510980904,86938
Arbitrum One,2025-12-17,ETH,1.233381,0.04617180686185628,0.010000000435534818,0.01,0.23299951474521044,0.008722372562670543,0.0018891122430555558,0.0018891122430555554,2652143
Base,2025-12-17,ETH,3160.200804531,0.023381669794400126,0.0025120312625114914,0.000240663,596.9974035117249,0.004420833769353421,0.0004760345130416363,4.553719914249004e-05,14832495
Optimism,2025-12-17,ETH,81.329752363,0.005345408563986558,8.862939870970868e-05,5.19e-07,15.364105293474383,0.0010149882947157235,1.8867891285414106e-05,1.1905590227269737e-07,2135161
Polygon PoS,2025-12-17,POL,8400000,145.21715148672126,60.08804600393671,25.000000082,60.44734149999998,0.0010449988985208464,0.0004313056728395046,0.00017990280267341446,6125605
zkSync Era,2025-12-17,ETH,6.1,0.7708511186465441,1.04525,0.04525,1.1523584682638888,0.1456224285807635,0.19745945720538194,0.008548232899826388,79199
Arbitrum One,2025-12-18,ETH,0.848209,0.032088260175599494,0.01000009225835951,0.01,0.1573065972148712,0.0059510038431174195,0.001854581117992532,0.0018545735451388884,2798733
Base,2025-12-18,ETH,1841.668721866,0.026593355976902072,0.003372552148472048,0.0005,341.5510092384,0.004935159537642227,0.0006250560109675591,9.274516694559218e-05,14275995
Optimism,2025-12-18,ETH,192.673860442,0.0049058015060153845,9.775265551096572e-05,3.11e-07,35.73278810263048,0.0009142804116721125,2.0104210067173704e-05,8.806774631146447e-08,2120505
Polygon PoS,2025-12-18,POL,1483829.956054997,71.49759714703974,34.9884024496294,25.000000119,10.300360419576506,0.0004963176654730498,0.00024336170829912615,0.00017354347825662255,7854680
zkSync Era,2025-12-18,ETH,3,0.2692154314061452,0.049940853277165825,0.04525,0.5563720635416669,0.049927981702911045,0.009236809770367038,0.008391945291753473,32238
Arbitrum One,2025-12-19,ETH,0.240274,0.016842369092189183,0.010000000009056369,0.01,0.04593486958942014,0.0032198740930232147,0.0019117702951388887,0.0019117702951388883,2607186
Base,2025-12-19,ETH,1197.329130397,0.022171264933222603,0.002318606229075885,0.0005,228.90182840121528,0.0042445635515706535,0.0004493161866315858,9.559619766119816e-05,14032459
Optimism,2025-12-19,ETH,154.804759568,0.004705219055211311,9.578470403704277e-05,3.7e-07,29.59511601304552,0.000906291258330791,2.017277265086309e-05,8.474158042295834e-08,1899595
Polygon PoS,2025-12-19,POL,784898.195052184,142.83489892112138,84.9602460206948,25.303761233,5.441639119782139,0.000990263423382724,0.0005876601939457781,0.00017542904018777236,6004316
zkSync Era,2025-12-19,ETH,1.04525,0.07147729537812603,0.045493887470995586,0.04525,0.19982779009939233,0.013664817008082994,0.00868206332792583,0.008650760585503469,21188
Arbitrum One,2025-12-20,ETH,0.021386,0.010055452913707475,0.01,0.01,0.004144194421484724,0.0019485528790093613,0.0019378071736111118,0.0019378071736111113,1717963
Base,2025-12-20,ETH,1468.687836011,0.0107058333835979,0.0015276076311858719,0.0005,284.6033826602983,0.0020758600413030366,0.0002979195525441546,9.689644090891657e-05,10358559
Optimism,2025-12-20,ETH,237.748978436,0.0033826284288461287,6.248058792753005e-05,3.5e-07,46.07116930097935,0.0006569591870441972,1.4610900650760166e-05,7.291458110955821e-08,1614668
Polygon PoS,2025-12-20,POL,8434086.462015562,108.0591983393405,70.53246769552209,25.155366099,60.395791778206046,0.0007738029331350947,0.0005058045146448833,0.0001801354847216818,6514554
zkSync Era,2025-12-20,ETH,6.1,0.05750413446802834,0.045253773140427854,0.04525,1.1820623759027775,0.011143192428442212,0.008769276538386064,0.008768577460590274,15700
Arbitrum One,2025-12-21,ETH,0.043388,0.010488873236154501,0.01,0.01,0.008413323096921528,0.0020338867764913746,0.0019390898628472225,0.001939089862847222,1955179
Base,2025-12-21,ETH,864.768569609,0.010632681933837347,0.001815581328868792,0.0005,167.68639715093587,0.0020631230940532266,0.0003541294162929722,9.69584233627131e-05,11330727
Optimism,2025-12-21,ETH,200.581276348,0.0034310563544923196,4.7806271788053654e-05,6.47e-07,38.894512248020526,0.000666714996793824,1.0986208531197817e-05,1.3948674035985419e-07,1503855
Polygon PoS,2025-12-21,POL,758727.867309096,116.9906234863889,49.135679568050435,25.000000392,5.354469198657865,0.0008256223568159179,0.00034717134305073096,0.000176429175509465,5700402
zkSync Era,2025-12-21,ETH,6.1,0.05882065543080731,0.045278022817745886,0.04525,1.1828448163368062,0.011405853667191749,0.008774500997444463,0.008774381629383684,17147
Arbitrum One,2025-12-22,ETH,0.196699,0.015867859277277605,0.010000011209079507,0.01,0.03870246044203454,0.0031221571842187097,0.0019676111719696154,0.001967598230902777,2493947
Base,2025-12-22,ETH,858.350521054,0.020999742244951713,0.0017274272970816903,0.0005,168.88889693701685,0.004133575240420843,0.0003408861923535752,9.838759150995437e-05,12829553
Optimism,2025-12-22,ETH,49.664439773,0.004013489973086363,5.9436478327980135e-05,4.76e-07,9.77196715229812,0.0007915162715015913,1.3227132513745391e-05,1.014803609108543e-07,1678031
Polygon PoS,2025-12-22,POL,597187.52941427,196.9449226828708,76.80681594085742,25.000003564,4.197967570262313,0.001384436810596859,0.000539196788553044,0.00017573910882072487,6769303
zkSync Era,2025-12-22,ETH,6.1,0.06881460376650406,0.04596428594879261,0.04525,1.2002349208506946,0.013539949263129708,0.009037392108926862,0.008903381994835069,24983
Arbitrum One,2025-12-23,ETH,0.168253,0.01909207244700309,0.012135083262752134,0.01,0.0324476192966408,0.00368190937662066,0.0023389011391777605,0.0019285016788194436,2635209
Base,2025-12-23,ETH,686.236637105,0.015340103650404694,0.0015674022118778873,0.0005,132.34085159991048,0.0029602580124492724,0.00030390162210488044,9.64286671709629e-05,11772986
Optimism,2025-12-23,ETH,118.426892932,0.003144120682346285,6.550334052850718e-05,4.12e-07,22.838646616370532,0.0006087234276281579,1.5096088353397004e-05,9.078849767161411e-08,1756973
Polygon PoS,2025-12-23,POL,5521082.119952521,267.53513556996757,149.2723974216726,25.000231614,38.224742573806836,0.0018522567613427294,0.0010321251986620452,0.00017308697769177818,6881552
zkSync Era,2025-12-23,ETH,6.1,0.063650437638392,0.04544615765787784,0.04525,1.176386024079861,0.012274997584326288,0.008731636132230455,0.008726470096657982,21192
Arbitrum One,2025-12-24,ETH,0.268077,0.054777596811184597,0.05728473343550599,0.01,0.051201062328988536,0.010462184926575108,0.010943742565786401,0.0019099386493055552,2531846
Base,2025-12-24,ETH,905.388409803,0.012177702685608902,0.0015386221229288192,0.0005,172.923632186892,0.002327399505809193,0.000294582922847814,9.550002780425224e-05,10553360
Optimism,2025-12-24,ETH,172.761896544,0.0031837151036217294,7.376239954345518e-05,4.75e-07,32.99646281570789,0.0006099855256888048,1.5951815937197527e-05,1.0779436621345386e-07,1876528
Polygon PoS,2025-12-24,POL,4134421.138040353,116.80077908987242,73.65913020349385,25.000000117,28.359389450505844,0.0008011759498458348,0.0005045930065842066,0.00017148343526434795,6609720
zkSync Era,2025-12-24,ETH,6.1,0.06414364917071579,0.04525517797521179,0.04525,1.1650625760763889,0.012251043465866201,0.008642474092079216,0.008642472388107636,16390
Arbitrum One,2025-12-25,ETH,0.417321,0.14198857672860266,0.14586430474108464,0.01,0.0797493272785625,0.027133773462980123,0.02814611343326694,0.001910982847222222,2119028
Base,2025-12-25,ETH,533.086492276,0.01075533681127531,0.001540367459205303,0.0005,101.87191736647698,0.0020568317714395982,0.0002961179939630984,9.55514717728114e-05,10399217
Optimism,2025-12-25,ETH,85.20105869,0.00225902825755456,6.709526599125815e-05,4.62e-07,16.281776358240194,0.0004336475777054322,1.4913665699478236e-05,1.0210221370705889e-07,2213174
Polygon PoS,2025-12-25,POL,1500000,79.96118486221548,39.685329240005856,25.000000108,10.283457369791666,0.0005481849571790813,0.00027288675942393006,0.00017139095690360336,6299048
zkSync Era,2025-12-25,ETH,6.1,0.06054165268570507,0.045278740221243605,0.04525,1.1656995368055556,0.011569405982487228,0.008647255886413938,0.008647197383680553,17754
Arbitrum One,2025-12-26,ETH,0.34481,0.020447504283208146,0.01,0.01,0.06604999161147743,0.003916816468146387,0.0019155474496527776,0.0019155474496527771,2227883
Base,2025-12-26,ETH,454.911362609,0.012544891017730033,0.001541474405079151,0.0005,87.14043061478803,0.002405587736491029,0.00029731887109336685,9.578007352118482e-05,10241451
Optimism,2025-12-26,ETH,10,0.002538315467164476,6.643031394424636e-05,4.36e-07,1.915549839708923,0.0004891997432835607,1.536963132902345e-05,1.353005310439604e-07,1891274
Polygon PoS,2025-12-26,POL,1050441.071405417,238.5651829395967,49.839323958363835,25.000000702,7.108572191887799,0.0016144245227655643,0.00033891486051309335,0.0001691806562262872,6705944
zkSync Era,2025-12-26,ETH,6.1,0.06508927690002687,0.04526454677822833,0.04525,1.1684839442881947,0.012468159836558057,0.008668131557561971,0.00866785220967882,18516
Arbitrum One,2025-12-27,ETH,0.025383,0.010069311896075591,0.01,0.01,0.004834472373845831,0.0019178115346972213,0.0019046103194444437,0.0019046103194444435,1755200
Base,2025-12-27,ETH,318.335575832,0.006848609711767458,0.0015087606131254597,0.0005,60.63052377833533,0.0013056571656504907,0.0002891412393992479,9.523305165458492e-05,9140192
Optimism,2025-12-27,ETH,85.692853229,0.0028586568497392865,3.874076354904314e-05,3.57e-07,16.321149553528755,0.0005459131531011255,9.437487684278033e-06,8.031509506933431e-08,1466078
Polygon PoS,2025-12-27,POL,726192.647849632,171.40400989613047,94.50356103494646,25.002037874,4.944160324810098,0.0011669753305148982,0.0006442361730537849,0.00017022216358437463,6882923
zkSync Era,2025-12-27,ETH,6.1,0.058958438915333956,0.0452697436207562,0.04525,1.1618122948611116,0.011229285117645456,0.008620552042359994,0.008618361695486113,17031
Arbitrum One,2025-12-28,ETH,0.027607,0.010052370609392531,0.01,0.01,0.005280102214720485,0.001922611812867863,0.0019125954340277775,0.0019125954340277773,1808721
Base,2025-12-28,ETH,3636.001755512,0.009495091342636442,0.001700247981580368,0.0005,695.4200361757312,0.0018172477114504369,0.0003258514214222366,9.563409971051274e-05,9657516
Optimism,2025-12-28,ETH,24.474557046,0.0022051082078636884,4.2764756467379174e-05,4.29e-07,4.6809930413299945,0.00042330007430387104,1.0103081297426171e-05,9.684141583057272e-08,1638853
Polygon PoS,2025-12-28,POL,1391094.52900793,85.73022605457517,61.06038370533377,25.040940906,9.726075672798927,0.0005993975597385196,0.0004264249247459842,0.00017507802747490625,6766090
zkSync Era,2025-12-28,ETH,6.1,0.058833399791139725,0.045250040978809,0.04525,1.1666832147569446,0.011252449180883242,0.008654499033999466,0.008654494338975693,16968
Arbitrum One,2025-12-29,ETH,0.095156,0.012704599950680283,0.01,0.01,0.018354864258358337,0.002450620113831388,0.0019289234791666668,0.0019289234791666663,2413075
Base,2025-12-29,ETH,526.37174733,0.018332619756435055,0.0023165066391467926,0.0005,101.53308398365775,0.003539374225189626,0.00045168583583009953,9.645430330324105e-05,11269639
Optimism,2025-12-29,ETH,20.103857518,0.0031963743181389528,7.368878574084723e-05,5.18e-07,3.8778811023815876,0.0006200842783044498,1.7691950120741222e-05,1.310623551817613e-07,1787103
Polygon PoS,2025-12-29,POL,2178784.899902931,497.94895077397456,322.26239770503736,25.536598966,15.087167391731954,0.003448086671244579,0.002236453247532965,0.00017683018788717316,6348757
zkSync Era,2025-12-29,ETH,10,0.06677929826940256,0.045273227468788646,0.04525,1.9289234791666676,0.01288121563541276,0.00877553508517084,0.008728378743229168,19706
Arbitrum One,2025-12-30,ETH,0.074695,0.011440106385143402,0.01,0.01,0.014384738512895833,0.002203131921949783,0.0019257967083333332,0.0019257967083333328,2470091
Base,2025-12-30,ETH,1075.660495613,0.011843291929773956,0.0017386778662210772,0.0005,207.1503457549291,0.002283474149874821,0.00033731792236094506,9.629222023375898e-05,10927110
Optimism,2025-12-30,ETH,87.698308623,0.0036314741886835527,4.51941140748049e-05,5.05e-07,16.888913114773565,0.0007023615041788958,1.2294599606282194e-05,1.1513670891971435e-07,1694557
Polygon PoS,2025-12-30,POL,4500372.491888069,733.900909586603,567.6652974013766,29.162592465,30.307135526303355,0.004942354076203794,0.0038293543725334807,0.00019639144175914817,6574971
zkSync Era,2025-12-30,ETH,10,0.06425313149053738,0.04525224291415048,0.04525,1.9257967083333338,0.012373846912457371,0.008714421711290662,0.008714230105208335,20153
Arbitrum One,2025-12-31,ETH,0.070456,0.010435769744767348,0.01,0.01,0.013634044335816673,0.0020194411743307654,0.0019351147291666673,0.0019351147291666669,2318601
Base,2025-12-31,ETH,787.205821278,0.00954876724264831,0.0016857292301980928,0.0005,152.33335857898257,0.001850701213189968,0.0003284313789059593,9.676238489960471e-05,11266239
Optimism,2025-12-31,ETH,50.53056767,0.0027722928175455954,5.8281598170128765e-05,4.4e-07,9.778247013446556,0.0005400013249734129,1.4197741079559711e-05,1.1104542571330469e-07,2118907
Polygon PoS,2025-12-31,POL,2410443.921393993,506.96438747989555,319.9005858300149,25.000057367,15.981025045297692,0.0033611280069543448,0.002119870430799081,0.00016574811775121257,6281360
zkSync Era,2025-12-31,ETH,1.04525,0.06427766631354853,0.045255611632035814,0.04525,0.20226786706614586,0.012438465883982189,0.008759099621104981,0.008756394149479166,18791
Arbitrum One,2026-01-01,ETH,0.017589,0.010039896162140521,0.01,0.01,0.003409912258952605,0.0019463963273590947,0.0019386618107638893,0.001938661810763889,1911172
Base,2026-01-01,ETH,423.044563892,0.008123747450109235,0.0018529326290584,0.0005,82.01403540868453,0.0015767495968836544,0.0003625509859152136,9.694063158166414e-05,10600159
Optimism,2026-01-01,ETH,414.515540875,0.0028881773404860465,4.778135898485219e-05,1.001e-06,80.360546945649,0.0005620639694055872,1.166848223657796e-05,2.3046825635024177e-07,2136534
Polygon PoS,2026-01-01,POL,1486332.413372802,90.74502256311199,47.83814121225991,25.000016801,9.78015800820077,0.0005971077876926956,0.0003141674292915682,0.0001645016365932722,5632351
zkSync Era,2026-01-01,ETH,7.01,0.05850920666987773,0.045270293776773704,0.04525,1.3590019293454858,0.011342956454896951,0.008788469024186807,0.008772444693706595,15897
Arbitrum One,2026-01-02,ETH,0.253355,0.014909192168040642,0.01,0.01,0.05039309402079514,0.0029654844889535257,0.0019890309652777784,0.001989030965277778,2357879
Base,2026-01-02,ETH,1110.413193914,0.019439953810745713,0.0032884577079427863,0.0005,220.8646281996016,0.003870739815141008,0.0006549329417295071,9.947932002483474e-05,10652438
Optimism,2026-01-02,ETH,44.974256548,0.0030405014748526157,6.945139030299576e-05,1.143e-06,8.945519603853333,0.0006088049701357451,1.685430201736678e-05,2.621788197151203e-07,1940139
Polygon PoS,2026-01-02,POL,15206973.147529745,694.05072296648,229.7481087050159,25.00115678,108.02632640088372,0.004930353280075724,0.001655950608544889,0.00017760162371001936,5719246
zkSync Era,2026-01-02,ETH,6.1,0.06550906472649681,0.04525774344693806,0.04525,1.2133088888194445,0.01302995582474148,0.009001980463368642,0.009000365117881944,21924
Arbitrum One,2026-01-03,ETH,0.019577,0.010052123025321895,0.01,0.01,0.003957926250409897,0.002032260386897561,0.002021722557291667,0.0020217225572916665,1874614
Base,2026-01-03,ETH,593.622333448,0.013851527169755552,0.003092101629078008,0.00085348,120.01396700212706,0.00280252230146699,0.0006278245332912187,0.00017259288955674058,9153115
Optimism,2026-01-03,ETH,26.03543,0.0024088228647780098,3.368819794912519e-05,1.587e-06,5.263649464934172,0.0004890477946038105,1.0075401357436163e-05,3.7919516088620957e-07,1797718
Polygon PoS,2026-01-03,POL,649619.047619047,607.1679887130811,492.8636210487273,29.824854061,4.816263878536701,0.0045015324950223885,0.003656903551267232,0.00022112092898615194,5527787
zkSync Era,2026-01-03,ETH,7.01,0.06172004683580813,0.045251420423771796,0.04525,1.4172275126614584,0.012478081092508884,0.009149229122643026,0.00914829457174479,17181
Arbitrum One,2026-01-04,ETH,0.06531,0.010446591638504582,0.01,0.01,0.013334123015755211,0.0021328454754731435,0.0020416663628472225,0.002041666362847222,2169896
Base,2026-01-04,ETH,825.064154495,0.01699828198570089,0.0040560832330747395,0.00106936,168.45057447670462,0.0034722634020144093,0.0008288987351774121,0.00021839722770280006,9497599
Optimism,2026-01-04,ETH,51.22443904,0.0026204305894934788,7.164707417795534e-05,1.005e-06,10.458322375447644,0.0005368835883501761,1.6979148696829024e-05,2.346666367581136e-07,1805109
Polygon PoS,2026-01-04,POL,2231441.807019845,733.2588509279163,624.1417077617124,38.205723294,17.306225051021787,0.005686880408393841,0.004836035508277022,0.0002963092487928587,5885947
zkSync Era,2026-01-04,ETH,6.1,0.0598524930183689,0.04525,0.04525,1.2454164813368058,0.012219882172813022,0.009238540291892923,0.009238540291883679,19324
Arbitrum One,2026-01-05,ETH,0.052754,0.012441959147959772,0.01,0.01,0.010923564746322225,0.002576307888005837,0.0020706609444444447,0.002070660944444444,2611253
Base,2026-01-05,ETH,2429.182788134,0.025826011472194575,0.005312917618774459,0.001484258,503.0013935784227,0.005352100897170674,0.0011080945459377193,0.000307439538195298,10699052
Optimism,2026-01-05,ETH,64.628039234,0.003109612910143365,8.987173443884006e-05,9.64e-07,13.382276746092387,0.0006483836447282789,2.1110113215529185e-05,2.712326702577734e-07,2080247
Polygon PoS,2026-01-05,POL,2621959.739839417,2359.010639418097,1815.6430314108338,326.533254498,20.82403965388992,0.018735654233271913,0.014432578304432798,0.0025933813310178946,5956376
zkSync Era,2026-01-05,ETH,6.1,0.06366417557008784,0.045278755938503557,0.04525,1.2631031761111113,0.013182692191327774,0.00937218744109337,0.009369740773611109,22803
Arbitrum One,2026-01-06,ETH,0.155372,0.01603939020851323,0.01,0.01,0.03270760901653194,0.0033764777682171836,0.0021051160451388885,0.002105116045138888,2486609
Base,2026-01-06,ETH,1157.160087205,0.02262102757445519,0.004928152238249798,0.001979126,243.59562974646911,0.004770232185736015,0.001045794773487814,0.0004167103963657847,10546305
Optimism,2026-01-06,ETH,132.233314505,0.003248327195521862,9.131213886935544e-05,1.69e-06,27.83665020098427,0.0006946861986044218,2.2197580459033515e-05,3.9173535449474265e-07,2294060
Polygon PoS,2026-01-06,POL,11370520.066768955,2153.306866609412,1408.9175862138488,100.750000051,93.68624507429367,0.017741953194815845,0.011562082410996195,0.0008301193912492025,5391651
zkSync Era,2026-01-06,ETH,7.01,0.06892031740957555,0.04526049102035455,0.04525,1.475686347642361,0.014508526601496163,0.00952619826800368,0.009525650104253469,39843
Arbitrum One,2026-01-07,ETH,0.10244,0.012961743337723163,0.01,0.01,0.021362311261145836,0.0027029753579426406,0.0020853486197916667,0.0020853486197916662,2521925
Base,2026-01-07,ETH,1004.091885949,0.020840253844723416,0.0040572493451150726,0.000670048,209.38816588806426,0.00434955006474809,0.0008504131820613568,0.0001400299105104312,10058436
Optimism,2026-01-07,ETH,69.852331291,0.003049146076011604,5.189668134116946e-05,1.063e-06,14.566647198601432,0.000639845322714111,1.6645523072455742e-05,2.351967049164673e-07,2255498
Polygon PoS,2026-01-07,POL,166050351.0218125,820.8580609943372,535.9582758852322,116.89,1372.2955316801863,0.006783845034439122,0.0044429492525677175,0.000966017980154861,6096586
zkSync Era,2026-01-07,ETH,6.1,0.0694255225330193,0.045308427269978316,0.04525,1.272062658072917,0.014477641759259786,0.009480057303450194,0.009436202504557291,21856
Arbitrum One,2026-01-08,ETH,0.17494,0.015505899751559494,0.010000180631891094,0.01,0.03550740554625694,0.003147217736585711,0.0020297803521492257,0.002029690496527777,2590215
Base,2026-01-08,ETH,1701.792896176,0.022206892662563323,0.004494544872927027,0.001574045,345.4112881006035,0.004511401906944378,0.0009185698059644066,0.0003195754617947198,10608373
Optimism,2026-01-08,ETH,241.434729565,0.003453269094359853,6.004708020448447e-05,1.059e-06,49.003779909180395,0.000705269252004347,1.7042398622535836e-05,2.3879688195827644e-07,2241547
Polygon PoS,2026-01-08,POL,1511461.468723,1081.0099200228397,960.1793984220083,266.841422522,12.817020958659864,0.009166840894169706,0.008122621580124962,0.0022627848449174575,5812096
zkSync Era,2026-01-08,ETH,7.01,0.07403910605581167,0.04525,0.04525,1.4228130380659723,0.015027646993290327,0.00918465954560849,0.009184349496788192,24000
Arbitrum One,2026-01-09,ETH,0.032406,0.02015701851581615,0.020049335256060282,0.02,0.006529225720130209,0.004061276422102538,0.004039711849945841,0.00402964001736111,2161449
Base,2026-01-09,ETH,1050.049171086,0.027407724552792834,0.004597433027090172,0.000982373,211.56601269935902,0.005524760748342887,0.0009308135251326712,0.00019796412974356037,10698215
Optimism,2026-01-09,ETH,20.66568035,0.00250152786413417,6.011292978700578e-05,7.49e-07,4.163764782820133,0.0005074852165028329,1.6363906134824264e-05,1.8960126832258291e-07,2474706
Polygon PoS,2026-01-09,POL,1423212.973236002,776.1686501600888,604.6768763776789,31.063764968,13.636103507892207,0.007436635452457262,0.005811489169305428,0.0002976284803569191,6255817
zkSync Era,2026-01-09,ETH,7.01,0.07125527325106312,0.04544850678385057,0.04525,1.4123888260850694,0.014356655027023916,0.00911755995371514,0.009117060539279513,19345
Arbitrum One,2026-01-10,ETH,0.022104,0.020056897413183245,0.02002596280384493,0.02,0.004437634406400001,0.004026654815703657,0.0040204570426913225,0.004015232,1512075
Base,2026-01-10,ETH,900.255590481,0.007891264848639805,0.002220519315539649,0.0005,180.7367535715013,0.0015854640004787778,0.00044709940196153557,0.00010038993802667283,8698732
Optimism,2026-01-10,ETH,54.183279194,0.0018046452787901586,2.4065718482012676e-05,7.05e-07,10.87792400452475,0.00036384570387662984,7.242266255199309e-06,1.8164791510846481e-07,2100103
Polygon PoS,2026-01-10,POL,207542.052022705,385.0004237293262,226.85114205477046,58.359858821,2.3046356842999987,0.004275209319507701,0.00251230699768787,0.0006480528252407979,6095428
zkSync Era,2026-01-10,ETH,6.1,0.062009395440733917,0.04525037343286032,0.04525,1.2246457599999998,0.012449105443715427,0.009084462400079893,0.009084462399999998,17185
Arbitrum One,2026-01-11,ETH,0.024574,0.020074528135687053,0.020028759736156303,0.02,0.004961517567405207,0.004053069260299014,0.004043849780579095,0.004038021947916665,1562606
Base,2026-01-11,ETH,785.957814261,0.011487293951926136,0.0021014788490213297,0.0005,158.68574610485746,0.0023205793265303268,0.00042570208862581326,0.00010095309562790802,8542036
Optimism,2026-01-11,ETH,11.925538544,0.002120672254959189,2.8823969294505877e-05,6.91e-07,2.4077819211984823,0.00042967934054434037,8.141507484218969e-06,1.54176009572575e-07,1889891
Polygon PoS,2026-01-11,POL,383432.676276501,385.61907731938845,301.1267553447824,55.82367741,4.278113506344016,0.004302508067398884,0.0033847797095636917,0.0006228473551620164,5975373
zkSync Era,2026-01-11,ETH,7.01,0.06493481084605732,0.04525,0.04525,1.4153266927447914,0.013110409569007815,0.009137032828684674,0.009136024657161455,17091
Arbitrum One,2026-01-12,ETH,0.026384,0.02012152003737473,0.020052024121299278,0.02,0.005353354527263888,0.004082687628393532,0.004068646698446611,0.004058031024305553,2309559
Base,2026-01-12,ETH,1740.507850138,0.01957397879927263,0.003282560012758747,0.000745476,353.15174517020034,0.003974097870345189,0.0006702929437468439,0.00015132976134683824,9664525
Optimism,2026-01-12,ETH,21.065470116,0.002684392202972308,7.80837587570259e-05,1.054e-06,4.274218066934744,0.000547547945787552,1.870545795715512e-05,2.6106500229273223e-07,2326357
Polygon PoS,2026-01-12,POL,2895460.45795204,553.3436736195558,560.0774355525808,84.578902215,29.375027398483052,0.005613782612264875,0.005686111678456189,0.0008580699360185828,6266913
zkSync Era,2026-01-12,ETH,7.01,0.06644359758639837,0.04534173889248791,0.04525,1.4223398740190976,0.013481509018605198,0.009185698544134507,0.00918129519249132,18552
Arbitrum One,2026-01-13,ETH,0.201476,0.0212492119331022,0.020056637185249842,0.02,0.04135946492971944,0.004362087969443055,0.00411718522610676,0.004105646819444443,2063302
Base,2026-01-13,ETH,1178.353643219,0.0284866455800069,0.004560780949208546,0.000783389,241.8952033273447,0.005853062625490141,0.000943327948875449,0.00016090493412111446,9789205
Optimism,2026-01-13,ETH,177.806725928,0.004550336954575931,9.37816739526496e-05,5.65e-07,36.50058411117847,0.0009394077949983494,2.2115294639093936e-05,1.5299455901650459e-07,2201983
Polygon PoS,2026-01-13,POL,165796.236425433,688.8865400417426,565.5294616058168,96.827619246,1.6564688740593352,0.006882659920032591,0.0056495630884306584,0.0009674039706106599,6047510
zkSync Era,2026-01-13,ETH,6.1,0.07062232700469058,0.0455590380578837,0.04525,1.2522222799305558,0.014497516612433667,0.009341747862919669,0.009289025928993055,23369
Arbitrum One,2026-01-14,ETH,0.029688,0.020125929740785222,0.02004708687059425,0.02,0.006438152575725,0.0043645178657884115,0.004347495855683344,0.004337208687499999,1961451
Base,2026-01-14,ETH,619.295965961,0.025365517830344273,0.006149550403135859,0.00085178,134.30079315748267,0.005507475704020047,0.001343661167830529,0.00018481564469901218,9550535
Optimism,2026-01-14,ETH,66.4403516,0.002841175924622936,8.599112166529283e-05,2.526e-06,14.408285425794633,0.0006236334389393464,2.3200230874313182e-05,6.414016590825905e-07,2482944
Polygon PoS,2026-01-14,POL,1153857.690607912,652.1022735772536,601.5979064083335,97.61468928,11.912044101702032,0.0067320875918241655,0.006213868162351036,0.0010077416765881088,6207156
zkSync Era,2026-01-14,ETH,3,0.06381981750909285,0.04525088582399013,0.04525,0.650581303125,0.013839993346758091,0.009813423059019956,0.009812934655468746,21968
Arbitrum One,2026-01-15,ETH,0.026196,0.020126069220472685,0.020049763204722765,0.02,0.005659994611564585,0.004348505242781226,0.0043319929141791,0.004321266309027778,2038732
Base,2026-01-15,ETH,777.009414257,0.026197644005995536,0.006092884056394229,0.001306797,167.88323159726608,0.005668313834454938,0.0013239419560920778,0.00028244396844611075,9774494
Optimism,2026-01-15,ETH,59.425028573,0.0029641488872304577,5.114987373999903e-05,1.709e-06,12.839576935336815,0.0006476022351084435,1.833634203637416e-05,4.085080031761783e-07,2137651
Polygon PoS,2026-01-15,POL,1542870.253660414,593.6151279592377,567.5592387093338,93.882734572,15.44823428293563,0.005943666065797058,0.005684781043447769,0.0009400158408330636,6025808
zkSync Era,2026-01-15,ETH,6,0.06745667329462034,0.045289393475140965,0.04525,1.2963798927083336,0.014574912481358096,0.009785832904946501,0.009776865024175348,21257
Arbitrum One,2026-01-16,ETH,0.028114,0.0200926002357623,0.020036006171414503,0.02,0.00602517946276007,0.004306093842711229,0.004293811862547638,0.004286248461805555,1675395
Base,2026-01-16,ETH,706.809481814,0.021975157502508343,0.006737322568353817,0.001752642,151.47805434614108,0.004712041526616838,0.0014434621280070168,0.00037565553487376184,8418152
Optimism,2026-01-16,ETH,47.808368968,0.002867440868596248,3.233270775838107e-05,9.22e-07,10.24592776553022,0.0006173643068839885,1.0978129567601591e-05,2.0806741210767628e-07,2193134
Polygon PoS,2026-01-16,POL,661119.0093414,516.3678468897891,486.6258669410642,118.111096234,6.25761903315847,0.004887521340563997,0.004605294042088322,0.001117944323757031,5893173
zkSync Era,2026-01-16,ETH,6.1,0.06724142363733672,0.045420059596658575,0.04525,1.307305780850695,0.014410672431756628,0.00969782782828475,0.009697637144835071,19895
Arbitrum One,2026-01-17,ETH,0.022584,0.02006162222605469,0.020028107819982537,0.02,0.004847540378470834,0.004306124858238811,0.004299017554641802,0.004292897961805555,1506430
Base,2026-01-17,ETH,2834.585151856,0.013517897428736844,0.003850885796773802,0.001625244,608.4292454609687,0.002903199561205819,0.0008290922239768353,0.00034894651557014917,8257765
Optimism,2026-01-17,ETH,17.446521203,0.0022208463632514895,3.859140775783105e-05,6.29e-07,3.7448072360292284,0.00047863474698178684,1.1890385772554195e-05,1.5105524401471154e-07,2128173
Polygon PoS,2026-01-17,POL,754825.341425213,382.31534876793984,320.74908111306496,93.491887945,7.175501672081365,0.0036343565508373155,0.0030689590407343096,0.0008887502332774529,5711618
zkSync Era,2026-01-17,ETH,3,0.05985244398488447,0.04525139190525866,0.04525,0.6439346942708335,0.012847021739586803,0.009712681638585073,0.00971268163858507,16668
Arbitrum One,2026-01-18,ETH,0.034388,0.020106480193439212,0.02002800183317744,0.02,0.007430427523810416,0.004344531343384375,0.004327718281229894,0.004321523510416665,1461940
Base,2026-01-18,ETH,269.521250334,0.015418864155535091,0.00483614976466549,0.001741618,58.237121864982605,0.0033329645742360098,0.0010433090882725651,0.00037633350165393184,7855674
Optimism,2026-01-18,ETH,33,0.0024644238333625446,0.00010135724216994231,6.36e-07,7.130518005378027,0.0005340448299001622,2.240459665560487e-05,1.6477914001831034e-07,1957753
Polygon PoS,2026-01-18,POL,5058082.546036792,308.6729475840669,194.19906160237727,69.163513478,47.13967034823895,0.0028767306310438193,0.0018066983086649576,0.0006445812609431435,5689282
zkSync Era,2026-01-18,ETH,4.525,0.7352880326996251,1.04525,0.04525,0.9777446942317706,0.15887822601208557,0.22585362246315097,0.009777446942317705,58359
Arbitrum One,2026-01-19,ETH,0.313438,0.024677032329452356,0.020055722925448046,0.02,0.065447929566342,0.005152727728624165,0.0041876395195338915,0.004176132413194443,1888711
Base,2026-01-19,ETH,1666.666666666,0.02540856291887824,0.004322634510499736,0.000513731,348.011058394657,0.0053098092925058255,0.0009022679457404449,0.00010869070587650253,8747669
Optimism,2026-01-19,ETH,172.704354148,0.0042765193744907165,5.713648104075064e-05,9.23e-07,36.061816052559685,0.0008983813723829994,1.5683911562184455e-05,2.4532773766824074e-07,2183894
Polygon PoS,2026-01-19,POL,1763785.714285714,292.499604892296,200.59099811512885,34.055169819,15.625163630732883,0.002591218508773158,0.0017809708014571656,0.0003016906172810025,6097155
zkSync Era,2026-01-19,ETH,6.1,0.796316698985318,1.04525,0.04525,1.2737203860243056,0.16627619888976466,0.2182551202445746,0.009448499584852428,77629
Arbitrum One,2026-01-20,ETH,0.453846,0.024490896168735322,0.020095384552755707,0.02,0.09093390764715835,0.0049070673541332975,0.004025595728782714,0.004007258305555555,2376789
Base,2026-01-20,ETH,6461.250266271,0.04138719237715154,0.007935958691608952,0.001519766,1294.594940335205,0.00829945329213379,0.001594911021277493,0.0003045981503569626,11357674
Optimism,2026-01-20,ETH,112.584383299,0.0039026961657317697,8.242874746588569e-05,9.13e-07,22.557737342388037,0.0007881665274134113,1.9915409503832284e-05,2.1675164600408867e-07,2374385
Polygon PoS,2026-01-20,POL,485933.11682709,474.6302083335743,177.22027683649296,25.996790914,4.1895334626905925,0.004092084016008485,0.001529017684734045,0.00022413460141990869,6025584
zkSync Era,2026-01-20,ETH,6.1,0.6677350686608504,1.0415664493632835,0.04525,1.2222137831944448,0.13378934499000067,0.20655618435675735,0.009066421916319447,58284
Arbitrum One,2026-01-21,ETH,0.111342,0.021380166521202906,0.020309994698437497,0.02,0.021487342152317717,0.004126052642440451,0.00392027934845398,0.003859701128472222,2488572
Base,2026-01-21,ETH,9024.639911301,0.03593409775937073,0.006577407623103675,0.001728918,1741.6206987800433,0.0069458737025561955,0.0012826950184286216,0.00033376549434051446,11305237
Optimism,2026-01-21,ETH,207.218994575,0.003766616470878377,9.151942932934824e-05,8.61e-07,39.99017091439929,0.0007371438250323758,2.1149340781760277e-05,1.8342117099632512e-07,2456350
Polygon PoS,2026-01-21,POL,304756.222420097,427.94899876096446,329.11251757735124,55.528097572,2.661008495192844,0.0037366781625296137,0.002866036296361464,0.00048484896612645864,6078677
zkSync Era,2026-01-21,ETH,1.04525,0.06943539885606756,0.04619804867612506,0.04525,0.20171763022677955,0.013399994366038415,0.008861135686708694,0.008732573803168402,23117
Arbitrum One,2026-01-22,ETH,0.025476,0.020111181155424165,0.02004210024696868,0.02,0.004938210930331251,0.003898306429721704,0.003885111780032522,0.003876755322916666,1867275
Base,2026-01-22,ETH,1044.857077985,0.023720174648949086,0.00519922277294234,0.000823537,202.5327674780717,0.004602155520910113,0.0010156811845835755,0.00015978830654168741,9719194
Optimism,2026-01-22,ETH,37.394749865,0.0027720139489518614,6.3867506319674e-05,1.863e-06,7.2485430984053565,0.0005411633211289774,1.633161593691901e-05,4.811713197337762e-07,2221609
Polygon PoS,2026-01-22,POL,6438013.32,576.4735023541444,498.2820287052234,106.078575219,56.11670771391799,0.005024810205957478,0.004337002702665977,0.0009246300223985071,6028992
zkSync Era,2026-01-22,ETH,6.1,0.0640217363767376,0.04537785195492235,0.04525,1.182410373489584,0.01240983036404794,0.008809062199763969,0.00877115891809896,20125
Arbitrum One,2026-01-23,ETH,0.03138,0.020150640301684942,0.02004856781552285,0.02,0.006017821458593752,0.0038643389296337733,0.003844762159724895,0.003835450260416667,2006045
Base,2026-01-23,ETH,1388.07805653,0.023929455195439483,0.0052608147192951624,0.001,266.19521858368705,0.0045922609424673,0.001011839375416471,0.00019179983316515187,8866395
Optimism,2026-01-23,ETH,45.969453194,0.002792612964513941,0.00010052474266506466,1.1061e-05,8.815682707979327,0.0005387211090703743,2.114154624789546e-05,2.2195537070814395e-06,2029359
Polygon PoS,2026-01-23,POL,311794.514955307,420.03071146027713,345.00142751804066,54.864634261,2.663096485498476,0.003587562506196213,0.0029550344384228766,0.000468609316939305,5968026
zkSync Era,2026-01-23,ETH,6.1,0.06899502484500483,0.045656053778922304,0.04525,1.169812329427083,0.013231349300463968,0.008740440700680925,0.008677706214192706,19008
Arbitrum One,2026-01-24,ETH,0.03218,0.0205090354438465,0.020051771888569363,0.02,0.006185998300850696,0.00394247540111008,0.0038547513432616006,0.0038446229340277777,1393246
Base,2026-01-24,ETH,336.734690568,0.009165619207864009,0.0031055189524579244,0.001,64.73089800974824,0.001764127699062613,0.000598767632257829,0.00019223808412610066,7682887
Optimism,2026-01-24,ETH,6.13518192,0.0017480366795218903,3.540316079289095e-05,1.013e-06,1.1793737123615364,0.0003382388704366823,9.517774004504226e-06,2.5650291479793493e-07,1905453
Polygon PoS,2026-01-24,POL,3035448.042995045,230.57108756305593,132.17246049795622,26.598245534,25.065852135961894,0.0019039893636199343,0.0010851309688282,0.0002196406198319967,5646891
zkSync Era,2026-01-24,ETH,6.1,0.06185810538159866,0.04525,0.04525,1.1726099948784725,0.011891054530278361,0.00869845938823785,0.008698459388237849,13931
Arbitrum One,2026-01-25,ETH,0.248794,0.023550023857997295,0.020072077743232802,0.02,0.04700155081822328,0.00444901260935627,0.0037920438862166584,0.003778350829861111,2104116
Base,2026-01-25,ETH,3159.063178349,0.05476135240415515,0.011287570099909546,0.001054111,596.8024497297336,0.010349041159200607,0.002142495521304948,0.00019925003927421533,9963040
Optimism,2026-01-25,ETH,43.334802699,0.00274581165851814,5.266779893195323e-05,1.394e-06,8.186706608154962,0.0005219011789690265,1.3001004996230248e-05,3.0744900391346976e-07,2219541
Polygon PoS,2026-01-25,POL,616527.997433,283.3432205514836,163.764939324504,27.101173406,4.905950692371448,0.0022546711176638294,0.0013078120968313786,0.00021565447309583572,5731614
zkSync Era,2026-01-25,ETH,1.04525,0.0584993590192592,0.04525121005361769,0.04525,0.19746606024561636,0.011051555084835431,0.008602564612004872,0.008548518752560762,17708
Arbitrum One,2026-01-26,ETH,0.03043,0.020162218602568522,0.020062493151816265,0.02,0.005724855476234376,0.0037931576595466882,0.0037741023147897386,0.0037626391562499994,2943808
Base,2026-01-26,ETH,940.612189501,0.026432625865809294,0.004530813244987449,0.001,176.95921463304032,0.00497701277124154,0.0008562207806365336,0.00018814637945100681,8258594
Optimism,2026-01-26,ETH,36.828856387,0.0029258116510044864,8.137945161924318e-05,2.496e-06,6.9286900757911445,0.0005552406703882954,1.8268258684063206e-05,4.84932083951671e-07,2260135
Polygon PoS,2026-01-26,POL,1196864.96072771,462.50353675126024,395.82414974519713,46.123406361,9.417167356808886,0.0036390681919992486,0.0031091657844515967,0.0003629079729291672,6006722
zkSync Era,2026-01-26,ETH,6.1,0.07179312651173322,0.04535980425835954,0.04525,1.1476049426562502,0.013506581448139644,0.008512973284679934,0.008512971091015623,23185
Arbitrum One,2026-01-27,ETH,0.034908,0.020241992553532394,0.020051418650974956,0.02,0.006682182357093752,0.003874776140530451,0.00383819133999675,0.0038284532812499993,2221457
Base,2026-01-27,ETH,641.690613257,0.02271878038843855,0.003820018449924198,0.001,122.8341273682326,0.0043528765114749,0.0007317340910500936,0.0001914446310793154,9708358
Optimism,2026-01-27,ETH,43.723621656,0.0030828227276470605,6.256370040646148e-05,1.052e-06,8.369696068008269,0.000594096929264848,1.5484545986946924e-05,2.898681241562834e-07,2051731
Polygon PoS,2026-01-27,POL,676688.64983,431.663258839939,244.6998384198902,34.14214693,5.201658142060919,0.0033181651643446335,0.001885950258332552,0.0002624482863876776,5880538
zkSync Era,2026-01-27,ETH,6.1,0.0678771818519966,0.04548034756186919,0.04525,1.1676782507812502,0.012993230979163984,0.008711039924107126,0.008661875548828123,18176
Arbitrum One,2026-01-28,ETH,0.02696,0.02011436065428276,0.020048150797182154,0.02,0.005276371316847222,0.003936603694842986,0.00392378574083073,0.003914222045138888,2304373
Base,2026-01-28,ETH,503,0.025439270138966595,0.004221852509584782,0.001,98.44268742379136,0.004983272215090651,0.0008317620667839971,0.0001957417321259854,10024036
Optimism,2026-01-28,ETH,55.709988652,0.003963987827760752,6.287881506878738e-05,8.19e-07,10.903072001931076,0.0007798068984588518,1.592352167709702e-05,2.598052587873618e-07,2079195
Polygon PoS,2026-01-28,POL,362569.804687626,667.1677135951562,573.1534849061643,74.708757963,2.8010406614818426,0.005154218221282795,0.0044345894095185814,0.0005771640829369655,5950299
zkSync Era,2026-01-28,ETH,6.1,0.06774934885576686,0.045251267572605336,0.04525,1.1938377237673614,0.013259299741758115,0.008855928339824548,0.008855927377126736,19324
Arbitrum One,2026-01-29,ETH,0.152432,0.02237871807680955,0.020234286957912025,0.02,0.028735095731766667,0.0042186326118622865,0.003814918488361002,0.0037702182916666653,3094279
Base,2026-01-29,ETH,9483.141213941,0.07056799074908743,0.007655367206578113,0.001,1787.6756454255421,0.013331768140500251,0.0014457137417896917,0.0001885146527431618,11532387
Optimism,2026-01-29,ETH,108.892109663,0.0040596600542433,7.472478524446592e-05,1.324e-06,20.52746336276346,0.0007845714907219846,1.9282288293464143e-05,3.0090293167041593e-07,2314719
Polygon PoS,2026-01-29,POL,3295641.914821598,982.402704082926,655.4830324852662,26.706238141,24.669560223736195,0.007353785180161719,0.004902422801035074,0.00019990981034858705,6188436
zkSync Era,2026-01-29,ETH,7.01,0.07050410693615235,0.04551209155974023,0.04525,1.3214615112291666,0.013290793680416978,0.008583043093039486,0.008530118884895832,23061
Arbitrum One,2026-01-30,ETH,1.216786,0.027850928172472908,0.02023866529450027,0.02,0.2160803400849347,0.004945847528808458,0.003594291907388173,0.00355165723611111,4452457
Base,2026-01-30,ETH,4673.459688444,0.1126596833927228,0.02004825978633527,0.001112211,829.9263508545313,0.02002797763752504,0.003598269362535805,0.0001975464785655992,11470850
Optimism,2026-01-30,ETH,163.557041056,0.004401661728995878,9.359816654606007e-05,3.63e-07,29.044928452355634,0.0008013058824321842,2.318499096627707e-05,7.481470574311962e-08,2369248
Polygon PoS,2026-01-30,POL,3000000,1173.1506760679124,839.875279609852,64.448069349,21.691661197916666,0.00848252899979068,0.006075521462163625,0.0004659952283927819,6335020
zkSync Era,2026-01-30,ETH,7.01,0.07300842657040851,0.04528613891471327,0.04525,1.2448558612569447,0.01296504532629729,0.008035994928003175,0.008035624496701388,25486
Arbitrum One,2026-01-31,ETH,2.163368,0.06758003836951332,0.02273860183852507,0.02,0.36254971490891114,0.011325453480126839,0.003844070518197131,0.00335171561111111,4879501
Base,2026-01-31,ETH,7599.155409473,0.24794834701276264,0.028134100241877597,0.001162364,1273.5104665801202,0.04162970341576377,0.004718471978083191,0.0002121549937377831,12457976
Optimism,2026-01-31,ETH,799.508347039,0.011086024017038587,0.00011136583102935171,5.76e-07,133.98623511409374,0.0019290916093010163,3.289368111271099e-05,1.4135148768392069e-07,2741933
Polygon PoS,2026-01-31,POL,1407823.168917077,1409.2963613892705,900.1495701462278,210.592563523,9.808732572905065,0.00981899675331294,0.006260661818481018,0.0014672624964885052,6236748
zkSync Era,2026-01-31,ETH,7.01,0.07566865151852487,0.045681778601878276,0.04525,1.1747763216944451,0.012680990028319768,0.007592084671226999,0.007583256570138892,28443
Arbitrum One,2026-02-01,ETH,0.454458,0.02454216873299726,0.020087855074659756,0.02,0.07036258439685315,0.003799802003166753,0.0031104790914561285,0.003096549489583333,3542864
Base,2026-02-01,ETH,1908.680954149,0.10894945717718962,0.01934597509353693,0.00498496,295.5162524886863,0.01687912583130527,0.0029929414480079197,0.0007723183820386542,11016743
Optimism,2026-02-01,ETH,120.000001683,0.0036906853358756662,0.00010428092336210584,1.284e-06,18.57930424899857,0.0005838397840858202,2.206042867017707e-05,2.3678601235975766e-07,2480448
Polygon PoS,2026-02-01,POL,1136640.650832374,1078.6029204878555,794.663328265149,224.934706877,7.766541621999973,0.007369976139288255,0.005435039327703062,0.0015369543240541885,6034089
zkSync Era,2026-02-01,ETH,93.209665657,0.07554385742884712,0.04525,0.04525,14.431417130720826,0.011696264658133011,0.007005945311145673,0.0070059432201822905,116488
Arbitrum One,2026-02-02,ETH,0.344748,0.02506324248884346,0.02023397039520559,0.02,0.05147600967377918,0.003742315293524365,0.0030212270964531237,0.002986297798611111,4115113
Base,2026-02-02,ETH,8218.07515443,0.10862477280987665,0.012426858319302665,0.001087736,1227.0809886040988,0.016233026879688476,0.0018924652177799046,0.00016269958978048048,12244037
Optimism,2026-02-02,ETH,503.799674034,0.007057257671312319,0.00011446660853973524,4.81e-07,75.22480963955651,0.001068224730216537,2.7856696574526113e-05,2.039082306551195e-07,2417933
Polygon PoS,2026-02-02,POL,714285.714285714,1143.9581920081687,831.3358068948203,296.512421348,4.951099007936507,0.007929390377401467,0.005757339708002489,0.0020552872972477085,6692036
zkSync Era,2026-02-02,ETH,6.1,0.0902061523131864,0.046549392460111576,0.04525,0.9108208285763889,0.013469121703699247,0.006947578861606986,0.006756498769357637,45601
Arbitrum One,2026-02-03,ETH,0.171792,0.023214563220716435,0.02025348801891372,0.02,0.025517253146450005,0.0034481925024875547,0.0030096168509977416,0.0029707149513888884,5171596
Base,2026-02-03,ETH,6241.919651178,0.13459075063368556,0.009552668814851912,0.002,927.1482076752956,0.02000816574971278,0.0014299268546324804,0.0002970989414601614,11968577
Optimism,2026-02-03,ETH,518.848052313,0.009425428568218267,0.00010536667627033707,1.765e-06,77.0674864240483,0.0014174512178310678,2.1533058040948592e-05,3.301456304702709e-07,2449937
Polygon PoS,2026-02-03,POL,2770825.631059241,1089.2235781089141,812.2053063463231,351.747428122,20.25073488732899,0.007960651751615,0.005935414817681766,0.0025707658520090168,6684168
zkSync Era,2026-02-03,ETH,6.1,0.08703109420482634,0.046783416485407237,0.04525,0.9060680601736113,0.012927228639497763,0.006813890393337379,0.006721242577517361,40014
Arbitrum One,2026-02-04,ETH,0.121446,0.021760879986066083,0.020446186714834037,0.02,0.01747163869327501,0.0031305949373709647,0.0029411259971514974,0.0028772686944444448,5725743
Base,2026-02-04,ETH,6640.624229697,0.11616849061993008,0.016998600962987293,0.002104157,955.3430188529317,0.016724789531484235,0.00244136448235921,0.00030293425196827907,11964333
Optimism,2026-02-04,ETH,519.902176509,0.005893085081164169,0.0001383062458920448,4.187e-06,74.79492004251634,0.0008579886536900182,2.839863323617285e-05,6.703380226398002e-07,2228666
Polygon PoS,2026-02-04,POL,800010,1142.5436874227087,834.8736285082518,215.955046359,5.621885967140625,0.008028962541926712,0.0058684825196249745,0.0015175743361443797,6425003
zkSync Era,2026-02-04,ETH,7.01,0.09547831841280169,0.0476466162960243,0.04525,1.0084826774027782,0.013735838828367146,0.006883931811660289,0.006509820421180556,34794
Arbitrum One,2026-02-05,ETH,0.581416,0.037336192355924024,0.027311294200771417,0.02,0.07693143839829861,0.004940226932620441,0.0036007354561086186,0.002646347482638888,9390457
Base,2026-02-05,ETH,7487.038023047,0.40602815866587744,0.09352924574094912,0.002354573,990.6652370404287,0.05379493034351567,0.012616153981087272,0.0003118644446738321,19593333
Optimism,2026-02-05,ETH,1024.386975524,0.015470426928786815,0.0006613089398643516,3.71e-07,135.5442013779506,0.002164198932333464,0.00013617740708077032,8.442672480006335e-08,3780461
Polygon PoS,2026-02-05,POL,2147211.354238254,1295.2993381831764,882.2586296955881,299.423895176,14.131063341423237,0.008524525057973934,0.00579531045335547,0.0019705456662736315,7223501
zkSync Era,2026-02-05,ETH,6.1,0.09237248531210845,0.04787448421036004,0.04525,0.8071359822048608,0.012222484698532175,0.006322518194800977,0.005987361179470482,48476
Arbitrum One,2026-02-06,ETH,0.730008,0.034600609779879075,0.024237795314369575,0.021248,0.09304213292725001,0.004409971581822967,0.003090204350210217,0.0027081336648888885,6170935
Base,2026-02-06,ETH,15023.651519964,0.13767735511256407,0.010738445020126858,0.002,1914.8182494601012,0.017580494256378736,0.001374498181729358,0.0002552093036634388,13444005
Optimism,2026-02-06,ETH,666.395359175,0.012872915247674031,0.0003659895611422379,1.3365e-05,84.93471463908381,0.0016834474517700834,5.61447782671952e-05,1.7533201124054888e-06,2433740
Polygon PoS,2026-02-06,POL,1628671.579222858,1180.3238033726866,832.6079719416683,270,10.146503258518472,0.00735332983629673,0.00518481352524274,0.00168207999375,7081281
zkSync Era,2026-02-06,ETH,7.01,0.09452042585893612,0.04858281316313487,0.04525,0.8934495948263886,0.012046966645716839,0.006188483175141688,0.005767274488715276,51976
Arbitrum One,2026-02-07,ETH,0.454524,0.02579466073089196,0.02011048984713509,0.02,0.06081743333783545,0.003451446039094309,0.0026907338783038943,0.002676093378472223,4472656
Base,2026-02-07,ETH,6640.308596298,0.09906427155009605,0.006458743306943852,0.002,888.5042964514284,0.013259003795014794,0.0008673016073822416,0.00026769168870202794,10443620
Optimism,2026-02-07,ETH,490.372061448,0.009477966530918093,0.000300990188423119,4.1324e-05,65.61407660484407,0.001271932942234718,4.4459081771904334e-05,5.685534379356415e-06,2721766
Polygon PoS,2026-02-07,POL,478681.640986667,1165.874551520473,701.8214533123877,41.929656612,3.011872663664775,0.007335701623628357,0.00442361125001,0.00026382208075962396,6270398
zkSync Era,2026-02-07,ETH,1.1,0.0879673625684257,0.048063139634604485,0.04525,0.14718513581597226,0.01177044382455433,0.006432659826069592,0.006054661268793403,29395
Arbitrum One,2026-02-08,ETH,0.028148,0.0201182525784848,0.020066547669745558,0.02,0.0038447035606506944,0.0027479294202991016,0.002740910755699854,0.002731777434027777,4017373
Base,2026-02-08,ETH,2233.610975116,0.03890113038027713,0.006667566508285976,0.002,305.08640337759664,0.005315198514009779,0.0009117153102541543,0.0002731833322232707,9709319
Optimism,2026-02-08,ETH,52.133632985,0.0019856928369136146,4.893824919529504e-05,1.0953e-05,7.120877464796362,0.00027324918851585374,9.83246746007123e-06,1.5650303901169521e-06,3065075
Polygon PoS,2026-02-08,POL,689218.340629176,936.4206069478147,732.0886874346871,135.8277929,4.336442179173649,0.0058917959346655325,0.004599952443986079,0.000854604898787119,6073162
zkSync Era,2026-02-08,ETH,7.01,0.08433455509417451,0.04636589888722706,0.04525,0.9574879906267361,0.011519161725753119,0.006356823733976204,0.0061806464444878455,20777
Arbitrum One,2026-02-09,ETH,0.03601,0.020152741985623137,0.020079325850897743,0.02,0.004863885735425348,0.0027220392744680883,0.002712176303660727,0.002701408350694444,4112829
Base,2026-02-09,ETH,2988.014224916,0.03974287922652488,0.004257247683065414,0.002,403.59233155842446,0.0053718819033983685,0.0005790576385002713,0.0002701458681124171,9694560
Optimism,2026-02-09,ETH,121.260736047,0.002886913149374088,9.535513923109067e-05,4.455e-06,16.378740412497812,0.0003930628356840259,1.522585383370297e-05,6.434528267765e-07,2597204
Polygon PoS,2026-02-09,POL,1427603.637013,978.2080681294833,765.0030936173579,95.311837632,8.777798297313714,0.006014633818677583,0.004707917409263407,0.0005860366731976827,6414846
zkSync Era,2026-02-09,ETH,1.1,0.07477381530433484,0.04573677866604569,0.04525,0.14857745928819446,0.01009973045382214,0.006145941807739226,0.006111936393446179,28450
Arbitrum One,2026-02-10,ETH,0.0323,0.020148966229528633,0.02007645491308337,0.02,0.004273702542777779,0.002665965579241353,0.002656311113766575,0.002646255444444444,4474057
Base,2026-02-10,ETH,1990.616407669,0.03419604665991457,0.005086041513384273,0.002,263.383975874482,0.004527240547742497,0.0006765541456962286,0.0002646392970832559,11033351
Optimism,2026-02-10,ETH,218.125240451,0.003387301004552761,8.558007912268855e-05,9.541e-06,28.860757183828547,0.00044989321443773144,1.3219186676064712e-05,1.3103273449240704e-06,2254226
Polygon PoS,2026-02-10,POL,21125027.337824583,981.004395431561,782.2936815701828,163.317892639,125.7361462108043,0.005838937395198974,0.004654300864972131,0.0009720679693952245,6808121
zkSync Era,2026-02-10,ETH,2.2806,0.06848820488872895,0.04525462663742165,0.04525,0.30175250832999995,0.00906186425335147,0.0059877068095338165,0.005987152943055554,22390
Arbitrum One,2026-02-11,ETH,0.14648,0.02069892069554412,0.020102041588937358,0.02,0.01869547028320834,0.002641835450287264,0.0025657376615633725,0.0025526311145833334,4567171
Base,2026-02-11,ETH,3336.212879807,0.04597450786769555,0.007062158244697865,0.002,425.80604043546833,0.005871534180265897,0.0009039474422850542,0.0002553521131739617,11438918
Optimism,2026-02-11,ETH,53.558669413,0.004401662241974429,0.00015050865118003886,3.116e-06,6.835787552332878,0.0005649124404054096,2.1330510650645454e-05,4.492998303018165e-07,2454573
Polygon PoS,2026-02-11,POL,1020710.728805477,1020.4801078939536,821.7140256928917,251.552424344,5.869097730610384,0.005867771657874743,0.004722613307276874,0.0014464291607620343,7063395
zkSync Era,2026-02-11,ETH,1.1,0.07951209274108735,0.04673415794468834,0.04525,0.14039471130208334,0.010148252095828134,0.00598116559313607,0.005775327896744791,25891
Arbitrum One,2026-02-12,ETH,0.028722,0.020139237127643567,0.020078904336914727,0.02,0.0036522502666000004,0.0025608778695271066,0.002553184130247927,0.002543172666666666,4413315
Base,2026-02-12,ETH,4389.169809587,0.031624712935540415,0.0052441845315734925,0.002,558.1208463399045,0.0040282399748022,0.0006725118829621566,0.00025433559336961886,11811430
Optimism,2026-02-12,ETH,162.282264771,0.003232697103233506,4.735652031599176e-05,3.434e-06,20.63559175683111,0.0004154201778131747,9.706346279372348e-06,5.12443615095937e-07,2441796
Polygon PoS,2026-02-12,POL,1870867.009234,1209.4046391439892,850.5021379568195,184.157287208,11.127224750130415,0.007193091313911968,0.005061931286945338,0.001095299406116917,7292674
zkSync Era,2026-02-12,ETH,8.505,0.0807367620512144,0.04681709847298088,0.04525,1.0814841765,0.0102663763221912,0.005932889709309572,0.005753928158333332,22719
Arbitrum One,2026-02-13,ETH,0.025658,0.020108526190428907,0.020062482963801302,0.02,0.0033159343792024303,0.0025987432110829403,0.002592869191665175,0.0025847177326388873,3687988
Base,2026-02-13,ETH,4850.181912551,0.041386462512310915,0.006447095233858401,0.00222963,626.8175643857132,0.005351223729571967,0.0008319653318891412,0.0002881863897927385,10808882
Optimism,2026-02-13,ETH,145.625698033,0.0024979305225818825,2.4480157452285896e-05,1.181e-06,18.820066596851305,0.00032499659949259866,5.595300495459057e-06,1.6969020644780902e-07,2301182
Polygon PoS,2026-02-13,POL,608925.047972,1318.7177080031308,763.1047860975352,300,3.8420706600628147,0.008320575137610427,0.004810229729263934,0.0018928786093749996,7794306
zkSync Era,2026-02-13,ETH,1.1,0.07829180905673382,0.04676650530312649,0.04525,0.14215947529513887,0.010118111359470378,0.005990755764448411,0.005847923870095483,23698
Arbitrum One,2026-02-14,ETH,0.036656,0.020101810421869298,0.02005662186630651,0.02,0.004939374789158334,0.002708707322518732,0.002702607996483847,0.002694988427083333,3453890
Base,2026-02-14,ETH,3157.757083027,0.029564331951641726,0.005461771813620364,0.002,425.5059401808111,0.003985162035215479,0.0007367740166991603,0.0002695050923102599,10302698
Optimism,2026-02-14,ETH,29.817316305,0.0021232134879750728,1.6823314949327616e-05,5.65e-07,4.017866750220534,0.00028712037263995484,3.863749906022532e-06,8.960121363324985e-08,1955014
Polygon PoS,2026-02-14,POL,2222895.093312098,1676.5395789606582,911.9272724615116,290.138864372,15.304996870893035,0.01154324965092657,0.006291693462148671,0.0019976536115887925,8288226
zkSync Era,2026-02-14,ETH,1.1,0.08008016693809096,0.04613296302443724,0.04525,0.14822436348958334,0.010790756156856696,0.0062658551006917395,0.006097411316276041,17432
Arbitrum One,2026-02-15,ETH,0.047006,0.02019053428865794,0.020078814452033893,0.02,0.006200444026607641,0.002663282936735243,0.0026486154156002287,0.002638150034722222,5273303
Base,2026-02-15,ETH,3850.218478673,0.03799933579771745,0.005632336076749075,0.002,507.8727061914896,0.005013520363215803,0.0007444834739571621,0.0002638192688357739,10695582
Optimism,2026-02-15,ETH,85.227008584,0.002936686574998635,2.3306006839487974e-05,8.45e-07,11.242086169869676,0.00038821583322231967,4.364679303752237e-06,1.2942072117953835e-07,2207007
Polygon PoS,2026-02-15,POL,316905.466993,1241.4180369519759,709.7869552911033,175.5,2.234234962413402,0.008752198589208893,0.005003855552907968,0.0012373034760937499,8492031
zkSync Era,2026-02-15,ETH,1.1,0.07358687930475401,0.04623572802731297,0.04525,0.14509825190972223,0.009706661409647033,0.00599870260449289,0.0059688144535590265,21121
Arbitrum One,2026-02-16,ETH,0.02603,0.020106375316178027,0.02005755614397692,0.02,0.0033413090948836805,0.002580930261586486,0.002574736821278473,0.0025672755243055546,3735597
Base,2026-02-16,ETH,2839.841428977,0.029509129328967737,0.005704676575948083,0.002,364.53277042448775,0.003789073722293619,0.0007332121006981036,0.0002567335985293202,9919775
Optimism,2026-02-16,ETH,49.994914753,0.002360926160085923,3.431281364976496e-05,7.94e-07,6.417536355325069,0.000304048593216225,5.779501491908354e-06,1.3669926902212505e-07,2227910
Polygon PoS,2026-02-16,POL,3500000,832.5008418741422,532.6062765643205,128.637898653,24.263765251736107,0.005771315714030544,0.0036900401780034526,0.000891782792969432,8639204
zkSync Era,2026-02-16,ETH,1.04525,0.07421381944655155,0.04668393837537812,0.04525,0.13417223708901913,0.009526366111517933,0.0059628355493450665,0.005808460873741318,17664
Arbitrum One,2026-02-17,ETH,0.027214,0.020117408926578758,0.02005968374245676,0.02,0.0035110399310097234,0.0025954665264088365,0.002588056522696733,0.002580318902777778,3934073
Base,2026-02-17,ETH,1121.398994461,0.050661507432700495,0.01551591688873245,0.002,144.67835162692973,0.006538140842660319,0.0020041197358564855,0.0002580395129054772,10859399
Optimism,2026-02-17,ETH,163.370858705,0.0028148853776170848,8.8035209383292e-05,3.68e-06,21.077446484607428,0.00036477730103515166,1.232126416350597e-05,5.42685792988001e-07,2018950
Polygon PoS,2026-02-17,POL,2321307.702361347,793.4320495426567,497.1056130539839,111.004142096,16.244894236294638,0.005552568371437921,0.0034786564085331206,0.0007768252982169435,9376167
zkSync Era,2026-02-17,ETH,1.1,0.0754474106146552,0.04551879305881801,0.04525,0.14191753965277787,0.009733918988733782,0.005907688794840579,0.005837971517534723,18672
Arbitrum One,2026-02-18,ETH,0.04609,0.02017034357668066,0.020069502415993038,0.02,0.005936948240685764,0.002598183680008432,0.0025851256928498094,0.002576241371527777,4283527
Base,2026-02-18,ETH,2130.116955837,0.03283524434517929,0.009897596720911353,0.002,274.38477257356277,0.004232350858999346,0.0012851908398363592,0.000257629918429155,12468054
Optimism,2026-02-18,ETH,547.538376014,0.0042159969226060875,5.3336930932320704e-05,1.108e-06,70.52955170118366,0.0005452933124224392,9.294159345441985e-06,1.66887706688386e-07,2313864
Polygon PoS,2026-02-18,POL,1904761.904761904,816.5297607313815,504.0254675892028,129.725046778,13.549332109788352,0.005808302275479636,0.003586964593640094,0.0009227860644202999,8891062
zkSync Era,2026-02-18,ETH,1.04525,0.0680949687897189,0.04527747628380953,0.04525,0.13464081467947048,0.0087714537894482,0.005829558198299074,0.005828746103081594,18766
Arbitrum One,2026-02-19,ETH,0.036522,0.02012986131852611,0.020061218747565432,0.02,0.004637283000025001,0.0025559351537503892,0.0025472351432457487,0.0025394463611111114,4130660
Base,2026-02-19,ETH,1599.754956072,0.03311053016368605,0.007866048010225234,0.002,203.124595945943,0.004206635277689066,0.0010000259789317563,0.0002539533701497235,11667309
Optimism,2026-02-19,ETH,104.820153552,0.003592121648997138,0.000282383272868457,2.7537e-05,13.309258192796866,0.0004580987515980849,3.6624795178295436e-05,3.5759584823896124e-06,2460530
Polygon PoS,2026-02-19,POL,786542.244374147,1045.666111976779,597.5001093129305,155.83,5.432188916206178,0.00722180646260449,0.0041172960844933415,0.001076226998444271,9143638
zkSync Era,2026-02-19,ETH,1.04525,0.0733482220521434,0.045553036870397016,0.04525,0.13271781544756944,0.00931319377921479,0.005747816294005082,0.005745497392013887,18139
Arbitrum One,2026-02-20,ETH,0.078364,0.020297646147646287,0.020066008491924123,0.02,0.009974503347936113,0.0025835707653384084,0.002554178542603367,0.002545685097222222,4220280
Base,2026-02-20,ETH,1531.87694403,0.035520493634302486,0.008626070450235519,0.005,194.98381728063046,0.004523381280205638,0.0011019268237276027,0.0006364273963918543,11071052
Optimism,2026-02-20,ETH,94.975174248,0.003209643467128444,0.0001444719184433742,1.174e-06,12.088848804872741,0.0004104106698621054,2.0040536735968843e-05,1.5579249219010054e-07,2455528
Polygon PoS,2026-02-20,POL,1571911.829311903,593.3655270117899,393.65223603549254,61.672862157,10.790485823325044,0.004073194302553996,0.0026983884437433957,0.0004233571707901066,8766233
zkSync Era,2026-02-20,ETH,1.04525,0.06282419272956856,0.04525,0.04525,0.13304386739357638,0.007996530558838583,0.0057596125324652775,0.005759612532465277,21389
Arbitrum One,2026-02-21,ETH,0.054674,0.02014390039685432,0.020050076584266798,0.02,0.007019729589645138,0.0025863250112794366,0.0025742722366446503,0.002567849284722221,3991360
Base,2026-02-21,ETH,1658.755545979,0.025957648798525506,0.007596698152114437,0.005,212.97171293697946,0.0033340350378181292,0.0009751551760830655,0.0006419666212057943,9529860
Optimism,2026-02-21,ETH,1515.724423117,0.0030154776138538045,2.007365942948071e-05,4.4e-07,194.60759421754014,0.00038836784801576794,4.2511138785027196e-06,6.183724565754935e-08,2127953
Polygon PoS,2026-02-21,POL,13311575.87684716,421.58864179376684,230.71973690922897,61.849684929,95.22154088033973,0.00301574512744767,0.0016453231038135495,0.0004424286317705168,7622046
zkSync Era,2026-02-21,ETH,7.89,0.05825560623715651,0.04525,0.04525,1.0130165428229165,0.007479580840355094,0.005809759006684028,0.005809759006684027,14885
Arbitrum One,2026-02-22,ETH,0.031474,0.020090973945928924,0.020054681357797966,0.02,0.004017364555682292,0.0025644267210879253,0.0025597912507587636,0.0025528147395833325,4419118
Base,2026-02-22,ETH,11141.393557429,0.023909684419885877,0.006183122380049276,0.005,1422.0956851853437,0.0030529021055140148,0.0007890842504474097,0.0006382066472953368,7746919
Optimism,2026-02-22,ETH,50,0.0021513703164273345,3.233587367226442e-05,6.77e-07,6.382037260214177,0.00027579411084170067,6.104676371533311e-06,9.305113687656161e-08,2119286
Polygon PoS,2026-02-22,POL,173616.358835098,362.5997592488227,219.99239003009146,30.321749518,1.2068542951898762,0.0025205290550984116,0.0015290886200024075,0.0002107746867230813,7594117
zkSync Era,2026-02-22,ETH,7.01,0.05671707182930913,0.04525,0.04525,0.8947615662239581,0.007239408847593757,0.005775743348307291,0.005775743348307289,17868
Arbitrum One,2026-02-23,ETH,0.108296,0.02077845340561742,0.020079229963035104,0.02,0.013272249934486113,0.0025465098143193704,0.0024608996289582855,0.002451106215277777,4715826
Base,2026-02-23,ETH,4220.99307664,0.04338914453323436,0.008881509100199341,0.005,517.3051233541398,0.0053198428988775965,0.001086775517969906,0.0006127806950562887,11107064
Optimism,2026-02-23,ETH,695.917581331,0.00289452430232274,6.0937011443909334e-05,1.428e-06,85.28841798965263,0.00035659262816980337,9.153181307346197e-06,2.1427518577297962e-07,2411390
Polygon PoS,2026-02-23,POL,877100.202141353,891.3295363425138,243.68283502236287,28.168744591,6.074844956231528,0.006173398119132896,0.0016921655136246736,0.00019509829730313163,9040860
zkSync Era,2026-02-23,ETH,1.04525,0.05974643162831623,0.04525,0.04525,0.12810093857595495,0.007322242495245811,0.005545627812065974,0.005545627812065973,27455
Arbitrum One,2026-02-24,ETH,0.132172,0.02074818783528637,0.02007117341826337,0.02,0.015808222833559732,0.002481554161945707,0.0024006275530129603,0.002392068340277778,4584655
Base,2026-02-24,ETH,5219.100827255,0.04119103729815429,0.009406659101790985,0.005,624.2222940680348,0.004929211020238539,0.0011289953707203668,0.0005980238962801331,12753156
Optimism,2026-02-24,ETH,26.247888694,0.0027553837358372827,3.532481668559525e-05,1.872e-06,3.139338936960192,0.00033151308822964524,7.005043994553755e-06,2.382291925117165e-07,2189215
Polygon PoS,2026-02-24,POL,373210.714779466,455.4336773672166,245.38422022040083,63.860286673,2.6117455903275073,0.0031871456296568117,0.0017165159007914953,0.0004468971964371769,8767219
zkSync Era,2026-02-24,ETH,7.89,0.06129070383186345,0.04525,0.04525,0.9436709602395836,0.00733057760947983,0.0054120546198784735,0.005412054619878473,37176
Arbitrum One,2026-02-25,ETH,0.059648,0.020536676014425746,0.02007326394162068,0.02,0.007635841909511115,0.0026290036781293725,0.0025696593285062137,0.0025603010694444446,3314305
Base,2026-02-25,ETH,4445.432158214,0.06064682666430503,0.008361819670688858,0.005,569.0822385146322,0.007768161118995043,0.0010744128564291813,0.0006400824226086002,10731643
Optimism,2026-02-25,ETH,55.836195499,0.0030713754084883815,3.8811285833720454e-05,4.713e-06,7.147877999839036,0.00039677929111073826,9.387072293819658e-06,6.282514195641239e-07,2397466
Polygon PoS,2026-02-25,POL,1378140.820971591,443.0927312572626,248.18193511367363,62.046549945,10.296092896753354,0.003310346702947735,0.001853432619822286,0.00046354990174834657,9440619
zkSync Era,2026-02-25,ETH,8.505,0.06129991130114525,0.045250000000306795,0.04525,1.0887680297812496,0.007847311423063509,0.005793151007657823,0.005792681169618052,30714
Arbitrum One,2026-02-26,ETH,0.044774,0.020176716643906363,0.020063009580629933,0.02,0.005958352542851043,0.0026850402224869157,0.0026700634653636446,0.0026615234479166663,3206326
Base,2026-02-26,ETH,3015.249966414,0.04549737021722579,0.009482339331641339,0.005,401.2579253860189,0.006057683288060378,0.0012615255727467627,0.0006653899377831269,10713407
Optimism,2026-02-26,ETH,29.136217857,0.0032855434828940695,3.595335251948883e-05,2.347e-06,3.8773455348814125,0.00043968312694107534,7.182050558934036e-06,3.298264553511958e-07,2116955
Polygon PoS,2026-02-26,POL,2203786.727971856,449.6112159899596,239.1056608870294,31.558647425,15.953802287161164,0.0032548559962493236,0.0017342366467593359,0.00022846149996194536,9353253
zkSync Era,2026-02-26,ETH,2.2806,0.06142395743314115,0.04526782142388837,0.04525,0.30349351876593755,0.00817406514860746,0.0060216968009114595,0.006021696800911457,22073
Arbitrum One,2026-02-27,ETH,0.053796,0.02028249099299023,0.020057231252017204,0.02,0.0069259584362583336,0.002611266443624813,0.002582273201615534,0.0025748971805555545,3076716
Base,2026-02-27,ETH,2804.226788152,0.04118402402892396,0.010263501845282179,0.005,361.02978394474894,0.00530477427931025,0.0013256753129048133,0.00064373176660583,10120468
Optimism,2026-02-27,ETH,248.416528427,0.0035267671176377182,9.461782710270675e-05,7.07e-07,31.98235647790637,0.00045630638702907255,1.3810747081075685e-05,1.0840125401799372e-07,2320582
Polygon PoS,2026-02-27,POL,1009277.132515733,560.2230558939833,310.9437988943259,71.39539354,7.298965554569216,0.004051462830286572,0.0022409538844638454,0.00051632252571149,10590417
zkSync Era,2026-02-27,ETH,1.1,0.061027412654911795,0.04525,0.04525,0.14161934493055556,0.007856965639085329,0.005825705377447002,0.005825704871006942,20572
Arbitrum One,2026-02-28,ETH,0.083046,0.020668249798564273,0.020075657670133876,0.02,0.010304177378029168,0.0025644740507414685,0.0024909721822002663,0.002481558986111111,3219450
Base,2026-02-28,ETH,4394.226059842,0.044795422152368425,0.009435300787665345,0.005,545.2265587558292,0.005560383424539149,0.0011745300882041946,0.0006203928847662703,10962548
Optimism,2026-02-28,ETH,75.991315817,0.0034593139496134177,0.0002644626571811336,4.301e-06,9.428847050743828,0.00043103345360707035,3.4108097118317944e-05,6.368480023084908e-07,2142059
Polygon PoS,2026-02-28,POL,1459018.022977618,502.8455326480606,265.89038420832014,71.612870488,10.027408744575295,0.003455911861153967,0.0018195119041792523,0.0004921745396194636,9697599
zkSync Era,2026-02-28,ETH,8.505,0.06649229015177775,0.045250089465378326,0.04525,1.0552829588437493,0.008250227006662449,0.005618583849265074,0.005614527206076384,21925
Arbitrum One,2026-03-01,ETH,0.070426,0.020443256742170145,0.020069209829194568,0.02,0.009083824347397225,0.002636852204223912,0.002588588825001269,0.002579679194444444,3266869
Base,2026-03-01,ETH,4144.603927389,0.05397151786358118,0.008578828790117272,0.005,534.5874268559842,0.006962938634957383,0.0011094206745023089,0.0006449251106688102,10129993
Optimism,2026-03-01,ETH,24.679612309,0.0034190665380548356,0.00015055865863496806,5.11e-07,3.1832743842761393,0.00044235225902667573,1.9971194109790245e-05,8.129138051839134e-08,1990641
Polygon PoS,2026-03-01,POL,459571.441126,467.3453646770587,257.0565857019744,58.545632346,3.2066784723544983,0.0032609213409622822,0.0017856034412589126,0.0004085045372582841,9440025
zkSync Era,2026-03-01,ETH,7.01,0.06389319735371238,0.04526638152177755,0.04525,0.9041775576527781,0.008241197593994644,0.005838351612856599,0.005836524177430556,21336
Arbitrum One,2026-03-02,ETH,0.046392,0.020259342813057322,0.020100618559151018,0.02,0.005989670121283335,0.0026156833144530874,0.0025952717423404427,0.002582199569444444,3817133
Base,2026-03-02,ETH,3164.365163499,0.05237723019614808,0.008793864099064342,0.005,408.5511184751824,0.006767319473684288,0.0011416525130771046,0.0006455556213504488,10652566
Optimism,2026-03-02,ETH,100.710367359,0.003216885837150423,0.00011574493566798283,4.032e-06,13.002765007351252,0.00041874957159106316,1.6103065027474892e-05,5.501462004329518e-07,2194885
Polygon PoS,2026-03-02,POL,1858666.666666666,455.38727402302015,257.5561626672258,60,12.639119684027776,0.0030966791206744246,0.0017574857949667567,0.0004080060156250001,9677736
zkSync Era,2026-03-02,ETH,1.1,0.0653404595536295,0.04527360040261854,0.04525,0.1420209763194444,0.008436105326334946,0.005845797474783977,0.005842226525868053,22706
Arbitrum One,2026-03-03,ETH,0.03739,0.02017718203154924,0.02007026289213885,0.02,0.004822283508182292,0.0026023025448583333,0.002588122234254395,0.0025794509270833333,3411041
Base,2026-03-03,ETH,2700.005059344,0.04303628387520523,0.00742996385562786,0.005,348.22653101419183,0.0055547404187420895,0.0009640911186540928,0.0006448660416013512,10543648
Optimism,2026-03-03,ETH,29.605589192,0.003878659482437219,0.00010013041743961025,3.19e-07,3.818321926379494,0.0005038287697303844,1.7230235675562717e-05,5.14535182077911e-08,1818846
Polygon PoS,2026-03-03,POL,433314.185507964,532.4478897515661,272.9476362870374,64.883157413,2.827684172937426,0.00347460231194474,0.001794988352896252,0.00042340888769166704,10075590
zkSync Era,2026-03-03,ETH,7.01,0.06513264682128057,0.04527458381888465,0.04525,0.9040975499427083,0.008400323311329082,0.005836973717444596,0.005836007722526041,20760
Arbitrum One,2026-03-04,ETH,0.114834,0.02068023008460138,0.020083516779554597,0.02,0.015403768624413543,0.0027740345134932604,0.002694101384594087,0.00268278882986111,3575233
Base,2026-03-04,ETH,6339.858570186,0.045826263972683384,0.007790125489402382,0.005,850.4250881482336,0.006152877912796249,0.0010474653276608338,0.0006707108501588812,11584581
Optimism,2026-03-04,ETH,120.000000328,0.004806444427134945,4.917086845434959e-05,2.51e-07,16.096876091150758,0.000650810619803064,1.2685414217545082e-05,4.702232473911659e-08,1592588
Polygon PoS,2026-03-04,POL,2279579.986701933,454.1539949324945,269.2884031693398,75.617514248,15.282375269844138,0.003044662534916718,0.0018032317607629455,0.0005069421720018919,9682602
zkSync Era,2026-03-04,ETH,8.505,0.06307291532707339,0.04525000796134418,0.04525,1.140855949898438,0.008460565635316194,0.006069812022089865,0.006069809727560766,26439
Arbitrum One,2026-03-05,ETH,0.213352,0.020454528103825025,0.02008691519573852,0.02,0.029240124990790282,0.0028033154523175933,0.0027529127312240394,0.0027410218784722222,3276193
Base,2026-03-05,ETH,3196.910187563,0.035626588584371725,0.006632471693515447,0.005,438.14004265695326,0.004886029004307399,0.0009112969987933848,0.0006852621459643369,10406247
Optimism,2026-03-05,ETH,46.996661141,0.003897870235256266,5.1350643572064274e-05,2.96e-07,6.440949977957434,0.000536758747048718,1.0290837968768688e-05,8.74116689751269e-08,1993658
Polygon PoS,2026-03-05,POL,20000000,470.25722965793466,256.65400868686703,67.505056841,133.61590486111112,0.003141692262911095,0.0017235784071899505,0.0004509874626255476,10018281
zkSync Era,2026-03-05,ETH,1.04525,0.06525296333119394,0.04545961077872114,0.04525,0.1432526559236545,0.008942990006296673,0.006206066147115881,0.0062015620000434,19704
Arbitrum One,2026-03-06,ETH,0.042868,0.020170730856856094,0.0200632515145978,0.02,0.005665442121417362,0.0026657671973537816,0.00265158533313584,0.0026432033784722217,3243248
Base,2026-03-06,ETH,2163.46983777,0.030582536990300523,0.006328488636025913,0.005,285.92454441035204,0.0040451946799985655,0.0008395101998443337,0.0006608039576954923,9458897
Optimism,2026-03-06,ETH,168.409916893,0.0026699332493361917,2.9319638784219623e-05,1.351e-06,22.257093032240874,0.00035545058660456076,6.108501798032394e-06,2.4656135676797603e-07,2217248
Polygon PoS,2026-03-06,POL,1062355.210899273,609.3479004786765,298.6849657936045,73.37843237,6.906764500364542,0.003961596276103595,0.0019556333352674614,0.00047706035287058916,9709283
zkSync Era,2026-03-06,ETH,1.04525,0.05911199480521006,0.04525005105988556,0.04525,0.13814041656740453,0.0078122512188671,0.005982554114900086,0.005980247643793401,17054
Arbitrum One,2026-03-07,ETH,0.029634,0.02009627661447048,0.02003892240165511,0.02,0.0038093245291291678,0.0025832907961340964,0.0025767581468186997,0.002570914847222222,2465756
Base,2026-03-07,ETH,8009.973390208,0.021752695473474387,0.006044942562700709,0.005,1029.6479762660497,0.002797266429652659,0.0007788533416549369,0.0006427337831302856,9189306
Optimism,2026-03-07,ETH,10.285502754,0.0021193071327357273,0.00011964127102565301,2.129e-06,1.3221579462962634,0.00027302789859419055,1.5882470690296392e-05,3.02210767525372e-07,2028969
Polygon PoS,2026-03-07,POL,3735030.092184229,463.81105335862986,254.24124944392148,72.28240153,23.746542611239672,0.002948813977480716,0.0016434618922185242,0.00045955643879996274,8817126
zkSync Era,2026-03-07,ETH,8.853430993,0.06253037821295303,0.04525,0.04525,1.1380708594380542,0.008038013887504136,0.00581669484184028,0.005816694841840278,15863
Arbitrum One,2026-03-08,ETH,0.03481,0.020163312948274534,0.02003733216266251,0.02,0.004415698491027778,0.0025577452042288597,0.002541594777718401,0.002537028722222222,1862925
Base,2026-03-08,ETH,4539.303578031,0.030387879740507055,0.006198516258944952,0.005,575.8171781147628,0.0038557851206269937,0.0007871104446824242,0.0006342595636242984,9218803
Optimism,2026-03-08,ETH,200,0.0021718815286440978,0.00012772747101450516,1.348e-06,25.370290145645907,0.000276055965388723,1.6057061738720973e-05,2.0591234116980829e-07,2124658
Polygon PoS,2026-03-08,POL,7000000,494.9585371312582,269.8472018695744,70.298880555,43.329155503472215,0.0030637336318757014,0.001670320842123608,0.0004351415896125163,8912669
zkSync Era,2026-03-08,ETH,1.176432603,0.06207615437607492,0.04525005516706878,0.04525,0.14923216517848267,0.007874449330858662,0.005741844894066209,0.005740027484027778,15864
Arbitrum One,2026-03-09,ETH,0.026812,0.020122376742354727,0.02004137938072968,0.02,0.003484604920252084,0.0026151921901925055,0.002606127619555845,0.002599287572916666,2190680
Base,2026-03-09,ETH,1203.188134802,0.034743276274109114,0.0061071346757577685,0.005,156.37159895333946,0.0045180783061718275,0.0007973449913383564,0.0006498305412863922,9674691
Optimism,2026-03-09,ETH,14.449668545,0.0030323483496402645,0.00010088897030090744,5.78e-07,1.8779455524850452,0.0003954856158500142,1.4099848632792055e-05,7.991162155525308e-08,1741943
Polygon PoS,2026-03-09,POL,933508.220994581,446.34982564260883,247.04440568494832,69.431316212,5.860055120120238,0.0028019405960185467,0.0015507940783072664,0.00043585190886838454,9291222
zkSync Era,2026-03-09,ETH,1.04525,0.06341007208242842,0.045393462342285855,0.04525,0.13584526677955724,0.008241050618081062,0.0058956534253044954,0.005880888133723954,21034
Arbitrum One,2026-03-10,ETH,0.044888,0.020130825218397225,0.020038966920687566,0.02,0.005970270576562501,0.0026774744582958037,0.002665426515906434,0.002660074218749999,1946658
Base,2026-03-10,ETH,1777.005003401,0.03408213617039723,0.006518017910705066,0.005,236.34826056426897,0.004536658015310761,0.0008751268568631648,0.0006650245882112372,10297781
Optimism,2026-03-10,ETH,135.254255804,0.002927236214327289,5.932519261795018e-06,3.83e-07,17.989318562964655,0.0003912001398575025,2.4695227017909123e-06,6.584468035999669e-08,1643087
Polygon PoS,2026-03-10,POL,2381896.619122956,522.4627155672368,286.70248523067147,72.353822245,15.056790325162172,0.0033026670838078257,0.001812345326477948,0.0004573734737354622,10035221
zkSync Era,2026-03-10,ETH,13.506454166,0.06345657973310145,0.04541618821664539,0.04525,1.7964085256852569,0.008439960587907292,0.006033128736353482,0.006018417919921873,23542
Arbitrum One,2026-03-11,ETH,0.027882,0.020121455693815796,0.020032141951802453,0.02,0.0037022335133875,0.00267177130789962,0.002660462285720928,0.002655644152777777,1636336
Base,2026-03-11,ETH,3285.149480659,0.029783386368702414,0.006088050095805171,0.005,436.2094035681036,0.0039581350470980015,0.0008131710391759433,0.0006639136972502825,9074125
Optimism,2026-03-11,ETH,375.882916158,0.003873633516591807,1.8853742670648247e-05,3.8e-07,49.91056960913413,0.000516727603359913,5.441315167726599e-06,5.795098264237215e-08,1707893
Polygon PoS,2026-03-11,POL,1937816.892351156,438.04268874708276,260.672829287989,64.37654239,12.274791154823586,0.0027747113478527696,0.00165118774824669,0.0004077829108756175,9776490
zkSync Era,2026-03-11,ETH,1.1,0.06490412524381593,0.04525751107922839,0.04525,0.1460604284027778,0.008618113034745016,0.006008397672573611,0.006008394895659723,16693
Arbitrum One,2026-03-12,ETH,0.031102,0.02010295376485116,0.020035691846690788,0.02,0.00415088364911007,0.002682947144277441,0.0026738334604250198,0.0026692068993055544,2035227
Base,2026-03-12,ETH,2416.149557641,0.030603179542988336,0.006478880664478171,0.005,322.46015617099266,0.00408740975531364,0.0008637641504208343,0.0006673062444241785,9611085
Optimism,2026-03-12,ETH,13.103841684,0.0040613228391069645,1.2385031412363935e-05,3.27e-07,1.7488658407285136,0.000544352311651228,3.918056283868363e-06,4.778243699846315e-08,1413881
Polygon PoS,2026-03-12,POL,6459524.004866148,301.2311118830904,198.462424852969,44.557553568,41.40355482958905,0.001930798437753709,0.0012720764731188711,0.0002856001635469218,9665065
zkSync Era,2026-03-12,ETH,10,0.06451989685850867,0.0452677910376519,0.04525,1.3346034496527783,0.00861084769186092,0.0060562829848177175,0.00603908060967882,17245
Arbitrum One,2026-03-13,ETH,0.035044,0.020240894523648467,0.0200445934733183,0.02,0.004824836504222223,0.0027867539885956015,0.002759765892563579,0.0027535877777777776,1766755
Base,2026-03-13,ETH,2375.310440036,0.0406759192946202,0.006585016148316606,0.005,327.0312927982628,0.0056061771306799135,0.0009080606409325568,0.000688400041185654,9608798
Optimism,2026-03-13,ETH,79.530300434,0.005347280916663663,3.414099677795958e-06,3.42e-07,10.94968612336146,0.000739888940638748,3.7550167158837537e-06,5.8109570955722856e-08,1642536
Polygon PoS,2026-03-13,POL,1210000.000000002,274.1802871650603,184.43742962713523,70.285756341,7.730992689062512,0.001751806442610077,0.0011786495477442932,0.00044907327968388367,10147001
zkSync Era,2026-03-13,ETH,1.04525,0.059723221550476824,0.04525006777539604,0.04525,0.14390938123611113,0.008222656645544033,0.0062310159534720464,0.006229992347222222,20413
Arbitrum One,2026-03-14,ETH,0.02724,0.020131381361527104,0.020098293838565852,0.02,0.0036869323684375005,0.002724781261511465,0.0027189885717777648,0.002706998802083333,3052245
Base,2026-03-14,ETH,1106.217825142,0.01846622528641129,0.006041672529632771,0.005,149.72651649615085,0.002500351993649599,0.0008186193046114525,0.0006767533455165736,7908462
Optimism,2026-03-14,ETH,183.848763417,0.0026177342971319077,4.373329276679032e-06,3.3e-07,24.88391966787322,0.00035516529073565794,2.214169474902902e-06,5.286743311110242e-08,1604339
Polygon PoS,2026-03-14,POL,384044.79365,250.6103748035677,178.85034317390506,29.674335518,2.3996196833000845,0.0015658839754144446,0.0011224086458357788,0.00018541357876794538,8798866
zkSync Era,2026-03-14,ETH,8.505,0.05769179322922293,0.04525,0.04525,1.151151240585937,0.007808580758078299,0.006124584789713541,0.006124584789713539,14833
Arbitrum One,2026-03-15,ETH,0.027862,0.020098303377338908,0.020023969032585725,0.02,0.0038223299228156257,0.002757244504917838,0.0027470464534627894,0.0027437584687499995,1289708
Base,2026-03-15,ETH,2283.866212503,0.03127582257057749,0.006077941019732404,0.005,313.3188634010407,0.004291800354045918,0.0008339801570055354,0.0006859437097065301,8126297
Optimism,2026-03-15,ETH,400.506997642,0.0026528885569261254,1.3094355516086892e-05,4.73e-07,54.94472361438313,0.0003649966073968674,4.662405968573301e-06,7.767341068283735e-08,1988780
Polygon PoS,2026-03-15,POL,791904.761904761,264.3196064931246,179.87060622054787,56.44060979,4.9696306281994,0.0016587484698314982,0.001126710647634171,0.000354195348455763,9244434
zkSync Era,2026-03-15,ETH,1.1,0.060899093610547905,0.04525229137074045,0.04525,0.15090671578125,0.008354620191657332,0.006207935994603708,0.006207753535546875,13714
Arbitrum One,2026-03-16,ETH,0.061468,0.020741537219888945,0.020047021525370048,0.02,0.009089861705428474,0.003067249705326364,0.0029641230134687746,0.0029575914965277775,1778434
Base,2026-03-16,ETH,3763.268847313,0.04447245292205501,0.006705938353487385,0.005,556.5105977376168,0.006583004880499116,0.0010007250081960483,0.0007394018169602844,9824683
Optimism,2026-03-16,ETH,22.951057675,0.003287152781706595,3.118349228463209e-05,7.69e-07,3.3939986607061265,0.0004907123399303245,1.1699313291324652e-05,1.6473642584213014e-07,1916893
Polygon PoS,2026-03-16,POL,2522267.793985996,265.5703152964465,180.93497431434167,82.28227583,16.47742138740452,0.0017349125273529377,0.0011860288289422553,0.0005375320316099185,10234061
zkSync Era,2026-03-16,ETH,8.505,0.06269749674232813,0.04574334640976011,0.04525,1.257715783898437,0.00927167916093636,0.006818599685519896,0.0066915507608940935,20616
Arbitrum One,2026-03-17,ETH,0.026642,0.020137352906268884,0.020034101655226535,0.02,0.004033638115451391,0.0030488249465935088,0.0030331991877254605,0.003028029513888889,1507602
Base,2026-03-17,ETH,2919.262285315,0.035745335480189606,0.006139951265373201,0.005,441.9806189046818,0.005415490904672588,0.0009381019496229027,0.0007570121419234918,8954429
Optimism,2026-03-17,ETH,54.495832736,0.0030956378452002176,2.8382003995877285e-05,5.47e-07,8.250771091514922,0.0004715154395825619,8.958103546419409e-06,1.5521348705055685e-07,1873183
Polygon PoS,2026-03-17,POL,311348.830241703,290.60651558983227,186.47083043584047,30.759035927,2.0300105081803874,0.001894769541722683,0.0012206412976986305,0.0002005505082669956,10545430
zkSync Era,2026-03-17,ETH,1.1,0.06278298220588643,0.045260967188136596,0.04525,0.16654162326388888,0.009505436154469957,0.006851859486942634,0.00685091677517361,19952
Arbitrum One,2026-03-18,ETH,0.106728,0.020905792340264264,0.02003705183316081,0.02,0.01569928981145417,0.0030751638997013023,0.0029492942893937337,0.002941925232638888,2025092
Base,2026-03-18,ETH,1240.005,0.03010162559783944,0.006257940589465613,0.005,182.40010140775473,0.004432442966337569,0.0009171295772731265,0.0007354920498571117,8867393
Optimism,2026-03-18,ETH,73.117151642,0.00204567955216126,1.586815892397479e-05,4.3e-07,10.755260983066263,0.0003053626496367341,8.945583373737248e-06,1.1840663368909496e-07,2376325
Polygon PoS,2026-03-18,POL,315052.697646,370.16521977564,223.90083510617353,93.93447463,2.075600969151201,0.002438688177098871,0.0014776513581389844,0.0006188503956179736,10774948
zkSync Era,2026-03-18,ETH,8.2336279,0.062351219215897515,0.04525,0.04525,1.2111358837584774,0.009171631254858455,0.006656105838845486,0.006656105838845484,24755
Arbitrum One,2026-03-19,ETH,0.030326,0.020111035445691306,0.020041494566994757,0.02,0.0042576599312270855,0.002823516117968117,0.002813874821731864,0.0028079271458333332,2766708
Base,2026-03-19,ETH,1877.005000098,0.033271400711023955,0.006955803450476403,0.005,263.5246657744881,0.004676209815108921,0.0009744691181878789,0.0007019896544680607,10215660
Optimism,2026-03-19,ETH,900,0.0043214150174846555,2.6316145252149545e-05,5.67e-07,126.35674543619156,0.0006100431377251572,8.443567245104777e-06,1.2794392621830908e-07,1796026
Polygon PoS,2026-03-19,POL,501001,350.27171151400773,223.26916351990468,88.030282051,3.2293459919854333,0.002257777025761772,0.0014403339367421392,0.0005674244931941137,10555970
zkSync Era,2026-03-19,ETH,5,0.06343499656427913,0.045259450355306936,0.04525,0.7019817864583331,0.008906042442434349,0.00635378327478139,0.006352935167447913,18434
Arbitrum One,2026-03-20,ETH,0.027854,0.020095516518666288,0.020031738982568374,0.02,0.003877781373275696,0.0027976599282834884,0.0027887809957126285,0.002784362298611111,1979758
Base,2026-03-20,ETH,1299.005,0.029161081324756807,0.0060347475495108474,0.005,180.84502810218754,0.004062539321998932,0.000850230815189345,0.000696095285704441,8069356
Optimism,2026-03-20,ETH,48.767333333,0.004341717141347188,2.5614657345705946e-05,6.26e-07,6.789325193268315,0.0006064549166630167,5.92553098073466e-06,9.14934762537397e-08,1745405
Polygon PoS,2026-03-20,POL,3010297.998298756,342.2914163115583,202.94717842281895,25.000013222,19.5186596483669,0.00221940474309126,0.0013140478598045132,0.00016209915083512019,10102626
zkSync Era,2026-03-20,ETH,1.1913032,0.06563246677855238,0.045250000543072044,0.04525,0.16585098581473864,0.009137228303152108,0.006301611475167558,0.006299619700607639,15963
Arbitrum One,2026-03-21,ETH,0.04809,0.020223217779459478,0.020020020811846645,0.02,0.006730473420125,0.002830356201563971,0.0028019153103972963,0.0027991155833333326,1557880
Base,2026-03-21,ETH,1089.487600218,0.020657179235305096,0.006035989846399602,0.005,152.48008634347894,0.0028921678476718595,0.000852828881229125,0.0006997828125743026,7010552
Optimism,2026-03-21,ETH,144.786152065,0.00273093156832545,1.5689454891000107e-05,7.88e-07,20.26365891181159,0.0003829618525011471,3.939511257434332e-06,1.2172129577187412e-07,1641633
Polygon PoS,2026-03-21,POL,268213633.4264943,313.974168595314,204.47910556343595,108.721403759,1723.667623157207,0.00201774645830505,0.0013209465202114001,0.0006986951453940487,9507916
zkSync Era,2026-03-21,ETH,7.89,0.06195927588811335,0.0452503446543162,0.04525,1.104251097625,0.008671558733524884,0.006332999007291666,0.006332999007291664,13683
Arbitrum One,2026-03-22,ETH,0.051876,0.020455010208689152,0.02003215250137152,0.02,0.007026730620731251,0.0027706809811989873,0.0027131605815157965,0.002709048739583333,1758811
Base,2026-03-22,ETH,4275.465438488,0.036155391485326614,0.006960673690681991,0.005,579.1222142153516,0.004907293199878059,0.0009727079641136699,0.0006772682588474382,8361675
Optimism,2026-03-22,ETH,109.613771587,0.003323188918199439,1.2097022331858123e-05,4.89e-07,14.847476276578638,0.00045807437870748507,5.3226343618178485e-06,8.654268853702613e-08,1680211
Polygon PoS,2026-03-22,POL,891747.626916034,311.3369205277421,188.71935917455735,92.042897987,5.685738467616043,0.0019850687033007804,0.001196328602183693,0.0005868609345958163,10006378
zkSync Era,2026-03-22,ETH,7.89,0.060154818774790474,0.04525,0.04525,1.0687197277656253,0.008148116799086013,0.006129222773307294,0.0061292227733072925,19742
Arbitrum One,2026-03-23,ETH,0.374498,0.02347318004657776,0.02007192345438201,0.02,0.05125898366245312,0.003212864561418496,0.002746305616838703,0.002737477031249999,2464189
Base,2026-03-23,ETH,4772.241673693,0.07447042224267816,0.006621065290823547,0.005,653.1950993456072,0.010197774710181769,0.0009066365830755765,0.0006843749794247324,9136022
Optimism,2026-03-23,ETH,41.657564851,0.0032711978353091977,1.4629614159108417e-05,4.49e-07,5.7018318613286585,0.000451331282791932,6.09266370630168e-06,8.536916411785582e-08,1893666
Polygon PoS,2026-03-23,POL,6815844.257886193,463.97780742203713,251.44763568008358,114.529886314,42.16038135817076,0.0028700012151839597,0.0015584607155674892,0.0007084410237688867,11372128
zkSync Era,2026-03-23,ETH,7.89,0.07376096554187146,0.04526250154797289,0.04525,1.0799346888281256,0.010095947448687788,0.006216322595053442,0.006193541783203128,20770
Arbitrum One,2026-03-24,ETH,0.026728,0.020098719686115048,0.02003316545649579,0.02,0.0037211952062458334,0.002798236282094537,0.0027888295634429,0.0027844920729166653,2130979
Base,2026-03-24,ETH,1171.484047172,0.03741267595759749,0.0060717414263431494,0.005,163.09940368679221,0.005211222694518332,0.0008571591168852623,0.0006961269176579616,7974929
Optimism,2026-03-24,ETH,177.795318099,0.002605042317075173,1.7724340956186246e-05,4.98e-07,24.753482796650307,0.0003648624549499083,4.574825852772378e-06,7.97726158728075e-08,2014440
Polygon PoS,2026-03-24,POL,3796883.777311664,376.5126689603636,239.5968887449657,35.072652753,23.390023092053976,0.002319438923587259,0.0014762139024482395,0.00021605880135027448,10415700
zkSync Era,2026-03-24,ETH,1.1,0.0636788001904955,0.04525,0.04525,0.1531470640104167,0.008865655717163521,0.00629991331497396,0.006299913314973957,15754
Arbitrum One,2026-03-25,ETH,0.02755,0.02009896611916129,0.020033711769304477,0.02,0.0038850836090624993,0.0028343435146350837,0.0028250634115417625,0.0028203873749999987,2067269
Base,2026-03-25,ETH,1183.374759963,0.028389036338464745,0.006041124763650706,0.005,166.87876226885308,0.00400567712470379,0.0008617432620313918,0.0007051012640528537,7675858
Optimism,2026-03-25,ETH,25.01941603,0.0024673825987873463,7.802780206122079e-06,4.34e-07,3.528227011351855,0.00035021443498624007,4.692600107193684e-06,6.683216030176276e-08,2254566
Polygon PoS,2026-03-25,POL,3782088.278417513,299.26074385386187,190.25088273360944,98.998529361,23.574063008758937,0.0018653164898126346,0.0011841161685974305,0.0006170658633878277,10083511
zkSync Era,2026-03-25,ETH,11.577896584,0.06076700251587154,0.04525248228272914,0.04525,1.6327076677284627,0.008569324335618403,0.006381520279405736,0.006381126435937504,15283
Arbitrum One,2026-03-26,ETH,0.056322,0.020297702044125964,0.020056173589219455,0.02,0.007673322754256252,0.0027653637824157896,0.0027324632451360457,0.0027248047847222216,2525173
Base,2026-03-26,ETH,4628.088007894,0.037839148511190954,0.006171902009830154,0.005,630.5318201378888,0.005157880683936437,0.0008397812895288856,0.0006812038623375027,8830027
Optimism,2026-03-26,ETH,97.722186796,0.004107291004650666,1.7337999088937067e-05,4.36e-07,13.313709056081091,0.000562028086650742,6.319643614942246e-06,6.658447187569065e-08,1948869
Polygon PoS,2026-03-26,POL,1000000,294.5437975603888,189.88382866406275,89.857347807,6.188208767361109,0.0018226985104347216,0.0011721665360187985,0.0005560560275110941,10079287
zkSync Era,2026-03-26,ETH,5,0.06327870273555791,0.04530150580920126,0.04525,0.6812011961805561,0.008621105599242535,0.006166017334508618,0.006164870825434031,16790
Arbitrum One,2026-03-27,ETH,0.194378,0.022407409245556717,0.020044722917432124,0.02,0.025512148844636456,0.0029409766532305483,0.002631181901599304,0.0026250037395833324,2218015
Base,2026-03-27,ETH,6145.246479587,0.03460199490041886,0.00840499515058046,0.005,806.5647593727086,0.004546342274369393,0.0010962462365549422,0.0006562559813732636,12853518
Optimism,2026-03-27,ETH,39.788267241,0.0025773887206586243,2.486970797265476e-05,5.63e-07,5.2222221924330325,0.00034230224083229004,1.082525249290028e-05,8.504758508596922e-08,2191449
Polygon PoS,2026-03-27,POL,1430000,311.21634189047916,197.14080446866743,110,8.635437773263888,0.0018793631849077404,0.0012003391826522006,0.0006642644440972222,10015021
zkSync Era,2026-03-27,ETH,4.525,0.06434695333953953,0.045250036608163124,0.04525,0.5939070960807291,0.008445549657353248,0.005939076113355598,0.00593907096080729,15586
Arbitrum One,2026-03-28,ETH,0.086724,0.020287325107130015,0.020029080628558685,0.02,0.011305827679575003,0.0026447696340016554,0.0026111018563835325,0.0026073123194444445,1741248
Base,2026-03-28,ETH,4686.767600367,0.03933652219566615,0.006094352434564718,0.005,610.9933458062087,0.005129864428652876,0.0007971620583486105,0.0006518330380194659,6840410
Optimism,2026-03-28,ETH,49.887255969,0.002237791812938075,3.046960574183814e-05,4.3e-07,6.503583607370538,0.0002935097232430359,7.0717063139333176e-06,7.970820076044492e-08,1929585
Polygon PoS,2026-03-28,POL,3043936.976579169,299.4006285328794,202.31056841634958,119.254598246,18.13894901806485,0.0017841409919853249,0.0012007476131080015,0.0007106431882124545,9377667
zkSync Era,2026-03-28,ETH,1.04525,0.0635268166747317,0.04525,0.04525,0.13626466009496532,0.008281712586554546,0.005899044122743058,0.005899044122743056,13318
Arbitrum One,2026-03-29,ETH,0.10639,0.020730262273055397,0.020023681756731783,0.02,0.01382214921774827,0.00269326796181894,0.00260146916762119,0.0025983925590277778,1255814
Base,2026-03-29,ETH,5290.949446129,0.041956949177713525,0.006082505882968692,0.005,687.398190760086,0.00545441583607887,0.0007936923717569027,0.0006496073539335599,7538794
Optimism,2026-03-29,ETH,72.564658882,0.002644152833262871,3.376044101503046e-05,5.02e-07,9.42757713634253,0.00034602656612712644,8.920963106009755e-06,1.0245719300925896e-07,1737455
Polygon PoS,2026-03-29,POL,2000000,275.72325822498055,182.19712748913054,88.192307979,11.982663784722222,0.0016519495504690167,0.0010911370367541462,0.0005283893874555159,9073359
zkSync Era,2026-03-29,ETH,1.04525,0.066266389949013,0.04525,0.04525,0.13579849111618925,0.008609304727855548,0.005878863164800347,0.005878863164800345,15022
Arbitrum One,2026-03-30,ETH,0.036736,0.020182750795654198,0.020033216004329654,0.02,0.004877956576422224,0.0026799483333256663,0.0026600925405666216,0.002655681934027778,1536413
Base,2026-03-30,ETH,5103.921115785,0.04094723076571968,0.006141356619383573,0.005,677.7195590599487,0.005440679403948902,0.0008206619687762146,0.0006639318933405308,8103943
Optimism,2026-03-30,ETH,50,0.0031421680157487945,2.9137107037815425e-05,3.59e-07,6.639207213294796,0.0004204714972711252,9.592393803193377e-06,5.937019800256784e-08,1861760
Polygon PoS,2026-03-30,POL,752194.700909048,306.0425348868183,193.01120196292976,107.156166806,4.5354098845187,0.0018453045948494183,0.0011637910150373177,0.0006461055063691969,10048491
zkSync Era,2026-03-30,ETH,1.04525,0.06434045017321048,0.04526534586900473,0.04525,0.13879257707712683,0.008543388557610518,0.0060102912028003955,0.006008480375737851,15952
Arbitrum One,2026-03-31,ETH,0.037822,0.02019223069155909,0.0200471275633756,0.02,0.005080067741192708,0.002712122567784256,0.002692431945781739,0.002686303072916665,1982578
Base,2026-03-31,ETH,1362.242165609,0.03372747070276288,0.0061549961669912084,0.005,182.96978580438446,0.004536935051816081,0.0008298920726767668,0.0006715886009947709,8698128
Optimism,2026-03-31,ETH,40.528695221,0.003049584944752946,3.307656715436591e-05,4.17e-07,5.443700269064633,0.00041448069884240994,1.019317149886877e-05,9.600495595139171e-08,1707944
Polygon PoS,2026-03-31,POL,3064052.757713099,334.45714927355823,216.22844395196242,87.163249708,18.059660527510914,0.0019713050180595916,0.0012747002548522967,0.000513743993551869,10136548
zkSync Era,2026-03-31,ETH,1.04525,0.06743883280268753,0.045260757630770816,0.04525,0.14039291434830728,0.009058057189587822,0.006080153994656329,0.0060777607024739555,15858
Arbitrum One,2026-04-01,ETH,0.038918,0.02015538539061305,0.020036519371436103,0.02,0.005382166472122917,0.0027873898833862243,0.0027708536931435783,0.002765900854166666,1734848
Base,2026-04-01,ETH,1707.629247239,0.032646357063075504,0.00622701849902999,0.005,236.15666474395397,0.004519785066992482,0.0008659135122537408,0.0006914891550826041,8767384
Optimism,2026-04-01,ETH,38.152393592,0.002754244861478751,5.020471938914364e-05,5.04e-07,5.276297181449094,0.00038552890250267963,1.4247587416901548e-05,8.993180448789462e-08,1920979
Polygon PoS,2026-04-01,POL,2023489.802957013,311.235940447523,208.2731742944679,110.930627773,12.332700660504498,0.0018969108135464352,0.0012797752273100323,0.0006760964272748149,10067598
zkSync Era,2026-04-01,ETH,1.1,0.06085310958859302,0.04525000939921451,0.04525,0.15212454697916666,0.008415683389490437,0.006257850682552082,0.0062578506825520805,18218
Arbitrum One,2026-04-02,ETH,0.034358,0.020173490746225965,0.02003996063227649,0.02,0.004599199029587499,0.0027004452838841537,0.0026826530460775763,0.002677221624999999,1755380
Base,2026-04-02,ETH,2373.438398315,0.0312541164581776,0.0061843031770332955,0.005,317.7110357532877,0.004188734691747781,0.0008383629394943074,0.0006693296948065476,9455153
Optimism,2026-04-02,ETH,36.706316736,0.0028157574102255,2.139324999364324e-05,4.87e-07,4.913547863199284,0.00038051775701225375,8.369343507594401e-06,9.81747684713216e-08,1964322
Polygon PoS,2026-04-02,POL,1500000,404.92448100136215,238.14258946019243,106.600475087,8.90054140625,0.0024026980730379845,0.0014130463859246068,0.0006325346282918434,9600089
zkSync Era,2026-04-02,ETH,7.89,0.06574914332705051,0.04525,0.04525,1.0561639310625,0.008801251417022501,0.0060572139265625,0.006057213926562498,18052
Arbitrum One,2026-04-03,ETH,0.031636,0.020077905962511453,0.020022589995582953,0.02,0.004226547899681252,0.0026823944644052836,0.002674924336142561,0.00267198628125,1381873
Base,2026-04-03,ETH,1300.317676056,0.018981331376279137,0.0060486296290650525,0.005,173.72155059814864,0.002539382347794063,0.0008092716842013238,0.0006680109289620315,7693202
Optimism,2026-04-03,ETH,10,0.002793028019537284,1.644813804878714e-05,4.94e-07,1.3359972779049551,0.0003752347383679351,5.7887729780456944e-06,7.534158368138281e-08,1476953
Polygon PoS,2026-04-03,POL,1282899.137307881,290.7207228870717,224.28625533910397,102.753032187,7.725860284356583,0.0017507749607703303,0.001346305333353405,0.0006187981170028964,9659152
zkSync Era,2026-04-03,ETH,7.01,0.075102402827833,0.04525,0.04525,0.936531191578125,0.010033629502246585,0.006045368961328125,0.006045368961328124,17089
Arbitrum One,2026-04-04,ETH,0.025338,0.020044337988605065,0.02001543232929724,0.02,0.0033856103502000003,0.002678282348901771,0.0026744201968381047,0.0026723579999999992,1057113
Base,2026-04-04,ETH,1620.343501888,0.014872054673708515,0.005995725640894508,0.005,216.50689939415165,0.0019899290822591948,0.0008039469700872817,0.00066810303415499,7178249
Optimism,2026-04-04,ETH,16.618403458,0.0020486767822845264,1.515461007327822e-05,6.25e-07,2.2205252271358575,0.00027517142301232916,4.1871799559855835e-06,1.0883292345045697e-07,1528538
Polygon PoS,2026-04-04,POL,3125695.82355011,264.5116996313373,227.48739599551837,99.806940044,18.78741839861624,0.0015898834220723834,0.0013674963923729546,0.0005999031407869085,9034918
zkSync Era,2026-04-04,ETH,1.04525,0.07059880602775495,0.04525051399149221,0.04525,0.139664109975,0.00943326420393644,0.006046209975,0.006046209974999999,16355
Arbitrum One,2026-04-05,ETH,0.032886,0.020113146572029544,0.020017509117962087,0.02,0.004390133281340625,0.00268501472230632,0.0026725051891684,0.0026699101631944434,1343354
Base,2026-04-05,ETH,1264.241439536,0.031019236177170856,0.006128786483422938,0.005,168.7705544958833,0.0041436633178843505,0.0008158643813830472,0.0006674916623521022,7012771
Optimism,2026-04-05,ETH,29.901689352,0.002038197596246989,1.9581582819353127e-05,6.53e-07,3.99175045243726,0.0002740887250065469,6.0548807741558475e-06,1.0569456283242157e-07,1788318
Polygon PoS,2026-04-05,POL,1378056.030427863,274.2298974492799,219.80802309378734,111,8.139394183278016,0.0016197202311768282,0.001295686459569893,0.0006556139477604164,9448422
zkSync Era,2026-04-05,ETH,1.04525,0.06349206940370138,0.04525514255667695,0.04525,0.13953617990394968,0.008475906069160015,0.00604067315222205,0.006040671744227429,19467
Arbitrum One,2026-04-06,ETH,0.030308,0.020130636729762102,0.020034022802079384,0.02,0.00421273167327639,0.0027981051522513833,0.002785022507703922,0.0027799469930555555,2403101
Base,2026-04-06,ETH,1829.634362366,0.04118658167245623,0.0061734872368923496,0.005,254.31433211314373,0.005728060886517192,0.0008595362503516413,0.0006949942962311796,7773556
Optimism,2026-04-06,ETH,200.313123507,0.0027716848789633222,1.9098180283579622e-05,5.11e-07,27.84302851901942,0.00038772934869101407,5.948006778499127e-06,8.498054689455833e-08,1849389
Polygon PoS,2026-04-06,POL,1331198.166901299,290.2470989307193,221.5045602314227,112.251071848,8.019216519971634,0.0017484656969118564,0.0013373769716951856,0.0006762070983341032,9898397
zkSync Era,2026-04-06,ETH,8.505,0.06577136950392026,0.04525000017576377,0.04525,1.1821724587968747,0.009142046044080364,0.006289630071788194,0.006289630071788193,17709
Arbitrum One,2026-04-07,ETH,0.040086,0.02026013406491317,0.020051476614099083,0.02,0.0054968480213562505,0.0027781988187204495,0.0027492954866279395,0.0027425275763888887,2603992
Base,2026-04-07,ETH,1891.212314269,0.05542687178797565,0.00618123088410367,0.005,259.3350967919733,0.00760508311617588,0.0008464139765151165,0.0006856370814942702,8735771
Optimism,2026-04-07,ETH,18.582276713,0.0028359242971951,2.4380809440562537e-05,5.36e-07,2.5481252003843253,0.00039213362663831163,7.572487385093948e-06,9.728505125105116e-08,1796577
Polygon PoS,2026-04-07,POL,1729516.443073879,345.85078653182404,235.7116375294029,115.112023715,10.281431867632016,0.002055974265138223,0.0014017280935020764,0.0006843048146264185,10394257
zkSync Era,2026-04-07,ETH,1.04525,0.0725923672255204,0.04525,0.04525,0.14333134746102433,0.00995432844757005,0.006204971357291477,0.00620496864157986,18933
Arbitrum One,2026-04-08,ETH,0.02903,0.020098587450100125,0.020034566181066506,0.02,0.004210589696918403,0.002915153470202374,0.0029059200780365523,0.0029008540798611104,1924143
Base,2026-04-08,ETH,2891.341962276,0.04005851617691577,0.006078458778477692,0.005,419.368070882592,0.005816933813652851,0.0008928228358225673,0.0007252271460268248,8322545
Optimism,2026-04-08,ETH,446.732628356,0.0032187766874089423,9.238249346701967e-05,4.62e-07,64.79531206259611,0.00047216528135995137,2.271169904785057e-05,8.613376081305943e-08,2065300
Polygon PoS,2026-04-08,POL,878010.077691007,316.8733240608939,232.36806283944537,77.415280211,5.287839731468613,0.0019083782696643048,0.0014042010432063446,0.00046623564458284637,10096724
zkSync Era,2026-04-08,ETH,7.01,0.07101369208763335,0.04525,0.04525,1.0167493549913194,0.010300017920920333,0.006563182356008112,0.006563182355685761,17207
Arbitrum One,2026-04-09,ETH,0.049254,0.02016664515261335,0.02003059817214258,0.02,0.007017999612189583,0.0028734622133912867,0.0028540639346404414,0.0028497176319444433,1664763
Base,2026-04-09,ETH,1921.639338324,0.03881104948169239,0.006230647136850071,0.005,273.80647595332283,0.005534351951302405,0.0008924908960068984,0.0007124378989305238,9919783
Optimism,2026-04-09,ETH,15.141759008,0.0034571502235541934,0.0001379071178952491,4.87e-07,2.1574878386713094,0.0004951548825790319,2.365815689161511e-05,1.1868910658182536e-07,2087224
Polygon PoS,2026-04-09,POL,4367796.453340857,275.1217601822835,214.83325781487093,86.777411461,25.737613532265126,0.0016211784623050775,0.0012684456243681184,0.0005113433062580669,10165524
zkSync Era,2026-04-09,ETH,7.01,0.07312680969104238,0.0452599071430608,0.04525,0.9988260299965279,0.010419537947220116,0.006449725869126572,0.006447486142274305,16912
Arbitrum One,2026-04-10,ETH,0.031842,0.020121969850689144,0.020029379369010777,0.02,0.004588416560934376,0.0028995659726563493,0.002886223564807933,0.0028819901770833333,1595120
Base,2026-04-10,ETH,1541.445348958,0.03544475914324682,0.006255330829681508,0.005,222.12152396874808,0.005111153101859454,0.0008883744440664913,0.0007205003844056513,8998561
Optimism,2026-04-10,ETH,50,0.002811275625698622,4.235176021626418e-05,9.89e-07,7.20497863410598,0.00040753570700842695,1.0692120972020258e-05,2.1224962462884102e-07,1900298
Polygon PoS,2026-04-10,POL,684279.325542906,265.216217849833,212.9808813604506,109.466267511,3.898283672403337,0.0015109152258551701,0.0012231154077240465,0.0006236204242741077,9825478
zkSync Era,2026-04-10,ETH,1.04525,0.07060933711825138,0.045283662411858196,0.04525,0.15062001162981778,0.010174770799259287,0.006520707897662393,0.006520502775651043,14681
Arbitrum One,2026-04-11,ETH,0.048022,0.020172716760534237,0.020023745509294828,0.02,0.007044038738695836,0.0029590062538864897,0.0029371544389590436,0.002933671541666667,1472001
Base,2026-04-11,ETH,9900,0.03879002968346888,0.006039557157988641,0.005,1452.1674160686175,0.005692333179589261,0.0008917069868418123,0.0007334265142809316,7439721
Optimism,2026-04-11,ETH,32.014224024,0.0024590719735873893,3.47884265001473e-05,1.322e-06,4.695963514085975,0.00036283356506988516,1.0914911035597066e-05,2.0918252355095673e-07,2035310
Polygon PoS,2026-04-11,POL,2982893.822111693,266.35353041460974,218.19355587171597,105.704205409,16.6501593035315,0.0014867537957891242,0.0012042243987721382,0.0005900283295592156,9106927
zkSync Era,2026-04-11,ETH,1.2,0.06625125398595712,0.04525,0.04525,0.17602029250000004,0.00971797092091841,0.0066374318630208345,0.006637431863020833,16235
Arbitrum One,2026-04-12,ETH,0.030472,0.020104902852237858,0.020032481805730216,0.02,0.004380658745901389,0.0028902834902428455,0.0028798188944598986,0.002875202642361111,1702436
Base,2026-04-12,ETH,6000,0.043825587403907726,0.0061016186884881776,0.005,862.5608019192737,0.006304608202712916,0.0008777456587958725,0.0007188103829175695,7225102
Optimism,2026-04-12,ETH,179.86,0.0027081130881775758,3.812672024266816e-05,9.51e-07,25.856714795363267,0.00039275123747961767,1.1789028235784464e-05,1.677127512991838e-07,1939288
Polygon PoS,2026-04-12,POL,365027.474068306,298.00990390426585,230.19148998185383,115.11790625,2.0068281035045916,0.001638382567789566,0.0012692270210393898,0.0006328889354664762,9265985
zkSync Era,2026-04-12,ETH,5,0.06742723197862756,0.04525,0.04525,0.7188006605902778,0.00969334777760018,0.0065051459783420145,0.006505145978342013,14688
Arbitrum One,2026-04-13,ETH,0.03619,0.020187017213369737,0.020031474614480124,0.02,0.005219182141784723,0.0029112937202095653,0.0028890066406690017,0.0028843228194444437,1434303
Base,2026-04-13,ETH,4107.443283158,0.04899387096950598,0.006152703901255452,0.005,592.3596222407295,0.00707048493778953,0.0008943398239354704,0.0007210923072110963,8616820
Optimism,2026-04-13,ETH,23.345562887,0.0031051944892295136,2.7088526123420318e-05,6.17e-07,3.366813985046011,0.00045130311994274997,1.0000421684801783e-05,1.0979564727898256e-07,1861573
Polygon PoS,2026-04-13,POL,2889348.606634197,289.1532708631567,226.10962957622297,115.914266302,16.179981999361278,0.0016192212690707619,0.001270226584073546,0.0006491050397758301,9799820
zkSync Era,2026-04-13,ETH,7.01,0.07021019732743314,0.04525004273110466,0.04525,1.0109551482152774,0.010125443715459674,0.006525782663975877,0.006525780378993053,19075
Arbitrum One,2026-04-14,ETH,0.031538,0.020097008327033976,0.02002477293273669,0.02,0.004833984146622223,0.003080367164932366,0.0030692908090455356,0.003065498222222222,1329428
Base,2026-04-14,ETH,2404.925093157,0.03876682553101325,0.006085289187377428,0.005,368.61468428424695,0.005947704186405254,0.0009456456770084385,0.0007663798177071612,9268758
Optimism,2026-04-14,ETH,61.049700928,0.002721187601878639,3.75321127926729e-05,6.56e-07,9.357393798519583,0.00042161244915485396,1.2912039156129773e-05,1.8213711389244646e-07,2113400
Polygon PoS,2026-04-14,POL,231670,282.3049615641897,224.011619821094,104.397000942,1.2966293102614586,0.0015800271403132468,0.0012543764769971184,0.000584297541005699,9879953
zkSync Era,2026-04-14,ETH,7.01,0.06819259912803528,0.04525,0.04525,1.074457126888889,0.010452214569788749,0.006935689727777778,0.0069356897277777765,18525
Arbitrum One,2026-04-15,ETH,0.028266,0.020081468046501516,0.02002569772915389,0.02,0.00429532794770625,0.0030515987734560817,0.0030431031714509152,0.0030392188124999994,1655727
Base,2026-04-15,ETH,979.997655756,0.038747255734862145,0.006082367286028734,0.005,148.92136724998792,0.005891474157324844,0.0009242024134214229,0.0007598155742805555,7810229
Optimism,2026-04-15,ETH,50,0.0027760999433967524,3.815941890287609e-05,8.32e-07,7.5980573871631885,0.00042464231125382597,1.1035980050031613e-05,1.6341576514946164e-07,1990081
Polygon PoS,2026-04-15,POL,2429352.016103428,275.5806589050655,224.88941984651413,114.290773985,13.756954883566877,0.0015605604565374373,0.0012704265423675398,0.0006472067493295894,9696597
zkSync Era,2026-04-15,ETH,1.2,0.06515844949550434,0.04525,0.04525,0.18235312875,0.0099015392750054,0.006876232563281251,0.006876232563281249,17015
Arbitrum One,2026-04-16,ETH,0.032142,0.020119883172352887,0.020030208133970426,0.02,0.0048951337899750015,0.0030642001109730073,0.0030505074346917596,0.0030459422499999997,1449638
Base,2026-04-16,ETH,2503.477982423,0.04184620595959581,0.0062529115382702226,0.005,381.2724714419972,0.006378206371072014,0.0009536464998891609,0.0007614977925745876,8568722
Optimism,2026-04-16,ETH,83.501250001,0.016406186147860356,4.2445179359889047e-05,7.59e-07,12.717003343484969,0.0025027657000669373,1.1206947079099966e-05,1.6919636249994864e-07,2022645
Polygon PoS,2026-04-16,POL,1423429.25463147,268.53853245854833,221.26317218906487,88.613154659,8.229037623041817,0.0015524576860060542,0.0012819166034976459,0.0005122846683196254,10229785
zkSync Era,2026-04-16,ETH,1.2,0.06491408266660195,0.04525,0.04525,0.182756535,0.009886227350712717,0.0068914443406250005,0.006891444340624999,23874
Arbitrum One,2026-04-17,ETH,0.027924,0.020118450509744142,0.02002981517883421,0.02,0.004323886665447917,0.0031152377842690172,0.0031017890550110363,0.003096896336805555,1558959
Base,2026-04-17,ETH,2660.854137384,0.045725725435442566,0.006114527739848864,0.005,412.01948580857214,0.007107106868724575,0.0009839576356837723,0.0007742344863858889,8576039
Optimism,2026-04-17,ETH,37.65157904,0.008764267782166924,5.513543782278761e-05,3.7e-07,5.830244894921196,0.0013730523064058504,2.627150979827527e-05,7.120572928961276e-08,1698452
Polygon PoS,2026-04-17,POL,1215602.961916572,287.30100988654993,227.0983538170705,111.670304355,7.202806764251777,0.0017023433820238876,0.0013478030437641892,0.0006616795522660559,9669806
zkSync Era,2026-04-17,ETH,1.2,0.06998936073971265,0.04525,0.04525,0.18581378020833336,0.010837489744510383,0.00700672796202257,0.007006727962022568,19418
Arbitrum One,2026-04-18,ETH,0.025944,0.020080868611019827,0.020025248638771417,0.02,0.004011921641866668,0.00310526022842038,0.0030966151343236165,0.003092754888888889,1474810
Base,2026-04-18,ETH,2233.256373688,0.03498606157821884,0.006069566015910734,0.005,345.3457293278478,0.0054408178539408015,0.0009641774248243548,0.0007732091129855207,7613349
Optimism,2026-04-18,ETH,19.808337912,0.003022117329267627,3.833405026440726e-05,3.29e-07,3.063130207010698,0.0004834486594826877,1.9323682936840063e-05,7.719305252128994e-08,1556871
Polygon PoS,2026-04-18,POL,1400000,282.03051679396015,225.93576642851568,106.326838731,8.28192485069445,0.00166839681834988,0.0013363878514986091,0.0006289934914157499,8854681
zkSync Era,2026-04-18,ETH,8.505,0.06884232487891336,0.04525,0.04525,1.3151940164999998,0.010645621841587582,0.0069973579361111106,0.006997357936111109,15691
Arbitrum One,2026-04-19,ETH,0.033128,0.0201573858112835,0.020035867656612378,0.02,0.0049942603485125,0.0030388563356033545,0.003020562697319816,0.003015129406249999,1681040
Base,2026-04-19,ETH,2191.239692396,0.04156501061229002,0.006090035872848712,0.005,330.34356963142756,0.00629817232328707,0.0009535992665510428,0.0007538629774187169,7700703
Optimism,2026-04-19,ETH,39.836751197,0.003893666076251969,2.226275294782538e-05,3.21e-07,6.0056848421853495,0.0006116910480701012,2.6518138555691232e-05,7.468700128449763e-08,1403374
Polygon PoS,2026-04-19,POL,661250,284.7109879757878,225.33022772525217,106.121652983,3.899862229904513,0.0016791434834716825,0.0013289368697235304,0.0006258749735250438,8858505
zkSync Era,2026-04-19,ETH,1.2,0.065605149354467,0.04525,0.04525,0.18090776437499995,0.00989040075100811,0.006821730281640623,0.006821730281640621,21262
Arbitrum One,2026-04-20,ETH,0.02724,0.020108635769429103,0.020029971332675374,0.02,0.004079659809604167,0.00301161502109089,0.0030000531917722733,0.002995344940972221,1407391
Base,2026-04-20,ETH,1104.605167295,0.047583398258758174,0.006152027694967145,0.005,165.43370256077276,0.007180067870584804,0.0009983063191773914,0.0007489068157357945,7504054
Optimism,2026-04-20,ETH,26.000954572,0.0034177689000304797,1.5085065688262782e-05,3.2e-07,3.8942633913315285,0.0005479334650609649,2.619690276512333e-05,6.520412789300569e-08,1413333
Polygon PoS,2026-04-20,POL,2215244.546364945,262.86906749993204,222.5637892990291,24.023926276,13.225046785622942,0.0015693327049982636,0.0013258869976371691,0.0001434232394323271,9114687
zkSync Era,2026-04-20,ETH,1.627645186,0.06714287080306922,0.04525,0.04525,0.24376793867914462,0.01005580291911604,0.006776967928949654,0.0067769679289496525,23402
Arbitrum One,2026-04-21,ETH,0.081378,0.022959604797675604,0.020339757550874953,0.02,0.012245592580649998,0.0034549136887672026,0.0030534989040795044,0.0030095584999999987,2276171
Base,2026-04-21,ETH,1540.693209122,0.043547546111287416,0.006214283095058512,0.005,231.84032232921456,0.006569584939968192,0.0009504791751232533,0.0007524279352821753,7727436
Optimism,2026-04-21,ETH,50.874533438,0.003809620400028212,2.0065836501849883e-05,3.08e-07,7.655614776765797,0.0005872725553323143,1.778826961049799e-05,6.453472031345846e-08,1421844
Polygon PoS,2026-04-21,POL,1539127.983135917,312.5853635093115,233.64240364890745,104.807023459,9.372573615901688,0.001903499489870369,0.0014227583323696902,0.0006382260303211361,9206295
zkSync Era,2026-04-21,ETH,1.2,0.07260832106075825,0.04525,0.04525,0.18057351,0.010925949490958587,0.00680912610625,0.006809126106249998,20583
Arbitrum One,2026-04-22,ETH,0.057422,0.02010564173351391,0.02003774445278079,0.02,0.008903874799615972,0.0031175876277706044,0.003108343313079736,0.0031012067847222217,2119936
Base,2026-04-22,ETH,3068.704912024,0.04205570494494061,0.0061623487236615974,0.005,475.83443128341787,0.006624259110438924,0.0010933716840409106,0.0007753576930918385,7675513
Optimism,2026-04-22,ETH,50,0.004160823584033083,1.3978246863617538e-05,3.09e-07,7.7530642101380725,0.0007124581375492008,4.3133409854772796e-05,7.136599821923092e-08,1224342
Polygon PoS,2026-04-22,POL,15000000,360.74751171280127,236.17057827798754,102.746637147,93.21737682291665,0.0022418624491508912,0.0014677025544457738,0.0006385181328146256,9193291
zkSync Era,2026-04-22,ETH,3.200395401,0.06443613817954315,0.04525,0.04525,0.49625439656874987,0.00999148944518756,0.007016480350434029,0.007016480350434028,18925
Arbitrum One,2026-04-23,ETH,0.02885,0.02011418173483237,0.020050760018906325,0.02,0.004378898033046875,0.003052961900710335,0.0030423342034547815,0.003035631218749999,2199490
Base,2026-04-23,ETH,1459.393663954,0.03536778924070134,0.006174017549391517,0.005,221.50905363873105,0.0054163406769582355,0.0010055835707359466,0.0007589627434645245,8235659
Optimism,2026-04-23,ETH,83.370750001,0.003416756374942369,1.6369095628649285e-05,3.2e-07,12.654155395542983,0.0005423963739431179,2.0686440692148828e-05,7.19321915101658e-08,1325744
Polygon PoS,2026-04-23,POL,910025.864318707,295.6596329731668,232.7788107821411,100,5.561450923224446,0.001806867917968248,0.0014231720202665238,0.0006111310833333334,9200038
zkSync Era,2026-04-23,ETH,8.505,0.06682227933321952,0.04525,0.04525,1.2909021757734376,0.01014238986259873,0.006868115632421875,0.006868115632421873,19329
Arbitrum One,2026-04-24,ETH,0.028024,0.020067124976870254,0.020023445652288637,0.02,0.00422365793960139,0.0030244316204796895,0.003017784349433338,0.0030143148298611105,1337185
Base,2026-04-24,ETH,993.625657463,0.03055163168173483,0.0061310947639083395,0.005,149.7550445888487,0.004631028890498731,0.0009677025106001158,0.000753635631892114,6821895
Optimism,2026-04-24,ETH,30,0.0033595427432292894,1.4890082384043155e-05,3.21e-07,4.521506378227632,0.0005221880606557039,1.500989863601528e-05,6.956668779533123e-08,1288681
Polygon PoS,2026-04-24,POL,2175567.523398332,277.3796611202386,231.0190406734029,80.565570162,13.452484032760704,0.0017151595719740924,0.0014306740023419275,0.0004981721020093243,8872029
zkSync Era,2026-04-24,ETH,7.01,0.0687226601652738,0.04525,0.04525,1.0565173478663195,0.010357586684182738,0.006819887302560765,0.006819887302560763,16790
Arbitrum One,2026-04-25,ETH,0.02801,0.020038058999393378,0.0200149450337764,0.02,0.0042187236359079875,0.003018030457607844,0.0030145609388205134,0.0030122982048611116,1093336
Base,2026-04-25,ETH,699.952833628,0.016550150469187497,0.006053363650812305,0.005,105.42335195737517,0.002505532819350872,0.0009294865092784704,0.0007530905476195633,5809471
Optimism,2026-04-25,ETH,7.584641488,0.002671578499366747,1.7783168680788432e-05,3.28e-07,1.1423748712101036,0.00041044663161097134,1.0119808437048937e-05,5.924152650849761e-08,1332671
Polygon PoS,2026-04-25,POL,2154384.209796111,306.4877562409981,237.68636548909197,102.327774343,12.955661848042942,0.0018431028747649832,0.0014207812095486817,0.0006153610094349038,9030845
zkSync Era,2026-04-25,ETH,3.828548413,0.06368405130644066,0.04525,0.04525,0.5766364755851877,0.009591767671433585,0.006815324688498264,0.006815324688498262,14313
Arbitrum One,2026-04-26,ETH,0.031102,0.020091519748956007,0.020020558830897355,0.02,0.004730427129029514,0.003055799308204337,0.0030450291263107395,0.0030418797048611104,1564248
Base,2026-04-26,ETH,1773.207147339,0.029874598424691153,0.006065305937016601,0.005,269.69415272533837,0.00457302067396665,0.0009622575054364641,0.0007604910367309376,6289099
Optimism,2026-04-26,ETH,41.583656481,0.002678940025963938,1.12302198029292e-05,3.18e-07,6.324630872128378,0.0004251112008548072,1.3479853517553274e-05,5.966856634933857e-08,1233442
Polygon PoS,2026-04-26,POL,2239826.913240829,372.4914491369679,253.35719311027398,90,13.400784679627654,0.0022285997526769567,0.0015163979642762759,0.0005384659921875001,8474525
zkSync Era,2026-04-26,ETH,2.319676031,0.05969523109806365,0.04525,0.04525,0.3528087720275836,0.009079285597706203,0.006882252832248262,0.006882252832248261,17897
Arbitrum One,2026-04-27,ETH,0.029788,0.020101912497279086,0.020027660610809628,0.02,0.004498744646229169,0.0030358993966012023,0.0030246730236288045,0.0030205080208333336,1809794
Base,2026-04-27,ETH,2631.260387024,0.03186030064568916,0.006060190026300021,0.005,397.3872511506258,0.0048737335035092975,0.0009908027191153708,0.0007551621471399684,7241596
Optimism,2026-04-27,ETH,26.222129239,0.003507715054989725,8.56870660936595e-06,3.12e-07,3.960211526311869,0.0005670650803673197,2.4372050954280546e-05,6.314209248844128e-08,1144173
Polygon PoS,2026-04-27,POL,1821198.671196486,340.85288592590683,249.89964295097045,115,10.871618371053582,0.002034716231164685,0.0014917780359309885,0.0006864907889756943,9362152
zkSync Era,2026-04-27,ETH,1.04525,0.0702152620819228,0.04525,0.04525,0.15785930043880214,0.010604288115167051,0.006833899397135419,0.0068338993971354175,18576
Arbitrum One,2026-04-28,ETH,0.023848,0.020059385452396765,0.020026094034495814,0.02,0.0035449528503277788,0.0029817836143948067,0.0029768069331179725,0.002972956097222222,1903322
Base,2026-04-28,ETH,1789.014006755,0.027185709024605938,0.0060312251617127355,0.005,265.93301417691026,0.004079252710843516,0.0009361571520047953,0.0007432810248717282,7026806
Optimism,2026-04-28,ETH,33,0.0035137039985064468,7.219759670996131e-06,3.07e-07,4.905419723278265,0.0005471843044045049,1.681960597602428e-05,7.238470582123055e-08,1092901
Polygon PoS,2026-04-28,POL,1360947.552419854,334.55578790236837,239.31206107816374,122.856420679,8.437572203193177,0.0020741714927978673,0.0014876922475289538,0.0007616824897195908,9636099
zkSync Era,2026-04-28,ETH,5,0.06782152768960457,0.04525026439296053,0.04525,0.7432390243055553,0.010081521213386952,0.0067263132479246,0.006726313169965273,18506
Arbitrum One,2026-04-29,ETH,0.05059,0.020184516043403357,0.020025320487314407,0.02,0.007539164649565973,0.0030079934733904944,0.0029842785554351457,0.002980496006944444,1535817
Base,2026-04-29,ETH,1800.207366398,0.036783978969160705,0.00614733556167628,0.005,268.2755910417181,0.005517416115671328,0.0009756960568699144,0.0007452104076255175,7342871
Optimism,2026-04-29,ETH,29.280899303,0.0040918549882749235,1.3085810636600973e-05,2.97e-07,4.363600217385529,0.0006369703159632389,2.254012336051062e-05,7.594593973026723e-08,1188033
Polygon PoS,2026-04-29,POL,8519792.204708409,329.1171922687688,229.1708929455212,122.751211748,53.34198028354604,0.0020605857935450255,0.0014348315818095262,0.0007685390159192624,9664153
zkSync Era,2026-04-29,ETH,7.01,0.07427473412488098,0.045250103547801734,0.04525,1.0446638504340282,0.011068777423803479,0.006743547859340117,0.006743372215711807,18816
Arbitrum One,2026-04-30,ETH,0.026802,0.020065797914346584,0.020020789323622275,0.02,0.0039347165050375,0.0029457960689187692,0.0029391532712577766,0.0029361364861111103,1377979
Base,2026-04-30,ETH,2227,0.0315965732939692,0.0061744109833485935,0.005,326.93883811708014,0.004673154986191339,0.0009489793993401047,0.0007340809778029858,7048579
Optimism,2026-04-30,ETH,449.724208235,0.003513019577554509,2.2533623225670767e-05,3.23e-07,66.0226416932181,0.0005385675180567057,1.8565005567503275e-05,6.047295506156618e-08,1311703
Polygon PoS,2026-04-30,POL,3229333,373.62773809121614,241.22764709023423,122.886121629,19.856146779790663,0.0022973187368847932,0.0014620985772652924,0.0007555878778263597,9565423
zkSync Era,2026-04-30,ETH,1.2,0.06620654810072814,0.04525,0.04525,0.1761681891666667,0.009719573074898935,0.00664300879982639,0.006643008799826388,15230
Arbitrum One,2026-05-01,ETH,0.029086,0.02008185567909348,0.020020247616169995,0.02,0.0043297748635375,0.002989407753955952,0.0029802371515338477,0.0029772226249999995,1228511
Base,2026-05-01,ETH,620.013400232,0.028565467189063987,0.0060817542349424015,0.005,92.29589876392502,0.00426576701544083,0.0009365720332907288,0.0007443275449053986,5997039
Optimism,2026-05-01,ETH,41.634440929,0.0029458559705323943,1.1115097277462476e-05,3.17e-07,6.197755535943725,0.000447953466744608,9.207536400399918e-06,6.071418579142668e-08,1208579
Polygon PoS,2026-05-01,POL,3393303.295283386,479.61028808216713,265.2629352371781,95.979850091,21.24268335518105,0.0030024458756092846,0.0016471779148724696,0.0006008509663120416,9075938
zkSync Era,2026-05-01,ETH,7.89,0.0677407160218946,0.04525,0.04525,1.1745143255624995,0.010083959618707524,0.006735966189062498,0.006735966189062496,17580
Arbitrum One,2026-05-02,ETH,0.037342,0.0200831523228415,0.020014121923315836,0.02,0.005598895317825696,0.003011179570103293,0.003000827168381523,0.002998712076388889,942453
Base,2026-05-02,ETH,722.700168694,0.0216260965123696,0.006131586542258933,0.005,108.35848825375756,0.0032512406458057347,0.0009378650312042605,0.000749708890484575,5949409
Optimism,2026-05-02,ETH,113.382029153,0.0025973165917953607,7.4960248832862536e-06,3.22e-07,17.000006270324317,0.00039521424930515976,6.819088173429934e-06,6.083843712542077e-08,1200418
Polygon PoS,2026-05-02,POL,63964754.02880734,509.48064261232054,271.7592461297452,122.848657683,413.5360315379391,0.0032938233921201614,0.0017573848832193174,0.0007942240558778835,8583454
zkSync Era,2026-05-02,ETH,17.313366434,0.06150363805672205,0.04525,0.04525,2.595890050429089,0.009221585109124795,0.006784586072829855,0.006784586072829854,16362
Arbitrum One,2026-05-03,ETH,0.028204,0.020067074354181855,0.020015700293346272,0.02,0.004251779979868057,0.003025130654975542,0.0030174185239705787,0.0030150191319444444,1003254
Base,2026-05-03,ETH,2281.664762706,0.02723483512338557,0.006036169198566404,0.005,343.9631489400436,0.004111980293021226,0.0009208155637440067,0.0007537683636630615,5825158
Optimism,2026-05-03,ETH,15.187516018,0.002297793155950673,6.82247748589927e-06,3.16e-07,2.2895603810458205,0.0003511531570795885,5.230471374083298e-06,5.796954870808257e-08,1207741
Polygon PoS,2026-05-03,POL,2041370.029104259,382.28574993295547,272.7040934525614,103.812470368,13.351992954133282,0.002500417154556387,0.001783676789616718,0.0006790064285958584,8410839
zkSync Era,2026-05-03,ETH,7.89,0.05727223571720332,0.04525,0.04525,1.1894250475520842,0.008633844320831065,0.006821480786024311,0.0068214807860243094,24330
Arbitrum One,2026-05-04,ETH,0.082356,0.020233198450077036,0.02003449639006828,0.02,0.012612558432716666,0.003098649736895705,0.0030681696100821076,0.003062936138888888,1615163
Base,2026-05-04,ETH,1409.209328073,0.041076759548339614,0.00609528849784986,0.005,215.81591049342248,0.006310977858524054,0.000957279801416141,0.0007657644780015146,9160376
Optimism,2026-05-04,ETH,50,0.0037969657084266,1.590108018277467e-05,3.18e-07,7.657432866381204,0.0005957618499227865,1.4144532212160958e-05,6.385277563360771e-08,1288694
Polygon PoS,2026-05-04,POL,3111312.568253412,403.6702230500804,254.37177610951525,122.800557947,20.157575594293387,0.002615299124660043,0.0016700249200901644,0.0007956004019318587,8998410
zkSync Era,2026-05-04,ETH,1.04525,0.06786154372724358,0.04525,0.04525,0.16007669995868054,0.010392778736152018,0.006929893014236111,0.006929893014236109,20943
Arbitrum One,2026-05-05,ETH,0.026226,0.020081404873918136,0.02002384244837837,0.02,0.004048827094568749,0.0031002110940047136,0.0030912917702227752,0.0030876436319444435,1294233
Base,2026-05-05,ETH,1046.653275862,0.029452199179722183,0.006149373472702956,0.005,161.5846168256312,0.004553781951712349,0.0009528841478705792,0.0007719468957191751,9892964
Optimism,2026-05-05,ETH,50,0.0034359425765710305,1.1682382664356e-05,3.14e-07,7.719124717350176,0.0005366380220174779,8.288900630577651e-06,5.809773626718982e-08,1335541
Polygon PoS,2026-05-05,POL,2426287.0274629,265.3760780395025,231.31903332057107,122.846015173,16.079339977983963,0.0017586840025613582,0.001530092801065117,0.0008141175469139531,8629098
zkSync Era,2026-05-05,ETH,8.505,0.07215040228305337,0.04533396667388117,0.04525,1.3130204544843753,0.011138736507577511,0.006992264291894036,0.006985793717274306,23428
Arbitrum One,2026-05-06,ETH,0.031626,0.02010753253272964,0.020030078694452797,0.02,0.004872273025221877,0.003097748319803546,0.003085813194377308,0.003081181954861111,1501187
Base,2026-05-06,ETH,1479.67305752,0.03138913991941723,0.006142867176030912,0.005,227.95710559025636,0.004851903283979248,0.0009661924503405678,0.0007703072883014674,11093286
Optimism,2026-05-06,ETH,45.624449945,0.0035417680658416714,1.5271715971672743e-05,3.12e-07,7.0288627901643475,0.0005617365650353854,1.0799697591450567e-05,5.760481562354265e-08,1269051
Polygon PoS,2026-05-06,POL,38270411.27946,284.3267656336625,230.9677879997141,79.172244193,258.0564942676367,0.0019172087759940077,0.001559368519787759,0.0005338566034881432,9222614
zkSync Era,2026-05-06,ETH,3.333,0.07260822666021935,0.04525,0.04525,0.5134789727776041,0.011185957887996398,0.006971174172873264,0.006971174172873262,19284
Arbitrum One,2026-05-07,ETH,0.03474,0.02010789708559367,0.02002609360703678,0.02,0.00522913917134375,0.00302668371627267,0.0030143700888317798,0.0030104428159722215,1313653
Base,2026-05-07,ETH,1489.361702127,0.024602927307080025,0.006053504844704482,0.005,224.18191431672352,0.0037276756474211733,0.0009448121353064137,0.0007526204138491975,11364273
Optimism,2026-05-07,ETH,18.840994503,0.004035019547736631,2.501574106048809e-05,3.12e-07,2.8360208264615965,0.0006275562116116947,1.6962702627781615e-05,5.6298787325757174e-08,1273211
Polygon PoS,2026-05-07,POL,3239439,287.1623698591133,233.37209893228055,121.697159282,21.43409570830938,0.0019000406303020347,0.001544144079883013,0.000805222311480401,8995696
zkSync Era,2026-05-07,ETH,7.01,0.07027663741827388,0.04525,0.04525,1.055160206998264,0.010578189912325812,0.006811126871137153,0.006811126871137151,15705
Arbitrum One,2026-05-08,ETH,0.027942,0.020094672364560317,0.020028689312895545,0.02,0.0041630965676625,0.0029939181715124634,0.0029840867127616144,0.002979812874999999,1425474
Base,2026-05-08,ETH,1840.206246859,0.022266919668093084,0.0060264376489688855,0.005,274.1735228768572,0.0033525732892671586,0.0009392949251328757,0.00074499531572973,11552947
Optimism,2026-05-08,ETH,228.217748161,0.004871924443369893,3.7931963593615164e-05,3.22e-07,34.00231807114874,0.0007503465919485594,2.2933939180483518e-05,5.7719907953210714e-08,1604816
Polygon PoS,2026-05-08,POL,1400115.151596517,588.2553399632953,264.1103268775166,122.518108175,9.27317038138633,0.003896102394878011,0.0017496914705221155,0.0008114556082165056,9073663
zkSync Era,2026-05-08,ETH,7.01,0.0808335776600658,0.04589256552765141,0.04525,1.0444244126875002,0.012043446772190667,0.006828179467622614,0.006741826629687499,18828
Arbitrum One,2026-05-09,ETH,0.025536,0.020064561132594427,0.02002275302965612,0.02,0.003850900495866667,0.0030257921528163527,0.00301952014438309,0.0030160561527777774,1238303
Base,2026-05-09,ETH,605.011,0.022411385467718353,0.006065074847596857,0.005,91.23735795273298,0.0033866805949818875,0.0009235263373423016,0.0007540224732242812,7276078
Optimism,2026-05-09,ETH,24.09302233,0.0023890062285334343,4.3927261233561856e-05,3.16e-07,3.633311546147107,0.00036655624569031887,1.3396465032791629e-05,5.6111215823395174e-08,1590115
Polygon PoS,2026-05-09,POL,32523693,516.8068062843066,429.67822049310536,243.663081432,215.8597035752619,0.0034300460286047175,0.002867688892679611,0.0016171915203524526,8463314
zkSync Era,2026-05-09,ETH,10.063349999,0.07541276284068299,0.04525,0.04525,1.5175814341020102,0.011372456368180373,0.006823827045659725,0.006823827045659724,15077
Arbitrum One,2026-05-10,ETH,0.027098,0.02008988176940984,0.020038583240296545,0.02,0.004116515012589237,0.003051896815441849,0.0030438360631927395,0.003038242684027777,2311028
Base,2026-05-10,ETH,639.470904983,0.029584424303564318,0.006047393075670891,0.005,97.1433942978961,0.004505334098070215,0.0009370211668382425,0.000759574315659419,6893569
Optimism,2026-05-10,ETH,19.527390638,0.0025821179927247046,1.9115433498407817e-05,3.23e-07,2.9664650116396056,0.0004014100430476987,1.1209314462653603e-05,5.868819521571283e-08,1394021
Polygon PoS,2026-05-10,POL,4834526.342381153,519.8747298240203,431.7852896038891,270.668963911,32.23795257259841,0.0034666678174520094,0.002904383135570546,0.0018048951652085607,8193869
zkSync Era,2026-05-10,ETH,1.2,0.06416106154903642,0.04525,0.04525,0.18229456104166666,0.009746843792540115,0.006874024072612847,0.006874024072612845,17731
Arbitrum One,2026-05-11,ETH,0.026368,0.02008354005949361,0.020029408575917965,0.02,0.0040042262375555564,0.003049872498797336,0.003041684747239786,0.0030371861631944444,1385544
Base,2026-05-11,ETH,1317.308348741,0.033065737502718656,0.006039283912702184,0.005,200.04554020727858,0.005047097410644219,0.0009543625614368546,0.0007593130558363625,6643204
Optimism,2026-05-11,ETH,14.079428043,0.0029472685518445976,1.2692403172379928e-05,3.19e-07,2.1381229545117293,0.0004678648745389639,1.5073130365738881e-05,5.8272735043512056e-08,1295023
Polygon PoS,2026-05-11,POL,2158692.277958269,523.4518599161653,421.40177837041506,269.652726824,14.530131076579297,0.0035233480077365314,0.002835197365324592,0.0018150291757264964,8381727
zkSync Era,2026-05-11,ETH,1.04525,0.06377576267419982,0.04525,0.04525,0.15873094185394962,0.00968494319706505,0.006871633694227429,0.0068716336942274275,18880
Arbitrum One,2026-05-12,ETH,0.023904,0.020087541675311935,0.020035297881768308,0.02,0.003560247251600001,0.002991826265084143,0.0029841976079781007,0.002978787861111111,1478122
Base,2026-05-12,ETH,3892.193217201,0.033251143476322,0.006046905067752217,0.005,579.7008971614828,0.004969662074338746,0.000923169366482346,0.0007447166590606197,7559864
Optimism,2026-05-12,ETH,18.214715947,0.0027516895858316535,2.444640559019291e-05,3.19e-07,2.712905898448125,0.0004233277975709339,1.4495012889423159e-05,5.593703540325731e-08,1457120
Polygon PoS,2026-05-12,POL,5400278.972623828,523.739489734857,409.25716084880185,269.660493925,35.44798545493624,0.003437879766658717,0.0026886040585469896,0.0017700791597771734,7847686
zkSync Era,2026-05-12,ETH,7.01,0.05051510773396137,0.04525,0.04525,1.044065145319444,0.007523689486031555,0.006739507535763886,0.006739507535763884,70307
Arbitrum One,2026-05-13,ETH,0.026468,0.02009600270835186,0.020033157700695876,0.02,0.003924103946948613,0.0029794016754454175,0.0029700847897128025,0.0029651684652777783,1377288
Base,2026-05-13,ETH,1130.218190375,0.029636892243931616,0.006060701991686249,0.005,167.56437694372323,0.004404638307337346,0.0009151298446773765,0.0007413079525662291,7696428
Optimism,2026-05-13,ETH,32.921056302,0.002706292273656731,2.913932487300148e-05,2.91e-07,4.880834209266251,0.00041089694532929613,1.3157565247771157e-05,5.330880619411696e-08,1597374
Polygon PoS,2026-05-13,POL,2571662.355192132,513.2396804314926,428.07369904437974,269.611150512,16.518147875891795,0.003296610427892089,0.002740153417977141,0.0017317502214686386,9719137
zkSync Era,2026-05-13,ETH,1.57,0.06903337114866416,0.04525,0.04525,0.23276572452430538,0.010234778759093314,0.0067086936526948885,0.006708693652690966,19270
Arbitrum One,2026-05-14,ETH,0.027274,0.02013211007395299,0.020046561275385778,0.02,0.004032828938007638,0.002976804139065238,0.0029641323847365616,0.0029572698819444435,1586317
Base,2026-05-14,ETH,9999,0.03725257984733956,0.006587029578879646,0.005,1478.487080487343,0.005523303197767358,0.0009757338271012498,0.0007393299987866582,9896528
Optimism,2026-05-14,ETH,100,0.0028415606314621165,1.1957366823844428e-05,3.05e-07,14.78645433284539,0.00043054751523434806,9.817940406298824e-06,5.3704974885215606e-08,1321054
Polygon PoS,2026-05-14,POL,2383722.118264072,485.5804829272068,412.98225658051666,268.717316941,14.696509096082975,0.002993779320811841,0.0025499015259274975,0.0016567394590332526,8394498
zkSync Era,2026-05-14,ETH,1.04525,0.07485389908636617,0.045286417747927,0.04525,0.1545543172051216,0.011068159065716083,0.006690823108252782,0.006690823107899306,22075
Arbitrum One,2026-05-15,ETH,0.02588,0.02011396613525626,0.020037115218879957,0.02,0.0037776760620625007,0.0029360142342100743,0.002924827728877336,0.00291937871875,1636504
Base,2026-05-15,ETH,3333.005,0.034702535157073625,0.006117480921835585,0.005,486.5151953237834,0.005100833706087717,0.0009409405941809737,0.0007298593688029909,7532947
Optimism,2026-05-15,ETH,25.192957577,0.0027966293236639517,1.115370808910428e-05,3.17e-07,3.6774093113994866,0.0004312360782549715,1.1612796890886234e-05,5.5774299016392794e-08,1372209
Polygon PoS,2026-05-15,POL,5088545.666866706,527.12450861549,412.2019829153795,113.236411819,30.634790833426695,0.003173470402311225,0.0024978211682013876,0.0006817220514282751,8020231
zkSync Era,2026-05-15,ETH,1.04525,0.06700209124614656,0.04525,0.04525,0.15257403028867184,0.009780223964786448,0.0066050943511776995,0.006605094351171871,18923
Arbitrum One,2026-05-16,ETH,0.046212,0.020267050753815897,0.020024745562482963,0.02,0.006588394576427088,0.002889451382014213,0.002854838036297238,0.0028513782465277786,1258942
Base,2026-05-16,ETH,1291.415886091,0.04150179997662409,0.006087809921822671,0.005,184.11576055644457,0.0059249749142352105,0.0008797519840398696,0.0007128556458318162,6773568
Optimism,2026-05-16,ETH,22.027408838,0.002689794058362047,1.6982534548594395e-05,3.04e-07,3.140435953881339,0.0003914325762945452,8.665496420858299e-06,5.147825354833675e-08,1290109
Polygon PoS,2026-05-16,POL,3109939.780039679,991.7354048196015,452.6750599479989,269.964406658,18.268219013913786,0.005825591767206344,0.0026345602089340695,0.0015858084900688032,7054878
zkSync Era,2026-05-16,ETH,7.01,0.061981944593630545,0.04525,0.04525,0.9994080754079859,0.008836698424588165,0.006451243282769096,0.006451243282769094,16342
Arbitrum One,2026-05-17,ETH,0.179006,0.021902007389135784,0.0200371790640284,0.02,0.025419363037268054,0.003110147576436727,0.0028452372266993776,0.0028400570972222207,1489240
Base,2026-05-17,ETH,3611.939680654,0.051184772376459346,0.00615318587327139,0.005,512.9057511129103,0.0072746921309153065,0.0008817473796471448,0.0007100259660537669,7213928
Optimism,2026-05-17,ETH,100.836425387,0.003254032426985669,1.1715790700003454e-05,3.05e-07,14.319062736318658,0.0004672318752775136,6.733312580925006e-06,5.2265911838140214e-08,1159213
Polygon PoS,2026-05-17,POL,2429228.260547446,545.6160808920093,428.11898546498713,267.786603251,14.491493287991979,0.003254857479834085,0.0025633664201802305,0.001597473496686354,6901694
zkSync Era,2026-05-17,ETH,1.57,0.06237769895078558,0.04525,0.04525,0.22294448213194448,0.008857811330675857,0.006425629182465279,0.006425629182465278,14303
Arbitrum One,2026-05-18,ETH,0.03595,0.020155015585096747,0.020039341652535948,0.02,0.0049496153293663225,0.002774953382576747,0.002759115788554131,0.002753610753472222,1658006
Base,2026-05-18,ETH,8640.447243585,0.06153926024636513,0.0063532830702112625,0.005,1189.6214235456137,0.008480364087497805,0.0008806580808215926,0.0006884169355258118,9755125
Optimism,2026-05-18,ETH,68.678490409,0.0032300656444389365,9.165185564917966e-05,3.18e-07,9.455697653388585,0.0004530998839407996,2.255518416995225e-05,5.129730737222608e-08,1927502
Polygon PoS,2026-05-18,POL,3431259.87820853,523.8286520435444,409.3324065128882,251.062629101,20.130129853730885,0.00307313906874563,0.0023944819404907733,0.0014729060183750558,7009324
zkSync Era,2026-05-18,ETH,7.01,0.06927648428757117,0.04525000000174258,0.04525,0.9651405690920136,0.009538023604849564,0.006230044329730901,0.006230044329730899,17637
Arbitrum One,2026-05-19,ETH,0.02696,0.020108589463144894,0.020032819382136625,0.02,0.003715881752013888,0.002771555661869606,0.002761109928108504,0.0027565888368055545,1516258
Base,2026-05-19,ETH,856.659076318,0.04155335515494533,0.006168046372366957,0.005,118.0728621722141,0.005733356722248149,0.0008540048568266719,0.0006891630857431831,8912945
Optimism,2026-05-19,ETH,16.998913625,0.004699176688400362,1.7780959427786332e-05,2.97e-07,2.3429574949834153,0.0006524130085860367,7.693116004303113e-06,5.186533312962606e-08,1256346
Polygon PoS,2026-05-19,POL,14800250.97290481,488.1239695386283,400.17421157423627,252.548788632,86.80165301552009,0.0028627870912473997,0.002333039603255631,0.0014811676072559378,6826367
zkSync Era,2026-05-19,ETH,1.04525,0.07055485754272776,0.04525,0.04525,0.14406622408355052,0.009724536634234162,0.006237111757155113,0.006236782243272575,14407
Arbitrum One,2026-05-20,ETH,0.039562,0.022496211102865902,0.02225712111283478,0.02,0.0054666689247850715,0.0031085217673888343,0.0030743539082213277,0.002763595836805555,2465850
Base,2026-05-20,ETH,2105.751752102,0.037182742854892446,0.006157857369922555,0.005,290.9723392734265,0.005144589682139073,0.0008546635825478509,0.0006909228210828006,8621264
Optimism,2026-05-20,ETH,11.094904836,0.003053739925426659,1.134010535619141e-05,3.01e-07,1.5331566200068292,0.00042698296095462323,6.430607903472857e-06,6.998869627862107e-08,1137299
Polygon PoS,2026-05-20,POL,2538102.847578745,491.0620316798913,398.1300158429254,221.518468815,14.885991223342119,0.0028800823026838497,0.0023334906298671044,0.001299207392534935,7629210
zkSync Era,2026-05-20,ETH,6,0.06460136736696137,0.04525,0.04525,0.8290787510416666,0.008926603495365023,0.00625263558077257,0.006252635580772568,15803
Arbitrum One,2026-05-21,ETH,0.024374,0.020084452199247115,0.020024281279019795,0.02,0.0033772072840187505,0.0027828570715743776,0.0027745263424274924,0.0027711555624999992,1227791
Base,2026-05-21,ETH,1235.912039537,0.04050819976897433,0.006328814550074921,0.005,171.24522710543997,0.005617299971283302,0.000884182548309497,0.0006928065669425182,10568597
Optimism,2026-05-21,ETH,200.77491668,0.002929775529351975,2.7948043476281397e-05,3.01e-07,27.818927975083405,0.0004102143192489763,9.22005884775679e-06,6.6488834949112e-08,1509278
Polygon PoS,2026-05-21,POL,2409307.536992925,471.76714289628717,395.0430437530599,269.871478878,14.33651636064761,0.0028072370416397357,0.002345948893057817,0.001605862602760776,7234110
zkSync Era,2026-05-21,ETH,1.2,0.06899970602230197,0.04525649005386212,0.04525,0.1662693337500002,0.009560445957727676,0.006286979971940384,0.006269739460156255,17035
Arbitrum One,2026-05-22,ETH,0.047938,0.020277994116566035,0.02002440243494404,0.02,0.006589564312829514,0.002787415961572223,0.002752557457926723,0.0027492028506944438,1182616
Base,2026-05-22,ETH,3696.784113844,0.09511432852579584,0.006707680081583462,0.005,508.1604738716365,0.013078393389394202,0.0009310967300665308,0.0006873120998383976,10336676
Optimism,2026-05-22,ETH,32.891423728,0.0025926379026029907,1.9683623361361635e-05,3.17e-07,4.521261237090105,0.00036000085263229194,6.791876560215035e-06,5.962167444713351e-08,1616520
Polygon PoS,2026-05-22,POL,2394901.635698356,465.3611414468214,396.86087131761496,270.589558044,14.307217295494404,0.0027800820176968667,0.0023726513393804074,0.0016165104850740157,7269361
zkSync Era,2026-05-22,ETH,2.2806,0.06908672417490408,0.04525,0.04525,0.31349160106468726,0.00949667095233721,0.006220071450295964,0.006220071449696174,15603
Arbitrum One,2026-05-23,ETH,0.091312,0.020552080233376634,0.020024349513531357,0.02,0.012243236231200006,0.002755650662996893,0.0026848931263915264,0.002681627,1200475
Base,2026-05-23,ETH,22771.020629193,0.0882377536082208,0.0080677472228913,0.005,3053.169188511978,0.011834150722309277,0.0011299716093214022,0.000670416050430874,11214254
Optimism,2026-05-23,ETH,61.964966657,0.002725595197878865,3.107661321420808e-05,3.14e-07,8.30834841330853,0.0003692304266972837,9.433938624723189e-06,5.987717328965266e-08,1918743
Polygon PoS,2026-05-23,POL,2895181.53535187,499.13423902819,425.5274807311441,270.862494195,16.921533565999844,0.002917301273347869,0.0024836573041407033,0.0015831161988721653,7304955
zkSync Era,2026-05-23,ETH,1.777802032,0.07715364698561905,0.04557366850153246,0.04525,0.23837009648330346,0.01034486514525696,0.006105745713924956,0.006067181087500005,16209
Arbitrum One,2026-05-24,ETH,0.03109,0.020134529966278396,0.0200196915029777,0.02,0.004262715452711805,0.0027606230948846685,0.002744856035975658,0.002742177840277776,994622
Base,2026-05-24,ETH,2785.30721719,0.05513123311265227,0.006262120165224162,0.005,381.8903906759009,0.0075621218370725,0.0008609267310643179,0.0006855511336620408,8414187
Optimism,2026-05-24,ETH,67.052412963,0.0025814470066433653,2.1234228794220074e-05,3.19e-07,9.193500219736391,0.00035725709448833397,7.044370206506515e-06,5.858135300268514e-08,1491892
Polygon PoS,2026-05-24,POL,2212874.815727509,511.71151707647664,427.2539917268659,270.551897271,13.064762699774235,0.003021133185587781,0.002515937880012697,0.0015973322624023981,7204409
zkSync Era,2026-05-24,ETH,1.04525,0.07541282820490479,0.04525000000239312,0.04525,0.14331306937751742,0.010339769318808638,0.006208536040442506,0.006204177363628473,16695
Arbitrum One,2026-05-25,ETH,0.024814,0.020096501003076236,0.020023407788717088,0.02,0.0034075294885350695,0.00275970902652922,0.002749760361362978,0.002746457232638888,1022469
Base,2026-05-25,ETH,899.005030962,0.05885337555088252,0.006159580471896558,0.005,123.45395728094064,0.008086149434889708,0.0008501036792919555,0.0006866258648021041,8932042
Optimism,2026-05-25,ETH,28.812616975,0.0022662267590162917,2.3992830039529795e-05,3.15e-07,3.9566363657607964,0.0003160993454049501,9.742243484342835e-06,6.139293940337446e-08,1634252
Polygon PoS,2026-05-25,POL,3000249.324322795,502.98398466915455,426.9754597479909,270.784499526,17.914164990712816,0.0030032631008370257,0.002549444426066023,0.0016168250292102912,7279988
zkSync Era,2026-05-25,ETH,1.04525,0.07639790883633422,0.04525,0.04525,0.14353672112078983,0.010491179464102773,0.006213859489206461,0.00621385948884548,16559
Arbitrum One,2026-05-26,ETH,0.02597,0.020108062129997977,0.020030871321618963,0.02,0.0035317864483732637,0.0027345930432547388,0.0027241864371843807,0.0027198971493055542,1362854
Base,2026-05-26,ETH,6822.646594848,0.05655946265835704,0.006337608707542548,0.005,927.8448527408883,0.007697350306851726,0.0008682438982192148,0.0006799794993366431,9960330
Optimism,2026-05-26,ETH,33,0.002815825331802412,4.851104741941185e-05,3.35e-07,4.48784238326954,0.0003882530954365998,1.2114318173767382e-05,6.484518210553242e-08,1676758
Polygon PoS,2026-05-26,POL,4840965.06836093,487.0388352589635,418.2375413530332,205,29.01459576915007,0.0029190945874150546,0.0025168010941592086,0.0012286790027777775,7220046
zkSync Era,2026-05-26,ETH,5,0.07908553879742182,0.045252499402700624,0.04525,0.6799742873263885,0.010755226576322725,0.006153767300303817,0.006153767300303815,17940
Arbitrum One,2026-05-27,ETH,0.056282,0.020212718332963377,0.020035724801473816,0.02,0.007554913822263891,0.0027132181713139586,0.002689550465670891,0.002684664305555556,1461356
Base,2026-05-27,ETH,5130.907770922,0.07862204103142852,0.0077824738973596656,0.005,688.7382490119383,0.01056035427636486,0.0010350266565873122,0.0006711766850934978,12845750
Optimism,2026-05-27,ETH,92.649302986,0.003045107093625628,2.393268335896274e-05,3.43e-07,12.436642114277445,0.0004143137451758778,8.760167591317374e-06,5.680432490048357e-08,1521382
Polygon PoS,2026-05-27,POL,5750251.812223603,506.99823333173583,417.1455629948958,270.706804154,33.99998469200162,0.002997769964700769,0.0024866268148272955,0.001600630285040946,7228313
zkSync Era,2026-05-27,ETH,1.2,0.06787153078104362,0.04525,0.04525,0.1610798583333333,0.00911061380256454,0.006074052991319443,0.006074052991319442,15295
Arbitrum One,2026-05-28,ETH,0.11936,0.020670886114218457,0.020043325204650807,0.02,0.015508529761111108,0.0026857829464391227,0.0026043472470436146,0.00259861423611111,1434901
Base,2026-05-28,ETH,4262.670037131,0.09537475469764015,0.008285078420479257,0.005,553.8517675567324,0.012404614717349122,0.0010831619147569863,0.0006496783465575849,12609961
Optimism,2026-05-28,ETH,592.39849484,0.0037111346965964247,8.959292085535573e-05,3.32e-07,76.97077238750192,0.0004926918164835015,2.1945246521853933e-05,7.231692846238294e-08,2332535
Polygon PoS,2026-05-28,POL,6050248.728063514,493.9547651148008,423.7488408036647,269.924193307,34.568956377531904,0.002822280784676803,0.0024216946807970705,0.00154225025830578,7361407
zkSync Era,2026-05-28,ETH,5,0.06409563821079818,0.04525,0.04525,0.6496535590277781,0.008327991896359634,0.005879364709201393,0.005879364709201391,21474
Arbitrum One,2026-05-29,ETH,0.044768,0.020175082258771324,0.020034578865962206,0.02,0.005851611678611112,0.0026370788724626518,0.00261858972839914,0.002614193923611111,1374348
Base,2026-05-29,ETH,1291.645547753,0.03961737249844659,0.006242865565706365,0.005,168.83059905749414,0.005188378098757115,0.0008247201437555243,0.0006535729533811944,8744833
Optimism,2026-05-29,ETH,40.042068591,0.0029948407308040726,4.6409100588976095e-05,2.93e-07,5.233895558378567,0.0004008018193801719,1.5647348366654044e-05,6.821605664857643e-08,1489566
Polygon PoS,2026-05-29,POL,3000256.30166123,491.60027032618285,417.6801533509723,269.196742386,17.17862141727713,0.0028147645012490657,0.0024087541217369885,0.0015413446250084853,7032256
zkSync Era,2026-05-29,ETH,30,0.06454451737833303,0.04525,0.04525,3.9212908854166657,0.00843659425664366,0.005914613752170138,0.005914613752170137,22709
Arbitrum One,2026-05-30,ETH,0.03219,0.02007966703139436,0.020021366266583244,0.02,0.004223808273682293,0.0026347519024471524,0.0026270968118808895,0.002624298399305555,1055030
Base,2026-05-30,ETH,2054.427718992,0.026849884038400693,0.006154530025034553,0.005,269.5715702469078,0.0035286536863008366,0.0008149519145273078,0.0006560823868799876,7309710
Optimism,2026-05-30,ETH,47.37359711,0.003384569109702819,5.532646229245961e-05,2.88e-07,6.216148652417205,0.0004497353706575101,1.4256293500311125e-05,6.390538771940184e-08,1168372
Polygon PoS,2026-05-30,POL,4750000,494.58833284137046,426.44367978219265,270.073811779,28.155739049479166,0.0029316842181894027,0.0025319609645369176,0.001600869003904774,6840343
zkSync Era,2026-05-30,ETH,1.2,0.06686392295226608,0.04525,0.04525,0.15745790395833353,0.008773544298748466,0.005937475128428827,0.005937475128428825,17788
Arbitrum One,2026-05-31,ETH,0.038768,0.020112697563465783,0.02002087713529222,0.02,0.005082018910944449,0.0026365329490047142,0.00262452019895116,0.002621759652777779,1107045
Base,2026-05-31,ETH,1994.138645429,0.03127657090780263,0.006344352196658034,0.005,261.4076149424908,0.004104634105448233,0.0008238879793820079,0.000655448049894659,7644117
Optimism,2026-05-31,ETH,31.500126976,0.0027905918175088625,5.246969292022272e-05,2.88e-07,4.129289416131827,0.0003703132781749316,1.294782271907184e-05,5.45714092709854e-08,1246886
Polygon PoS,2026-05-31,POL,3108837.279352117,512.9871466013988,427.1127520385164,269.575083536,18.473518170226914,0.003048302796924821,0.0025389037363124133,0.001601885128249803,6590149
zkSync Era,2026-05-31,ETH,1.3575,0.06955759378319712,0.0452669506450533,0.04525,0.17795193643229168,0.009118164646253592,0.005932240980707225,0.005931731214409721,16033
