Date,Price,Open,High,Low,Vol.,Change %
10/4/2005,1.8453,1.8453,1.8453,1.8453,,-2.30%
10/5/2005,1.765,1.765,1.765,1.765,,-4.35%
10/6/2005,1.72,1.72,1.72,1.72,,-2.55%
10/7/2005,1.74,1.74,1.74,1.74,,1.16%
10/10/2005,1.73,1.73,1.73,1.73,,-0.57%
10/11/2005,1.77,1.77,1.77,1.77,,2.31%
10/12/2005,1.7757,1.7757,1.7757,1.7757,0.02K,0.32%
10/13/2005,1.7286,1.7286,1.7286,1.7286,,-2.65%
10/14/2005,1.7044,1.7044,1.7044,1.7044,,-1.40%
10/17/2005,1.757,1.757,1.757,1.757,,3.09%
10/18/2005,1.69,1.69,1.69,1.69,,-3.81%
10/19/2005,1.6572,1.6572,1.6572,1.6572,0.04K,-1.94%
10/20/2005,1.6025,1.6025,1.6025,1.6025,,-3.30%
10/21/2005,1.645,1.645,1.645,1.645,,2.65%
10/24/2005,1.6053,1.6053,1.6053,1.6053,0.03K,-2.41%
10/25/2005,1.662,1.662,1.662,1.662,,3.53%
10/26/2005,1.6,1.6,1.6,1.6,,-3.73%
10/27/2005,1.61,1.61,1.61,1.61,,0.62%
10/28/2005,1.645,1.645,1.645,1.645,,2.17%
10/31/2005,1.5811,1.5811,1.5811,1.5811,,-3.88%
11/1/2005,1.596,1.596,1.596,1.596,,0.94%
11/2/2005,1.576,1.576,1.576,1.576,,-1.25%
11/3/2005,1.626,1.626,1.626,1.626,,3.17%
11/4/2005,1.605,1.605,1.605,1.605,,-1.29%
11/7/2005,1.579,1.579,1.579,1.579,0.00K,-1.62%
11/8/2005,1.6074,1.6074,1.6074,1.6074,0.03K,1.80%
11/9/2005,1.588,1.588,1.588,1.588,,-1.21%
11/10/2005,1.5438,1.5438,1.5438,1.5438,,-2.78%
11/11/2005,1.54,1.54,1.54,1.54,,-0.25%
11/14/2005,1.543,1.543,1.543,1.543,,0.19%
11/15/2005,1.5087,1.5087,1.5087,1.5087,,-2.22%
11/16/2005,1.5267,1.5267,1.5267,1.5267,,1.19%
11/17/2005,1.5043,1.5043,1.5043,1.5043,,-1.47%
11/18/2005,1.5023,1.5023,1.5023,1.5023,,-0.13%
11/21/2005,1.508,1.508,1.508,1.508,,0.38%
11/22/2005,1.5582,1.5582,1.5582,1.5582,,3.33%
11/23/2005,1.548,1.548,1.548,1.548,,-0.65%
11/28/2005,1.5019,1.5019,1.5019,1.5019,,-2.98%
11/29/2005,1.4806,1.4806,1.4806,1.4806,,-1.42%
11/30/2005,1.5271,1.5271,1.5271,1.5271,,3.14%
12/1/2005,1.5925,1.5925,1.5925,1.5925,,4.28%
12/2/2005,1.6313,1.6313,1.6313,1.6313,,2.44%
12/5/2005,1.615,1.615,1.615,1.615,,-1.00%
12/6/2005,1.61,1.61,1.61,1.61,,-0.31%
12/7/2005,1.5976,1.5976,1.5976,1.5976,,-0.77%
12/8/2005,1.6666,1.6666,1.6666,1.6666,0.02K,4.32%
12/9/2005,1.6399,1.6399,1.6399,1.6399,0.04K,-1.60%
12/12/2005,1.6868,1.6868,1.6868,1.6868,0.05K,2.86%
12/13/2005,1.6909,1.6909,1.6909,1.6909,,0.24%
12/14/2005,1.6857,1.6857,1.6857,1.6857,,-0.31%
12/15/2005,1.68,1.68,1.68,1.68,0.01K,-0.34%
12/16/2005,1.6189,1.65,1.65,1.65,0.03K,-3.64%
12/19/2005,1.5752,1.5752,1.5752,1.5752,,-2.70%
12/20/2005,1.5588,1.5588,1.5588,1.5588,,-1.04%
12/21/2005,1.5764,1.5764,1.5764,1.5764,,1.13%
12/22/2005,1.5906,1.5906,1.5906,1.5906,0.01K,0.90%
12/23/2005,1.6005,1.6005,1.6005,1.6005,,0.62%
12/27/2005,1.5734,1.5734,1.5734,1.5734,,-1.69%
12/28/2005,1.6211,1.6211,1.6211,1.6211,,3.03%
12/29/2005,1.6824,1.6824,1.6824,1.6824,,3.78%
12/30/2005,1.74,1.74,1.74,1.74,,3.42%
1/3/2006,1.7862,1.7862,1.7862,1.7862,,2.66%
1/4/2006,1.8245,1.8245,1.8245,1.8245,,2.14%
1/5/2006,1.817,1.817,1.817,1.817,,-0.41%
1/6/2006,1.8455,1.8455,1.8455,1.8455,,1.57%
1/9/2006,1.7975,1.7975,1.7975,1.7975,,-2.60%
1/10/2006,1.78,1.78,1.78,1.78,,-0.97%
1/11/2006,1.7631,1.7631,1.7631,1.7631,,-0.95%
1/12/2006,1.7685,1.7685,1.7685,1.7685,,0.31%
1/13/2006,1.7711,1.7711,1.7711,1.7711,,0.15%
1/17/2006,1.84,1.84,1.84,1.84,,3.89%
1/18/2006,1.8,1.8,1.8,1.8,,-2.17%
1/19/2006,1.8,1.8,1.8,1.8,,0.00%
1/20/2006,1.83,1.83,1.83,1.83,,1.67%
1/23/2006,1.81,1.81,1.81,1.81,,-1.09%
1/24/2006,1.7744,1.7744,1.7744,1.7744,,-1.97%
1/25/2006,1.7046,1.7046,1.7046,1.7046,,-3.93%
1/26/2006,1.7243,1.7243,1.7243,1.7243,,1.16%
1/27/2006,1.7714,1.7714,1.7714,1.7714,,2.73%
1/30/2006,1.8049,1.8049,1.8049,1.8049,0.05K,1.89%
1/31/2006,1.7558,1.7558,1.7558,1.7558,,-2.72%
2/1/2006,1.7435,1.7435,1.7435,1.7435,0.03K,-0.70%
2/2/2006,1.6893,1.6893,1.6893,1.6893,,-3.11%
2/3/2006,1.7017,1.7017,1.7017,1.7017,,0.73%
2/6/2006,1.6622,1.6622,1.6622,1.6622,,-2.32%
2/7/2006,1.614,1.614,1.614,1.614,,-2.90%
2/8/2006,1.5831,1.5831,1.5831,1.5831,,-1.91%
2/9/2006,1.5801,1.5801,1.5801,1.5801,,-0.19%
2/10/2006,1.5105,1.5105,1.5105,1.5105,,-4.40%
2/13/2006,1.478,1.478,1.478,1.478,0.05K,-2.15%
2/14/2006,1.4461,1.4461,1.4461,1.4461,,-2.16%
2/15/2006,1.431,1.431,1.431,1.431,,-1.04%
2/16/2006,1.4883,1.4883,1.4883,1.4883,,4.00%
2/17/2006,1.5287,1.5287,1.5287,1.5287,,2.71%
2/21/2006,1.5307,1.5307,1.5307,1.5307,,0.13%
2/22/2006,1.4979,1.4979,1.4979,1.4979,0.20K,-2.14%
2/23/2006,1.5201,1.5201,1.5201,1.5201,,1.48%
2/24/2006,1.5597,1.5597,1.5597,1.5597,,2.61%
2/27/2006,1.487,1.487,1.487,1.487,,-4.66%
2/28/2006,1.5443,1.5443,1.5443,1.5443,,3.85%
3/1/2006,1.7999,1.7999,1.7999,1.7999,0.92K,16.55%
3/2/2006,1.8625,1.8625,1.8625,1.8625,0.21K,3.48%
3/3/2006,1.8981,1.8981,1.8981,1.8981,0.26K,1.91%
3/6/2006,1.841,1.841,1.841,1.841,0.63K,-3.01%
3/7/2006,1.8535,1.805,1.805,1.805,0.78K,0.68%
3/8/2006,1.8323,1.8323,1.8323,1.8323,0.83K,-1.14%
3/9/2006,1.84,1.84,1.84,1.84,0.20K,0.42%
3/10/2006,1.8185,1.8185,1.8185,1.8185,0.48K,-1.17%
3/13/2006,1.87,1.87,1.87,1.87,,2.83%
3/14/2006,1.9489,1.9275,1.9275,1.9275,0.79K,4.22%
3/15/2006,1.9105,1.9105,1.9105,1.9105,0.04K,-1.97%
3/16/2006,1.949,1.949,1.949,1.949,0.08K,2.02%
3/17/2006,1.9325,1.9325,1.9325,1.9325,0.10K,-0.85%
3/20/2006,1.8748,1.8748,1.8748,1.8748,0.25K,-2.99%
3/21/2006,1.8975,1.8975,1.8975,1.8975,0.14K,1.21%
3/22/2006,1.848,1.848,1.848,1.848,0.05K,-2.61%
3/23/2006,1.915,1.885,1.885,1.885,0.97K,3.63%
3/24/2006,1.9575,1.9575,1.9575,1.9575,0.13K,2.22%
3/27/2006,1.972,1.972,1.972,1.972,0.47K,0.74%
3/28/2006,2.0385,2.0385,2.0385,2.0385,0.54K,3.37%
3/29/2006,2.0755,2.035,2.035,2.035,0.39K,1.82%
3/30/2006,2.0805,2.075,2.075,2.07,0.49K,0.24%
3/31/2006,2.0645,2.0645,2.0645,2.0645,0.88K,-0.77%
4/3/2006,2.0512,2.07,2.07,2.05,0.79K,-0.64%
4/4/2006,2.0625,2.0625,2.0625,2.0625,0.90K,0.55%
4/5/2006,2.106,2.106,2.106,2.106,1.23K,2.11%
4/6/2006,2.1439,2.106,2.145,2.106,0.75K,1.80%
4/7/2006,2.1251,2.117,2.117,2.095,1.20K,-0.88%
4/10/2006,2.1514,2.1514,2.1514,2.1514,0.59K,1.24%
4/11/2006,2.1921,2.1757,2.1765,2.135,1.02K,1.89%
4/12/2006,2.2155,2.185,2.22,2.185,1.23K,1.07%
4/13/2006,2.2297,2.2297,2.2297,2.2297,,0.64%
4/17/2006,2.2847,2.2275,2.2425,2.2275,1.18K,2.47%
4/18/2006,2.3214,2.28,2.295,2.28,1.16K,1.61%
4/19/2006,2.3469,2.325,2.325,2.295,1.11K,1.10%
4/20/2006,2.322,2.322,2.322,2.322,2.16K,-1.06%
4/21/2006,2.3595,2.365,2.365,2.35,1.58K,1.61%
4/24/2006,2.304,2.335,2.335,2.3225,1.41K,-2.35%
4/25/2006,2.245,2.28,2.285,2.23,2.22K,-2.56%
4/26/2006,2.251,2.25,2.255,2.2275,1.91K,0.27%
4/27/2006,2.1669,2.21,2.21,2.16,2.51K,-3.74%
4/28/2006,2.21,2.1672,2.24,2.1672,2.74K,1.99%
5/1/2006,2.2756,2.194,2.2775,2.188,1.84K,2.97%
5/2/2006,2.325,2.2744,2.325,2.2675,2.05K,2.17%
5/3/2006,2.2825,2.323,2.3325,2.28,3.16K,-1.83%
5/4/2006,2.1736,2.2825,2.2825,2.165,1.40K,-4.77%
5/5/2006,2.2673,2.1736,2.27,2.1736,2.78K,4.31%
5/8/2006,2.2486,2.265,2.265,2.2,2.48K,-0.82%
5/9/2006,2.351,2.277,2.355,2.25,3.52K,4.55%
5/10/2006,2.4594,2.32,2.47,2.32,3.12K,4.61%
5/11/2006,2.4895,2.4781,2.505,2.415,4.26K,1.22%
5/12/2006,2.4256,2.4849,2.4849,2.42,3.10K,-2.57%
5/15/2006,2.268,2.407,2.407,2.2625,3.10K,-6.50%
5/16/2006,2.2258,2.2505,2.2785,2.2175,2.84K,-1.86%
5/17/2006,2.16,2.225,2.2317,2.155,3.21K,-2.96%
5/18/2006,2.175,2.1515,2.175,2.14,2.68K,0.69%
5/19/2006,2.185,2.156,2.185,2.115,2.45K,0.46%
5/22/2006,2.1722,2.175,2.18,2.14,2.55K,-0.59%
5/23/2006,2.25,2.19,2.2525,2.19,2.54K,3.58%
5/24/2006,2.1567,2.225,2.225,2.1625,1.74K,-4.15%
5/25/2006,2.24,2.1475,2.24,2.1475,3.35K,3.86%
5/26/2006,2.31,2.2365,2.31,2.225,0.06K,3.12%
5/30/2006,2.3347,2.31,2.365,2.31,5.23K,1.07%
5/31/2006,2.2873,2.32,2.32,2.25,4.02K,-2.03%
6/1/2006,2.2746,2.25,2.3425,2.2375,3.62K,-0.56%
6/2/2006,2.3625,2.295,2.365,2.295,3.13K,3.86%
6/5/2006,2.3367,2.39,2.3926,2.335,2.07K,-1.09%
6/6/2006,2.3464,2.3505,2.3505,2.305,4.16K,0.42%
6/7/2006,2.2625,2.3464,2.3465,2.255,7.71K,-3.58%
6/8/2006,2.2787,2.2625,2.29,2.2175,5.62K,0.72%
6/9/2006,2.3053,2.28,2.3125,2.26,6.24K,1.17%
6/12/2006,2.2599,2.305,2.305,2.255,3.98K,-1.97%
6/13/2006,2.171,2.255,2.2555,2.17,5.96K,-3.93%
6/14/2006,2.1822,2.1775,2.19,2.155,2.76K,0.52%
6/15/2006,2.2019,2.1822,2.225,2.1822,3.06K,0.90%
6/16/2006,2.2048,2.1921,2.21,2.15,4.15K,0.13%
6/19/2006,2.1637,2.195,2.195,2.145,1.98K,-1.86%
6/20/2006,2.1668,2.158,2.18,2.15,2.44K,0.14%
6/21/2006,2.2302,2.155,2.2375,2.155,1.72K,2.93%
6/22/2006,2.2752,2.2225,2.2775,2.2125,3.09K,2.02%
6/23/2006,2.2947,2.28,2.3,2.26,2.46K,0.86%
6/26/2006,2.3433,2.2947,2.345,2.283,3.36K,2.12%
6/27/2006,2.3289,2.345,2.35,2.325,2.43K,-0.61%
6/28/2006,2.3185,2.295,2.325,2.28,2.38K,-0.45%
6/29/2006,2.3665,2.335,2.39,2.335,6.04K,2.07%
6/30/2006,2.3931,2.365,2.42,2.345,2.21K,1.12%
7/5/2006,2.4142,2.3845,2.445,2.379,2.87K,0.88%
7/6/2006,2.4055,2.4324,2.4324,2.36,3.45K,-0.36%
7/7/2006,2.3876,2.39,2.4125,2.375,3.35K,-0.74%
7/10/2006,2.3049,2.375,2.375,2.3,5.13K,-3.46%
7/11/2006,2.3122,2.2975,2.33,2.288,4.53K,0.32%
7/12/2006,2.3675,2.31,2.38,2.31,6.88K,2.39%
7/13/2006,2.3856,2.358,2.405,2.358,5.95K,0.76%
7/14/2006,2.4308,2.395,2.435,2.395,5.10K,1.89%
7/17/2006,2.399,2.4212,2.4408,2.399,4.03K,-1.31%
7/18/2006,2.3669,2.3939,2.44,2.3625,2.81K,-1.34%
7/19/2006,2.3327,2.3715,2.3821,2.3,4.87K,-1.44%
7/20/2006,2.3586,2.3375,2.375,2.3327,3.19K,1.11%
7/21/2006,2.4246,2.358,2.43,2.358,0.02K,2.80%
7/24/2006,2.4193,2.425,2.4425,2.4,4.04K,-0.22%
7/25/2006,2.39,2.425,2.442,2.365,5.28K,-1.21%
7/26/2006,2.375,2.385,2.395,2.355,4.44K,-0.63%
7/27/2006,2.3529,2.369,2.385,2.34,7.52K,-0.93%
7/28/2006,2.338,2.3525,2.3525,2.285,5.38K,-0.63%
7/31/2006,2.3496,2.319,2.36,2.31,2.89K,0.50%
8/1/2006,2.3724,2.315,2.38,2.31,4.60K,0.97%
8/2/2006,2.4124,2.3724,2.425,2.3724,5.04K,1.69%
8/3/2006,2.3654,2.4205,2.4275,2.33,5.03K,-1.95%
8/4/2006,2.3205,2.3525,2.3567,2.29,5.93K,-1.90%
8/7/2006,2.32,2.3125,2.35,2.31,8.15K,-0.02%
8/8/2006,2.272,2.324,2.325,2.26,6.00K,-2.07%
8/9/2006,2.1987,2.27,2.28,2.195,10.63K,-3.23%
8/10/2006,2.0678,2.203,2.203,2.06,8.63K,-5.95%
8/11/2006,2.1324,2.09,2.14,2.07,7.43K,3.12%
8/14/2006,2.0498,2.093,2.093,2.02,7.06K,-3.87%
8/15/2006,2.0692,2.045,2.09,2.045,6.87K,0.95%
8/16/2006,2.0258,2.065,2.08,2.02,5.32K,-2.10%
8/17/2006,1.965,2.015,2.0207,1.9525,5.02K,-3.00%
8/18/2006,2.0052,1.9835,2.01,1.96,4.59K,2.05%
8/21/2006,1.9783,1.999,2.0151,1.9575,4.09K,-1.34%
8/22/2006,1.9807,1.9783,1.99,1.95,3.85K,0.12%
8/23/2006,1.8855,1.9565,1.9565,1.86,4.36K,-4.81%
8/24/2006,1.8608,1.874,1.8925,1.85,6.25K,-1.31%
8/25/2006,1.9058,1.895,1.915,1.89,5.50K,2.42%
8/28/2006,1.8283,1.8746,1.88,1.795,2.83K,-4.07%
8/29/2006,1.825,1.81,1.825,1.78,3.85K,-0.18%
8/30/2006,1.8335,1.8249,1.84,1.7925,5.22K,0.47%
8/31/2006,1.8207,1.85,1.85,1.74,4.66K,-0.70%
9/1/2006,1.7842,1.805,1.805,1.7675,7.73K,-2.00%
9/5/2006,1.6826,1.775,1.775,1.67,6.59K,-5.69%
9/6/2006,1.679,1.7021,1.7175,1.675,8.27K,-0.21%
9/7/2006,1.6841,1.694,1.694,1.67,6.79K,0.30%
9/8/2006,1.6423,1.6841,1.688,1.635,8.63K,-2.48%
9/11/2006,1.6215,1.6525,1.675,1.6125,7.36K,-1.27%
9/12/2006,1.6083,1.634,1.6516,1.59,10.02K,-0.81%
9/13/2006,1.6005,1.604,1.627,1.59,8.08K,-0.48%
9/14/2006,1.6016,1.611,1.62,1.585,10.66K,0.07%
9/15/2006,1.6371,1.6345,1.64,1.5875,7.48K,2.22%
9/18/2006,1.6266,1.637,1.655,1.5923,9.68K,-0.64%
9/19/2006,1.5483,1.6225,1.63,1.52,10.11K,-4.81%
9/20/2006,1.4929,1.5483,1.5483,1.49,8.34K,-3.58%
9/21/2006,1.5338,1.51,1.5385,1.485,8.04K,2.74%
9/22/2006,1.5199,1.536,1.55,1.505,7.47K,-0.91%
9/25/2006,1.5008,1.51,1.55,1.48,9.71K,-1.26%
9/26/2006,1.5262,1.5063,1.5382,1.5025,9.49K,1.69%
9/27/2006,1.5633,1.5225,1.57,1.48,11.02K,2.43%
9/28/2006,1.5602,1.552,1.585,1.54,11.18K,-0.20%
9/29/2006,1.5632,1.555,1.59,1.5325,4.18K,0.19%
10/2/2006,1.5425,1.597,1.597,1.535,10.85K,-1.32%
10/3/2006,1.4981,1.545,1.546,1.485,10.27K,-2.88%
10/4/2006,1.5346,1.492,1.54,1.48,9.23K,2.44%
10/5/2006,1.5472,1.544,1.5725,1.52,10.23K,0.82%
10/6/2006,1.5302,1.545,1.546,1.4937,13.53K,-1.10%
10/9/2006,1.5207,1.535,1.565,1.51,11.31K,-0.62%
10/10/2006,1.4867,1.51,1.5418,1.485,17.14K,-2.24%
10/11/2006,1.4787,1.493,1.515,1.47,14.42K,-0.54%
10/12/2006,1.4872,1.4755,1.5026,1.47,13.78K,0.57%
10/13/2006,1.5181,1.497,1.53,1.495,10.29K,2.08%
10/16/2006,1.5322,1.5215,1.5475,1.495,10.93K,0.93%
10/17/2006,1.5171,1.5404,1.55,1.4816,12.54K,-0.99%
10/18/2006,1.5003,1.535,1.55,1.4878,14.82K,-1.11%
10/19/2006,1.5328,1.5,1.548,1.49,10.16K,2.17%
10/20/2006,1.5094,1.53,1.535,1.4975,9.78K,-1.53%
10/23/2006,1.5044,1.51,1.51,1.475,15.73K,-0.33%
10/24/2006,1.5322,1.4995,1.545,1.4945,14.75K,1.85%
10/25/2006,1.5875,1.54,1.59,1.5314,13.90K,3.61%
10/26/2006,1.5422,1.589,1.5895,1.532,10.72K,-2.85%
10/27/2006,1.5563,1.5408,1.565,1.5275,10.80K,0.91%
10/30/2006,1.46,1.55,1.55,1.455,8.63K,-6.19%
10/31/2006,1.4466,1.4635,1.47,1.41,6.15K,-0.92%
11/1/2006,1.4948,1.4888,1.51,1.455,19.09K,3.33%
11/2/2006,1.4765,1.492,1.5,1.455,18.58K,-1.22%
11/3/2006,1.5257,1.4791,1.54,1.474,21.83K,3.33%
11/6/2006,1.5433,1.5272,1.565,1.511,19.12K,1.15%
11/7/2006,1.5356,1.54,1.55,1.5275,20.21K,-0.50%
11/8/2006,1.5777,1.54,1.589,1.534,23.64K,2.74%
11/9/2006,1.6052,1.58,1.62,1.58,21.41K,1.74%
11/10/2006,1.5656,1.6,1.6013,1.5548,17.55K,-2.47%
11/13/2006,1.5471,1.56,1.5675,1.525,20.11K,-1.18%
11/14/2006,1.5577,1.5465,1.5625,1.542,20.72K,0.69%
11/15/2006,1.5947,1.5645,1.6032,1.5558,19.06K,2.38%
11/16/2006,1.5411,1.5934,1.627,1.5245,20.80K,-3.36%
11/17/2006,1.5493,1.541,1.5525,1.5,16.68K,0.53%
11/20/2006,1.5605,1.544,1.5684,1.5324,16.36K,0.72%
11/21/2006,1.6427,1.5695,1.645,1.568,21.89K,5.27%
11/22/2006,1.5967,1.6395,1.64,1.58,17.76K,-2.80%
11/27/2006,1.5975,1.6,1.6125,1.582,15.07K,0.05%
11/28/2006,1.6371,1.6015,1.645,1.599,17.12K,2.48%
11/29/2006,1.7084,1.6371,1.71,1.637,16.97K,4.36%
11/30/2006,1.7024,1.7,1.715,1.675,7.91K,-0.35%
12/1/2006,1.7021,1.695,1.71,1.6775,20.59K,-0.02%
12/4/2006,1.6631,1.7179,1.7179,1.651,21.79K,-2.29%
12/5/2006,1.6439,1.6631,1.6875,1.6075,32.40K,-1.15%
12/6/2006,1.6213,1.6425,1.6471,1.615,26.42K,-1.37%
12/7/2006,1.6232,1.625,1.6351,1.605,25.00K,0.12%
12/8/2006,1.6171,1.627,1.67,1.61,24.10K,-0.38%
12/11/2006,1.5958,1.6171,1.631,1.5925,24.55K,-1.32%
12/12/2006,1.597,1.599,1.6195,1.5825,27.77K,0.08%
12/13/2006,1.6221,1.598,1.6325,1.595,27.02K,1.57%
12/14/2006,1.6701,1.625,1.68,1.625,30.05K,2.96%
12/15/2006,1.7039,1.674,1.7093,1.67,26.86K,2.02%
12/18/2006,1.6749,1.7055,1.71,1.672,22.87K,-1.70%
12/19/2006,1.7106,1.6726,1.73,1.6545,25.06K,2.13%
12/20/2006,1.693,1.7076,1.716,1.6809,22.64K,-1.03%
12/21/2006,1.6489,1.69,1.692,1.64,23.58K,-2.60%
12/22/2006,1.6309,1.6527,1.67,1.6275,12.39K,-1.09%
12/26/2006,1.5716,1.641,1.641,1.565,13.54K,-3.64%
12/27/2006,1.5889,1.5729,1.617,1.5592,19.04K,1.10%
12/28/2006,1.598,1.5935,1.6075,1.5725,16.07K,0.57%
12/29/2006,1.6021,1.59,1.62,1.58,8.33K,0.26%
1/2/2007,1.6163,1.611,1.63,1.6043,2.51K,0.89%
1/3/2007,1.5489,1.6165,1.6165,1.5402,29.50K,-4.17%
1/4/2007,1.487,1.5515,1.559,1.4823,30.39K,-4.00%
1/5/2007,1.4931,1.4841,1.4971,1.46,31.46K,0.41%
1/8/2007,1.4685,1.5072,1.5185,1.453,31.49K,-1.65%
1/9/2007,1.4696,1.478,1.49,1.4301,36.62K,0.07%
1/10/2007,1.4292,1.4704,1.4718,1.42,31.38K,-2.75%
1/11/2007,1.3905,1.4241,1.4585,1.385,29.61K,-2.71%
1/12/2007,1.432,1.3935,1.44,1.39,27.35K,2.98%
1/16/2007,1.3693,1.432,1.4386,1.36,32.28K,-4.38%
1/17/2007,1.3786,1.3645,1.3849,1.3435,31.48K,0.68%
1/18/2007,1.3553,1.3884,1.395,1.3351,26.98K,-1.69%
1/19/2007,1.398,1.3525,1.401,1.35,23.59K,3.15%
1/22/2007,1.3754,1.4,1.4333,1.371,21.15K,-1.62%
1/23/2007,1.4473,1.3836,1.45,1.3755,24.61K,5.23%
1/24/2007,1.4616,1.4475,1.469,1.41,18.80K,0.99%
1/25/2007,1.4441,1.467,1.5005,1.431,21.50K,-1.20%
1/26/2007,1.4834,1.448,1.485,1.448,16.13K,2.72%
1/29/2007,1.441,1.484,1.4925,1.4385,12.61K,-2.86%
1/30/2007,1.5213,1.4368,1.525,1.4368,13.28K,5.57%
1/31/2007,1.5009,1.519,1.53,1.48,3.47K,-1.34%
2/1/2007,1.5253,1.547,1.56,1.51,25.24K,1.63%
2/2/2007,1.5729,1.524,1.577,1.52,27.75K,3.12%
2/5/2007,1.5599,1.5746,1.5924,1.55,25.32K,-0.83%
2/6/2007,1.5725,1.5635,1.589,1.5596,27.37K,0.81%
2/7/2007,1.5415,1.5768,1.5946,1.5275,35.54K,-1.97%
2/8/2007,1.5933,1.546,1.6,1.5333,33.66K,3.36%
2/9/2007,1.6148,1.5976,1.6325,1.5814,31.66K,1.35%
2/12/2007,1.5527,1.605,1.605,1.5442,32.83K,-3.85%
2/13/2007,1.6091,1.5516,1.6175,1.5514,34.97K,3.63%
2/14/2007,1.6162,1.6097,1.6435,1.5845,28.08K,0.44%
2/15/2007,1.5972,1.6187,1.6304,1.5618,32.86K,-1.18%
2/16/2007,1.6453,1.597,1.655,1.585,35.07K,3.01%
2/20/2007,1.6491,1.65,1.665,1.6075,28.30K,0.23%
2/21/2007,1.7047,1.6525,1.715,1.64,25.66K,3.37%
2/22/2007,1.7548,1.702,1.76,1.698,26.05K,2.94%
2/23/2007,1.7631,1.75,1.779,1.73,20.15K,0.47%
2/26/2007,1.7777,1.7555,1.786,1.75,17.90K,0.83%
2/27/2007,1.8161,1.78,1.827,1.7575,24.08K,2.16%
2/28/2007,1.8476,1.785,1.87,1.7825,10.91K,1.73%
3/1/2007,1.9101,1.865,1.917,1.86,42.02K,3.38%
3/2/2007,1.9018,1.9025,1.94,1.8852,42.47K,-0.43%
3/5/2007,1.8447,1.8873,1.8879,1.84,42.64K,-3.00%
3/6/2007,1.8533,1.838,1.862,1.815,47.44K,0.47%
3/7/2007,1.8955,1.854,1.9,1.8539,41.48K,2.28%
3/8/2007,1.9261,1.8935,1.935,1.8923,44.27K,1.61%
3/9/2007,1.9021,1.9265,1.945,1.895,41.09K,-1.25%
3/12/2007,1.9105,1.8941,1.93,1.8646,43.60K,0.44%
3/13/2007,1.9318,1.914,1.955,1.913,46.42K,1.11%
3/14/2007,1.9283,1.9358,1.9429,1.9,41.20K,-0.18%
3/15/2007,1.8816,1.92,1.9285,1.877,39.29K,-2.42%
3/16/2007,1.9071,1.879,1.9384,1.865,35.95K,1.36%
3/19/2007,1.9581,1.905,1.974,1.903,34.47K,2.67%
3/20/2007,1.9421,1.9615,1.985,1.9375,36.50K,-0.82%
3/21/2007,1.9349,1.95,1.9686,1.923,20.00K,-0.37%
3/22/2007,1.9575,1.9407,1.965,1.93,20.49K,1.17%
3/23/2007,1.9983,1.9615,2.02,1.9478,24.98K,2.08%
3/26/2007,2.0677,1.9915,2.072,1.9915,18.36K,3.47%
3/27/2007,2.073,2.065,2.1,2.0332,24.18K,0.26%
3/28/2007,2.0572,2.0965,2.1143,2.052,15.69K,-0.76%
3/29/2007,2.1355,2.0572,2.1435,2.0473,16.43K,3.81%
3/30/2007,2.1115,2.137,2.1488,2.0975,7.42K,-1.12%
4/2/2007,2.0428,2.0535,2.071,2.0342,27.89K,-3.25%
4/3/2007,2.0177,2.0361,2.043,1.9857,38.91K,-1.23%
4/4/2007,2.1054,2.015,2.11,1.9989,60.04K,4.35%
4/5/2007,2.1288,2.11,2.133,2.0925,45.76K,1.11%
4/9/2007,2.0946,2.1239,2.1555,2.0846,46.37K,-1.61%
4/10/2007,2.123,2.0986,2.132,2.097,40.11K,1.36%
4/11/2007,2.1587,2.1328,2.17,2.1274,45.23K,1.68%
4/12/2007,2.1918,2.1518,2.1965,2.1371,42.31K,1.53%
4/13/2007,2.1797,2.1949,2.2134,2.1701,48.13K,-0.55%
4/16/2007,2.1157,2.173,2.189,2.11,48.41K,-2.94%
4/17/2007,2.0558,2.116,2.1467,2.05,52.38K,-2.83%
4/18/2007,2.0833,2.0555,2.0875,1.982,53.96K,1.34%
4/19/2007,2.0888,2.0809,2.102,2.06,35.64K,0.26%
4/20/2007,2.1374,2.0841,2.14,2.0815,25.89K,2.33%
4/23/2007,2.1907,2.135,2.2058,2.13,26.90K,2.49%
4/24/2007,2.2089,2.2025,2.2449,2.1689,33.33K,0.83%
4/25/2007,2.2826,2.2189,2.285,2.207,28.81K,3.34%
4/26/2007,2.2903,2.2837,2.32,2.26,31.45K,0.34%
4/27/2007,2.3613,2.3009,2.365,2.2685,27.73K,3.10%
4/30/2007,2.4405,2.3615,2.455,2.3565,18.00K,3.35%
5/1/2007,2.2447,2.257,2.295,2.23,47.31K,-8.02%
5/2/2007,2.2326,2.2475,2.249,2.19,61.05K,-0.54%
5/3/2007,2.2476,2.2251,2.2568,2.1969,48.55K,0.67%
5/4/2007,2.2164,2.251,2.2905,2.197,51.64K,-1.39%
5/7/2007,2.1896,2.2135,2.2215,2.1483,57.96K,-1.21%
5/8/2007,2.2045,2.1945,2.2075,2.1566,48.22K,0.68%
5/9/2007,2.2309,2.202,2.246,2.175,52.79K,1.20%
5/10/2007,2.3261,2.2445,2.33,2.2445,51.18K,4.27%
5/11/2007,2.3521,2.325,2.367,2.3121,49.04K,1.12%
5/14/2007,2.3012,2.3556,2.3744,2.2885,46.76K,-2.16%
5/15/2007,2.3016,2.2936,2.335,2.274,47.01K,0.02%
5/16/2007,2.337,2.3045,2.3547,2.2625,63.34K,1.54%
5/17/2007,2.4366,2.3546,2.44,2.3512,54.35K,4.26%
5/18/2007,2.4077,2.432,2.443,2.3995,43.69K,-1.19%
5/21/2007,2.4013,2.4098,2.4262,2.36,37.15K,-0.27%
5/22/2007,2.3063,2.3977,2.4025,2.3,46.19K,-3.96%
5/23/2007,2.3104,2.3063,2.3272,2.263,38.98K,0.18%
5/24/2007,2.3569,2.3015,2.368,2.298,28.71K,2.01%
5/25/2007,2.4037,2.359,2.406,2.359,25.72K,1.99%
5/29/2007,2.2979,2.408,2.4225,2.288,41.50K,-4.40%
5/30/2007,2.2725,2.2986,2.3045,2.2421,26.50K,-1.11%
5/31/2007,2.2512,2.2605,2.2794,2.1915,19.23K,-0.94%
6/1/2007,2.2446,2.2125,2.27,2.195,41.22K,-0.29%
6/4/2007,2.238,2.242,2.2646,2.224,38.92K,-0.29%
6/5/2007,2.2073,2.232,2.2346,2.185,55.40K,-1.37%
6/6/2007,2.1904,2.212,2.223,2.1615,49.74K,-0.77%
6/7/2007,2.1927,2.1874,2.23,2.1801,45.89K,0.11%
6/8/2007,2.1271,2.1812,2.1858,2.105,49.34K,-2.99%
6/11/2007,2.1513,2.1326,2.161,2.1155,40.73K,1.14%
6/12/2007,2.135,2.1485,2.1605,2.113,42.41K,-0.76%
6/13/2007,2.1553,2.131,2.175,2.1016,57.60K,0.95%
6/14/2007,2.2247,2.15,2.2294,2.15,41.12K,3.22%
6/15/2007,2.2601,2.2275,2.2796,2.22,39.54K,1.59%
6/18/2007,2.2643,2.2619,2.28,2.225,31.89K,0.19%
6/19/2007,2.2346,2.26,2.2625,2.214,40.26K,-1.31%
6/20/2007,2.2281,2.2359,2.2359,2.17,39.45K,-0.29%
6/21/2007,2.2467,2.2254,2.2755,2.2032,35.11K,0.83%
6/22/2007,2.2866,2.2425,2.2904,2.23,29.28K,1.78%
6/25/2007,2.3025,2.281,2.325,2.2587,34.90K,0.70%
6/26/2007,2.2469,2.2945,2.295,2.237,32.22K,-2.41%
6/27/2007,2.2546,2.246,2.2783,2.2081,23.82K,0.34%
6/28/2007,2.2667,2.2547,2.2836,2.2547,26.32K,0.54%
6/29/2007,2.2942,2.2667,2.32,2.2619,17.74K,1.21%
7/2/2007,2.0716,2.0716,2.0716,2.0716,40.04K,-9.70%
7/3/2007,2.2644,2.2484,2.27,2.232,28.12K,9.31%
7/5/2007,2.0792,2.0792,2.0792,2.0792,40.46K,-8.18%
7/6/2007,2.091,2.091,2.091,2.091,26.57K,0.57%
7/9/2007,2.3446,2.3105,2.3489,2.302,49.70K,12.13%
7/10/2007,2.3694,2.3471,2.3836,2.3415,44.03K,1.06%
7/11/2007,2.3063,2.3575,2.3605,2.2938,48.16K,-2.66%
7/12/2007,2.2663,2.301,2.343,2.2441,60.16K,-1.73%
7/13/2007,2.2248,2.2725,2.283,2.2041,47.43K,-1.83%
7/16/2007,2.1262,2.235,2.2408,2.1225,56.33K,-4.43%
7/17/2007,2.1007,2.1465,2.1696,2.0788,54.46K,-1.20%
7/18/2007,2.1953,2.101,2.2,2.0981,46.91K,4.50%
7/19/2007,2.1914,2.1956,2.22,2.1602,35.11K,-0.18%
7/20/2007,2.1646,2.1914,2.201,2.1455,28.81K,-1.22%
7/23/2007,2.1041,2.1623,2.1623,2.0955,27.22K,-2.79%
7/24/2007,2.0477,2.1059,2.106,2.031,36.75K,-2.68%
7/25/2007,2.0879,2.0415,2.1065,2.02,26.21K,1.96%
7/26/2007,2.0759,2.0961,2.134,2.0596,25.48K,-0.57%
7/27/2007,2.1017,2.075,2.1125,2.0681,17.74K,1.24%
7/30/2007,2.0856,2.1027,2.1066,2.072,22.97K,-0.77%
7/31/2007,2.1408,2.0895,2.1575,2.083,13.01K,2.65%
8/1/2007,2.0296,2.1055,2.1066,2.0015,56.60K,-5.19%
8/2/2007,2.0362,2.0365,2.048,2.0005,43.24K,0.33%
8/3/2007,2.029,2.0372,2.0608,2.0161,35.55K,-0.35%
8/6/2007,1.9259,2.0183,2.0183,1.92,43.20K,-5.08%
8/7/2007,1.9442,1.935,1.9539,1.8945,45.76K,0.95%
8/8/2007,1.9377,1.944,1.9767,1.925,48.10K,-0.33%
8/9/2007,1.934,1.9365,1.9474,1.8957,39.28K,-0.19%
8/10/2007,1.9548,1.94,1.9575,1.8952,38.37K,1.08%
8/13/2007,1.9375,1.9385,2.0041,1.9237,39.97K,-0.89%
8/14/2007,1.9738,1.9328,1.992,1.918,44.17K,1.87%
8/15/2007,2.0088,1.9874,2.038,1.9756,44.18K,1.77%
8/16/2007,1.9783,2.0083,2.018,1.9235,40.45K,-1.52%
8/17/2007,2.0388,2.0173,2.042,1.999,39.07K,3.06%
8/20/2007,1.9365,2,2.005,1.9205,39.08K,-5.02%
8/21/2007,1.8637,1.931,1.9374,1.84,44.20K,-3.76%
8/22/2007,1.889,1.8695,1.899,1.856,24.12K,1.36%
8/23/2007,1.9232,1.879,1.929,1.879,21.38K,1.81%
8/24/2007,1.9814,1.9235,1.9932,1.9157,23.79K,3.03%
8/27/2007,2.0393,1.9705,2.0453,1.9605,28.62K,2.92%
8/28/2007,2.0154,2.0415,2.0449,2.0078,34.00K,-1.17%
8/29/2007,2.1008,2.017,2.1057,2.017,25.05K,4.24%
8/30/2007,1.9771,1.9771,1.9771,1.9771,22.40K,-5.89%
8/31/2007,2.0519,2.079,2.1049,2.0239,8.11K,3.78%
9/4/2007,1.991,1.963,2.0095,1.944,45.34K,-2.97%
9/5/2007,1.984,1.984,1.984,1.984,30.28K,-0.35%
9/6/2007,1.9876,1.9876,1.9876,1.9876,52.24K,0.18%
9/7/2007,1.9998,1.9998,1.9998,1.9998,42.09K,0.61%
9/10/2007,1.9786,1.9889,2.01,1.935,42.88K,-1.06%
9/11/2007,1.9811,1.989,1.9985,1.94,46.07K,0.13%
9/12/2007,2.016,1.981,2.03,1.9664,41.20K,1.76%
9/13/2007,2.0464,2.009,2.0625,2.0019,53.91K,1.51%
9/14/2007,2.0364,2.0385,2.0686,2.0273,39.38K,-0.49%
9/17/2007,2.0396,2.0396,2.0396,2.0396,36.24K,0.16%
9/18/2007,2.0525,2.0525,2.0525,2.0525,31.43K,0.63%
9/19/2007,2.0655,2.0655,2.0655,2.0655,42.38K,0.63%
9/20/2007,2.1351,2.097,2.139,2.0883,31.91K,3.37%
9/21/2007,2.1145,2.1311,2.1564,2.0964,31.42K,-0.96%
9/24/2007,2.0834,2.11,2.113,2.0555,36.66K,-1.47%
9/25/2007,2.0379,2.0748,2.0748,2.0327,33.83K,-2.18%
9/26/2007,2.0274,2.038,2.067,1.9875,29.15K,-0.52%
9/27/2007,2.0939,2.0265,2.1,2.0252,24.84K,3.28%
9/28/2007,2.0683,2.095,2.095,2.0406,13.69K,-1.22%
10/1/2007,1.9813,2.0411,2.0524,1.9652,42.55K,-4.21%
10/2/2007,1.9828,1.9829,1.9898,1.945,35.30K,0.08%
10/3/2007,1.9959,1.9875,2.0174,1.9765,35.38K,0.66%
10/4/2007,2.0522,1.9945,2.0599,1.9825,40.05K,2.82%
10/5/2007,2.0493,2.053,2.0671,2.026,37.28K,-0.14%
10/8/2007,2.0002,2.0438,2.0452,1.98,40.03K,-2.40%
10/9/2007,2.0202,1.999,2.044,1.9805,41.13K,1.00%
10/10/2007,2.0336,2.0198,2.037,1.985,38.05K,0.66%
10/11/2007,2.0666,2.0335,2.0762,2.0319,44.05K,1.62%
10/12/2007,2.0851,2.0615,2.1005,2.0478,36.47K,0.90%
10/15/2007,2.1575,2.0895,2.17,2.0822,44.29K,3.47%
10/16/2007,2.1737,2.1655,2.2019,2.1449,39.28K,0.75%
10/17/2007,2.1466,2.1728,2.186,2.14,36.90K,-1.25%
10/18/2007,2.1851,2.1445,2.1903,2.1375,28.21K,1.79%
10/19/2007,2.1687,2.19,2.194,2.1462,26.02K,-0.75%
10/22/2007,2.1334,2.1685,2.1685,2.105,23.68K,-1.63%
10/23/2007,2.1089,2.1269,2.1475,2.0953,29.70K,-1.15%
10/24/2007,2.1475,2.1039,2.16,2.0988,26.98K,1.83%
10/25/2007,2.2358,2.1555,2.239,2.1555,24.27K,4.11%
10/26/2007,2.274,2.2305,2.28,2.2305,24.62K,1.71%
10/29/2007,2.3274,2.27,2.3335,2.2675,28.60K,2.35%
10/30/2007,2.2571,2.329,2.329,2.2428,29.86K,-3.02%
10/31/2007,2.34,2.244,2.36,2.24,11.45K,3.67%
11/1/2007,2.3432,2.3545,2.3735,2.307,37.83K,0.14%
11/2/2007,2.4395,2.3445,2.445,2.3442,39.72K,4.11%
11/5/2007,2.3811,2.4345,2.4345,2.379,34.40K,-2.39%
11/6/2007,2.435,2.3958,2.4535,2.394,34.29K,2.26%
11/7/2007,2.3009,2.3009,2.3009,2.3009,41.39K,-5.51%
11/8/2007,2.2932,2.2932,2.2932,2.2932,49.60K,-0.33%
11/9/2007,2.3043,2.3043,2.3043,2.3043,31.93K,0.48%
11/12/2007,2.2589,2.2589,2.2589,2.2589,32.56K,-1.97%
11/13/2007,2.1991,2.1991,2.1991,2.1991,42.07K,-2.65%
11/14/2007,2.2645,2.2645,2.2645,2.2645,29.83K,2.97%
11/15/2007,2.2341,2.2341,2.2341,2.2341,33.33K,-1.34%
11/16/2007,2.2663,2.2663,2.2663,2.2663,20.73K,1.44%
11/19/2007,2.2833,2.2833,2.2833,2.2833,28.18K,0.75%
11/20/2007,2.4515,2.385,2.4635,2.368,23.33K,7.37%
11/21/2007,2.4371,2.4536,2.472,2.4175,20.94K,-0.59%
11/23/2007,2.467,2.444,2.471,2.4165,7.75K,1.23%
11/26/2007,2.3497,2.3497,2.3497,2.3497,26.91K,-4.75%
11/27/2007,2.2974,2.2974,2.2974,2.2974,23.87K,-2.23%
11/28/2007,2.2678,2.2678,2.2678,2.2678,24.42K,-1.29%
11/29/2007,2.2956,2.2956,2.2956,2.2956,19.91K,1.23%
11/30/2007,2.2715,2.2715,2.2715,2.2715,9.02K,-1.05%
12/3/2007,2.309,2.309,2.309,2.309,36.21K,1.65%
12/4/2007,2.3311,2.3311,2.3311,2.3311,40.04K,0.96%
12/5/2007,2.3063,2.3063,2.3063,2.3063,44.65K,-1.06%
12/6/2007,2.3647,2.3647,2.3647,2.3647,36.50K,2.53%
12/7/2007,2.3314,2.3314,2.3314,2.3314,39.99K,-1.41%
12/10/2007,2.3229,2.3229,2.3229,2.3229,46.64K,-0.36%
12/11/2007,2.3623,2.3623,2.3623,2.3623,30.45K,1.70%
12/12/2007,2.4407,2.4407,2.4407,2.4407,41.84K,3.32%
12/13/2007,2.3903,2.3903,2.3903,2.3903,36.79K,-2.06%
12/14/2007,2.3696,2.3696,2.3696,2.3696,36.58K,-0.87%
12/17/2007,2.3778,2.3778,2.3778,2.3778,27.47K,0.35%
12/18/2007,2.3538,2.3538,2.3538,2.3538,33.22K,-1.01%
12/19/2007,2.3718,2.3718,2.3718,2.3718,31.25K,0.76%
12/20/2007,2.3623,2.3623,2.3623,2.3623,20.93K,-0.40%
12/21/2007,2.3903,2.3903,2.3903,2.3903,24.51K,1.19%
12/24/2007,2.3996,2.3996,2.3996,2.3996,6.08K,0.39%
12/26/2007,2.4456,2.4456,2.4456,2.4456,19.00K,1.92%
12/27/2007,2.4639,2.4639,2.4639,2.4639,21.59K,0.75%
12/28/2007,2.4181,2.4181,2.4181,2.4181,23.80K,-1.86%
12/31/2007,2.4037,2.4037,2.4037,2.4037,5.36K,-0.60%
1/2/2008,2.4818,2.4818,2.4818,2.4818,28.89K,3.25%
1/3/2008,2.4793,2.4793,2.4793,2.4793,31.78K,-0.10%
1/4/2008,2.4677,2.4677,2.4677,2.4677,39.03K,-0.47%
1/7/2008,2.3965,2.3965,2.3965,2.3965,38.38K,-2.89%
1/8/2008,2.4263,2.4263,2.4263,2.4263,35.23K,1.24%
1/9/2008,2.3884,2.3884,2.3884,2.3884,46.23K,-1.56%
1/10/2008,2.3529,2.3529,2.3529,2.3529,41.35K,-1.49%
1/11/2008,2.3465,2.3465,2.3465,2.3465,36.90K,-0.27%
1/14/2008,2.3848,2.3848,2.3848,2.3848,30.38K,1.63%
1/15/2008,2.3426,2.3426,2.3426,2.3426,36.91K,-1.77%
1/16/2008,2.3272,2.3272,2.3272,2.3272,29.42K,-0.66%
1/17/2008,2.3112,2.3112,2.3112,2.3112,28.13K,-0.69%
1/18/2008,2.3262,2.3262,2.3262,2.3262,26.55K,0.65%
1/22/2008,2.3063,2.3063,2.3063,2.3063,29.36K,-0.86%
1/23/2008,2.2748,2.2748,2.2748,2.2748,23.46K,-1.37%
1/24/2008,2.3133,2.3133,2.3133,2.3133,21.83K,1.69%
1/25/2008,2.3551,2.3551,2.3551,2.3551,18.03K,1.81%
1/28/2008,2.3702,2.3702,2.3702,2.3702,21.27K,0.64%
1/29/2008,2.3839,2.3839,2.3839,2.3839,18.57K,0.58%
1/30/2008,2.3944,2.3944,2.3944,2.3944,18.20K,0.44%
1/31/2008,2.3951,2.3951,2.3951,2.3951,9.00K,0.03%
2/1/2008,2.3503,2.3503,2.3503,2.3503,39.05K,-1.87%
2/4/2008,2.3751,2.3751,2.3751,2.3751,28.71K,1.06%
2/5/2008,2.3511,2.3511,2.3511,2.3511,34.78K,-1.01%
2/6/2008,2.3308,2.3308,2.3308,2.3308,41.90K,-0.86%
2/7/2008,2.351,2.351,2.351,2.351,42.09K,0.87%
2/8/2008,2.3572,2.2685,2.363,2.2645,49.81K,0.26%
2/11/2008,2.3962,2.3633,2.4346,2.3387,51.22K,1.65%
2/12/2008,2.368,2.398,2.4078,2.3561,42.52K,-1.18%
2/13/2008,2.3899,2.3645,2.4053,2.3451,42.09K,0.92%
2/14/2008,2.4761,2.395,2.48,2.3913,44.77K,3.61%
2/15/2008,2.4938,2.4689,2.5242,2.465,42.05K,0.71%
2/19/2008,2.6031,2.493,2.6169,2.493,41.32K,4.38%
2/20/2008,2.5852,2.599,2.61,2.5485,31.01K,-0.69%
2/21/2008,2.522,2.585,2.593,2.4787,29.56K,-2.44%
2/22/2008,2.5337,2.5,2.5458,2.469,22.20K,0.46%
2/25/2008,2.5419,2.535,2.56,2.5185,23.95K,0.32%
2/26/2008,2.5505,2.5435,2.5545,2.5082,31.97K,0.34%
2/27/2008,2.4777,2.5509,2.5599,2.4703,18.34K,-2.85%
2/28/2008,2.4957,2.4752,2.504,2.455,19.14K,0.73%
2/29/2008,2.5123,2.487,2.525,2.4559,10.25K,0.67%
3/3/2008,2.6298,2.6298,2.6298,2.6298,44.30K,4.68%
3/4/2008,2.5524,2.5524,2.5524,2.5524,72.70K,-2.94%
3/5/2008,2.6649,2.6649,2.6649,2.6649,60.03K,4.41%
3/6/2008,2.6553,2.6553,2.6553,2.6553,37.70K,-0.36%
3/7/2008,2.6578,2.6578,2.6578,2.6578,38.25K,0.09%
3/10/2008,2.6583,2.6583,2.6583,2.6583,38.19K,0.02%
3/11/2008,2.6624,2.6624,2.6624,2.6624,36.80K,0.15%
3/12/2008,2.7286,2.718,2.7331,2.6744,34.46K,2.49%
3/13/2008,2.6828,2.727,2.73,2.6375,41.50K,-1.68%
3/14/2008,2.6894,2.6808,2.6925,2.6428,32.56K,0.25%
3/17/2008,2.5042,2.689,2.7355,2.4655,49.26K,-6.89%
3/18/2008,2.66,2.5166,2.6825,2.4956,44.41K,6.22%
3/19/2008,2.5603,2.64,2.6563,2.5326,30.86K,-3.75%
3/20/2008,2.6051,2.5601,2.62,2.5046,26.79K,1.75%
3/24/2008,2.6412,2.6075,2.6732,2.5905,25.22K,1.39%
3/25/2008,2.6203,2.6203,2.6203,2.6203,30.29K,-0.79%
3/26/2008,2.7429,2.687,2.7752,2.6765,23.20K,4.68%
3/27/2008,2.7163,2.7414,2.759,2.6775,22.09K,-0.97%
3/28/2008,2.717,2.7229,2.7272,2.69,23.64K,0.03%
3/31/2008,2.6163,2.7145,2.7607,2.594,10.33K,-3.71%
4/1/2008,2.6392,2.628,2.6766,2.592,44.41K,0.88%
4/2/2008,2.7736,2.6369,2.7836,2.6322,59.38K,5.09%
4/3/2008,2.7243,2.7612,2.775,2.7116,45.85K,-1.78%
4/4/2008,2.7567,2.7239,2.7689,2.7062,43.85K,1.19%
4/7/2008,2.7835,2.7535,2.7978,2.751,40.22K,0.97%
4/8/2008,2.7504,2.78,2.792,2.7287,45.44K,-1.19%
4/9/2008,2.7742,2.7438,2.8228,2.7435,53.71K,0.87%
4/10/2008,2.7921,2.767,2.8041,2.736,46.48K,0.65%
4/11/2008,2.8073,2.7949,2.81,2.7498,35.04K,0.54%
4/14/2008,2.8218,2.806,2.8417,2.7759,30.14K,0.52%
4/15/2008,2.881,2.8215,2.89,2.8175,32.63K,2.10%
4/16/2008,2.939,2.881,2.9427,2.8661,52.53K,2.01%
4/17/2008,2.9578,2.938,2.9749,2.938,41.15K,0.64%
4/18/2008,2.9893,2.9515,2.9934,2.889,34.90K,1.06%
4/21/2008,2.9791,2.9809,3.004,2.956,27.09K,-0.34%
4/22/2008,3.0164,2.9791,3.025,2.9556,35.21K,1.25%
4/23/2008,3.0507,3.0192,3.0544,2.9925,22.20K,1.14%
4/24/2008,3.0186,3.041,3.0471,2.9717,24.44K,-1.05%
4/25/2008,3.0537,3.015,3.0815,2.9836,29.89K,1.16%
4/28/2008,3.0307,3.064,3.072,3.0255,19.38K,-0.75%
4/29/2008,2.9392,3.0275,3.0285,2.9174,22.75K,-3.02%
4/30/2008,2.9312,2.9392,2.98,2.91,13.88K,-0.27%
5/1/2008,2.8782,2.935,2.9498,2.8195,41.99K,-1.81%
5/2/2008,2.9664,2.8647,2.9756,2.8647,36.79K,3.06%
5/5/2008,3.0529,2.9664,3.0578,2.9278,35.12K,2.92%
5/6/2008,3.1055,3.0502,3.126,3.04,41.16K,1.72%
5/7/2008,3.1182,3.1002,3.1323,3.0588,45.78K,0.41%
5/8/2008,3.1378,3.1185,3.1545,3.0909,39.15K,0.63%
5/9/2008,3.2012,3.1425,3.2038,3.1378,37.31K,2.02%
5/12/2008,3.1642,3.2,3.218,3.1525,41.34K,-1.16%
5/13/2008,3.2,3.1571,3.2275,3.143,38.03K,1.13%
5/14/2008,3.1804,3.1979,3.216,3.1691,36.14K,-0.61%
5/15/2008,3.1658,3.1693,3.237,3.0926,38.07K,-0.46%
5/16/2008,3.2235,3.1658,3.2438,3.1658,37.36K,1.82%
5/19/2008,3.2366,3.2215,3.254,3.204,24.93K,0.41%
5/20/2008,3.3044,3.2401,3.3085,3.2266,28.97K,2.09%
5/21/2008,3.3965,3.3,3.4193,3.2959,27.10K,2.79%
5/22/2008,3.3297,3.4225,3.438,3.3083,25.89K,-1.97%
5/23/2008,3.396,3.3297,3.407,3.321,30.84K,1.99%
5/27/2008,3.383,3.4009,3.436,3.3437,43.98K,-0.38%
5/28/2008,3.4476,3.382,3.458,3.34,29.14K,1.91%
5/29/2008,3.4042,3.4436,3.52,3.4011,29.91K,-1.26%
5/30/2008,3.4089,3.395,3.453,3.351,12.01K,0.14%
6/2/2008,3.3907,3.3562,3.424,3.303,42.28K,-0.53%
6/3/2008,3.3525,3.3846,3.4075,3.3393,43.07K,-1.13%
6/4/2008,3.1951,3.3544,3.385,3.1805,85.51K,-4.70%
6/5/2008,3.3345,3.19,3.345,3.176,53.03K,4.36%
6/6/2008,3.4638,3.4638,3.4638,3.4638,51.43K,3.88%
6/9/2008,3.3678,3.3678,3.3678,3.3678,55.92K,-2.77%
6/10/2008,3.3334,3.3334,3.3334,3.3334,49.88K,-1.02%
6/11/2008,3.4656,3.4656,3.4656,3.4656,45.46K,3.97%
6/12/2008,3.526,3.475,3.535,3.3692,43.83K,1.74%
6/13/2008,3.4626,3.523,3.5308,3.45,25.55K,-1.80%
6/16/2008,3.4379,3.461,3.5762,3.3983,31.57K,-0.71%
6/17/2008,3.4179,3.421,3.4659,3.383,29.95K,-0.58%
6/18/2008,3.4861,3.4861,3.4861,3.4861,35.11K,2.00%
6/19/2008,3.3526,3.465,3.4903,3.3252,41.10K,-3.83%
6/20/2008,3.4544,3.4544,3.4544,3.4544,19.84K,3.04%
6/23/2008,3.4733,3.4733,3.4733,3.4733,20.01K,0.55%
6/24/2008,3.4906,3.4906,3.4906,3.4906,19.83K,0.50%
6/25/2008,3.4515,3.4515,3.4515,3.4515,27.99K,-1.12%
6/26/2008,3.5699,3.5699,3.5699,3.5699,18.88K,3.43%
6/27/2008,3.5743,3.5743,3.5743,3.5743,23.51K,0.12%
6/30/2008,3.5777,3.5777,3.5777,3.5777,8.21K,0.10%
7/1/2008,3.5134,3.5042,3.5643,3.4862,35.99K,-1.80%
7/2/2008,3.5494,3.5155,3.5614,3.4773,38.79K,1.02%
7/3/2008,3.571,3.5521,3.5927,3.5389,23.79K,0.61%
7/7/2008,3.4827,3.5565,3.5575,3.4354,36.77K,-2.47%
7/8/2008,3.3631,3.4927,3.51,3.335,37.89K,-3.43%
7/9/2008,3.3808,3.3665,3.4305,3.3577,34.50K,0.53%
7/10/2008,3.5109,3.38,3.5211,3.363,39.36K,3.85%
7/11/2008,3.5632,3.5043,3.631,3.5017,34.57K,1.49%
7/14/2008,3.5577,3.563,3.5962,3.5114,26.62K,-0.15%
7/15/2008,3.3848,3.557,3.5915,3.309,44.67K,-4.86%
7/16/2008,3.2794,3.3848,3.3995,3.2158,34.93K,-3.11%
7/17/2008,3.1633,3.284,3.339,3.158,32.42K,-3.54%
7/18/2008,3.1709,3.1895,3.2385,3.1501,26.82K,0.24%
7/21/2008,3.2171,3.186,3.2372,3.1665,22.81K,1.46%
7/22/2008,3.147,3.217,3.2447,3.0945,24.46K,-2.18%
7/23/2008,3.0344,3.146,3.146,3.021,20.72K,-3.58%
7/24/2008,3.0594,3.026,3.0674,3.0092,15.70K,0.82%
7/25/2008,3.0323,3.061,3.0833,2.9967,14.93K,-0.89%
7/28/2008,3.07,3.032,3.081,3.0297,19.73K,1.24%
7/29/2008,3.0077,3.0775,3.0895,2.9801,16.17K,-2.03%
7/30/2008,3.1351,2.996,3.1449,2.985,14.80K,4.24%
7/31/2008,3.048,3.127,3.1418,3.02,8.20K,-2.78%
8/1/2008,3.0843,3.0647,3.197,3.02,39.27K,1.19%
8/4/2008,3.0002,3.09,3.13,2.9704,32.04K,-2.73%
8/5/2008,2.9564,2.9905,3.0018,2.9242,32.29K,-1.46%
8/6/2008,2.9493,2.94,3.01,2.916,35.35K,-0.24%
8/7/2008,3.0027,2.9542,3.0302,2.9435,41.42K,1.81%
8/8/2008,3.0457,3.0457,3.0457,3.0457,40.04K,1.43%
8/11/2008,3.0299,3.0299,3.0299,3.0299,35.44K,-0.52%
8/12/2008,2.998,2.998,2.998,2.998,40.27K,-1.05%
8/13/2008,3.0666,3.0666,3.0666,3.0666,47.41K,2.29%
8/14/2008,3.0548,3.0548,3.0548,3.0548,34.57K,-0.38%
8/15/2008,3.0355,3.0355,3.0355,3.0355,32.84K,-0.63%
8/18/2008,2.9935,2.9935,2.9935,2.9935,27.31K,-1.38%
8/19/2008,3.0367,3.0367,3.0367,3.0367,25.08K,1.44%
8/20/2008,3.0943,3.0943,3.0943,3.0943,26.99K,1.90%
8/21/2008,3.2376,3.2376,3.2376,3.2376,24.76K,4.63%
8/22/2008,3.0969,3.0969,3.0969,3.0969,26.08K,-4.35%
8/25/2008,3.1202,3.1202,3.1202,3.1202,21.99K,0.75%
8/26/2008,3.14,3.14,3.14,3.14,36.20K,0.63%
8/27/2008,3.1545,3.1545,3.1545,3.1545,27.16K,0.46%
8/28/2008,3.1117,3.1117,3.1117,3.1117,24.46K,-1.36%
8/29/2008,3.0975,3.0975,3.0975,3.0975,8.92K,-0.46%
9/2/2008,2.7337,2.92,2.96,2.6082,57.28K,-11.74%
9/3/2008,2.7668,2.7428,2.7717,2.6822,44.32K,1.21%
9/4/2008,2.7404,2.763,2.799,2.6845,45.27K,-0.95%
9/5/2008,2.6861,2.725,2.743,2.6442,40.47K,-1.98%
9/8/2008,2.7503,2.711,2.838,2.6983,44.43K,2.39%
9/9/2008,2.6526,2.75,2.759,2.62,46.29K,-3.55%
9/10/2008,2.6616,2.651,2.7186,2.6173,48.26K,0.34%
9/11/2008,2.7488,2.67,2.8275,2.67,56.17K,3.28%
9/12/2008,2.7696,2.755,2.8793,2.733,48.03K,0.76%
9/15/2008,2.5614,2.8025,2.8025,2.525,47.52K,-7.52%
9/16/2008,2.4008,2.545,2.558,2.384,41.68K,-6.27%
9/17/2008,2.463,2.435,2.488,2.3348,37.80K,2.59%
9/18/2008,2.4824,2.454,2.5377,2.3585,47.96K,0.79%
9/19/2008,2.5997,2.499,2.6105,2.4771,24.91K,4.73%
9/22/2008,2.7038,2.5775,2.7195,2.5775,23.23K,4.00%
9/23/2008,2.595,2.699,2.705,2.5305,28.85K,-4.02%
9/24/2008,2.5947,2.61,2.68,2.557,26.58K,-0.01%
9/25/2008,2.6973,2.598,2.7085,2.5715,27.87K,3.95%
9/26/2008,2.6651,2.6775,2.6785,2.5926,26.85K,-1.19%
9/29/2008,2.397,2.6509,2.6509,2.3721,28.45K,-10.06%
9/30/2008,2.4847,2.4133,2.52,2.3697,15.72K,3.66%
10/1/2008,2.36,2.48,2.504,2.3109,38.02K,-5.02%
10/2/2008,2.255,2.37,2.401,2.2435,29.90K,-4.45%
10/3/2008,2.2283,2.2459,2.2886,2.1875,24.95K,-1.18%
10/6/2008,2.0591,2.227,2.227,2.053,27.77K,-7.59%
10/7/2008,2.0628,2.0812,2.1399,2.013,41.30K,0.18%
10/8/2008,2.0298,2.049,2.07,1.95,41.53K,-1.60%
10/9/2008,2.0273,2.02,2.069,1.961,38.04K,-0.12%
10/10/2008,1.807,1.9812,1.9836,1.798,39.62K,-10.87%
10/13/2008,1.9176,1.8448,1.938,1.8448,36.52K,6.12%
10/14/2008,1.8848,1.9435,1.999,1.88,36.23K,-1.71%
10/15/2008,1.7822,1.8886,1.8965,1.7507,32.25K,-5.44%
10/16/2008,1.622,1.755,1.755,1.5964,35.18K,-8.99%
10/17/2008,1.6661,1.6925,1.7323,1.629,23.25K,2.72%
10/20/2008,1.7201,1.685,1.7555,1.6447,22.45K,3.24%
10/21/2008,1.6919,1.7445,1.75,1.6354,19.76K,-1.64%
10/22/2008,1.5709,1.6788,1.6788,1.5505,17.88K,-7.15%
10/23/2008,1.5778,1.578,1.6077,1.54,16.68K,0.44%
10/24/2008,1.4779,1.605,1.605,1.45,17.83K,-6.33%
10/27/2008,1.4769,1.476,1.5295,1.4203,21.57K,-0.07%
10/28/2008,1.4555,1.4644,1.5165,1.4347,18.19K,-1.45%
10/29/2008,1.533,1.4915,1.5753,1.4854,14.12K,5.32%
10/30/2008,1.467,1.555,1.5887,1.44,15.42K,-4.31%
10/31/2008,1.4413,1.4395,1.53,1.408,7.66K,-1.75%
11/3/2008,1.3625,1.4959,1.5175,1.3535,36.20K,-5.47%
11/4/2008,1.5327,1.3655,1.58,1.3215,35.79K,12.49%
11/5/2008,1.4244,1.5289,1.5333,1.42,32.78K,-7.07%
11/6/2008,1.336,1.4251,1.44,1.3235,38.71K,-6.21%
11/7/2008,1.3495,1.3405,1.3749,1.324,24.05K,1.01%
11/10/2008,1.3679,1.3523,1.4421,1.3,34.05K,1.36%
11/11/2008,1.3059,1.35,1.3507,1.2766,28.30K,-4.53%
11/12/2008,1.2481,1.2975,1.3171,1.2369,28.35K,-4.43%
11/13/2008,1.3024,1.24,1.3168,1.21,33.71K,4.35%
11/14/2008,1.2391,1.315,1.328,1.2172,23.47K,-4.86%
11/17/2008,1.1746,1.225,1.2806,1.168,23.05K,-5.21%
11/18/2008,1.1368,1.1746,1.191,1.1294,23.27K,-3.22%
11/19/2008,1.107,1.1406,1.158,1.089,28.11K,-2.62%
11/20/2008,1.007,1.0915,1.1,0.9921,21.52K,-9.03%
11/21/2008,1.0643,0.996,1.079,0.987,18.64K,5.69%
11/24/2008,1.1425,1.0849,1.1771,1.035,24.46K,7.35%
11/25/2008,1.0949,1.136,1.1401,1.0748,27.82K,-4.17%
11/26/2008,1.1798,1.105,1.1875,1.0909,21.67K,7.75%
11/28/2008,1.1462,1.1759,1.1875,1.114,3.64K,-2.85%
12/1/2008,1.1112,1.205,1.205,1.099,26.20K,-3.05%
12/2/2008,1.0583,1.109,1.1467,1.0509,29.34K,-4.76%
12/3/2008,1.0415,1.0583,1.0732,1.01,31.13K,-1.59%
12/4/2008,0.9695,1.0371,1.0434,0.9621,29.24K,-6.91%
12/5/2008,0.9012,0.9695,0.9872,0.895,32.76K,-7.04%
12/8/2008,0.9618,0.925,0.9855,0.9238,37.82K,6.72%
12/9/2008,0.9364,0.9605,0.9723,0.9325,38.52K,-2.64%
12/10/2008,0.9687,0.9435,1.0127,0.9145,42.60K,3.45%
12/11/2008,1.0786,0.985,1.118,0.9681,34.64K,11.35%
12/12/2008,1.0777,1.0552,1.0996,0.98,27.62K,-0.08%
12/15/2008,1.0369,1.0777,1.1673,1.033,33.41K,-3.79%
12/16/2008,1.04,1.044,1.097,1.018,29.73K,0.30%
12/17/2008,1.0055,1.0202,1.09,1.0001,25.89K,-3.32%
12/18/2008,0.9629,1.011,1.0475,0.9565,21.73K,-4.24%
12/19/2008,0.9693,0.981,1,0.9485,20.93K,0.66%
12/22/2008,0.8862,0.975,0.985,0.876,20.18K,-8.57%
12/23/2008,0.856,0.8825,0.9075,0.821,16.48K,-3.41%
12/24/2008,0.7927,0.868,0.868,0.785,11.35K,-7.39%
12/26/2008,0.844,0.811,0.8508,0.795,5.21K,6.47%
12/29/2008,0.8745,0.8501,0.951,0.8352,15.44K,3.61%
12/30/2008,0.8853,0.8681,0.8992,0.8565,18.57K,1.23%
12/31/2008,1.0082,0.8845,1.0351,0.8545,7.40K,13.88%
1/2/2009,1.1105,1.04,1.1158,0.9669,23.00K,10.15%
1/5/2009,1.1824,1.116,1.1941,1.1056,33.34K,6.47%
1/6/2009,1.1892,1.175,1.2405,1.1655,29.60K,0.58%
1/7/2009,1.0764,1.1863,1.2,1.0671,32.49K,-9.49%
1/8/2009,1.0882,1.0764,1.1139,1.055,29.14K,1.10%
1/9/2009,1.1112,1.104,1.1165,1.0571,39.90K,2.11%
1/12/2009,1.0841,1.1048,1.1152,1.065,31.62K,-2.44%
1/13/2009,1.1489,1.087,1.1764,1.0691,50.52K,5.98%
1/14/2009,1.1677,1.1535,1.1901,1.092,34.40K,1.64%
1/15/2009,1.1742,1.1697,1.197,1.1005,28.67K,0.56%
1/16/2009,1.1672,1.1715,1.1945,1.1383,21.18K,-0.60%
1/20/2009,1.1431,1.165,1.1701,1.09,28.64K,-2.06%
1/21/2009,1.1738,1.14,1.1875,1.1275,19.73K,2.69%
1/22/2009,1.0934,1.174,1.19,1.0397,23.77K,-6.85%
1/23/2009,1.1544,1.08,1.1721,1.053,17.42K,5.58%
1/26/2009,1.1531,1.1542,1.2125,1.1205,17.14K,-0.11%
1/27/2009,1.1085,1.1531,1.186,1.097,13.93K,-3.87%
1/28/2009,1.1835,1.116,1.2124,1.09,16.80K,6.77%
1/29/2009,1.2309,1.1865,1.2426,1.17,14.16K,4.01%
1/30/2009,1.2689,1.233,1.2861,1.2276,6.86K,3.09%
2/2/2009,1.1492,1.269,1.2769,1.0917,40.37K,-9.43%
2/3/2009,1.167,1.1705,1.1742,1.1205,36.89K,1.55%
2/4/2009,1.2184,1.167,1.2349,1.1525,38.56K,4.40%
2/5/2009,1.2748,1.2122,1.2775,1.2122,34.80K,4.63%
2/6/2009,1.2507,1.269,1.284,1.215,39.39K,-1.89%
2/9/2009,1.2471,1.2479,1.2982,1.231,35.77K,-0.29%
2/10/2009,1.2439,1.2482,1.3078,1.237,38.60K,-0.26%
2/11/2009,1.2698,1.27,1.3373,1.2543,50.44K,2.08%
2/12/2009,1.2583,1.285,1.3055,1.248,37.50K,-0.91%
2/13/2009,1.2063,1.262,1.2625,1.1403,35.95K,-4.13%
2/17/2009,1.1118,1.2099,1.224,1.104,33.55K,-7.83%
2/18/2009,1.0652,1.1,1.127,1.054,22.39K,-4.19%
2/19/2009,1.0986,1.0662,1.1057,1.031,27.47K,3.14%
2/20/2009,1.0746,1.0835,1.0835,1.0231,21.90K,-2.18%
2/23/2009,1.0433,1.0746,1.0988,1.025,18.64K,-2.91%
2/24/2009,1.0837,1.0425,1.1024,1.0394,22.27K,3.87%
2/25/2009,1.1667,1.09,1.1775,1.079,18.71K,7.66%
2/26/2009,1.3004,1.165,1.307,1.165,18.58K,11.46%
2/27/2009,1.2807,1.2825,1.3,1.215,9.27K,-1.51%
3/2/2009,1.2862,1.357,1.3699,1.2725,27.55K,0.43%
3/3/2009,1.3194,1.27,1.3291,1.27,26.75K,2.58%
3/4/2009,1.3816,1.3235,1.3845,1.305,46.04K,4.71%
3/5/2009,1.3127,1.382,1.383,1.2871,32.51K,-4.99%
3/6/2009,1.3322,1.3175,1.3403,1.2957,31.07K,1.49%
3/9/2009,1.3351,1.3263,1.3729,1.2983,33.43K,0.22%
3/10/2009,1.2972,1.3276,1.3622,1.2832,28.11K,-2.84%
3/11/2009,1.2512,1.285,1.317,1.245,43.80K,-3.55%
3/12/2009,1.3457,1.2526,1.3553,1.2404,33.43K,7.55%
3/13/2009,1.3529,1.3456,1.393,1.326,29.13K,0.54%
3/16/2009,1.3673,1.3474,1.3838,1.306,24.81K,1.06%
3/17/2009,1.4238,1.363,1.43,1.351,30.26K,4.13%
3/18/2009,1.3657,1.4154,1.4252,1.3356,28.42K,-4.08%
3/19/2009,1.4373,1.399,1.4653,1.375,21.82K,5.24%
3/20/2009,1.457,1.44,1.463,1.4095,19.23K,1.37%
3/23/2009,1.4881,1.4552,1.5245,1.4533,19.74K,2.13%
3/24/2009,1.5026,1.4875,1.5215,1.4663,18.33K,0.97%
3/25/2009,1.495,1.5014,1.5184,1.4617,19.21K,-0.51%
3/26/2009,1.5311,1.495,1.5372,1.492,16.36K,2.41%
3/27/2009,1.4879,1.52,1.52,1.463,14.76K,-2.82%
3/30/2009,1.3799,1.47,1.4765,1.365,18.78K,-7.26%
3/31/2009,1.4,1.38,1.415,1.3487,8.27K,1.46%
4/1/2009,1.3717,1.4139,1.4139,1.3411,38.68K,-2.02%
4/2/2009,1.4698,1.367,1.484,1.367,41.27K,7.15%
4/3/2009,1.4924,1.454,1.4998,1.442,32.78K,1.54%
4/6/2009,1.4755,1.49,1.519,1.44,29.54K,-1.13%
4/7/2009,1.4604,1.4725,1.497,1.4406,37.33K,-1.02%
4/8/2009,1.4396,1.441,1.4993,1.4047,44.25K,-1.42%
4/9/2009,1.481,1.4571,1.5103,1.4521,39.23K,2.88%
4/13/2009,1.4632,1.4755,1.4977,1.4037,41.53K,-1.20%
4/14/2009,1.4576,1.4581,1.489,1.4448,33.65K,-0.38%
4/15/2009,1.4468,1.45,1.4795,1.4361,35.52K,-0.74%
4/16/2009,1.4743,1.453,1.4853,1.446,33.20K,1.90%
4/17/2009,1.4927,1.4745,1.5276,1.4715,32.75K,1.25%
4/20/2009,1.4119,1.4927,1.4927,1.3966,26.76K,-5.41%
4/21/2009,1.4144,1.4094,1.435,1.3631,23.59K,0.18%
4/22/2009,1.3906,1.422,1.423,1.3705,22.04K,-1.68%
4/23/2009,1.3944,1.386,1.3984,1.3633,20.67K,0.27%
4/24/2009,1.442,1.3979,1.4475,1.3874,16.99K,3.41%
4/27/2009,1.4032,1.442,1.442,1.352,16.80K,-2.69%
4/28/2009,1.3977,1.3992,1.405,1.3659,19.60K,-0.39%
4/29/2009,1.4484,1.4024,1.4528,1.4024,19.01K,3.63%
4/30/2009,1.4742,1.4419,1.485,1.4419,9.08K,1.78%
5/1/2009,1.5174,1.4532,1.533,1.446,35.17K,2.93%
5/4/2009,1.586,1.5083,1.5915,1.5035,36.23K,4.52%
5/5/2009,1.5722,1.589,1.604,1.566,42.06K,-0.87%
5/6/2009,1.628,1.5815,1.6371,1.5755,46.73K,3.55%
5/7/2009,1.6655,1.649,1.7096,1.624,55.03K,2.30%
5/8/2009,1.7055,1.662,1.7095,1.661,38.34K,2.40%
5/11/2009,1.6802,1.7085,1.7095,1.6365,40.63K,-1.48%
5/12/2009,1.6679,1.667,1.7025,1.65,39.39K,-0.73%
5/13/2009,1.6888,1.6846,1.7125,1.6635,45.45K,1.25%
5/14/2009,1.7237,1.6854,1.729,1.6644,38.25K,2.07%
5/15/2009,1.6806,1.72,1.7262,1.672,36.82K,-2.50%
5/18/2009,1.7581,1.6778,1.7658,1.677,35.01K,4.61%
5/19/2009,1.8125,1.7581,1.8338,1.7323,35.17K,3.09%
5/20/2009,1.8095,1.825,1.8724,1.805,33.80K,-0.17%
5/21/2009,1.7997,1.805,1.8067,1.7424,29.73K,-0.54%
5/22/2009,1.8408,1.805,1.8435,1.7985,23.43K,2.28%
5/26/2009,1.8524,1.8239,1.871,1.78,36.51K,0.63%
5/27/2009,1.8917,1.872,1.8992,1.8484,29.13K,2.12%
5/28/2009,1.9105,1.88,1.92,1.8685,30.88K,0.99%
5/29/2009,1.931,1.9055,1.95,1.9055,13.16K,1.07%
6/1/2009,1.9243,1.905,1.9395,1.8945,44.43K,-0.35%
6/2/2009,1.9252,1.9172,1.9445,1.9048,41.33K,0.05%
6/3/2009,1.9016,1.9225,1.94,1.8591,52.86K,-1.23%
6/4/2009,1.9621,1.8972,1.9836,1.894,48.99K,3.18%
6/5/2009,1.9546,1.968,1.9945,1.9335,36.51K,-0.38%
6/8/2009,1.936,1.9515,1.9629,1.9211,38.05K,-0.95%
6/9/2009,1.9667,1.9472,1.9815,1.9343,46.71K,1.59%
6/10/2009,2.0153,1.9803,2.02,1.9637,49.72K,2.47%
6/11/2009,2.0649,2.017,2.0763,2.017,48.47K,2.46%
6/12/2009,2.0431,2.0593,2.0636,2.0192,31.70K,-1.06%
6/15/2009,2.053,2.046,2.062,2.004,43.05K,0.48%
6/16/2009,2.0711,2.0559,2.1124,2.0461,46.93K,0.88%
6/17/2009,2.0326,2.0541,2.0718,1.992,49.74K,-1.86%
6/18/2009,2.0295,2.0215,2.0436,2.0065,32.45K,-0.15%
6/19/2009,1.9244,2.02,2.0375,1.9163,50.86K,-5.18%
6/22/2009,1.8597,1.924,1.9384,1.8267,35.24K,-3.36%
6/23/2009,1.8932,1.8578,1.9132,1.8368,25.27K,1.80%
6/24/2009,1.8425,1.867,1.8738,1.839,22.97K,-2.68%
6/25/2009,1.8983,1.8441,1.9243,1.84,20.81K,3.03%
6/26/2009,1.8741,1.904,1.9246,1.8593,14.73K,-1.27%
6/29/2009,1.9358,1.8696,1.9595,1.8675,20.96K,3.29%
6/30/2009,1.8972,1.955,1.975,1.885,9.04K,-1.99%
7/1/2009,1.859,1.91,1.9506,1.8419,52.76K,-2.01%
7/2/2009,1.7908,1.8593,1.8696,1.7755,43.10K,-3.67%
7/6/2009,1.7404,1.7798,1.8,1.7195,36.61K,-2.81%
7/7/2009,1.7328,1.7473,1.7677,1.7127,36.11K,-0.44%
7/8/2009,1.6333,1.719,1.72,1.629,55.77K,-5.74%
7/9/2009,1.6638,1.649,1.6791,1.6241,42.40K,1.87%
7/10/2009,1.6505,1.6698,1.6707,1.6282,33.47K,-0.80%
7/13/2009,1.6394,1.6501,1.6658,1.601,35.13K,-0.67%
7/14/2009,1.6466,1.6448,1.671,1.635,33.53K,0.44%
7/15/2009,1.7081,1.6574,1.7177,1.6525,40.18K,3.73%
7/16/2009,1.7135,1.7158,1.72,1.6807,26.93K,0.32%
7/17/2009,1.7699,1.72,1.7734,1.697,31.27K,3.29%
7/20/2009,1.7894,1.7555,1.7985,1.7516,25.17K,1.10%
7/21/2009,1.812,1.7896,1.8318,1.778,26.74K,1.26%
7/22/2009,1.8383,1.795,1.8463,1.7677,27.75K,1.45%
7/23/2009,1.9132,1.8397,1.9279,1.8335,19.58K,4.07%
7/24/2009,1.9159,1.9076,1.9368,1.895,18.85K,0.14%
7/27/2009,1.9347,1.916,1.9436,1.907,18.43K,0.98%
7/28/2009,1.9106,1.927,1.9475,1.896,17.32K,-1.25%
7/29/2009,1.855,1.904,1.9135,1.8263,16.41K,-2.91%
7/30/2009,1.9911,1.8468,2,1.845,14.89K,7.34%
7/31/2009,2.0448,1.9899,2.065,1.9491,3.99K,2.70%
8/3/2009,2.0693,2.0126,2.0855,2.01,49.59K,1.20%
8/4/2009,2.0567,2.0665,2.0709,2.0375,41.46K,-0.61%
8/5/2009,2.0512,2.052,2.0578,2.0021,47.85K,-0.27%
8/6/2009,2.0607,2.0505,2.0667,2.0097,36.56K,0.46%
8/7/2009,2.0081,2.0607,2.0783,1.9925,38.60K,-2.55%
8/10/2009,2.0274,2,2.0432,1.9884,38.80K,0.96%
8/11/2009,2.0422,2.0381,2.0475,2.002,47.47K,0.73%
8/12/2009,2.0253,2.0405,2.0676,2.0208,46.30K,-0.83%
8/13/2009,2.0192,2.0315,2.0831,2.0075,42.73K,-0.30%
8/14/2009,1.938,2.0374,2.0475,1.92,43.56K,-4.02%
8/17/2009,1.9515,1.9422,1.956,1.8865,36.33K,0.70%
8/18/2009,2.0002,1.9491,2.015,1.915,30.39K,2.50%
8/19/2009,2.0346,2.0118,2.0533,1.9623,35.38K,1.72%
8/20/2009,1.9822,2.0346,2.0435,1.9755,30.89K,-2.58%
8/21/2009,1.9956,1.9878,2.012,1.964,30.84K,0.68%
8/24/2009,2.0491,2.006,2.0543,1.998,28.96K,2.68%
8/25/2009,2.007,2.0335,2.0624,1.9792,29.03K,-2.05%
8/26/2009,1.9826,2.004,2.0224,1.973,25.96K,-1.22%
8/27/2009,2.0314,1.98,2.0388,1.94,21.08K,2.46%
8/28/2009,2.0618,2.0349,2.0815,2.0227,22.62K,1.50%
8/31/2009,1.9859,2.066,2.07,1.9551,6.98K,-3.68%
9/1/2009,1.7822,1.8155,1.8559,1.78,46.54K,-10.26%
9/2/2009,1.8086,1.7936,1.8216,1.768,43.40K,1.48%
9/3/2009,1.7928,1.808,1.8301,1.7842,39.36K,-0.87%
9/4/2009,1.7763,1.795,1.8036,1.7447,29.01K,-0.92%
9/8/2009,1.8289,1.7754,1.8615,1.7529,52.11K,2.96%
9/9/2009,1.8281,1.8321,1.8567,1.8205,41.03K,-0.04%
9/10/2009,1.8036,1.83,1.84,1.7791,53.06K,-1.34%
9/11/2009,1.7598,1.803,1.8362,1.743,43.53K,-2.43%
9/14/2009,1.7433,1.7564,1.7589,1.7261,31.71K,-0.94%
9/15/2009,1.7892,1.7424,1.798,1.73,33.20K,2.63%
9/16/2009,1.8483,1.7813,1.85,1.7664,39.19K,3.30%
9/17/2009,1.8512,1.8456,1.8731,1.8325,34.01K,0.16%
9/18/2009,1.8324,1.8475,1.8534,1.822,25.36K,-1.02%
9/21/2009,1.7514,1.8229,1.8365,1.7385,29.34K,-4.42%
9/22/2009,1.7816,1.7515,1.7995,1.7515,24.02K,1.72%
9/23/2009,1.7049,1.7734,1.775,1.6845,23.71K,-4.31%
9/24/2009,1.6366,1.6994,1.7,1.62,24.04K,-4.01%
9/25/2009,1.6205,1.6221,1.6477,1.603,19.77K,-0.98%
9/28/2009,1.638,1.6225,1.6505,1.601,17.21K,1.08%
9/29/2009,1.6281,1.6385,1.6479,1.6128,18.99K,-0.60%
9/30/2009,1.7259,1.6318,1.75,1.6301,7.54K,6.01%
10/1/2009,1.7579,1.7461,1.7824,1.725,46.57K,1.85%
10/2/2009,1.7409,1.7499,1.7515,1.7014,39.40K,-0.97%
10/5/2009,1.7539,1.7398,1.7674,1.6885,40.38K,0.75%
10/6/2009,1.7727,1.7512,1.7984,1.7475,38.53K,1.07%
10/7/2009,1.7203,1.78,1.793,1.7028,40.38K,-2.96%
10/8/2009,1.7797,1.7211,1.8086,1.7141,54.91K,3.45%
10/9/2009,1.768,1.7775,1.7927,1.7514,41.52K,-0.66%
10/12/2009,1.799,1.7731,1.8163,1.7731,36.09K,1.75%
10/13/2009,1.8318,1.799,1.8355,1.7922,43.68K,1.82%
10/14/2009,1.8575,1.84,1.8743,1.839,39.39K,1.40%
10/15/2009,1.9449,1.8742,1.9586,1.8627,44.04K,4.71%
10/16/2009,1.9793,1.9452,1.9836,1.9211,36.06K,1.77%
10/19/2009,1.9872,1.9804,1.9937,1.963,30.54K,0.40%
10/20/2009,1.9877,1.9858,1.995,1.9596,26.19K,0.03%
10/21/2009,2.0543,1.9702,2.0751,1.9537,26.51K,3.35%
10/22/2009,2.0442,2.0411,2.052,2.0001,25.83K,-0.49%
10/23/2009,2.0438,2.055,2.0584,2.019,20.36K,-0.02%
10/26/2009,2.0338,2.0331,2.0953,2.02,23.46K,-0.49%
10/27/2009,2.0705,2.0403,2.0762,2.025,26.18K,1.80%
10/28/2009,1.9864,2.07,2.0745,1.9796,21.56K,-4.06%
10/29/2009,2.019,1.975,2.036,1.9728,17.19K,1.64%
10/30/2009,1.9432,2.028,2.028,1.933,6.82K,-3.75%
11/2/2009,1.9903,1.958,2.0047,1.9481,43.74K,2.42%
11/3/2009,2.0004,1.9929,2.0108,1.9379,48.17K,0.51%
11/4/2009,2.0127,1.9988,2.0317,1.9862,52.95K,0.61%
11/5/2009,1.9877,2.0116,2.023,1.9802,41.24K,-1.24%
11/6/2009,1.9243,1.989,2.0005,1.9026,0.27K,-3.19%
11/9/2009,1.9818,1.9319,2.008,1.9273,51.01K,2.99%
11/10/2009,1.9774,1.9742,2.0174,1.948,47.80K,-0.22%
11/11/2009,1.9927,1.972,2.0108,1.9664,37.52K,0.77%
11/12/2009,1.9405,1.994,2.0058,1.9214,47.24K,-2.62%
11/13/2009,1.9162,1.9405,1.9605,1.9061,34.85K,-1.25%
11/16/2009,1.9868,1.917,2.003,1.9155,42.47K,3.68%
11/17/2009,2.0049,1.9802,2.022,1.9685,35.49K,0.91%
11/18/2009,2.0114,2.018,2.0522,1.997,46.28K,0.32%
11/19/2009,1.9695,2.0124,2.0204,1.9556,31.58K,-2.08%
11/20/2009,1.9806,1.97,1.9909,1.944,29.73K,0.56%
11/23/2009,1.9794,1.9935,2.0361,1.9745,25.89K,-0.06%
11/24/2009,1.939,1.975,1.9887,1.9312,26.79K,-2.04%
11/25/2009,1.9976,1.95,2,1.9163,22.36K,3.02%
11/27/2009,1.9262,1.947,1.9569,1.8672,8.93K,-3.57%
11/30/2009,2.0008,1.9419,2.0159,1.925,14.33K,3.87%
12/1/2009,2.0423,2.018,2.0615,2.01,41.56K,2.07%
12/2/2009,1.9928,2.0251,2.041,1.9797,57.18K,-2.42%
12/3/2009,1.993,1.9989,2.0157,1.9731,40.32K,0.01%
12/4/2009,1.975,1.985,2.0377,1.955,57.09K,-0.90%
12/7/2009,1.9406,1.985,1.9858,1.936,49.03K,-1.74%
12/8/2009,1.9246,1.954,1.9541,1.9119,57.35K,-0.82%
12/9/2009,1.8573,1.9375,1.9516,1.8523,54.44K,-3.50%
12/10/2009,1.8351,1.8645,1.8769,1.824,42.78K,-1.20%
12/11/2009,1.8416,1.8351,1.8477,1.8124,36.46K,0.35%
12/14/2009,1.8267,1.8396,1.8495,1.824,36.58K,-0.81%
12/15/2009,1.8451,1.8315,1.8618,1.8257,32.04K,1.01%
12/16/2009,1.8739,1.8525,1.8977,1.8497,37.38K,1.56%
12/17/2009,1.852,1.879,1.885,1.8263,33.60K,-1.17%
12/18/2009,1.8948,1.85,1.9028,1.846,29.63K,2.31%
12/21/2009,1.8691,1.89,1.9192,1.8569,24.37K,-1.36%
12/22/2009,1.8888,1.8675,1.9024,1.8519,20.36K,1.05%
12/23/2009,1.9666,1.9,1.9715,1.8969,17.31K,4.12%
12/24/2009,1.9896,1.9645,1.994,1.9459,9.41K,1.17%
12/28/2009,2.0184,1.9864,2.0285,1.9864,17.81K,1.45%
12/29/2009,2.0106,2.018,2.0383,2.0007,15.83K,-0.39%
12/30/2009,2.0406,2.014,2.044,2.0125,14.56K,1.49%
12/31/2009,2.0525,2.0403,2.07,2.0266,3.93K,0.58%
1/4/2010,2.1044,2.075,2.1142,2.0671,42.49K,2.53%
1/5/2010,2.125,2.1111,2.1315,2.1004,50.25K,0.98%
1/6/2010,2.1366,2.1187,2.1462,2.0933,49.99K,0.55%
1/7/2010,2.1349,2.14,2.1455,2.1212,41.99K,-0.08%
1/8/2010,2.1553,2.137,2.172,2.1162,53.73K,0.96%
1/11/2010,2.1427,2.1678,2.1927,2.1309,51.39K,-0.58%
1/12/2010,2.0978,2.1415,2.146,2.0661,44.77K,-2.10%
1/13/2010,2.0602,2.07,2.083,2.0212,55.31K,-1.79%
1/14/2010,2.0738,2.061,2.0815,2.0515,41.45K,0.66%
1/15/2010,2.0454,2.073,2.0733,2.0345,37.61K,-1.37%
1/19/2010,2.0591,2.045,2.0688,2.0098,35.68K,0.67%
1/20/2010,2.0465,2.0634,2.0634,2.021,30.48K,-0.61%
1/21/2010,1.9829,2.0422,2.0689,1.9769,41.15K,-3.11%
1/22/2010,1.9657,1.9849,2.0004,1.9555,26.92K,-0.87%
1/25/2010,2.0008,1.96,2.0044,1.952,24.66K,1.79%
1/26/2010,1.9674,2,2,1.965,22.18K,-1.67%
1/27/2010,1.9392,1.97,1.9807,1.9115,19.43K,-1.43%
1/28/2010,1.9174,1.9437,1.9562,1.9025,19.31K,-1.12%
1/29/2010,1.9031,1.9264,1.946,1.8899,7.96K,-0.75%
2/1/2010,1.9321,1.913,1.9475,1.8973,47.59K,1.52%
2/2/2010,2.0179,1.9475,2.025,1.9316,64.92K,4.44%
2/3/2010,2.0362,2.02,2.0662,2.0154,64.02K,0.91%
2/4/2010,1.9508,2.0337,2.0374,1.9333,51.73K,-4.19%
2/5/2010,1.8864,1.945,1.9595,1.8419,52.25K,-3.30%
2/8/2010,1.894,1.907,1.9114,1.87,43.78K,0.40%
2/9/2010,1.929,1.8915,1.9488,1.8827,54.54K,1.85%
2/10/2010,1.929,1.9325,1.947,1.8892,50.84K,0.00%
2/11/2010,1.9357,1.9304,1.9465,1.8923,54.46K,0.35%
2/12/2010,1.9295,1.938,1.938,1.8716,49.55K,-0.32%
2/16/2010,1.9882,1.9293,2.01,1.9186,39.52K,3.04%
2/17/2010,2.0071,1.9976,2.0103,1.9851,37.22K,0.95%
2/18/2010,2.0692,2,2.0736,1.9842,42.27K,3.09%
2/19/2010,2.0857,2.0513,2.094,2.035,37.59K,0.80%
2/22/2010,2.1158,2.1147,2.1275,2.09,23.68K,1.44%
2/23/2010,2.0656,2.115,2.1191,2.0612,40.36K,-2.37%
2/24/2010,2.0989,2.0695,2.1014,2.0455,24.49K,1.61%
2/25/2010,2.037,2.1005,2.102,2.0225,24.92K,-2.95%
2/26/2010,2.0788,2.038,2.095,2.038,8.88K,2.05%
3/1/2010,2.1556,2.1862,2.2177,2.1372,44.54K,3.69%
3/2/2010,2.1966,2.1619,2.2224,2.155,40.92K,1.90%
3/3/2010,2.2476,2.195,2.2507,2.1914,55.84K,2.32%
3/4/2010,2.2337,2.2447,2.2506,2.217,38.90K,-0.62%
3/5/2010,2.271,2.247,2.2831,2.2402,39.94K,1.67%
3/8/2010,2.2892,2.2839,2.2951,2.2675,58.06K,0.80%
3/9/2010,2.2603,2.283,2.283,2.238,53.47K,-1.26%
3/10/2010,2.2851,2.2604,2.3134,2.2508,56.26K,1.10%
3/11/2010,2.272,2.2753,2.2857,2.259,51.22K,-0.57%
3/12/2010,2.255,2.2777,2.2952,2.2328,41.49K,-0.75%
3/15/2010,2.2228,2.257,2.2622,2.2026,35.97K,-1.43%
3/16/2010,2.275,2.222,2.287,2.218,44.56K,2.35%
3/17/2010,2.3097,2.283,2.3148,2.2805,40.92K,1.53%
3/18/2010,2.3009,2.31,2.31,2.28,39.34K,-0.38%
3/19/2010,2.2556,2.3038,2.3039,2.235,32.85K,-1.97%
3/22/2010,2.2562,2.2585,2.2612,2.2003,26.18K,0.03%
3/23/2010,2.2628,2.2623,2.2664,2.2323,20.06K,0.29%
3/24/2010,2.2212,2.2532,2.255,2.2115,27.50K,-1.84%
3/25/2010,2.2177,2.2145,2.255,2.2076,21.46K,-0.16%
3/26/2010,2.2074,2.2094,2.2373,2.1895,23.85K,-0.46%
3/29/2010,2.2613,2.2148,2.2751,2.214,15.72K,2.44%
3/30/2010,2.2747,2.263,2.2805,2.255,17.76K,0.59%
3/31/2010,2.31,2.275,2.3212,2.2706,9.25K,1.55%
4/1/2010,2.3237,2.2995,2.3379,2.2941,41.05K,0.59%
4/5/2010,2.3502,2.3365,2.3672,2.3307,45.11K,1.14%
4/6/2010,2.3483,2.3512,2.356,2.3335,45.14K,-0.08%
4/7/2010,2.3147,2.353,2.3589,2.3064,58.00K,-1.43%
4/8/2010,2.2983,2.3092,2.319,2.2635,76.59K,-0.71%
4/9/2010,2.2893,2.303,2.3184,2.2675,65.09K,-0.39%
4/12/2010,2.2958,2.2911,2.3224,2.2828,63.21K,0.28%
4/13/2010,2.3093,2.2972,2.3158,2.2644,66.06K,0.59%
4/14/2010,2.3327,2.2936,2.352,2.2936,53.80K,1.01%
4/15/2010,2.3262,2.2936,2.352,2.2936,43.87K,-0.28%
4/16/2010,2.277,2.3248,2.3248,2.2461,71.53K,-2.12%
4/19/2010,2.2544,2.2771,2.2772,2.2202,33.93K,-0.99%
4/20/2010,2.2809,2.256,2.3016,2.2557,30.82K,1.18%
4/21/2010,2.2827,2.2825,2.3053,2.2617,23.71K,0.08%
4/22/2010,2.3002,2.28,2.305,2.241,26.60K,0.77%
4/23/2010,2.3531,2.2995,2.355,2.2875,25.13K,2.30%
4/26/2010,2.3409,2.3565,2.3659,2.3347,21.71K,-0.52%
4/27/2010,2.3268,2.3402,2.3556,2.3085,29.37K,-0.60%
4/28/2010,2.3327,2.3147,2.3345,2.2949,24.53K,0.25%
4/29/2010,2.3556,2.329,2.3696,2.3255,20.62K,0.98%
4/30/2010,2.3963,2.3674,2.4075,2.365,8.78K,1.73%
5/3/2010,2.4351,2.3994,2.4411,2.3923,47.10K,1.62%
5/4/2010,2.3222,2.424,2.4315,2.305,75.78K,-4.64%
5/5/2010,2.2204,2.3071,2.324,2.213,87.06K,-4.38%
5/6/2010,2.1563,2.217,2.2285,2.0954,69.28K,-2.89%
5/7/2010,2.1251,2.1535,2.1884,2.1021,52.32K,-1.45%
5/10/2010,2.1726,2.1341,2.2,2.1341,47.10K,2.24%
5/11/2010,2.1952,2.178,2.2084,2.152,48.32K,1.04%
5/12/2010,2.2104,2.1877,2.2345,2.178,54.06K,0.69%
5/13/2010,2.1951,2.2094,2.219,2.1825,55.29K,-0.69%
5/14/2010,2.1308,2.1845,2.19,2.1173,52.00K,-2.93%
5/17/2010,2.0431,2.1353,2.141,2.0415,45.43K,-4.12%
5/18/2010,2.0431,2.058,2.0905,2.019,42.38K,0.00%
5/19/2010,2.0152,2.042,2.044,2.0026,36.54K,-1.37%
5/20/2010,1.9645,2.02,2.0245,1.92,30.66K,-2.52%
5/21/2010,1.9612,1.94,1.986,1.9339,25.08K,-0.17%
5/24/2010,1.9708,1.9658,1.9864,1.9513,30.97K,0.49%
5/25/2010,1.9308,1.96,1.9661,1.9008,31.99K,-2.03%
5/26/2010,1.9704,1.96,1.9844,1.9457,31.63K,2.05%
5/27/2010,2.0389,1.96,2.0455,1.96,23.22K,3.48%
5/28/2010,2.0198,2.0405,2.0526,2.005,10.30K,-0.94%
6/1/2010,1.9825,2.0225,2.0537,1.9707,55.42K,-1.85%
6/2/2010,2.0261,1.9708,2.0492,1.9668,59.32K,2.20%
6/3/2010,2.0812,2.044,2.0853,2.0254,58.63K,2.72%
6/4/2010,1.9953,2.0809,2.0983,1.9822,49.61K,-4.13%
6/7/2010,1.9949,1.9914,2.0228,1.9609,46.32K,-0.02%
6/8/2010,1.9891,1.978,2.0136,1.9748,50.04K,-0.29%
6/9/2010,2.0397,1.9915,2.05,1.9782,48.32K,2.54%
6/10/2010,2.0705,2.0305,2.0885,2.023,43.09K,1.51%
6/11/2010,2.0497,2.074,2.0849,2.031,46.19K,-1.00%
6/14/2010,2.0764,2.0553,2.1087,2.0547,38.53K,1.30%
6/15/2010,2.1215,2.0671,2.1277,2.0605,45.16K,2.17%
6/16/2010,2.1452,2.1215,2.1591,2.0986,42.83K,1.12%
6/17/2010,2.164,2.1555,2.1751,2.1377,43.51K,0.88%
6/18/2010,2.1476,2.164,2.1679,2.1372,31.67K,-0.76%
6/21/2010,2.1428,2.1531,2.193,2.1247,32.76K,-0.22%
6/22/2010,2.1335,2.135,2.1555,2.1223,28.53K,-0.43%
6/23/2010,2.0823,2.128,2.1329,2.0666,26.06K,-2.40%
6/24/2010,2.0935,2.0804,2.0952,2.0578,22.40K,0.54%
6/25/2010,2.1678,2.0875,2.169,2.0775,29.70K,3.55%
6/28/2010,2.1376,2.1638,2.17,2.1299,20.68K,-1.39%
6/29/2010,2.072,2.1325,2.1337,2.0548,25.28K,-3.07%
6/30/2010,2.0606,2.0614,2.0845,2.0297,8.72K,-0.55%
7/1/2010,1.9976,2.0599,2.0612,1.9712,49.32K,-3.06%
7/2/2010,1.9777,1.9943,2.006,1.9568,35.84K,-1.00%
7/6/2010,1.9713,1.9777,2.034,1.948,53.48K,-0.32%
7/7/2010,2.0253,1.9745,2.044,1.959,41.31K,2.74%
7/8/2010,2.0511,2.0423,2.0743,2.0278,44.22K,1.27%
7/9/2010,2.07,2.0641,2.08,2.043,37.12K,0.92%
7/12/2010,2.028,2.0702,2.0746,2.0237,43.81K,-2.03%
7/13/2010,2.0821,2.0316,2.0917,2.0138,45.08K,2.67%
7/14/2010,2.0665,2.083,2.0941,2.0585,51.73K,-0.75%
7/15/2010,2.0607,2.0625,2.087,2.0273,39.44K,-0.28%
7/16/2010,2.0486,2.07,2.0705,2.0258,33.54K,-0.59%
7/19/2010,2.059,2.0386,2.1,2.0341,32.72K,0.51%
7/20/2010,2.0786,2.059,2.0867,2.0451,23.96K,0.95%
7/21/2010,2.0678,2.0855,2.1073,2.0597,27.12K,-0.52%
7/22/2010,2.1466,2.0678,2.1493,2.063,27.55K,3.81%
7/23/2010,2.1222,2.1444,2.1574,2.1116,27.70K,-1.14%
7/26/2010,2.1058,2.1178,2.125,2.0922,24.89K,-0.77%
7/27/2010,2.0632,2.1061,2.118,2.046,29.85K,-2.02%
7/28/2010,2.0634,2.0538,2.0669,2.0286,25.87K,0.01%
7/29/2010,2.0974,2.0591,2.1125,2.0486,20.07K,1.65%
7/30/2010,2.1066,2.0847,2.1225,2.0605,8.03K,0.44%
8/2/2010,2.1685,2.1191,2.1924,2.1191,55.12K,2.94%
8/3/2010,2.1935,2.1745,2.1993,2.1635,48.84K,1.15%
8/4/2010,2.175,2.1878,2.198,2.1607,59.15K,-0.84%
8/5/2010,2.1644,2.1746,2.175,2.1465,52.27K,-0.49%
8/6/2010,2.1127,2.1621,2.1825,2.0954,59.37K,-2.39%
8/9/2010,2.1187,2.118,2.1433,2.107,48.49K,0.28%
8/10/2010,2.0853,2.1207,2.1248,2.0664,61.29K,-1.58%
8/11/2010,1.9976,2.0857,2.0943,1.98,83.33K,-4.21%
8/12/2010,1.9548,1.9825,1.996,1.949,63.60K,-2.14%
8/13/2010,1.9396,1.955,1.9813,1.926,42.05K,-0.78%
8/16/2010,1.9243,1.94,1.9559,1.9185,36.85K,-0.79%
8/17/2010,1.9532,1.9251,1.9715,1.9251,43.65K,1.50%
8/18/2010,1.9612,1.9416,1.9666,1.9089,39.29K,0.41%
8/19/2010,1.9287,1.956,1.9707,1.9195,27.97K,-1.66%
8/20/2010,1.9251,1.9308,1.9374,1.9085,32.94K,-0.19%
8/23/2010,1.881,1.926,1.9361,1.8777,33.69K,-2.29%
8/24/2010,1.8494,1.8775,1.8805,1.8368,30.15K,-1.68%
8/25/2010,1.8639,1.8435,1.88,1.8241,29.04K,0.78%
8/26/2010,1.9085,1.86,1.9175,1.86,24.29K,2.39%
8/27/2010,1.9479,1.9094,1.9588,1.8845,20.94K,2.06%
8/30/2010,1.9341,1.9654,1.9654,1.9275,25.13K,-0.71%
8/31/2010,1.8894,1.928,1.9396,1.8688,12.47K,-2.31%
9/1/2010,1.8891,1.8575,1.9077,1.845,62.80K,-0.02%
9/2/2010,1.9216,1.8889,1.9274,1.8737,45.58K,1.72%
9/3/2010,1.9195,1.917,1.9279,1.875,45.60K,-0.11%
9/7/2010,1.9329,1.9162,1.9661,1.8816,66.05K,0.70%
9/8/2010,1.9394,1.9235,1.9598,1.9089,45.36K,0.34%
9/9/2010,1.9354,1.94,1.9655,1.9233,43.27K,-0.21%
9/10/2010,1.9731,1.9345,1.9787,1.9335,61.94K,1.95%
9/13/2010,1.9806,1.9746,2.0131,1.974,53.76K,0.38%
9/14/2010,1.969,1.9825,2.0001,1.9569,48.96K,-0.59%
9/15/2010,1.9625,1.969,1.969,1.9357,45.82K,-0.33%
9/16/2010,1.9247,1.9525,1.9528,1.9,52.62K,-1.93%
9/17/2010,1.9192,1.9313,1.9509,1.8998,30.68K,-0.29%
9/20/2010,1.9496,1.9175,1.9724,1.9151,33.21K,1.58%
9/21/2010,1.9196,1.9525,1.967,1.9122,35.77K,-1.54%
9/22/2010,1.9014,1.9125,1.934,1.8799,32.56K,-0.95%
9/23/2010,1.9174,1.9049,1.9323,1.8747,30.69K,0.84%
9/24/2010,1.9471,1.916,1.9609,1.91,26.62K,1.55%
9/27/2010,1.9488,1.9545,1.9545,1.92,26.26K,0.09%
9/28/2010,1.9479,1.9455,1.9772,1.9313,22.18K,-0.05%
9/29/2010,1.9955,1.948,2.0021,1.9265,19.90K,2.44%
9/30/2010,2.0448,1.9955,2.0525,1.991,6.91K,2.47%
10/1/2010,2.0861,2.032,2.095,2.0301,71.33K,2.02%
10/4/2010,2.0933,2.0925,2.1215,2.0759,64.09K,0.35%
10/5/2010,2.1255,2.0911,2.1267,2.084,61.02K,1.54%
10/6/2010,2.1559,2.1255,2.165,2.1117,54.97K,1.43%
10/7/2010,2.118,2.1598,2.2011,2.105,76.25K,-1.76%
10/8/2010,2.1512,2.1185,2.1553,2.0929,57.94K,1.57%
10/11/2010,2.1655,2.1545,2.1726,2.142,48.59K,0.66%
10/12/2010,2.1239,2.155,2.1631,2.1177,51.19K,-1.92%
10/13/2010,2.1661,2.1202,2.1674,2.1192,46.99K,1.99%
10/14/2010,2.1365,2.1642,2.185,2.1183,50.55K,-1.37%
10/15/2010,2.1038,2.1388,2.1528,2.0943,47.52K,-1.53%
10/18/2010,2.1515,2.104,2.1562,2.09,32.29K,2.27%
10/19/2010,2.0483,2.1487,2.1535,2.0368,48.18K,-4.80%
10/20/2010,2.0826,2.0432,2.0872,2.0368,31.95K,1.67%
10/21/2010,2.041,2.084,2.0959,2.0302,23.37K,-2.00%
10/22/2010,2.0638,2.0475,2.0749,2.0364,30.38K,1.12%
10/25/2010,2.0773,2.0663,2.1026,2.0477,26.71K,0.65%
10/26/2010,2.094,2.0735,2.0955,2.0591,30.04K,0.80%
10/27/2010,2.102,2.086,2.1052,2.056,26.53K,0.38%
10/28/2010,2.1139,2.1057,2.1275,2.0982,22.86K,0.57%
10/29/2010,2.1045,2.104,2.1238,2.0736,10.13K,-0.44%
11/1/2010,2.0929,2.0595,2.1278,2.0595,60.52K,-0.55%
11/2/2010,2.1096,2.09,2.1226,2.088,47.57K,0.80%
11/3/2010,2.138,2.1231,2.15,2.1055,49.64K,1.35%
11/4/2010,2.1771,2.141,2.183,2.1383,39.12K,1.83%
11/5/2010,2.18,2.1779,2.1922,2.1614,44.76K,0.13%
11/8/2010,2.1785,2.183,2.1938,2.1528,48.28K,-0.07%
11/9/2010,2.185,2.1725,2.1962,2.1569,58.50K,0.30%
11/10/2010,2.2362,2.1827,2.2465,2.1754,76.01K,2.34%
11/11/2010,2.2357,2.2325,2.2544,2.229,58.89K,-0.02%
11/12/2010,2.2099,2.239,2.2561,2.1888,66.13K,-1.15%
11/15/2010,2.195,2.2139,2.2489,2.1864,45.91K,-0.67%
11/16/2010,2.1557,2.2,2.2,2.1369,45.61K,-1.79%
11/17/2010,2.1579,2.1648,2.1823,2.1313,44.48K,0.10%
11/18/2010,2.2283,2.165,2.2415,2.162,30.10K,3.26%
11/19/2010,2.196,2.2298,2.2505,2.1625,29.85K,-1.45%
11/22/2010,2.1519,2.1988,2.215,2.1303,23.81K,-2.01%
11/23/2010,2.1342,2.146,2.1535,2.1015,32.49K,-0.82%
11/24/2010,2.2136,2.132,2.2224,2.131,25.98K,3.72%
11/26/2010,2.2103,2.2149,2.23,2.1984,5.68K,-0.15%
11/29/2010,2.2846,2.2136,2.2854,2.2103,32.13K,3.36%
11/30/2010,2.2652,2.2811,2.2821,2.2306,15.39K,-0.85%
12/1/2010,2.3004,2.1848,2.3069,2.1848,69.30K,1.55%
12/2/2010,2.3553,2.3007,2.3616,2.2942,58.35K,2.39%
12/3/2010,2.3521,2.35,2.3647,2.327,54.04K,-0.14%
12/6/2010,2.3417,2.3524,2.3699,2.3262,46.84K,-0.44%
12/7/2010,2.323,2.3321,2.3625,2.304,54.86K,-0.80%
12/8/2010,2.3046,2.3124,2.327,2.2764,58.51K,-0.79%
12/9/2010,2.3405,2.315,2.3617,2.3,71.51K,1.56%
12/10/2010,2.3093,2.3365,2.3467,2.2947,56.38K,-1.33%
12/13/2010,2.3184,2.3105,2.3562,2.3047,41.91K,0.39%
12/14/2010,2.2964,2.3105,2.3239,2.2863,39.81K,-0.95%
12/15/2010,2.3092,2.295,2.3184,2.2601,38.67K,0.56%
12/16/2010,2.3043,2.3092,2.3274,2.2964,37.13K,-0.21%
12/17/2010,2.3178,2.3043,2.3443,2.2945,39.72K,0.59%
12/20/2010,2.3778,2.3225,2.3798,2.3205,33.10K,2.59%
12/21/2010,2.3985,2.3725,2.4143,2.3725,27.19K,0.87%
12/22/2010,2.4245,2.4135,2.426,2.4073,28.34K,1.08%
12/23/2010,2.4426,2.4241,2.4458,2.415,17.99K,0.75%
12/27/2010,2.4209,2.439,2.4452,2.4063,12.44K,-0.89%
12/28/2010,2.4056,2.4156,2.4314,2.4025,19.01K,-0.63%
12/29/2010,2.3904,2.4078,2.4124,2.3865,20.31K,-0.63%
12/30/2010,2.3918,2.4042,2.4164,2.3673,16.28K,0.06%
12/31/2010,2.4532,2.3938,2.465,2.3869,4.95K,2.57%
1/3/2011,2.4273,2.4288,2.4671,2.4245,31.97K,-1.06%
1/4/2011,2.414,2.425,2.445,2.3747,53.09K,-0.55%
1/5/2011,2.4451,2.3991,2.4612,2.3688,51.83K,1.29%
1/6/2011,2.443,2.455,2.4739,2.4238,50.11K,-0.09%
1/7/2011,2.4131,2.448,2.4586,2.3945,46.74K,-1.22%
1/10/2011,2.4543,2.433,2.47,2.4126,47.84K,1.71%
1/11/2011,2.4784,2.4601,2.4883,2.435,48.35K,0.98%
1/12/2011,2.4631,2.4669,2.4808,2.4496,45.98K,-0.62%
1/13/2011,2.4459,2.4689,2.4731,2.4316,50.86K,-0.70%
1/14/2011,2.4946,2.4565,2.496,2.4493,32.10K,1.99%
1/18/2011,2.4792,2.4927,2.5078,2.4523,40.89K,-0.62%
1/19/2011,2.4816,2.4775,2.5011,2.4725,30.45K,0.10%
1/20/2011,2.4225,2.4799,2.4816,2.3975,35.90K,-2.38%
1/21/2011,2.4589,2.4233,2.4738,2.4225,22.74K,1.50%
1/24/2011,2.4132,2.4585,2.4751,2.4083,23.88K,-1.86%
1/25/2011,2.3427,2.411,2.4132,2.3414,21.64K,-2.92%
1/26/2011,2.4306,2.3544,2.442,2.3486,21.49K,3.75%
1/27/2011,2.3816,2.437,2.437,2.38,16.72K,-2.02%
1/28/2011,2.4568,2.3885,2.46,2.3869,19.51K,3.16%
1/31/2011,2.4906,2.4795,2.5025,2.435,7.85K,1.38%
2/1/2011,2.5194,2.498,2.5339,2.4837,40.22K,1.16%
2/2/2011,2.4985,2.518,2.5229,2.4873,53.26K,-0.83%
2/3/2011,2.5034,2.4942,2.5344,2.4895,46.39K,0.20%
2/4/2011,2.4353,2.5033,2.5188,2.429,54.07K,-2.72%
2/7/2011,2.4505,2.4415,2.4745,2.4353,44.41K,0.62%
2/8/2011,2.4942,2.4511,2.5125,2.4238,66.01K,1.78%
2/9/2011,2.526,2.4993,2.5331,2.4811,49.50K,1.27%
2/10/2011,2.4698,2.5319,2.548,2.4604,45.76K,-2.22%
2/11/2011,2.4652,2.49,2.5037,2.4573,37.44K,-0.19%
2/14/2011,2.5174,2.4925,2.5524,2.4774,40.01K,2.12%
2/15/2011,2.4888,2.5161,2.5342,2.462,45.12K,-1.14%
2/16/2011,2.5447,2.485,2.5484,2.485,42.79K,2.25%
2/17/2011,2.5277,2.5448,2.5554,2.5226,27.08K,-0.67%
2/18/2011,2.5513,2.5348,2.5683,2.4977,25.35K,0.93%
2/22/2011,2.6021,2.5637,2.681,2.5637,28.69K,1.99%
2/23/2011,2.7149,2.6171,2.7429,2.6045,27.67K,4.33%
2/24/2011,2.7167,2.7395,2.856,2.6878,24.66K,0.07%
2/25/2011,2.7395,2.7038,2.7532,2.7038,28.78K,0.84%
2/28/2011,2.7296,2.7662,2.768,2.7,14.14K,-0.36%
3/1/2011,2.9834,2.8944,3.0179,2.89,40.54K,9.30%
3/2/2011,3.0295,3.01,3.0477,2.9772,47.50K,1.55%
3/3/2011,3.0262,3.0269,3.03,2.98,41.27K,-0.11%
3/4/2011,3.0464,3.022,3.0541,3.022,34.95K,0.67%
3/7/2011,3.0039,3.0519,3.0936,2.9934,48.77K,-1.40%
3/8/2011,2.9467,2.995,3.0105,2.9323,44.05K,-1.90%
3/9/2011,3.0272,2.9475,3.0296,2.9338,42.91K,2.73%
3/10/2011,3.0196,3.0239,3.0485,2.9612,45.41K,-0.25%
3/11/2011,2.9877,3.0196,3.0316,2.9425,44.78K,-1.06%
3/14/2011,2.9603,2.988,2.999,2.9298,39.80K,-0.92%
3/15/2011,2.8029,2.9647,2.9647,2.7768,52.78K,-5.32%
3/16/2011,2.8437,2.8059,2.8814,2.773,38.92K,1.46%
3/17/2011,2.9506,2.8439,2.9663,2.815,34.51K,3.76%
3/18/2011,2.9494,2.9507,2.9975,2.9226,27.37K,-0.04%
3/21/2011,2.9974,2.9797,3.011,2.9797,27.59K,1.63%
3/22/2011,3.0045,2.9927,3.0226,2.9741,29.19K,0.24%
3/23/2011,3.0213,3.0189,3.035,2.9973,23.54K,0.56%
3/24/2011,3.0448,3.0202,3.0508,2.9909,22.79K,0.78%
3/25/2011,3.0445,3.0525,3.0617,3.035,18.55K,-0.01%
3/28/2011,3.0274,3.0575,3.058,3.0133,21.33K,-0.56%
3/29/2011,3.0458,3.028,3.0548,3.0107,21.34K,0.61%
3/30/2011,3.064,3.0444,3.0741,3.0377,21.60K,0.60%
3/31/2011,3.1076,3.065,3.125,3.065,11.10K,1.42%
4/1/2011,3.1513,3.1096,3.165,3.0983,52.14K,1.41%
4/4/2011,3.1688,3.1654,3.1758,3.1409,45.87K,0.56%
4/5/2011,3.2013,3.1603,3.2073,3.1463,48.04K,1.03%
4/6/2011,3.1929,3.1875,3.212,3.1691,51.21K,-0.26%
4/7/2011,3.1865,3.1888,3.1961,3.16,55.45K,-0.20%
4/8/2011,3.2607,3.1854,3.2715,3.179,54.19K,2.33%
4/11/2011,3.2005,3.264,3.2669,3.188,45.63K,-1.85%
4/12/2011,3.1641,3.2014,3.23,3.1309,53.48K,-1.14%
4/13/2011,3.2424,3.176,3.2477,3.1621,70.73K,2.47%
4/14/2011,3.2347,3.247,3.2679,3.21,56.67K,-0.24%
4/15/2011,3.2892,3.2445,3.2991,3.2331,44.13K,1.68%
4/18/2011,3.2528,3.293,3.2933,3.2333,35.96K,-1.11%
4/19/2011,3.2331,3.257,3.2591,3.1979,36.37K,-0.61%
4/20/2011,3.2773,3.2296,3.2816,3.2255,38.41K,1.37%
4/21/2011,3.3086,3.273,3.318,3.2643,38.11K,0.96%
4/25/2011,3.3229,3.3155,3.3416,3.2885,35.00K,0.43%
4/26/2011,3.3572,3.32,3.3739,3.3,36.52K,1.03%
4/27/2011,3.4194,3.3542,3.443,3.3473,31.07K,1.85%
4/28/2011,3.4298,3.4364,3.4762,3.3948,29.82K,0.30%
4/29/2011,3.4648,3.43,3.48,3.4201,,1.02%
5/2/2011,3.3479,3.4132,3.4155,3.31,52.02K,-3.37%
5/3/2011,3.3294,3.3293,3.3615,3.3074,61.52K,-0.55%
5/4/2011,3.3225,3.3174,3.3369,3.2771,74.61K,-0.21%
5/5/2011,3.0954,3.315,3.3352,3.06,89.75K,-6.84%
5/6/2011,3.0901,3.1032,3.1822,2.9856,85.29K,-0.17%
5/9/2011,3.2784,3.11,3.3071,3.1003,73.32K,6.09%
5/10/2011,3.3797,3.2955,3.3853,3.2593,92.43K,3.09%
5/11/2011,3.1228,3.3405,3.359,3.0771,100.71K,-7.60%
5/12/2011,3.0639,3.1172,3.1725,3.022,62.38K,-1.89%
5/13/2011,3.0744,3.0535,3.1388,3.0342,57.08K,0.34%
5/16/2011,2.9311,3.0771,3.081,2.9183,60.45K,-4.66%
5/17/2011,2.9193,2.9164,2.952,2.8428,61.76K,-0.40%
5/18/2011,2.9555,2.9311,2.9775,2.9276,48.89K,1.24%
5/19/2011,2.926,2.9445,3.0048,2.9057,36.81K,-1.00%
5/20/2011,2.9358,2.9075,2.9587,2.8563,33.54K,0.33%
5/23/2011,2.9381,2.94,2.9552,2.8661,35.48K,0.08%
5/24/2011,2.9928,2.9342,3.0256,2.9185,41.96K,1.86%
5/25/2011,3.0162,2.975,3.0294,2.9439,32.28K,0.78%
5/26/2011,3.0483,3.0285,3.0586,3.0127,28.03K,1.06%
5/27/2011,3.092,3.055,3.1005,3.0449,28.19K,1.43%
5/31/2011,3.1504,3.085,3.165,3.07,12.04K,1.89%
6/1/2011,2.9773,3.0475,3.0575,2.9685,61.92K,-5.49%
6/2/2011,2.9677,2.9715,3.0022,2.9249,63.02K,-0.32%
6/3/2011,2.9931,2.9836,3.0041,2.92,43.21K,0.86%
6/6/2011,2.9499,3.0089,3.0165,2.938,42.54K,-1.44%
6/7/2011,2.9919,2.9485,3.0022,2.9284,60.47K,1.42%
6/8/2011,2.9787,2.9943,3.0265,2.9623,56.91K,-0.44%
6/9/2011,3.0398,2.9725,3.0482,2.9697,50.49K,2.05%
6/10/2011,3.0177,3.0384,3.05,2.976,47.49K,-0.73%
6/13/2011,2.9968,3.0118,3.0518,2.9554,49.63K,-0.69%
6/14/2011,3.0646,3.0027,3.0679,2.9968,61.46K,2.26%
6/15/2011,2.9235,3.0708,3.0708,2.9101,60.02K,-4.60%
6/16/2011,2.9494,2.9524,2.9879,2.929,52.39K,0.89%
6/17/2011,2.946,2.9502,2.9525,2.8745,41.38K,-0.12%
6/20/2011,2.9115,2.9502,2.9512,2.9009,33.57K,-1.17%
6/21/2011,2.8826,2.9126,2.9384,2.8521,29.25K,-0.99%
6/22/2011,2.9733,2.8825,2.98,2.8825,38.24K,3.15%
6/23/2011,2.8376,2.9501,2.955,2.785,35.15K,-4.56%
6/24/2011,2.7766,2.8772,2.879,2.7567,24.88K,-2.15%
6/27/2011,2.8075,2.7807,2.822,2.7348,28.75K,1.11%
6/28/2011,2.8896,2.8226,2.8964,2.8051,22.42K,2.92%
6/29/2011,3.0097,2.8896,3.0131,2.8796,18.98K,4.16%
6/30/2011,3.0316,3.0052,3.0404,2.9823,10.07K,0.73%
7/1/2011,2.9726,2.9691,2.976,2.9112,43.76K,-1.95%
7/5/2011,2.9774,2.9685,3.0166,2.945,54.14K,0.16%
7/6/2011,2.9976,2.9774,3.0145,2.944,42.88K,0.68%
7/7/2011,3.127,3.0189,3.1295,3.0092,49.98K,4.32%
7/8/2011,3.0926,3.124,3.1293,3.07,50.89K,-1.10%
7/11/2011,3.0705,3.0958,3.1033,3.026,44.68K,-0.71%
7/12/2011,3.0982,3.067,3.0998,3.025,45.39K,0.90%
7/13/2011,3.1516,3.0874,3.175,3.0806,47.83K,1.72%
7/14/2011,3.1248,3.136,3.159,3.0936,44.13K,-0.85%
7/15/2011,3.1293,3.1239,3.1522,3.096,39.30K,0.14%
7/18/2011,3.0974,3.1425,3.1519,3.0485,47.29K,-1.02%
7/19/2011,3.1149,3.1035,3.1485,3.1006,39.20K,0.56%
7/20/2011,3.147,3.12,3.1489,3.1015,29.92K,1.03%
7/21/2011,3.0995,3.1456,3.1572,3.0895,30.16K,-1.51%
7/22/2011,3.1301,3.1093,3.14,3.0988,31.15K,0.99%
7/25/2011,3.1264,3.1287,3.1375,3.0902,31.08K,-0.12%
7/26/2011,3.1536,3.1274,3.17,3.0952,28.74K,0.87%
7/27/2011,3.1423,3.1581,3.1816,3.1355,27.91K,-0.36%
7/28/2011,3.1176,3.1435,3.1735,3.0926,27.76K,-0.79%
7/29/2011,3.1129,3.1175,3.124,3.0676,,-0.15%
8/1/2011,3.054,3.0644,3.145,3.0055,60.76K,-1.89%
8/2/2011,3.0373,3.0531,3.0924,3.0108,53.68K,-0.55%
8/3/2011,2.9313,3.0143,3.02,2.922,64.17K,-3.49%
8/4/2011,2.7372,2.9367,2.94,2.728,74.45K,-6.62%
8/5/2011,2.8052,2.745,2.8212,2.676,60.58K,2.48%
8/8/2011,2.6916,2.803,2.803,2.6681,56.55K,-4.05%
8/9/2011,2.6676,2.7048,2.7606,2.5854,58.27K,-0.89%
8/10/2011,2.7825,2.7375,2.7884,2.6834,69.57K,4.31%
8/11/2011,2.8273,2.7647,2.839,2.745,59.63K,1.61%
8/12/2011,2.8222,2.8225,2.8577,2.8072,36.28K,-0.18%
8/15/2011,2.8745,2.813,2.8762,2.813,33.55K,1.85%
8/16/2011,2.8538,2.8694,2.8751,2.8289,36.32K,-0.72%
8/17/2011,2.8703,2.8734,2.9268,2.8589,54.46K,0.58%
8/18/2011,2.7832,2.8752,2.8793,2.76,56.58K,-3.03%
8/19/2011,2.8412,2.7758,2.8688,2.7435,36.00K,2.08%
8/22/2011,2.8351,2.855,2.856,2.7647,25.35K,-0.21%
8/23/2011,2.8766,2.8321,2.899,2.8028,29.01K,1.46%
8/24/2011,2.8784,2.88,2.9106,2.854,31.90K,0.06%
8/25/2011,2.9679,2.88,2.9732,2.8795,35.13K,3.11%
8/26/2011,2.9346,2.963,2.9777,2.911,30.36K,-1.12%
8/29/2011,2.9064,2.927,2.9513,2.8765,18.44K,-0.96%
8/30/2011,2.9958,2.91,3.002,2.8975,22.60K,3.08%
8/31/2011,3.032,3.0021,3.0573,3.0021,7.61K,1.21%
9/1/2011,2.8927,2.8687,2.9186,2.852,46.33K,-4.59%
9/2/2011,2.8396,2.8875,2.899,2.7954,46.87K,-1.84%
9/6/2011,2.8226,2.8325,2.843,2.7702,56.16K,-0.60%
9/7/2011,2.908,2.827,2.9175,2.821,45.14K,3.03%
9/8/2011,2.8852,2.9131,2.9166,2.8643,46.74K,-0.78%
9/9/2011,2.771,2.8741,2.8925,2.7617,64.15K,-3.96%
9/12/2011,2.7382,2.7634,2.7767,2.7064,55.51K,-1.18%
9/13/2011,2.7424,2.7545,2.7645,2.7182,51.79K,0.15%
9/14/2011,2.7258,2.7344,2.746,2.6844,48.47K,-0.61%
9/15/2011,2.7828,2.724,2.8071,2.7155,48.10K,2.09%
9/16/2011,2.7841,2.779,2.8384,2.7781,47.68K,0.05%
9/19/2011,2.6965,2.7739,2.7824,2.6875,33.68K,-3.15%
9/20/2011,2.7014,2.7022,2.7345,2.6826,32.73K,0.18%
9/21/2011,2.6665,2.703,2.7373,2.64,37.35K,-1.29%
9/22/2011,2.56,2.64,2.647,2.5407,31.00K,-3.99%
9/23/2011,2.5547,2.565,2.6129,2.5355,30.45K,-0.21%
9/26/2011,2.5694,2.561,2.6,2.5137,35.60K,0.58%
9/27/2011,2.6955,2.5937,2.7055,2.5921,42.39K,4.91%
9/28/2011,2.6507,2.68,2.7063,2.644,34.09K,-1.66%
9/29/2011,2.6192,2.6402,2.6835,2.6168,19.26K,-1.19%
9/30/2011,2.626,2.66,2.6637,2.5769,7.23K,0.26%
10/3/2011,2.511,2.542,2.5446,2.4925,48.87K,-4.38%
10/4/2011,2.4884,2.5036,2.5528,2.4673,54.38K,-0.90%
10/5/2011,2.5692,2.5458,2.5814,2.5157,54.05K,3.25%
10/6/2011,2.686,2.5799,2.6917,2.5645,64.15K,4.55%
10/7/2011,2.6476,2.6774,2.6893,2.6113,56.55K,-1.43%
10/10/2011,2.6953,2.6526,2.7219,2.6497,48.39K,1.80%
10/11/2011,2.7476,2.7126,2.756,2.6685,56.16K,1.94%
10/12/2011,2.7487,2.7419,2.7713,2.7256,43.93K,0.04%
10/13/2011,2.7575,2.7431,2.7684,2.7066,43.22K,0.32%
10/14/2011,2.8247,2.7665,2.8404,2.7507,40.80K,2.44%
10/17/2011,2.7429,2.8365,2.8667,2.7342,46.24K,-2.90%
10/18/2011,2.7469,2.7415,2.769,2.6822,39.95K,0.15%
10/19/2011,2.6715,2.76,2.771,2.6676,42.66K,-2.74%
10/20/2011,2.6755,2.677,2.6962,2.6115,30.79K,0.15%
10/21/2011,2.6846,2.6775,2.7361,2.6567,28.45K,0.34%
10/24/2011,2.6888,2.687,2.7233,2.6749,26.31K,0.16%
10/25/2011,2.6998,2.68,2.712,2.6066,41.42K,0.41%
10/26/2011,2.6516,2.697,2.7168,2.6468,32.15K,-1.79%
10/27/2011,2.742,2.655,2.771,2.655,28.48K,3.41%
10/28/2011,2.6822,2.7352,2.7445,2.6739,19.49K,-2.18%
10/31/2011,2.6429,2.6859,2.69,2.6089,10.25K,-1.47%
11/1/2011,2.6244,2.6,2.6271,2.5336,50.36K,-0.70%
11/2/2011,2.6272,2.6126,2.6879,2.6049,66.88K,0.11%
11/3/2011,2.6418,2.6325,2.6543,2.59,53.36K,0.56%
11/4/2011,2.6634,2.645,2.6889,2.633,46.20K,0.82%
11/7/2011,2.7282,2.6731,2.7443,2.6606,51.75K,2.43%
11/8/2011,2.7064,2.7357,2.7585,2.6911,52.52K,-0.80%
11/9/2011,2.6442,2.721,2.732,2.6275,51.16K,-2.30%
11/10/2011,2.6368,2.6442,2.67,2.6005,57.86K,-0.28%
11/11/2011,2.6038,2.6265,2.659,2.5876,57.53K,-1.25%
11/14/2011,2.5353,2.6055,2.615,2.494,69.50K,-2.63%
11/15/2011,2.5857,2.5333,2.5985,2.5166,43.91K,1.99%
11/16/2011,2.6273,2.5902,2.6326,2.5615,49.29K,1.61%
11/17/2011,2.5071,2.6014,2.6195,2.497,46.31K,-4.58%
11/18/2011,2.4784,2.5002,2.5414,2.4549,35.47K,-1.14%
11/21/2011,2.489,2.4898,2.5064,2.4527,27.25K,0.43%
11/22/2011,2.5618,2.493,2.565,2.485,37.72K,2.92%
11/23/2011,2.5177,2.5313,2.545,2.497,27.80K,-1.72%
11/25/2011,2.4489,2.5163,2.5518,2.444,10.63K,-2.73%
11/28/2011,2.5181,2.4761,2.5471,2.4702,30.39K,2.83%
11/29/2011,2.5391,2.5075,2.5645,2.505,28.82K,0.83%
11/30/2011,2.5677,2.5464,2.5915,2.529,9.12K,1.13%
12/1/2011,2.5579,2.56,2.6186,2.5264,45.26K,-0.38%
12/2/2011,2.6162,2.6044,2.65,2.5823,54.34K,2.28%
12/5/2011,2.6137,2.6313,2.6777,2.598,42.82K,-0.10%
12/6/2011,2.6454,2.6031,2.6486,2.5942,42.59K,1.21%
12/7/2011,2.5869,2.636,2.6496,2.5815,55.93K,-2.21%
12/8/2011,2.5666,2.5961,2.6184,2.5496,45.50K,-0.78%
12/9/2011,2.5961,2.5595,2.6131,2.5476,47.26K,1.15%
12/12/2011,2.5636,2.5995,2.6152,2.56,39.74K,-1.25%
12/13/2011,2.6254,2.5645,2.6754,2.5645,47.71K,2.41%
12/14/2011,2.5037,2.63,2.6312,2.488,51.49K,-4.64%
12/15/2011,2.4877,2.5035,2.5479,2.4844,35.87K,-0.64%
12/16/2011,2.487,2.4887,2.5274,2.4732,41.19K,-0.03%
12/19/2011,2.4891,2.494,2.528,2.4765,25.56K,0.08%
12/20/2011,2.5787,2.5017,2.5862,2.4965,30.03K,3.60%
12/21/2011,2.6199,2.6199,2.6266,2.5664,27.70K,1.60%
12/22/2011,2.6398,2.6202,2.6506,2.6098,25.39K,0.76%
12/23/2011,2.6872,2.6398,2.7008,2.6307,19.06K,1.80%
12/27/2011,2.6888,2.69,2.7151,2.6725,16.52K,0.06%
12/28/2011,2.6513,2.6815,2.6912,2.6388,20.45K,-1.39%
12/29/2011,2.6801,2.6497,2.6815,2.6365,24.76K,1.09%
12/30/2011,2.6863,2.6808,2.7189,2.6486,,0.23%
1/3/2012,2.7486,2.6647,2.759,2.6647,43.59K,2.32%
1/4/2012,2.7852,2.7565,2.7891,2.7283,52.34K,1.33%
1/5/2012,2.7365,2.7786,2.797,2.73,48.71K,-1.75%
1/6/2012,2.7516,2.7365,2.7656,2.7209,43.35K,0.55%
1/9/2012,2.759,2.7691,2.774,2.742,44.93K,0.27%
1/10/2012,2.7728,2.7558,2.7981,2.7533,42.07K,0.50%
1/11/2012,2.7633,2.786,2.7938,2.7328,46.23K,-0.34%
1/12/2012,2.7313,2.7702,2.8245,2.7178,46.12K,-1.16%
1/13/2012,2.7342,2.74,2.7679,2.7192,62.30K,0.11%
1/17/2012,2.7713,2.7488,2.7713,2.7396,47.52K,1.36%
1/18/2012,2.8254,2.779,2.8529,2.7676,56.62K,1.95%
1/19/2012,2.8158,2.8291,2.8398,2.7918,39.41K,-0.34%
1/20/2012,2.7844,2.8215,2.83,2.7627,27.90K,-1.12%
1/23/2012,2.7779,2.78,2.8142,2.7731,20.95K,-0.23%
1/24/2012,2.805,2.7831,2.8166,2.7613,28.47K,0.98%
1/25/2012,2.8338,2.8161,2.8597,2.794,29.75K,1.03%
1/26/2012,2.8466,2.8465,2.8649,2.8317,21.30K,0.45%
1/27/2012,2.9268,2.8474,2.9677,2.8379,33.48K,2.82%
1/30/2012,2.8707,2.9209,2.9209,2.85,23.97K,-1.92%
1/31/2012,2.8874,2.8876,2.9069,2.8749,7.15K,0.58%
2/1/2012,2.8922,2.8973,2.9487,2.8823,63.04K,0.17%
2/2/2012,2.8689,2.8919,2.8986,2.841,58.57K,-0.81%
2/3/2012,2.9144,2.8814,2.9259,2.8718,47.29K,1.59%
2/6/2012,2.9279,2.915,2.9438,2.8908,38.40K,0.46%
2/7/2012,2.9275,2.9416,2.9541,2.9172,56.16K,-0.01%
2/8/2012,2.9752,2.9241,2.9896,2.9181,53.30K,1.63%
2/9/2012,3.0128,2.9857,3.0162,2.976,50.55K,1.26%
2/10/2012,2.9749,3.0115,3.015,2.9607,57.09K,-1.26%
2/13/2012,3.0125,2.988,3.022,2.988,53.95K,1.26%
2/14/2012,2.9825,3.0096,3.0183,2.9733,59.74K,-1.00%
2/15/2012,3.0067,2.9901,3.0366,2.9839,56.74K,0.81%
2/16/2012,3.0471,3.0067,3.0514,2.9867,48.22K,1.34%
2/17/2012,3.0156,3.04,3.0525,3.0021,38.01K,-1.03%
2/21/2012,3.0702,3.0439,3.0858,3.0216,30.19K,1.81%
2/22/2012,3.0877,3.0648,3.1043,3.0465,36.32K,0.57%
2/23/2012,3.1136,3.089,3.1255,3.07,24.52K,0.84%
2/24/2012,3.1528,3.122,3.1548,3.1046,21.43K,1.26%
2/27/2012,3.1283,3.144,3.1531,3.0974,23.54K,-0.78%
2/28/2012,3.0401,3.1178,3.1196,3.0349,22.45K,-2.82%
2/29/2012,3.0423,3.0394,3.076,3.024,5.94K,0.07%
3/1/2012,3.3517,3.2641,3.3868,3.255,66.06K,10.17%
3/2/2012,3.2721,3.32,3.3342,3.265,50.04K,-2.37%
3/5/2012,3.258,3.2781,3.2936,3.2475,43.64K,-0.43%
3/6/2012,3.2299,3.2634,3.2705,3.2138,49.56K,-0.86%
3/7/2012,3.2874,3.245,3.2945,3.2381,58.47K,1.78%
3/8/2012,3.314,3.2881,3.3295,3.2828,51.84K,0.81%
3/9/2012,3.3324,3.31,3.3407,3.2961,51.09K,0.56%
3/12/2012,3.323,3.3346,3.3378,3.2969,34.65K,-0.28%
3/13/2012,3.3546,3.33,3.3704,3.3224,48.63K,0.95%
3/14/2012,3.347,3.363,3.3809,3.3326,52.06K,-0.23%
3/15/2012,3.2885,3.3456,3.3498,3.2563,52.90K,-1.75%
3/16/2012,3.3569,3.2881,3.366,3.2839,53.74K,2.08%
3/19/2012,3.3678,3.3582,3.3846,3.346,40.37K,0.32%
3/20/2012,3.3631,3.36,3.3683,3.3187,50.40K,-0.14%
3/21/2012,3.3571,3.362,3.3738,3.341,32.36K,-0.18%
3/22/2012,3.3396,3.3542,3.3569,3.2953,38.15K,-0.52%
3/23/2012,3.3852,3.3475,3.4248,3.3398,37.51K,1.37%
3/26/2012,3.4166,3.3852,3.4183,3.376,33.18K,0.93%
3/27/2012,3.4056,3.4161,3.4189,3.387,28.10K,-0.32%
3/28/2012,3.3955,3.387,3.4054,3.3439,39.94K,-0.30%
3/29/2012,3.4006,3.4064,3.4455,3.3726,31.04K,0.15%
3/30/2012,3.3899,3.405,3.4412,3.38,,-0.31%
4/2/2012,3.3822,3.3225,3.3919,3.2776,76.26K,-0.23%
4/3/2012,3.3954,3.3801,3.4278,3.3659,72.41K,0.39%
4/4/2012,3.3336,3.4017,3.4113,3.3049,84.92K,-1.82%
4/5/2012,3.3405,3.3334,3.346,3.2945,58.69K,0.21%
4/9/2012,3.2967,3.334,3.334,3.2555,54.76K,-1.31%
4/10/2012,3.2496,3.2963,3.3011,3.235,69.63K,-1.43%
4/11/2012,3.2955,3.235,3.2995,3.2317,73.56K,1.41%
4/12/2012,3.3567,3.2935,3.3629,3.282,55.05K,1.86%
4/13/2012,3.3461,3.3575,3.3774,3.32,69.08K,-0.32%
4/16/2012,3.267,3.3448,3.3502,3.2615,71.00K,-2.36%
4/17/2012,3.234,3.2695,3.2766,3.2166,60.93K,-1.01%
4/18/2012,3.2027,3.2274,3.2309,3.1411,74.53K,-0.97%
4/19/2012,3.1541,3.2091,3.2275,3.135,54.31K,-1.52%
4/20/2012,3.1427,3.1615,3.182,3.1387,41.79K,-0.36%
4/23/2012,3.1873,3.1435,3.1888,3.1052,44.79K,1.42%
4/24/2012,3.1593,3.1838,3.1863,3.14,41.37K,-0.88%
4/25/2012,3.1557,3.164,3.1746,3.1107,36.89K,-0.11%
4/26/2012,3.1833,3.1512,3.1872,3.1464,29.94K,0.87%
4/27/2012,3.2062,3.179,3.21,3.1694,37.44K,0.72%
4/30/2012,3.1844,3.2057,3.2103,3.1688,11.58K,-0.68%
5/1/2012,3.0971,3.1094,3.1234,3.0745,61.56K,-2.74%
5/2/2012,3.0757,3.1035,3.1097,3.06,57.39K,-0.69%
5/3/2012,3.05,3.0773,3.0983,3.045,61.40K,-0.84%
5/4/2012,2.9758,3.05,3.0525,2.9407,71.65K,-2.43%
5/7/2012,2.9741,2.9755,2.9872,2.9102,46.63K,-0.06%
5/8/2012,2.9944,2.9833,3.0175,2.9352,61.65K,0.68%
5/9/2012,3.0241,3.0156,3.0258,2.974,83.46K,0.99%
5/10/2012,3.0102,3.0188,3.0249,2.9915,65.03K,-0.46%
5/11/2012,3.0008,2.9976,3.0131,2.9759,50.28K,-0.31%
5/14/2012,2.959,2.998,3.0037,2.9432,62.27K,-1.39%
5/15/2012,2.9441,2.9455,2.9766,2.9223,55.47K,-0.50%
5/16/2012,2.9209,2.94,2.9551,2.9058,49.94K,-0.79%
5/17/2012,2.8782,2.9108,2.9303,2.8668,54.61K,-1.46%
5/18/2012,2.8895,2.8772,2.9082,2.858,45.99K,0.39%
5/21/2012,2.9401,2.882,2.948,2.882,38.82K,1.75%
5/22/2012,2.937,2.9432,2.9589,2.9219,39.80K,-0.11%
5/23/2012,2.8723,2.9457,2.9465,2.8661,48.62K,-2.20%
5/24/2012,2.8765,2.8886,2.8947,2.8538,43.86K,0.15%
5/25/2012,2.8929,2.8822,2.902,2.867,40.98K,0.57%
5/29/2012,2.9065,2.8986,2.94,2.8903,31.79K,0.47%
5/30/2012,2.8582,2.9158,2.9158,2.8368,32.55K,-1.66%
5/31/2012,2.825,2.8465,2.8547,2.805,11.00K,-1.16%
6/1/2012,2.6568,2.72,2.7214,2.6326,69.63K,-5.95%
6/4/2012,2.6707,2.658,2.6807,2.5971,61.93K,0.52%
6/5/2012,2.6847,2.6707,2.6911,2.6441,53.17K,0.52%
6/6/2012,2.6903,2.6772,2.7263,2.677,65.12K,0.21%
6/7/2012,2.685,2.6903,2.7257,2.665,67.21K,-0.20%
6/8/2012,2.6852,2.669,2.7008,2.6208,63.21K,0.01%
6/11/2012,2.6566,2.6852,2.7523,2.6285,64.65K,-1.07%
6/12/2012,2.6502,2.6326,2.6686,2.6311,56.50K,-0.24%
6/13/2012,2.6554,2.656,2.6922,2.6369,69.70K,0.20%
6/14/2012,2.6764,2.6515,2.6935,2.6351,37.59K,0.79%
6/15/2012,2.7017,2.6895,2.7074,2.6702,41.86K,0.95%
6/18/2012,2.6609,2.7199,2.7303,2.649,43.40K,-1.51%
6/19/2012,2.6415,2.6535,2.668,2.6277,52.59K,-0.73%
6/20/2012,2.5902,2.6431,2.6539,2.5844,48.90K,-1.94%
6/21/2012,2.5501,2.5985,2.6075,2.5376,45.54K,-1.55%
6/22/2012,2.5699,2.5507,2.6019,2.5436,41.95K,0.78%
6/25/2012,2.6458,2.594,2.6524,2.5757,39.51K,2.95%
6/26/2012,2.6451,2.6507,2.67,2.62,35.18K,-0.03%
6/27/2012,2.6204,2.6546,2.6565,2.5931,29.50K,-0.93%
6/28/2012,2.6142,2.6222,2.624,2.59,25.89K,-0.24%
6/29/2012,2.7272,2.6192,2.7425,2.6182,,4.32%
7/2/2012,2.6239,2.637,2.6398,2.57,61.13K,-3.79%
7/3/2012,2.7229,2.6228,2.7317,2.6219,62.97K,3.77%
7/5/2012,2.7648,2.727,2.795,2.6954,60.32K,1.54%
7/6/2012,2.716,2.7522,2.7586,2.7115,44.33K,-1.77%
7/9/2012,2.7594,2.719,2.7764,2.7042,54.05K,1.60%
7/10/2012,2.7469,2.7569,2.7797,2.7281,52.96K,-0.45%
7/11/2012,2.7689,2.7365,2.7814,2.73,56.02K,0.80%
7/12/2012,2.8062,2.7726,2.8144,2.7414,43.67K,1.35%
7/13/2012,2.8161,2.8045,2.8291,2.7966,45.19K,0.35%
7/16/2012,2.8547,2.8125,2.86,2.8065,36.22K,1.37%
7/17/2012,2.845,2.854,2.8898,2.8316,52.85K,-0.34%
7/18/2012,2.8834,2.8557,2.9037,2.8439,55.78K,1.35%
7/19/2012,2.9389,2.89,2.9428,2.885,55.80K,1.92%
7/20/2012,2.943,2.931,2.9447,2.8784,35.89K,0.14%
7/23/2012,2.8829,2.941,2.944,2.847,37.70K,-2.04%
7/24/2012,2.8248,2.8753,2.8995,2.7931,39.10K,-2.02%
7/25/2012,2.7929,2.8031,2.8095,2.7298,40.85K,-1.13%
7/26/2012,2.8138,2.7959,2.8489,2.7821,27.09K,0.75%
7/27/2012,2.8878,2.8145,2.8913,2.8145,26.15K,2.63%
7/30/2012,2.9368,2.8881,2.9456,2.8875,22.08K,1.70%
7/31/2012,2.9146,2.929,2.941,2.89,11.47K,-0.76%
8/1/2012,2.8342,2.7721,2.8533,2.7625,56.30K,-2.76%
8/2/2012,2.8696,2.8301,2.8934,2.83,65.03K,1.25%
8/3/2012,2.931,2.865,2.9508,2.859,52.75K,2.14%
8/6/2012,2.9222,2.9278,2.9345,2.8788,41.51K,-0.30%
8/7/2012,2.9913,2.9237,3.0088,2.9127,59.44K,2.36%
8/8/2012,2.9804,2.9884,3.0225,2.9671,58.19K,-0.36%
8/9/2012,3.0008,2.9755,3.0135,2.9634,66.71K,0.68%
8/10/2012,3.0039,3.0124,3.0236,2.9573,47.38K,0.10%
8/13/2012,2.9907,3.02,3.0435,2.9872,55.81K,-0.44%
8/14/2012,3.0014,2.9972,3.012,2.9707,42.63K,0.36%
8/15/2012,3.084,3.0122,3.089,3.0006,50.72K,2.75%
8/16/2012,3.0832,3.076,3.0943,3.0492,47.00K,-0.03%
8/17/2012,3.0275,3.0615,3.0655,3.0054,55.41K,-1.81%
8/20/2012,3.0308,3.0285,3.0484,3.0162,37.13K,0.11%
8/21/2012,3.0652,3.0304,3.0825,3.03,37.94K,1.14%
8/22/2012,3.1042,3.0635,3.1154,3.0425,40.45K,1.27%
8/23/2012,3.1158,3.113,3.1503,3.0945,41.33K,0.37%
8/24/2012,3.078,3.1095,3.1399,3.0575,29.02K,-1.21%
8/27/2012,3.1548,3.0926,3.205,3.0926,36.10K,2.50%
8/28/2012,3.1261,3.154,3.1714,3.094,32.38K,-0.91%
8/29/2012,3.1003,3.1315,3.1362,3.0841,27.34K,-0.83%
8/30/2012,3.0826,3.108,3.1159,3.064,22.01K,-0.57%
8/31/2012,3.1056,3.0725,3.1299,3.0725,,0.75%
9/4/2012,2.9522,2.9665,3.0032,2.9473,57.69K,-4.94%
9/5/2012,2.9498,2.9515,2.9671,2.9368,47.27K,-0.08%
9/6/2012,2.991,2.9599,3.0203,2.9577,66.79K,1.40%
9/7/2012,3.0196,2.9835,3.0541,2.9809,62.84K,0.96%
9/10/2012,3.024,3.0296,3.045,2.992,58.60K,0.15%
9/11/2012,3.0435,3.0275,3.0488,3.0182,42.47K,0.64%
9/12/2012,3.0016,3.0435,3.0796,2.9876,71.63K,-1.38%
9/13/2012,2.9622,2.9852,3.0017,2.9126,78.52K,-1.31%
9/14/2012,3.0156,2.9622,3.0382,2.9622,56.11K,1.80%
9/17/2012,2.9433,3.0271,3.0279,2.8609,60.84K,-2.40%
9/18/2012,2.899,2.9532,2.9689,2.8909,42.87K,-1.51%
9/19/2012,2.8286,2.902,2.938,2.8031,47.68K,-2.43%
9/20/2012,2.904,2.835,2.9182,2.8295,47.88K,2.67%
9/21/2012,2.9425,2.9104,2.9545,2.905,48.51K,1.33%
9/24/2012,2.9176,2.9425,2.9465,2.8994,34.35K,-0.85%
9/25/2012,2.9671,2.9181,2.9846,2.917,41.55K,1.70%
9/26/2012,3.0811,2.9785,3.0874,2.9775,37.18K,3.84%
9/27/2012,3.1443,3.072,3.2086,3.0694,28.47K,2.05%
9/28/2012,3.342,3.155,3.4258,3.1307,9.16K,6.29%
10/1/2012,2.9201,2.9148,2.9564,2.8875,47.56K,-12.62%
10/2/2012,2.8692,2.9191,2.9284,2.86,52.08K,-1.74%
10/3/2012,2.7995,2.8677,2.8677,2.7538,70.69K,-2.43%
10/4/2012,2.9429,2.7994,2.948,2.797,64.07K,5.12%
10/5/2012,2.9525,2.933,2.98,2.9138,59.35K,0.33%
10/8/2012,2.8931,2.95,2.9636,2.889,46.58K,-2.01%
10/9/2012,2.9587,2.9036,2.9825,2.8986,53.11K,2.27%
10/10/2012,2.9593,2.966,2.9929,2.9445,52.19K,0.02%
10/11/2012,2.9556,2.957,2.9735,2.9258,66.38K,-0.13%
10/12/2012,2.8928,2.944,2.955,2.8605,50.53K,-2.12%
10/15/2012,2.8503,2.889,2.8991,2.8368,58.37K,-1.47%
10/16/2012,2.8453,2.8515,2.876,2.8294,49.14K,-0.18%
10/17/2012,2.7817,2.8376,2.8532,2.774,44.73K,-2.24%
10/18/2012,2.7451,2.78,2.7891,2.7112,47.57K,-1.32%
10/19/2012,2.6963,2.7548,2.7861,2.6905,32.19K,-1.78%
10/22/2012,2.6475,2.6933,2.72,2.6425,28.44K,-1.81%
10/23/2012,2.605,2.6495,2.6585,2.569,37.46K,-1.61%
10/24/2012,2.603,2.6155,2.6294,2.57,34.51K,-0.08%
10/25/2012,2.6764,2.6093,2.6909,2.6051,40.13K,2.82%
10/26/2012,2.6991,2.6834,2.732,2.6637,35.95K,0.85%
10/29/2012,2.7568,2.7053,2.8115,2.7053,24.89K,2.14%
10/30/2012,2.7288,2.736,2.7735,2.6916,17.02K,-1.02%
10/31/2012,2.7618,2.7815,2.9375,2.7287,17.13K,1.21%
11/1/2012,2.6336,2.631,2.6726,2.6255,64.86K,-4.64%
11/2/2012,2.5736,2.635,2.6545,2.5661,63.73K,-2.28%
11/5/2012,2.6202,2.5797,2.6345,2.5524,50.71K,1.81%
11/6/2012,2.6989,2.6203,2.715,2.615,64.67K,3.00%
11/7/2012,2.5889,2.6907,2.7064,2.5767,67.22K,-4.08%
11/8/2012,2.6073,2.5978,2.6291,2.5755,52.02K,0.71%
11/9/2012,2.6992,2.6052,2.7085,2.6012,62.59K,3.52%
11/12/2012,2.6763,2.7054,2.7468,2.6661,63.82K,-0.85%
11/13/2012,2.6538,2.6672,2.6724,2.6276,53.74K,-0.84%
11/14/2012,2.679,2.6501,2.7096,2.6428,44.85K,0.95%
11/15/2012,2.6962,2.686,2.709,2.6527,52.07K,0.64%
11/16/2012,2.7101,2.682,2.7222,2.6773,40.42K,0.52%
11/19/2012,2.7545,2.7205,2.7727,2.7145,31.27K,1.64%
11/20/2012,2.7125,2.756,2.756,2.6808,34.92K,-1.52%
11/21/2012,2.7495,2.7351,2.7551,2.7112,33.63K,1.36%
11/23/2012,2.7439,2.7544,2.7609,2.7206,10.89K,-0.20%
11/26/2012,2.7263,2.7439,2.7525,2.7158,35.40K,-0.64%
11/27/2012,2.7321,2.7265,2.7485,2.7053,42.66K,0.21%
11/28/2012,2.7339,2.7351,2.7385,2.6832,31.49K,0.07%
11/29/2012,2.787,2.733,2.792,2.7324,26.03K,1.94%
11/30/2012,2.7614,2.7774,2.8016,2.7539,8.99K,-0.92%
12/3/2012,2.7265,2.7274,2.7627,2.7176,45.40K,-1.26%
12/4/2012,2.689,2.7236,2.7255,2.6775,54.21K,-1.38%
12/5/2012,2.6378,2.6866,2.6949,2.6365,62.38K,-1.90%
12/6/2012,2.5969,2.6425,2.6589,2.5893,57.64K,-1.55%
12/7/2012,2.5974,2.5993,2.6248,2.5933,56.31K,0.02%
12/10/2012,2.5981,2.6072,2.6397,2.5937,54.54K,0.03%
12/11/2012,2.6105,2.6,2.6215,2.5961,48.16K,0.48%
12/12/2012,2.6465,2.62,2.6668,2.62,64.05K,1.38%
12/13/2012,2.6021,2.6495,2.6495,2.5994,66.39K,-1.68%
12/14/2012,2.6621,2.607,2.6698,2.6043,46.04K,2.31%
12/17/2012,2.6546,2.6651,2.6816,2.6529,48.90K,-0.28%
12/18/2012,2.6909,2.6605,2.7068,2.659,41.04K,1.37%
12/19/2012,2.7431,2.6926,2.7485,2.6901,35.35K,1.94%
12/20/2012,2.7543,2.744,2.7773,2.7278,36.62K,0.41%
12/21/2012,2.7347,2.7599,2.7609,2.718,37.74K,-0.71%
12/24/2012,2.7506,2.7407,2.7531,2.7131,14.40K,0.58%
12/26/2012,2.8158,2.7516,2.8243,2.7516,23.01K,2.37%
12/27/2012,2.8213,2.8135,2.8392,2.7959,28.00K,0.20%
12/28/2012,2.7999,2.825,2.8383,2.7851,31.19K,-0.76%
12/31/2012,2.812,2.7943,2.8271,2.765,5.31K,0.43%
1/2/2013,2.7951,2.7617,2.8136,2.7605,43.72K,-0.60%
1/3/2013,2.7977,2.7971,2.8073,2.7821,41.47K,0.09%
1/4/2013,2.7643,2.7934,2.7934,2.7447,50.89K,-1.19%
1/7/2013,2.7774,2.7647,2.7895,2.7433,50.41K,0.47%
1/8/2013,2.7944,2.7852,2.8087,2.7745,54.14K,0.61%
1/9/2013,2.7789,2.7862,2.7865,2.7528,51.20K,-0.55%
1/10/2013,2.7933,2.7735,2.8182,2.7708,50.35K,0.52%
1/11/2013,2.7395,2.7841,2.7879,2.718,57.80K,-1.93%
1/14/2013,2.7541,2.739,2.7603,2.7218,53.00K,0.53%
1/15/2013,2.7066,2.7493,2.761,2.7023,62.75K,-1.72%
1/16/2013,2.7214,2.7067,2.7311,2.6915,47.60K,0.55%
1/17/2013,2.7684,2.7251,2.7757,2.7214,40.07K,1.73%
1/18/2013,2.7968,2.7679,2.8049,2.7526,38.97K,1.03%
1/22/2013,2.8299,2.797,2.85,2.7806,44.51K,1.18%
1/23/2013,2.8338,2.8355,2.8571,2.8229,33.02K,0.14%
1/24/2013,2.8629,2.8335,2.8762,2.8171,29.67K,1.03%
1/25/2013,2.8754,2.86,2.8856,2.8527,29.57K,0.44%
1/28/2013,2.9348,2.8719,2.9442,2.859,30.02K,2.07%
1/29/2013,2.9734,2.925,2.9761,2.9105,22.90K,1.32%
1/30/2013,3.0387,2.9634,3.05,2.9618,29.60K,2.20%
1/31/2013,3.0258,3.0349,3.0375,2.9891,6.04K,-0.42%
2/1/2013,3.0536,3.0306,3.0663,3.0023,51.66K,0.92%
2/4/2013,3.0115,3.0524,3.0524,3.0082,43.66K,-1.38%
2/5/2013,3.0374,3.0155,3.0528,3.0056,50.24K,0.86%
2/6/2013,3.0397,3.0348,3.0535,3.0071,57.79K,0.08%
2/7/2013,2.9999,3.0521,3.0698,2.9825,75.48K,-1.31%
2/8/2013,3.0588,3.0165,3.065,3.0041,53.74K,1.96%
2/11/2013,3.0212,3.06,3.06,3.0055,51.30K,-1.23%
2/12/2013,3.0503,3.022,3.0533,3.0214,54.43K,0.96%
2/13/2013,3.0354,3.0502,3.085,3.0308,62.25K,-0.49%
2/14/2013,3.1166,3.0475,3.1386,3.0391,60.84K,2.68%
2/15/2013,3.1345,3.13,3.1639,3.1073,59.27K,0.57%
2/19/2013,3.1212,3.1399,3.1691,3.102,40.30K,-0.42%
2/20/2013,3.0595,3.121,3.1239,3.0304,35.70K,-1.98%
2/21/2013,3.0365,3.0458,3.0597,2.9782,38.27K,-0.75%
2/22/2013,3.0796,3.0463,3.0962,3.045,32.11K,1.42%
2/25/2013,3.0611,3.0869,3.1434,3.033,36.53K,-0.60%
2/26/2013,2.9816,3.0305,3.0399,2.9549,32.23K,-2.60%
2/27/2013,2.8565,2.9829,2.9996,2.8477,29.82K,-4.20%
2/28/2013,2.9146,2.8695,2.9244,2.827,10.79K,2.03%
3/1/2013,3.1286,3.1029,3.1414,3.059,59.76K,7.34%
3/4/2013,3.0983,3.1271,3.1479,3.0786,52.85K,-0.97%
3/5/2013,3.1482,3.0951,3.153,3.0864,45.77K,1.61%
3/6/2013,3.1247,3.153,3.1719,3.1021,73.55K,-0.75%
3/7/2013,3.1233,3.1247,3.1389,3.0928,52.15K,-0.04%
3/8/2013,3.2035,3.1275,3.211,3.1235,60.68K,2.57%
3/11/2013,3.1524,3.2086,3.2672,3.1355,71.43K,-1.60%
3/12/2013,3.1502,3.1551,3.19,3.1026,66.20K,-0.07%
3/13/2013,3.1423,3.1609,3.187,3.095,59.64K,-0.25%
3/14/2013,3.1413,3.1395,3.1532,3.0983,39.83K,-0.03%
3/15/2013,3.1638,3.1448,3.1783,3.1314,41.33K,0.72%
3/18/2013,3.1289,3.16,3.16,3.0997,28.88K,-1.10%
3/19/2013,3.0451,3.1208,3.122,3.0327,41.03K,-2.68%
3/20/2013,3.1163,3.0455,3.1225,3.0203,40.69K,2.34%
3/21/2013,3.0706,3.1065,3.1278,3.0553,33.67K,-1.47%
3/22/2013,3.0625,3.055,3.084,3.0355,33.04K,-0.26%
3/25/2013,3.0626,3.0523,3.1124,3.0378,28.17K,0.00%
3/26/2013,3.1106,3.059,3.1225,3.0541,29.30K,1.57%
3/27/2013,3.1155,3.1181,3.1307,3.0974,36.17K,0.16%
3/28/2013,3.1054,3.1155,3.1155,3.0649,,-0.32%
4/1/2013,3.1015,3.1105,3.1425,3.0732,43.02K,-0.13%
4/2/2013,3.0408,3.0947,3.1024,3.0199,64.31K,-1.96%
4/3/2013,2.914,3.0448,3.0495,2.9054,83.61K,-4.17%
4/4/2013,2.8987,2.919,2.931,2.8679,71.67K,-0.53%
4/5/2013,2.8636,2.8995,2.9136,2.8502,56.29K,-1.21%
4/8/2013,2.9093,2.88,2.9265,2.8628,60.32K,1.60%
4/9/2013,2.9424,2.9224,2.9491,2.9,73.34K,1.14%
4/10/2013,2.8651,2.9338,2.9358,2.8568,79.83K,-2.63%
4/11/2013,2.831,2.8731,2.8848,2.8207,69.46K,-1.19%
4/12/2013,2.8018,2.8458,2.8504,2.7643,50.20K,-1.03%
4/15/2013,2.7576,2.8014,2.8047,2.7306,47.94K,-1.58%
4/16/2013,2.7818,2.735,2.7912,2.7036,50.94K,0.88%
4/17/2013,2.729,2.7915,2.7965,2.708,51.66K,-1.90%
4/18/2013,2.7555,2.7251,2.7699,2.7025,43.92K,0.97%
4/19/2013,2.7724,2.759,2.785,2.7517,32.18K,0.61%
4/22/2013,2.7694,2.7735,2.8103,2.7481,29.65K,-0.11%
4/23/2013,2.719,2.775,2.7768,2.7106,33.96K,-1.82%
4/24/2013,2.7474,2.7254,2.755,2.7073,46.67K,1.04%
4/25/2013,2.8118,2.7533,2.8132,2.748,33.42K,2.34%
4/26/2013,2.8349,2.8035,2.8379,2.7876,32.23K,0.82%
4/29/2013,2.8275,2.8225,2.8317,2.8072,28.01K,-0.26%
4/30/2013,2.8009,2.8233,2.8295,2.78,12.57K,-0.94%
5/1/2013,2.7193,2.7874,2.7998,2.6879,63.85K,-2.91%
5/2/2013,2.7806,2.7147,2.7828,2.7061,68.42K,2.25%
5/3/2013,2.8254,2.7786,2.8345,2.763,58.40K,1.61%
5/6/2013,2.8657,2.822,2.8693,2.8051,51.22K,1.43%
5/7/2013,2.8334,2.8588,2.8652,2.8211,56.13K,-1.13%
5/8/2013,2.8538,2.8249,2.8728,2.8118,57.33K,0.72%
5/9/2013,2.8851,2.8575,2.8884,2.825,59.98K,1.10%
5/10/2013,2.8603,2.8752,2.88,2.8144,57.03K,-0.86%
5/13/2013,2.821,2.8595,2.8595,2.8065,51.87K,-1.37%
5/14/2013,2.8376,2.8249,2.8522,2.814,51.53K,0.59%
5/15/2013,2.867,2.8381,2.8727,2.7704,67.53K,1.04%
5/16/2013,2.8822,2.868,2.9134,2.8458,57.24K,0.53%
5/17/2013,2.9069,2.8813,2.9276,2.8755,45.24K,0.86%
5/20/2013,2.9056,2.904,2.9201,2.8892,32.55K,-0.04%
5/21/2013,2.8458,2.9013,2.9091,2.83,46.63K,-2.06%
5/22/2013,2.8194,2.8335,2.8361,2.7922,45.17K,-0.93%
5/23/2013,2.8281,2.8201,2.8375,2.7882,34.69K,0.31%
5/24/2013,2.839,2.8349,2.8456,2.8,46.10K,0.39%
5/28/2013,2.8528,2.83,2.88,2.8128,42.72K,0.49%
5/29/2013,2.8031,2.8524,2.8524,2.7896,33.30K,-1.74%
5/30/2013,2.8125,2.7942,2.8244,2.7577,31.54K,0.34%
5/31/2013,2.7792,2.8239,2.8239,2.7585,,-1.18%
6/3/2013,2.7851,2.747,2.823,2.737,53.38K,0.21%
6/4/2013,2.8182,2.7876,2.8315,2.7734,53.42K,1.19%
6/5/2013,2.823,2.8315,2.857,2.8182,52.47K,0.17%
6/6/2013,2.8509,2.8244,2.8541,2.819,41.32K,0.99%
6/7/2013,2.8715,2.8487,2.8859,2.8256,58.99K,0.72%
6/10/2013,2.8481,2.872,2.8872,2.8433,56.03K,-0.81%
6/11/2013,2.8231,2.85,2.8526,2.7853,58.09K,-0.88%
6/12/2013,2.8101,2.8036,2.8408,2.8,58.76K,-0.46%
6/13/2013,2.8613,2.811,2.8681,2.798,53.36K,1.82%
6/14/2013,2.8967,2.868,2.9193,2.8553,44.81K,1.24%
6/17/2013,2.8561,2.897,2.9101,2.8537,42.86K,-1.40%
6/18/2013,2.8794,2.8631,2.8855,2.851,35.54K,0.82%
6/19/2013,2.8924,2.8821,2.903,2.8747,33.09K,0.45%
6/20/2013,2.7872,2.8794,2.8794,2.7755,41.81K,-3.64%
6/21/2013,2.7617,2.7885,2.81,2.7351,36.40K,-0.91%
6/24/2013,2.7376,2.7571,2.7669,2.716,39.89K,-0.87%
6/25/2013,2.7374,2.737,2.7627,2.73,40.32K,-0.01%
6/26/2013,2.7306,2.7292,2.737,2.687,31.96K,-0.25%
6/27/2013,2.7426,2.735,2.7529,2.7206,34.03K,0.44%
6/28/2013,2.752,2.738,2.7643,2.726,7.26K,0.34%
7/1/2013,2.7379,2.7101,2.7578,2.7026,39.98K,-0.51%
7/2/2013,2.7833,2.7436,2.7894,2.7413,46.98K,1.66%
7/3/2013,2.8382,2.785,2.855,2.782,55.65K,1.97%
7/5/2013,2.8968,2.836,2.9016,2.8213,42.13K,2.06%
7/8/2013,2.8837,2.9015,2.9245,2.8682,65.22K,-0.45%
7/9/2013,2.926,2.8725,2.948,2.8687,57.76K,1.47%
7/10/2013,3.0149,2.9472,3.0178,2.943,77.02K,3.04%
7/11/2013,3.0214,2.9953,3.0448,2.9821,69.01K,0.22%
7/12/2013,3.1175,3.0341,3.1455,3.0341,84.89K,3.18%
7/15/2013,3.1029,3.107,3.1268,3.0705,43.13K,-0.47%
7/16/2013,3.1343,3.1148,3.1509,3.0932,48.80K,1.01%
7/17/2013,3.1101,3.1294,3.141,3.0848,50.58K,-0.77%
7/18/2013,3.1098,3.1036,3.1332,3.0782,42.93K,-0.01%
7/19/2013,3.1234,3.1295,3.1632,3.0832,40.82K,0.44%
7/22/2013,3.0551,3.1345,3.1386,3.05,37.98K,-2.19%
7/23/2013,3.0591,3.0609,3.0826,3.0197,30.17K,0.13%
7/24/2013,3.0548,3.078,3.082,3.0342,28.09K,-0.14%
7/25/2013,3.017,3.05,3.055,2.9775,27.93K,-1.24%
7/26/2013,3.0444,3.0255,3.062,3.0125,28.93K,0.91%
7/29/2013,3.0125,3.0531,3.0613,3.005,27.54K,-1.05%
7/30/2013,3.0185,3.0148,3.032,3.0065,25.36K,0.20%
7/31/2013,3.0442,3.0125,3.0562,2.9715,10.12K,0.85%
8/1/2013,3.0284,2.9963,3.0456,2.9826,43.63K,-0.52%
8/2/2013,2.9947,3.0245,3.0335,2.9796,45.77K,-1.11%
8/5/2013,2.9506,2.9947,3.0033,2.9353,51.14K,-1.47%
8/6/2013,2.9151,2.9503,2.9813,2.8859,60.16K,-1.20%
8/7/2013,2.8711,2.9181,2.9209,2.8609,64.64K,-1.51%
8/8/2013,2.8576,2.8711,2.8885,2.8161,63.73K,-0.47%
8/9/2013,2.9082,2.8699,2.9134,2.8585,51.27K,1.77%
8/12/2013,2.9041,2.9082,2.9165,2.8808,48.69K,-0.14%
8/13/2013,2.9425,2.9046,2.9538,2.902,46.09K,1.32%
8/14/2013,2.983,2.9378,2.9906,2.9252,50.68K,1.38%
8/15/2013,2.9845,2.9856,3.0044,2.9625,33.95K,0.05%
8/16/2013,2.9675,2.9853,3.0011,2.9504,45.37K,-0.57%
8/19/2013,2.9333,2.9751,2.9913,2.9237,43.08K,-1.15%
8/20/2013,2.9272,2.927,2.9581,2.8975,36.51K,-0.21%
8/21/2013,2.9377,2.9345,2.9624,2.9174,34.52K,0.36%
8/22/2013,2.9648,2.9409,2.9733,2.9378,28.91K,0.92%
8/23/2013,3.0072,2.972,3.0203,2.968,39.34K,1.43%
8/26/2013,2.9517,3.0051,3.0081,2.947,31.75K,-1.85%
8/27/2013,3.0341,2.96,3.0478,2.9495,33.61K,2.79%
8/28/2013,3.0945,3.0529,3.1033,3.048,26.65K,1.99%
8/29/2013,3.0664,3.0789,3.1095,3.0401,19.49K,-0.91%
8/30/2013,3.0183,3.05,3.0567,2.9844,5.47K,-1.57%
9/3/2013,2.8646,2.8875,2.9001,2.825,56.69K,-5.09%
9/4/2013,2.8643,2.8605,2.8753,2.8365,48.41K,-0.01%
9/5/2013,2.836,2.8555,2.8693,2.8164,44.04K,-0.99%
9/6/2013,2.8537,2.8337,2.875,2.8289,44.94K,0.62%
9/9/2013,2.8024,2.8479,2.8509,2.7824,56.67K,-1.80%
9/10/2013,2.7357,2.786,2.8043,2.732,61.31K,-2.38%
9/11/2013,2.7122,2.7365,2.7535,2.7078,57.75K,-0.86%
9/12/2013,2.7627,2.723,2.772,2.7122,48.77K,1.86%
9/13/2013,2.7696,2.7671,2.7798,2.7425,45.57K,0.25%
9/16/2013,2.7166,2.7525,2.7599,2.708,42.60K,-1.91%
9/17/2013,2.6611,2.7164,2.7221,2.6443,46.67K,-2.04%
9/18/2013,2.7421,2.6554,2.7457,2.6448,43.66K,3.04%
9/19/2013,2.6972,2.7405,2.763,2.6771,34.79K,-1.64%
9/20/2013,2.6842,2.697,2.7164,2.6755,31.17K,-0.48%
9/23/2013,2.623,2.6843,2.6901,2.616,37.61K,-2.28%
9/24/2013,2.6592,2.6196,2.6608,2.6065,36.96K,1.38%
9/25/2013,2.6729,2.6531,2.7025,2.6531,29.47K,0.52%
9/26/2013,2.705,2.6611,2.7073,2.661,26.59K,1.20%
9/27/2013,2.6762,2.7035,2.718,2.6636,29.74K,-1.06%
9/30/2013,2.6347,2.6642,2.6642,2.6199,12.07K,-1.55%
10/1/2013,2.6106,2.6234,2.6291,2.5723,52.98K,-0.91%
10/2/2013,2.6287,2.596,2.6335,2.5893,56.11K,0.69%
10/3/2013,2.6396,2.631,2.6712,2.624,55.32K,0.41%
10/4/2013,2.6076,2.63,2.6561,2.6005,54.90K,-1.21%
10/7/2013,2.6261,2.6047,2.6307,2.5629,65.07K,0.71%
10/8/2013,2.6306,2.6312,2.657,2.6218,49.28K,0.17%
10/9/2013,2.623,2.6365,2.6535,2.595,57.73K,-0.29%
10/10/2013,2.6981,2.623,2.7083,2.6195,70.69K,2.86%
10/11/2013,2.6681,2.6925,2.6931,2.6523,55.74K,-1.11%
10/14/2013,2.6668,2.6615,2.6775,2.6266,38.24K,-0.05%
10/15/2013,2.6598,2.6625,2.6797,2.6483,43.08K,-0.26%
10/16/2013,2.7021,2.6577,2.724,2.655,48.16K,1.59%
10/17/2013,2.6479,2.7005,2.7088,2.6344,49.68K,-2.01%
10/18/2013,2.6732,2.6458,2.68,2.6378,36.74K,0.96%
10/21/2013,2.6538,2.671,2.684,2.6518,24.16K,-0.73%
10/22/2013,2.6167,2.6552,2.6795,2.614,38.28K,-1.40%
10/23/2013,2.5523,2.6195,2.6219,2.5488,31.78K,-2.46%
10/24/2013,2.5896,2.5503,2.5908,2.5417,39.82K,1.46%
10/25/2013,2.5871,2.5836,2.5956,2.5602,24.90K,-0.10%
10/28/2013,2.6309,2.5904,2.6463,2.5846,26.21K,1.69%
10/29/2013,2.6098,2.631,2.6319,2.5936,26.34K,-0.80%
10/30/2013,2.6508,2.605,2.656,2.605,32.88K,1.57%
10/31/2013,2.6337,2.6409,2.6485,2.6103,10.43K,-0.65%
11/1/2013,2.5454,2.597,2.5996,2.5347,55.12K,-3.35%
11/4/2013,2.5282,2.5429,2.5542,2.5153,58.61K,-0.68%
11/5/2013,2.5161,2.5284,2.5417,2.5138,56.43K,-0.48%
11/6/2013,2.548,2.5388,2.572,2.5345,74.10K,1.27%
11/7/2013,2.5031,2.5415,2.5491,2.4945,76.89K,-1.76%
11/8/2013,2.5534,2.5075,2.5679,2.5008,62.45K,2.01%
11/11/2013,2.5965,2.5486,2.6085,2.5486,51.07K,1.69%
11/12/2013,2.5864,2.606,2.634,2.5717,56.15K,-0.39%
11/13/2013,2.628,2.5906,2.644,2.5864,57.52K,1.61%
11/14/2013,2.6837,2.6341,2.7148,2.6341,66.98K,2.12%
11/15/2013,2.6577,2.6852,2.6968,2.6411,58.02K,-0.97%
11/18/2013,2.6568,2.6584,2.6713,2.6208,42.57K,-0.03%
11/19/2013,2.6395,2.6511,2.6787,2.6307,42.70K,-0.65%
11/20/2013,2.663,2.6361,2.673,2.6201,39.31K,0.89%
11/21/2013,2.7438,2.6595,2.746,2.6575,39.40K,3.03%
11/22/2013,2.7261,2.7368,2.7676,2.7173,39.60K,-0.65%
11/25/2013,2.6807,2.714,2.714,2.6598,42.73K,-1.67%
11/26/2013,2.6869,2.6773,2.6979,2.6732,36.16K,0.23%
11/27/2013,2.6983,2.695,2.7128,2.6762,25.21K,0.42%
11/29/2013,2.6841,2.7047,2.7072,2.6625,3.92K,-0.53%
12/2/2013,2.6784,2.664,2.72,2.6586,51.09K,-0.21%
12/3/2013,2.7237,2.6788,2.7381,2.678,53.55K,1.69%
12/4/2013,2.7192,2.7355,2.7496,2.7069,65.55K,-0.17%
12/5/2013,2.7127,2.7115,2.749,2.6967,42.41K,-0.24%
12/6/2013,2.7269,2.7179,2.7545,2.71,55.23K,0.52%
12/9/2013,2.6749,2.725,2.7378,2.6662,55.60K,-1.91%
12/10/2013,2.6829,2.6741,2.7049,2.6614,55.83K,0.30%
12/11/2013,2.6611,2.6719,2.6775,2.642,58.58K,-0.81%
12/12/2013,2.6348,2.665,2.682,2.6311,49.60K,-0.99%
12/13/2013,2.6293,2.6331,2.6438,2.6152,42.49K,-0.21%
12/16/2013,2.6437,2.63,2.6774,2.6257,32.90K,0.55%
12/17/2013,2.6472,2.6404,2.6541,2.6318,44.66K,0.13%
12/18/2013,2.6973,2.6504,2.7007,2.6465,40.74K,1.89%
12/19/2013,2.7401,2.6976,2.7462,2.688,34.75K,1.59%
12/20/2013,2.7831,2.7435,2.7907,2.7394,32.10K,1.57%
12/23/2013,2.7803,2.7789,2.7933,2.7686,27.50K,-0.10%
12/24/2013,2.8142,2.7805,2.8269,2.7778,13.86K,1.22%
12/26/2013,2.82,2.8175,2.8463,2.8142,20.11K,0.21%
12/27/2013,2.8161,2.8224,2.8448,2.807,23.05K,-0.14%
12/30/2013,2.7877,2.821,2.8305,2.7832,26.29K,-1.01%
12/31/2013,2.7858,2.7914,2.7985,2.7786,6.63K,-0.07%
1/2/2014,2.695,2.788,2.7975,2.6923,45.07K,-3.26%
1/3/2014,2.6488,2.7007,2.7134,2.6462,45.56K,-1.71%
1/6/2014,2.646,2.6504,2.674,2.6425,49.81K,-0.11%
1/7/2014,2.6786,2.66,2.6892,2.6559,55.91K,1.23%
1/8/2014,2.6563,2.673,2.683,2.6533,53.50K,-0.83%
1/9/2014,2.6426,2.6685,2.6859,2.6317,46.69K,-0.52%
1/10/2014,2.6691,2.6445,2.681,2.6329,48.85K,1.00%
1/13/2014,2.6341,2.679,2.68,2.6228,53.53K,-1.31%
1/14/2014,2.6224,2.6265,2.6386,2.5987,46.26K,-0.44%
1/15/2014,2.6264,2.6145,2.641,2.6032,42.08K,0.15%
1/16/2014,2.5951,2.6177,2.6264,2.5882,62.72K,-1.19%
1/17/2014,2.6204,2.5944,2.6365,2.59,41.83K,0.97%
1/21/2014,2.6206,2.6188,2.6682,2.61,38.85K,0.01%
1/22/2014,2.6771,2.6258,2.6795,2.6245,27.70K,2.16%
1/23/2014,2.6618,2.6701,2.6745,2.6558,24.39K,-0.57%
1/24/2014,2.6632,2.6632,2.672,2.6362,23.86K,0.05%
1/27/2014,2.6217,2.6626,2.6697,2.6149,24.97K,-1.56%
1/28/2014,2.6278,2.6284,2.6472,2.6225,20.12K,0.23%
1/29/2014,2.6609,2.6301,2.6645,2.6217,17.69K,1.26%
1/30/2014,2.6626,2.66,2.6892,2.6546,22.30K,0.06%
1/31/2014,2.6272,2.6765,2.6765,2.6185,4.64K,-1.33%
2/3/2014,2.6069,2.6385,2.644,2.5942,53.48K,-0.77%
2/4/2014,2.6031,2.6101,2.6181,2.5969,45.72K,-0.15%
2/5/2014,2.6413,2.6136,2.6479,2.6078,53.96K,1.47%
2/6/2014,2.683,2.6446,2.6892,2.6446,56.23K,1.58%
2/7/2014,2.7489,2.688,2.7537,2.6756,64.96K,2.46%
2/10/2014,2.7248,2.7525,2.7604,2.716,52.18K,-0.88%
2/11/2014,2.7526,2.7249,2.7614,2.7178,50.68K,1.02%
2/12/2014,2.7631,2.7546,2.7977,2.7546,64.52K,0.38%
2/13/2014,2.7772,2.7598,2.7855,2.7332,54.01K,0.51%
2/14/2014,2.8053,2.7724,2.8135,2.7612,45.24K,1.01%
2/18/2014,2.8323,2.8052,2.8471,2.7963,43.20K,0.96%
2/19/2014,2.8247,2.8373,2.8442,2.815,33.80K,-0.27%
2/20/2014,2.8466,2.8215,2.8603,2.785,30.03K,0.78%
2/21/2014,2.8333,2.8628,2.8628,2.81,25.12K,-0.47%
2/24/2014,2.8336,2.834,2.855,2.815,30.28K,0.01%
2/25/2014,2.7981,2.8363,2.8383,2.7945,29.48K,-1.25%
2/26/2014,2.7992,2.7941,2.8163,2.778,24.92K,0.04%
2/27/2014,2.7618,2.7955,2.8009,2.7554,21.70K,-1.34%
2/28/2014,2.7898,2.7511,2.7961,2.7371,6.70K,1.01%
3/3/2014,3.0203,2.983,3.0538,2.983,52.76K,8.26%
3/4/2014,2.9853,3.0213,3.0294,2.9684,39.47K,-1.16%
3/5/2014,2.9403,2.9811,2.9915,2.9355,48.28K,-1.51%
3/6/2014,2.9455,2.9381,2.9554,2.9266,46.89K,0.18%
3/7/2014,2.9738,2.948,2.9756,2.9326,53.51K,0.96%
3/10/2014,2.9494,2.972,2.972,2.9386,47.64K,-0.82%
3/11/2014,2.967,2.9494,2.9716,2.9456,43.01K,0.60%
3/12/2014,2.9558,2.96,2.971,2.9346,58.58K,-0.38%
3/13/2014,2.9329,2.9555,2.9607,2.9169,43.37K,-0.77%
3/14/2014,2.9597,2.9301,2.9688,2.9265,43.05K,0.91%
3/17/2014,2.8811,2.96,2.9656,2.8784,51.43K,-2.66%
3/18/2014,2.9028,2.885,2.9051,2.8644,40.59K,0.75%
3/19/2014,2.8688,2.8965,2.8973,2.8545,35.18K,-1.17%
3/20/2014,2.8955,2.8655,2.9,2.8521,34.51K,0.93%
3/21/2014,2.9079,2.8866,2.9339,2.8853,31.00K,0.43%
3/24/2014,2.8909,2.9079,2.9372,2.883,35.50K,-0.58%
3/25/2014,2.8828,2.89,2.9081,2.8674,38.92K,-0.28%
3/26/2014,2.9089,2.8864,2.9107,2.883,30.11K,0.91%
3/27/2014,2.9426,2.903,2.9501,2.901,27.88K,1.16%
3/28/2014,2.9375,2.9385,2.9533,2.9235,34.11K,-0.17%
3/31/2014,2.911,2.9305,2.9333,2.8934,11.63K,-0.90%
4/1/2014,2.8697,2.916,2.917,2.8585,52.74K,-1.42%
4/2/2014,2.8668,2.8602,2.8755,2.8252,75.32K,-0.10%
4/3/2014,2.9118,2.8721,2.9146,2.859,61.72K,1.57%
4/4/2014,2.9313,2.9053,2.9395,2.9043,59.73K,0.67%
4/7/2014,2.926,2.9313,2.9461,2.8946,63.46K,-0.18%
4/8/2014,2.9801,2.9319,2.9858,2.9267,60.97K,1.85%
4/9/2014,3.0084,2.9825,3.014,2.9747,79.51K,0.95%
4/10/2014,3.0079,2.9979,3.0112,2.9855,59.30K,-0.02%
4/11/2014,3.0144,3.0069,3.0381,2.9953,73.28K,0.22%
4/14/2014,3.0384,3.0017,3.048,3.0017,49.02K,0.80%
4/15/2014,3.0421,3.028,3.0514,3.01,48.45K,0.12%
4/16/2014,3.0405,3.0349,3.0579,3.025,46.24K,-0.05%
4/17/2014,3.0547,3.0447,3.066,3.0281,47.54K,0.47%
4/21/2014,3.0869,3.06,3.0897,3.035,39.02K,1.05%
4/22/2014,3.0952,3.0874,3.1,3.0678,49.30K,0.27%
4/23/2014,3.0935,3.0987,3.1018,3.0606,46.70K,-0.05%
4/24/2014,3.0895,3.0965,3.1128,3.0835,53.95K,-0.13%
4/25/2014,3.0751,3.0861,3.0908,3.0625,33.27K,-0.47%
4/28/2014,3.0403,3.074,3.0874,3.0255,23.73K,-1.13%
4/29/2014,3.0634,3.0403,3.0703,3.0403,26.91K,0.76%
4/30/2014,3.0077,3.0589,3.0605,2.9924,11.30K,-1.82%
5/1/2014,2.9388,2.9647,2.9652,2.9212,73.85K,-2.29%
5/2/2014,2.9445,2.9311,2.9584,2.9309,62.68K,0.19%
5/5/2014,2.9092,2.9472,2.951,2.8904,58.79K,-1.20%
5/6/2014,2.8858,2.9057,2.9249,2.8774,71.45K,-0.80%
5/7/2014,2.9182,2.8795,2.9288,2.8718,73.26K,1.12%
5/8/2014,2.905,2.925,2.925,2.8919,72.96K,-0.45%
5/9/2014,2.896,2.904,2.9362,2.89,51.81K,-0.31%
5/12/2014,2.9146,2.8933,2.9294,2.8908,50.30K,0.64%
5/13/2014,2.9302,2.918,2.9415,2.9118,55.75K,0.54%
5/14/2014,2.9693,2.941,2.9756,2.9303,72.47K,1.33%
5/15/2014,2.9642,2.9694,2.9809,2.9402,47.04K,-0.17%
5/16/2014,2.9735,2.9641,2.9866,2.9574,48.63K,0.31%
5/19/2014,2.9646,2.9729,2.9994,2.9617,37.23K,-0.30%
5/20/2014,2.964,2.9665,2.9773,2.9462,45.01K,-0.02%
5/21/2014,2.9942,2.9686,2.9951,2.952,50.72K,1.02%
5/22/2014,3.0058,2.9942,3.0195,2.9892,42.68K,0.39%
5/23/2014,3.0235,3.0071,3.0281,3.0023,39.83K,0.59%
5/27/2014,2.9952,3.0219,3.0249,2.9923,38.98K,-0.94%
5/28/2014,3.0059,2.997,3.016,2.9812,37.54K,0.36%
5/29/2014,3.0136,3.0087,3.031,3.0039,32.14K,0.26%
5/30/2014,2.9965,3.0116,3.0177,2.985,9.52K,-0.57%
6/2/2014,2.9499,2.9753,2.9862,2.9385,54.75K,-1.56%
6/3/2014,2.9487,2.9531,2.9583,2.935,51.33K,-0.04%
6/4/2014,2.9352,2.9463,2.9634,2.9325,53.72K,-0.46%
6/5/2014,2.9563,2.9335,2.9612,2.9202,42.91K,0.72%
6/6/2014,2.939,2.9594,2.9679,2.9374,56.04K,-0.59%
6/9/2014,2.9848,2.945,2.987,2.9392,57.67K,1.56%
6/10/2014,2.9745,2.9868,2.9997,2.9545,55.02K,-0.35%
6/11/2014,3.0008,2.9781,3.0056,2.976,58.61K,0.88%
6/12/2014,3.0837,3.0008,3.0855,3.0003,63.62K,2.76%
6/13/2014,3.0577,3.0835,3.1123,3.0479,52.63K,-0.84%
6/16/2014,3.0718,3.0613,3.0811,3.0523,40.26K,0.46%
6/17/2014,3.0911,3.0746,3.0977,3.0586,35.20K,0.63%
6/18/2014,3.0982,3.0855,3.1064,3.0821,39.59K,0.23%
6/19/2014,3.1255,3.095,3.1374,3.095,35.19K,0.88%
6/20/2014,3.1277,3.1219,3.1308,3.1147,33.29K,0.07%
6/23/2014,3.1076,3.1294,3.152,3.1025,31.45K,-0.64%
6/24/2014,3.1258,3.1084,3.1305,3.0985,38.12K,0.59%
6/25/2014,3.0927,3.121,3.1293,3.0829,37.10K,-1.06%
6/26/2014,3.0856,3.0968,3.1027,3.078,28.06K,-0.23%
6/27/2014,3.0988,3.0866,3.1086,3.0817,31.26K,0.43%
6/30/2014,3.077,3.092,3.0931,3.0625,10.31K,-0.70%
7/1/2014,3.0366,3.0442,3.0539,3.0231,53.04K,-1.31%
7/2/2014,3.024,3.0343,3.0417,3.0107,64.54K,-0.41%
7/3/2014,3.0198,3.0182,3.0281,3.0105,47.29K,-0.14%
7/7/2014,2.989,3.0155,3.0201,2.9807,61.48K,-1.02%
7/8/2014,2.9729,2.9839,2.9909,2.9619,53.41K,-0.54%
7/9/2014,2.9377,2.971,2.971,2.935,60.39K,-1.18%
7/10/2014,2.9576,2.9353,2.9622,2.9273,59.29K,0.68%
7/11/2014,2.9085,2.9622,2.9632,2.9007,56.17K,-1.66%
7/14/2014,2.9251,2.9085,2.9305,2.9038,43.85K,0.57%
7/15/2014,2.8986,2.9275,2.9286,2.8659,51.64K,-0.91%
7/16/2014,2.8825,2.9027,2.9187,2.8805,51.36K,-0.56%
7/17/2014,2.8817,2.883,2.8949,2.8624,51.61K,-0.03%
7/18/2014,2.8603,2.8949,2.8949,2.8552,34.84K,-0.74%
7/21/2014,2.8914,2.858,2.9014,2.858,36.59K,1.09%
7/22/2014,2.8807,2.8928,2.9181,2.8603,36.77K,-0.37%
7/23/2014,2.8601,2.8626,2.8812,2.8455,41.24K,-0.72%
7/24/2014,2.8368,2.8699,2.8713,2.8274,35.54K,-0.81%
7/25/2014,2.8653,2.8426,2.8723,2.8324,30.22K,1.00%
7/28/2014,2.8492,2.8654,2.87,2.84,27.69K,-0.56%
7/29/2014,2.8709,2.8517,2.8777,2.8497,21.39K,0.76%
7/30/2014,2.8433,2.8618,2.882,2.8256,22.25K,-0.96%
7/31/2014,2.8311,2.8268,2.8425,2.8106,8.66K,-0.43%
8/1/2014,2.7443,2.7884,2.7953,2.7357,59.76K,-3.07%
8/4/2014,2.7249,2.7381,2.7534,2.7126,50.81K,-0.71%
8/5/2014,2.7155,2.7276,2.7355,2.6983,58.96K,-0.34%
8/6/2014,2.7397,2.74,2.771,2.728,66.49K,0.89%
8/7/2014,2.7723,2.7419,2.7806,2.733,64.13K,1.19%
8/8/2014,2.7537,2.7727,2.7965,2.7438,54.30K,-0.67%
8/11/2014,2.7525,2.7416,2.7774,2.7414,40.33K,-0.04%
8/12/2014,2.7345,2.7546,2.7565,2.7215,50.85K,-0.65%
8/13/2014,2.7544,2.7283,2.7579,2.7025,57.43K,0.73%
8/14/2014,2.6666,2.7532,2.7584,2.6637,57.53K,-3.19%
8/15/2014,2.6986,2.6607,2.7116,2.6607,45.49K,1.20%
8/18/2014,2.656,2.6906,2.6961,2.6374,46.36K,-1.58%
8/19/2014,2.6954,2.6607,2.7067,2.6607,41.80K,1.48%
8/20/2014,2.7126,2.7045,2.7349,2.6928,39.59K,0.64%
8/21/2014,2.7475,2.715,2.7575,2.7,32.48K,1.29%
8/22/2014,2.7384,2.756,2.756,2.7227,29.26K,-0.33%
8/25/2014,2.7497,2.7251,2.7612,2.7251,24.86K,0.41%
8/26/2014,2.7631,2.7515,2.778,2.7467,31.32K,0.49%
8/27/2014,2.7459,2.7705,2.7818,2.7298,28.39K,-0.62%
8/28/2014,2.7527,2.7432,2.7633,2.7363,21.51K,0.25%
8/29/2014,2.7827,2.7565,2.79,2.753,,1.09%
9/2/2014,2.543,2.6199,2.632,2.5391,58.80K,-8.61%
9/3/2014,2.62,2.5445,2.6347,2.5445,75.31K,3.03%
9/4/2014,2.5999,2.6117,2.6346,2.595,63.04K,-0.77%
9/5/2014,2.5834,2.6029,2.6268,2.5604,62.77K,-0.63%
9/8/2014,2.5619,2.585,2.589,2.5371,62.42K,-0.83%
9/9/2014,2.5484,2.5606,2.5716,2.542,48.14K,-0.53%
9/10/2014,2.5265,2.5429,2.5581,2.5091,59.19K,-0.86%
9/11/2014,2.5241,2.5309,2.5386,2.4968,50.70K,-0.09%
9/12/2014,2.5188,2.5285,2.5432,2.5069,58.62K,-0.21%
9/15/2014,2.5308,2.5166,2.5387,2.495,49.44K,0.48%
9/16/2014,2.5588,2.5297,2.5697,2.5248,47.89K,1.11%
9/17/2014,2.5692,2.5639,2.5745,2.5481,48.62K,0.41%
9/18/2014,2.561,2.5646,2.581,2.5425,49.15K,-0.32%
9/19/2014,2.6114,2.5681,2.6138,2.5524,41.77K,1.97%
9/22/2014,2.5847,2.5997,2.604,2.5498,44.40K,-1.02%
9/23/2014,2.6287,2.5829,2.6343,2.58,41.04K,1.70%
9/24/2014,2.6638,2.6251,2.685,2.6045,34.10K,1.34%
9/25/2014,2.718,2.6766,2.7577,2.67,30.26K,2.03%
9/26/2014,2.6619,2.71,2.7156,2.6308,25.55K,-2.06%
9/29/2014,2.6963,2.6616,2.7042,2.6595,20.16K,1.29%
9/30/2014,2.5869,2.6916,2.7085,2.5594,7.59K,-4.06%
10/1/2014,2.4497,2.4492,2.501,2.4311,76.97K,-5.30%
10/2/2014,2.4091,2.441,2.452,2.3755,60.19K,-1.66%
10/3/2014,2.3785,2.4172,2.4212,2.3505,69.52K,-1.27%
10/6/2014,2.4132,2.3784,2.42,2.3602,64.27K,1.46%
10/7/2014,2.3683,2.4145,2.4147,2.3448,59.33K,-1.86%
10/8/2014,2.3184,2.3473,2.3479,2.2975,76.30K,-2.11%
10/9/2014,2.2749,2.3172,2.3226,2.2305,64.64K,-1.88%
10/10/2014,2.2575,2.2394,2.2662,2.2267,52.83K,-0.76%
10/13/2014,2.2553,2.2575,2.2685,2.212,60.81K,-0.10%
10/14/2014,2.1802,2.2421,2.2522,2.1647,57.42K,-3.33%
10/15/2014,2.1487,2.1944,2.1975,2.1373,50.61K,-1.44%
10/16/2014,2.2109,2.155,2.2548,2.1347,53.31K,2.89%
10/17/2014,2.2327,2.2131,2.241,2.2015,48.81K,0.99%
10/20/2014,2.2002,2.2335,2.2477,2.1951,50.23K,-1.46%
10/21/2014,2.2134,2.2003,2.227,2.1772,37.72K,0.60%
10/22/2014,2.1556,2.2011,2.2251,2.147,35.15K,-2.61%
10/23/2014,2.2069,2.1519,2.214,2.1355,33.83K,2.38%
10/24/2014,2.1817,2.1984,2.2048,2.1725,33.59K,-1.14%
10/27/2014,2.1702,2.1854,2.1876,2.1305,26.68K,-0.53%
10/28/2014,2.1961,2.162,2.201,2.1564,30.07K,1.19%
10/29/2014,2.2207,2.198,2.2475,2.1976,28.44K,1.12%
10/30/2014,2.1958,2.2211,2.2243,2.1855,21.34K,-1.12%
10/31/2014,2.1695,2.1955,2.1955,2.1512,6.26K,-1.20%
11/3/2014,2.1176,2.1479,2.162,2.1069,53.90K,-2.39%
11/4/2014,2.078,2.11,2.1162,2.0603,58.03K,-1.87%
11/5/2014,2.0867,2.0728,2.1245,2.0484,60.59K,0.42%
11/6/2014,2.1301,2.0965,2.1351,2.0774,78.81K,2.08%
11/7/2014,2.1352,2.13,2.161,2.12,73.92K,0.24%
11/10/2014,2.1011,2.1335,2.1755,2.0923,60.46K,-1.60%
11/11/2014,2.1036,2.0981,2.1127,2.075,50.34K,0.12%
11/12/2014,2.107,2.1,2.138,2.09,71.01K,0.16%
11/13/2014,2.0016,2.0925,2.1003,1.9945,80.00K,-5.00%
11/14/2014,2.0425,2.0054,2.0539,1.9909,50.96K,2.04%
11/17/2014,2.0263,2.0501,2.0554,2.01,40.46K,-0.79%
11/18/2014,2.0432,2.0204,2.0497,2.0032,36.80K,0.83%
11/19/2014,2.0438,2.037,2.0775,2.0285,32.81K,0.03%
11/20/2014,2.0276,2.0329,2.0562,2.02,35.25K,-0.79%
11/21/2014,2.0565,2.0395,2.0826,2.0196,39.07K,1.43%
11/24/2014,2.0334,2.0615,2.0678,2.029,34.55K,-1.12%
11/25/2014,2.0318,2.031,2.0753,2.017,32.21K,-0.08%
11/26/2014,2.0351,2.0245,2.0496,2.017,22.01K,0.16%
11/28/2014,1.9039,2.0122,2.0122,1.8605,4.29K,-6.45%
12/1/2014,1.881,1.8301,1.8938,1.7779,64.08K,-1.20%
12/2/2014,1.8116,1.8858,1.8912,1.8065,73.22K,-3.69%
12/3/2014,1.807,1.8209,1.8371,1.7938,58.35K,-0.25%
12/4/2014,1.7948,1.8068,1.8224,1.7834,50.58K,-0.68%
12/5/2014,1.7734,1.7921,1.7952,1.756,57.01K,-1.19%
12/8/2014,1.7066,1.765,1.7667,1.7016,64.28K,-3.77%
12/9/2014,1.7236,1.7028,1.7325,1.6906,62.18K,1.00%
12/10/2014,1.6418,1.7035,1.7049,1.63,69.57K,-4.75%
12/11/2014,1.6244,1.6477,1.6613,1.616,58.75K,-1.06%
12/12/2014,1.5973,1.621,1.6298,1.591,47.37K,-1.67%
12/15/2014,1.5764,1.5915,1.6268,1.558,46.54K,-1.31%
12/16/2014,1.541,1.5764,1.5767,1.5138,52.02K,-2.25%
12/17/2014,1.5662,1.54,1.6205,1.5154,53.34K,1.64%
12/18/2014,1.5272,1.5495,1.6247,1.5221,35.70K,-2.49%
12/19/2014,1.5595,1.54,1.5903,1.5251,32.96K,2.11%
12/22/2014,1.535,1.571,1.5925,1.5263,33.44K,-1.57%
12/23/2014,1.5704,1.5275,1.5828,1.52,30.43K,2.31%
12/24/2014,1.5127,1.5666,1.5741,1.5061,21.19K,-3.67%
12/26/2014,1.5087,1.506,1.5329,1.498,10.56K,-0.26%
12/29/2014,1.4528,1.5094,1.5327,1.4475,24.78K,-3.71%
12/30/2014,1.4537,1.4577,1.4685,1.433,25.32K,0.06%
12/31/2014,1.4353,1.4495,1.4591,1.4101,5.16K,-1.27%
1/2/2015,1.4334,1.4806,1.5072,1.4287,42.77K,-0.13%
1/5/2015,1.3814,1.4403,1.4404,1.3615,46.19K,-3.63%
1/6/2015,1.3543,1.375,1.3989,1.3437,61.16K,-1.96%
1/7/2015,1.3376,1.3451,1.3675,1.311,56.40K,-1.23%
1/8/2015,1.3409,1.3346,1.3529,1.3127,62.63K,0.25%
1/9/2015,1.3232,1.3413,1.3603,1.2936,63.32K,-1.32%
1/12/2015,1.2745,1.3192,1.3273,1.2673,54.02K,-3.68%
1/13/2015,1.2685,1.275,1.2842,1.2265,57.70K,-0.47%
1/14/2015,1.3507,1.2638,1.3595,1.2436,62.56K,6.48%
1/15/2015,1.2994,1.3545,1.4149,1.292,64.79K,-3.80%
1/16/2015,1.3588,1.2952,1.3634,1.2858,51.86K,4.57%
1/20/2015,1.3128,1.3599,1.3688,1.31,39.08K,-3.39%
1/21/2015,1.3255,1.3134,1.3435,1.2988,36.53K,0.97%
1/22/2015,1.3308,1.3173,1.355,1.305,29.92K,0.40%
1/23/2015,1.3479,1.3312,1.3674,1.3312,24.18K,1.28%
1/26/2015,1.3167,1.3469,1.357,1.3105,24.67K,-2.31%
1/27/2015,1.3501,1.318,1.3641,1.299,16.65K,2.54%
1/28/2015,1.345,1.3644,1.38,1.3411,25.26K,-0.38%
1/29/2015,1.3537,1.35,1.365,1.3265,19.50K,0.65%
1/30/2015,1.4152,1.36,1.4475,1.336,6.25K,4.54%
2/2/2015,1.5446,1.473,1.568,1.4501,62.56K,9.14%
2/3/2015,1.6013,1.5507,1.626,1.5451,69.82K,3.67%
2/4/2015,1.4817,1.5755,1.5935,1.4642,67.62K,-7.47%
2/5/2015,1.5248,1.4979,1.56,1.4646,56.98K,2.91%
2/6/2015,1.5591,1.537,1.5841,1.5245,69.60K,2.25%
2/9/2015,1.5782,1.56,1.6064,1.553,60.14K,1.23%
2/10/2015,1.5523,1.5781,1.5893,1.5389,56.81K,-1.64%
2/11/2015,1.5432,1.5606,1.5688,1.5142,69.66K,-0.59%
2/12/2015,1.5955,1.547,1.6047,1.5384,70.56K,3.39%
2/13/2015,1.6262,1.5975,1.6367,1.5975,63.89K,1.92%
2/17/2015,1.5901,1.6354,1.6577,1.57,59.10K,-2.22%
2/18/2015,1.5736,1.5823,1.5867,1.5415,48.01K,-1.04%
2/19/2015,1.6162,1.5576,1.6188,1.5108,37.98K,2.71%
2/20/2015,1.6407,1.6158,1.6812,1.6048,38.51K,1.52%
2/23/2015,1.6462,1.6455,1.6677,1.6143,27.20K,0.34%
2/24/2015,1.6202,1.6449,1.664,1.6017,25.79K,-1.58%
2/25/2015,1.7187,1.605,1.7335,1.596,25.10K,6.08%
2/26/2015,1.7076,1.7458,1.7458,1.69,22.09K,-0.65%
2/27/2015,1.7676,1.7175,1.8,1.7175,6.23K,3.51%
3/2/2015,1.8973,1.9779,1.9779,1.8845,64.67K,7.34%
3/3/2015,1.9499,1.92,1.965,1.9124,60.06K,2.77%
3/4/2015,1.9257,1.9453,1.9453,1.8979,60.02K,-1.24%
3/5/2015,1.8873,1.9222,1.9325,1.8597,67.02K,-1.99%
3/6/2015,1.8819,1.8971,1.9099,1.8508,52.26K,-0.29%
3/9/2015,1.8747,1.8796,1.9028,1.8613,51.76K,-0.38%
3/10/2015,1.8183,1.8747,1.8795,1.8031,60.19K,-3.01%
3/11/2015,1.8264,1.8095,1.8339,1.7969,55.57K,0.45%
3/12/2015,1.8095,1.832,1.8694,1.7925,64.35K,-0.93%
3/13/2015,1.7623,1.8032,1.8081,1.749,44.97K,-2.61%
3/16/2015,1.7286,1.7503,1.7583,1.695,45.31K,-1.91%
3/17/2015,1.7301,1.7271,1.735,1.6925,39.30K,0.09%
3/18/2015,1.7991,1.7201,1.8207,1.7071,47.01K,3.99%
3/19/2015,1.7743,1.8035,1.8175,1.7521,30.06K,-1.38%
3/20/2015,1.7978,1.7661,1.801,1.7466,19.49K,1.32%
3/23/2015,1.8039,1.7875,1.8088,1.7646,23.57K,0.34%
3/24/2015,1.7997,1.8036,1.8289,1.7871,28.77K,-0.23%
3/25/2015,1.8365,1.8041,1.8518,1.7894,25.90K,2.04%
3/26/2015,1.8817,1.8264,1.9024,1.823,20.69K,2.46%
3/27/2015,1.798,1.874,1.874,1.7901,22.32K,-4.45%
3/30/2015,1.8006,1.793,1.8111,1.7679,23.70K,0.14%
3/31/2015,1.78,1.796,1.7962,1.751,7.15K,-1.14%
4/1/2015,1.8312,1.7745,1.8429,1.7649,66.08K,2.88%
4/2/2015,1.7613,1.8221,1.8342,1.7345,76.00K,-3.82%
4/3/2015,1.7613,1.7613,1.7613,1.7613,,0.00%
4/6/2015,1.8425,1.7674,1.8492,1.7674,53.57K,4.61%
4/7/2015,1.8609,1.8423,1.8636,1.8154,62.49K,1.00%
4/8/2015,1.7392,1.831,1.834,1.7375,90.96K,-6.54%
4/9/2015,1.7592,1.7499,1.7991,1.7385,70.02K,1.15%
4/10/2015,1.8073,1.7677,1.817,1.7514,62.78K,2.73%
4/13/2015,1.8046,1.808,1.8418,1.7946,60.82K,-0.15%
4/14/2015,1.836,1.805,1.8584,1.8036,65.77K,1.74%
4/15/2015,1.936,1.8535,1.9398,1.8485,61.28K,5.45%
4/16/2015,1.9354,1.926,1.9548,1.8955,57.83K,-0.03%
4/17/2015,1.9299,1.94,1.9503,1.9132,41.94K,-0.28%
4/20/2015,1.9315,1.9406,1.9554,1.8982,33.33K,0.08%
4/21/2015,1.8881,1.9329,1.934,1.8769,27.03K,-2.25%
4/22/2015,1.9245,1.8839,1.9385,1.8698,28.88K,1.93%
4/23/2015,1.9956,1.9265,2.0088,1.9175,37.42K,3.69%
4/24/2015,2.0079,2.0005,2.0116,1.9794,25.82K,0.62%
4/27/2015,2.009,2.01,2.0161,1.9862,23.75K,0.05%
4/28/2015,2.0018,2.0013,2.0195,1.9872,20.17K,-0.36%
4/29/2015,2.0179,1.9958,2.0424,1.9825,21.91K,0.80%
4/30/2015,2.0497,2.0072,2.0556,2.007,5.70K,1.58%
5/1/2015,2.0453,2.0519,2.0519,2.0069,54.74K,-0.21%
5/4/2015,2.0339,2.0439,2.0605,2.0268,43.06K,-0.56%
5/5/2015,2.0634,2.0325,2.0766,2.0287,57.19K,1.45%
5/6/2015,2.0366,2.0722,2.095,2.025,80.88K,-1.30%
5/7/2015,1.9903,2.0262,2.0445,1.9828,76.21K,-2.27%
5/8/2015,1.9918,1.99,2.0113,1.9621,57.95K,0.08%
5/11/2015,1.9864,1.9903,2.003,1.9673,43.39K,-0.27%
5/12/2015,2.0393,1.9863,2.0468,1.9853,58.72K,2.66%
5/13/2015,2.0405,2.0447,2.066,2.0309,53.41K,0.06%
5/14/2015,2.0575,2.0354,2.0639,2.0246,55.56K,0.83%
5/15/2015,2.0568,2.0634,2.0634,2.0184,53.46K,-0.03%
5/18/2015,2.0411,2.0568,2.0831,2.0352,39.27K,-0.76%
5/19/2015,1.995,2.0425,2.0478,1.9934,38.05K,-2.26%
5/20/2015,2.0411,2.0084,2.0422,2.0038,38.59K,2.31%
5/21/2015,2.0824,2.0329,2.0871,2.0325,33.92K,2.02%
5/22/2015,2.0539,2.0808,2.085,2.0344,37.49K,-1.37%
5/26/2015,1.9983,2.067,2.0969,1.987,37.74K,-2.71%
5/27/2015,1.9445,1.9994,2.02,1.9405,27.11K,-2.69%
5/28/2015,1.9851,1.9606,1.9989,1.9363,26.25K,2.09%
5/29/2015,2.0858,1.9923,2.0902,1.9923,8.01K,5.07%
6/1/2015,2.0422,2.0627,2.0672,2.0393,58.04K,-2.09%
6/2/2015,2.0648,2.0456,2.0737,2.0212,66.99K,1.11%
6/3/2015,2.0453,2.059,2.0616,2.0133,83.26K,-0.94%
6/4/2015,1.9806,2.0433,2.0516,1.9723,70.77K,-3.16%
6/5/2015,2.03,1.985,2.0335,1.953,71.11K,2.49%
6/8/2015,2.0075,2.0262,2.0316,1.9995,56.30K,-1.11%
6/9/2015,2.0771,2.009,2.102,2.0035,75.16K,3.47%
6/10/2015,2.1464,2.0994,2.1506,2.0907,98.82K,3.34%
6/11/2015,2.1381,2.1459,2.1599,2.115,71.10K,-0.39%
6/12/2015,2.1211,2.115,2.1389,2.0992,52.67K,-0.80%
6/15/2015,2.0991,2.125,2.125,2.0849,56.50K,-1.04%
6/16/2015,2.1245,2.0973,2.1486,2.0924,56.68K,1.21%
6/17/2015,2.1005,2.1456,2.1858,2.0726,76.17K,-1.13%
6/18/2015,2.1101,2.0997,2.1251,2.0843,42.87K,0.46%
6/19/2015,2.0586,2.1048,2.1115,2.0381,38.88K,-2.44%
6/22/2015,2.0297,2.0588,2.0728,2.0138,33.39K,-1.40%
6/23/2015,2.0766,2.0345,2.0937,2.0035,40.94K,2.31%
6/24/2015,2.0555,2.085,2.1092,2.044,40.23K,-1.02%
6/25/2015,2.0368,2.0502,2.0714,2.0137,31.32K,-0.91%
6/26/2015,2.0485,2.0363,2.0582,2.018,21.56K,0.57%
6/29/2015,2.0303,2.0376,2.0516,2.0139,20.38K,-0.89%
6/30/2015,2.0896,2.0271,2.0968,2.02,8.06K,2.92%
7/1/2015,2.0068,2.0451,2.0452,1.9985,59.26K,-3.96%
7/2/2015,2.0343,2.012,2.0592,2.011,58.54K,1.37%
7/3/2015,2.0011,2.0262,2.0355,1.9939,,-1.63%
7/6/2015,1.9237,2.0285,2.0365,1.9205,87.92K,-3.87%
7/7/2015,1.9494,1.937,1.9752,1.9074,80.53K,1.34%
7/8/2015,1.999,1.9677,2.0149,1.9415,87.29K,2.54%
7/9/2015,2.0451,2.0066,2.059,1.9821,76.09K,2.31%
7/10/2015,2.0165,2.0286,2.0579,1.987,70.12K,-1.40%
7/13/2015,1.9396,2.0165,2.0192,1.9335,66.25K,-3.81%
7/14/2015,1.9307,1.9389,1.9467,1.891,60.32K,-0.46%
7/15/2015,1.8589,1.924,1.9289,1.8527,62.29K,-3.72%
7/16/2015,1.8967,1.8624,1.9069,1.8552,47.77K,2.03%
7/17/2015,1.9286,1.8935,1.9347,1.8892,55.77K,1.68%
7/20/2015,1.9303,1.9331,1.9448,1.915,38.88K,0.09%
7/21/2015,1.9209,1.927,1.935,1.8902,36.51K,-0.49%
7/22/2015,1.8676,1.9165,1.9165,1.8587,30.91K,-2.77%
7/23/2015,1.8521,1.857,1.888,1.8456,27.68K,-0.83%
7/24/2015,1.8282,1.8553,1.8632,1.8148,21.98K,-1.29%
7/27/2015,1.8204,1.8283,1.833,1.8013,25.00K,-0.43%
7/28/2015,1.8032,1.8005,1.8277,1.7809,18.84K,-0.94%
7/29/2015,1.8224,1.7959,1.838,1.7817,20.90K,1.06%
7/30/2015,1.8279,1.8374,1.868,1.8209,21.75K,0.30%
7/31/2015,1.841,1.826,1.856,1.813,,0.72%
8/3/2015,1.6745,1.767,1.769,1.6722,60.54K,-9.04%
8/4/2015,1.6852,1.6832,1.7092,1.6738,56.09K,0.64%
8/5/2015,1.6705,1.6977,1.719,1.6563,59.63K,-0.87%
8/6/2015,1.6478,1.6718,1.679,1.6211,62.51K,-1.36%
8/7/2015,1.623,1.6525,1.6576,1.6048,62.22K,-1.51%
8/10/2015,1.694,1.6218,1.6959,1.6171,62.62K,4.37%
8/11/2015,1.6937,1.6934,1.7109,1.6566,61.96K,-0.02%
8/12/2015,1.7635,1.697,1.7725,1.69,90.37K,4.12%
8/13/2015,1.7141,1.7641,1.77,1.709,64.89K,-2.80%
8/14/2015,1.6869,1.7129,1.7193,1.6706,46.00K,-1.59%
8/17/2015,1.6542,1.6866,1.6959,1.6478,57.02K,-1.94%
8/18/2015,1.6468,1.6524,1.6598,1.6277,43.15K,-0.45%
8/19/2015,1.5592,1.6335,1.6379,1.5458,48.55K,-5.32%
8/20/2015,1.5346,1.5515,1.564,1.514,38.08K,-1.58%
8/21/2015,1.5449,1.528,1.552,1.4749,36.84K,0.67%
8/24/2015,1.471,1.5459,1.5587,1.447,31.52K,-4.78%
8/25/2015,1.4386,1.4635,1.4942,1.4313,26.47K,-2.20%
8/26/2015,1.3549,1.4446,1.4475,1.35,33.35K,-5.82%
8/27/2015,1.4568,1.3725,1.4607,1.3707,20.39K,7.52%
8/28/2015,1.5218,1.4477,1.5442,1.431,23.88K,4.46%
8/31/2015,1.6404,1.4966,1.646,1.4677,6.54K,7.79%
9/1/2015,1.3956,1.4633,1.4745,1.3725,58.58K,-14.92%
9/2/2015,1.4252,1.3767,1.4437,1.3674,76.41K,2.12%
9/3/2015,1.4371,1.4267,1.4868,1.416,52.72K,0.83%
9/4/2015,1.4182,1.4296,1.4419,1.4021,47.26K,-1.32%
9/6/2015,1.4144,1.4107,1.4146,1.4102,,-0.27%
9/7/2015,1.3914,1.4143,1.4203,1.3731,,-1.63%
9/8/2015,1.4021,1.415,1.4215,1.3727,64.24K,0.77%
9/9/2015,1.3597,1.4,1.4158,1.3557,57.53K,-3.02%
9/10/2015,1.3936,1.3556,1.4026,1.3436,59.12K,2.49%
9/11/2015,1.3699,1.3875,1.3935,1.3425,51.80K,-1.70%
9/14/2015,1.3043,1.3721,1.3794,1.3,56.52K,-4.79%
9/15/2015,1.3329,1.3036,1.3445,1.3025,47.20K,2.19%
9/16/2015,1.3821,1.3417,1.4074,1.3313,51.66K,3.69%
9/17/2015,1.376,1.3849,1.3903,1.3524,43.99K,-0.44%
9/18/2015,1.3562,1.3851,1.4079,1.3454,37.27K,-1.44%
9/21/2015,1.4031,1.3573,1.4099,1.357,33.82K,3.46%
9/22/2015,1.4164,1.4064,1.424,1.3682,27.38K,0.95%
9/23/2015,1.3816,1.4148,1.4531,1.3786,26.74K,-2.46%
9/24/2015,1.3652,1.3908,1.3964,1.3516,27.94K,-1.19%
9/25/2015,1.3959,1.3712,1.4005,1.359,25.03K,2.25%
9/28/2015,1.3488,1.3905,1.3957,1.3425,20.78K,-3.37%
9/29/2015,1.3632,1.3419,1.3751,1.3399,22.82K,1.07%
9/30/2015,1.3894,1.3547,1.3968,1.3492,9.39K,1.92%
10/1/2015,1.3668,1.371,1.4233,1.3494,79.93K,-1.63%
10/2/2015,1.3414,1.37,1.3764,1.3083,72.16K,-1.86%
10/5/2015,1.3853,1.3416,1.4008,1.336,52.26K,3.27%
10/6/2015,1.4362,1.3859,1.4456,1.3744,54.99K,3.67%
10/7/2015,1.39,1.4293,1.4488,1.388,65.00K,-3.22%
10/8/2015,1.4078,1.4016,1.423,1.382,54.31K,1.28%
10/9/2015,1.4167,1.4134,1.4366,1.3882,59.59K,0.63%
10/12/2015,1.3411,1.42,1.4329,1.339,61.54K,-5.34%
10/13/2015,1.314,1.355,1.3574,1.3088,61.12K,-2.02%
10/14/2015,1.3083,1.3093,1.3325,1.2986,41.46K,-0.43%
10/15/2015,1.3072,1.3188,1.3305,1.2726,49.60K,-0.08%
10/16/2015,1.328,1.3206,1.3415,1.3076,34.18K,1.59%
10/19/2015,1.2514,1.3297,1.3377,1.25,43.09K,-5.77%
10/20/2015,1.2783,1.2645,1.2806,1.2484,30.06K,2.15%
10/21/2015,1.2808,1.2704,1.2894,1.253,28.35K,0.20%
10/22/2015,1.3067,1.2841,1.3194,1.2841,30.68K,2.02%
10/23/2015,1.3036,1.3139,1.3222,1.29,25.08K,-0.24%
10/26/2015,1.2879,1.3067,1.3172,1.284,21.62K,-1.20%
10/27/2015,1.2872,1.2889,1.2909,1.2711,20.19K,-0.05%
10/28/2015,1.3501,1.287,1.3619,1.2811,18.94K,4.89%
10/29/2015,1.3496,1.3475,1.3633,1.328,13.32K,-0.04%
10/30/2015,1.405,1.348,1.4136,1.3452,,4.10%
11/2/2015,1.3753,1.3693,1.3808,1.3414,65.13K,-2.11%
11/3/2015,1.4455,1.3775,1.4607,1.3627,77.81K,5.10%
11/4/2015,1.3919,1.4468,1.4714,1.3861,82.26K,-3.71%
11/5/2015,1.361,1.4111,1.4111,1.3584,60.39K,-2.22%
11/6/2015,1.3695,1.3741,1.3933,1.3603,63.00K,0.62%
11/9/2015,1.3705,1.3768,1.4048,1.3662,60.77K,0.07%
11/10/2015,1.3618,1.3744,1.3846,1.3502,61.55K,-0.63%
11/11/2015,1.3294,1.3562,1.3844,1.323,58.19K,-2.38%
11/12/2015,1.2731,1.3322,1.3413,1.2712,68.52K,-4.23%
11/13/2015,1.2389,1.2739,1.2861,1.2324,47.50K,-2.69%
11/16/2015,1.2386,1.2397,1.2561,1.2024,48.87K,-0.02%
11/17/2015,1.238,1.2424,1.2545,1.2273,41.14K,-0.05%
11/18/2015,1.2661,1.2487,1.2809,1.2351,47.63K,2.27%
11/19/2015,1.2879,1.2773,1.3041,1.268,42.64K,1.72%
11/20/2015,1.2903,1.2875,1.324,1.2727,34.81K,0.19%
11/23/2015,1.3134,1.2861,1.332,1.2656,31.79K,1.79%
11/24/2015,1.3902,1.3261,1.4065,1.3189,35.60K,5.85%
11/25/2015,1.3961,1.381,1.4037,1.3351,34.29K,0.42%
11/26/2015,1.399,1.3963,1.4098,1.3782,,0.21%
11/27/2015,1.3905,1.3955,1.4101,1.378,13.62K,-0.61%
11/30/2015,1.3587,1.3904,1.4166,1.3362,8.22K,-2.29%
12/1/2015,1.363,1.3158,1.3867,1.3121,108.62K,0.32%
12/2/2015,1.2931,1.3611,1.3611,1.2911,84.19K,-5.13%
12/3/2015,1.2963,1.301,1.3335,1.2774,65.86K,0.25%
12/4/2015,1.2702,1.307,1.3122,1.2585,64.06K,-2.01%
12/7/2015,1.2094,1.2795,1.2841,1.2055,73.00K,-4.79%
12/8/2015,1.2036,1.2088,1.232,1.1956,67.04K,-0.48%
12/9/2015,1.2317,1.2009,1.2534,1.2002,72.64K,2.33%
12/10/2015,1.2802,1.2405,1.2959,1.2395,76.76K,3.94%
12/11/2015,1.2815,1.2799,1.3012,1.2589,76.94K,0.10%
12/14/2015,1.2558,1.2803,1.3089,1.219,62.43K,-2.01%
12/15/2015,1.2444,1.2416,1.2725,1.2216,56.79K,-0.91%
12/16/2015,1.2328,1.2449,1.2774,1.2212,58.01K,-0.93%
12/17/2015,1.2616,1.2459,1.2784,1.23,52.15K,2.34%
12/18/2015,1.2746,1.2678,1.2949,1.2482,40.67K,1.03%
12/21/2015,1.2094,1.2669,1.2707,1.1963,35.01K,-5.12%
12/22/2015,1.1749,1.1985,1.2122,1.169,36.34K,-2.85%
12/23/2015,1.2414,1.1795,1.2606,1.1778,29.43K,5.66%
12/24/2015,1.2643,1.255,1.288,1.242,13.39K,1.84%
12/28/2015,1.2326,1.2543,1.2562,1.2199,18.45K,-2.51%
12/29/2015,1.276,1.2355,1.2815,1.2249,14.93K,3.52%
12/30/2015,1.23,1.255,1.2603,1.2225,14.57K,-3.61%
12/31/2015,1.2671,1.2415,1.2903,1.223,,3.02%
1/4/2016,1.2907,1.2751,1.3379,1.2579,58.15K,1.86%
1/5/2016,1.2567,1.2919,1.3041,1.2471,59.14K,-2.63%
1/6/2016,1.1618,1.2508,1.2532,1.1535,89.19K,-7.55%
1/7/2016,1.146,1.1622,1.1763,1.1135,58.16K,-1.36%
1/8/2016,1.1277,1.152,1.1725,1.1125,59.26K,-1.60%
1/11/2016,1.113,1.1211,1.1424,1.1009,58.67K,-1.30%
1/12/2016,1.0848,1.1102,1.1618,1.065,74.13K,-2.53%
1/13/2016,1.0528,1.0678,1.1059,1.0408,69.94K,-2.95%
1/14/2016,1.0684,1.0591,1.0838,1.0533,51.14K,1.48%
1/15/2016,1.0212,1.0787,1.0787,1.0154,50.16K,-4.42%
1/17/2016,1.0092,1.0184,1.0186,1.0006,,-1.18%
1/18/2016,1.0317,1.0095,1.0521,1.007,,2.23%
1/19/2016,1.0262,1.0211,1.0769,1.0005,54.08K,-0.53%
1/20/2016,1.0177,1.0368,1.04,1.0027,37.42K,-0.83%
1/21/2016,1.0312,1.0095,1.0575,1.0012,40.50K,1.33%
1/22/2016,1.0838,1.042,1.0929,1.0363,26.36K,5.10%
1/25/2016,1.03,1.0821,1.1,1.0195,29.44K,-4.96%
1/26/2016,1.0472,1.026,1.065,1.003,22.33K,1.67%
1/27/2016,1.0457,1.0178,1.0662,0.9924,23.14K,-0.14%
1/28/2016,1.079,1.046,1.1309,1.0374,19.12K,3.18%
1/29/2016,1.1031,1.0982,1.1132,1.069,5.63K,2.23%
2/1/2016,1.083,1.124,1.1311,1.0806,63.97K,-1.82%
2/2/2016,1.0008,1.0837,1.0935,0.9796,70.28K,-7.59%
2/3/2016,1.0137,0.9852,1.0347,0.967,72.96K,1.29%
2/4/2016,1.0284,1.026,1.0735,1.017,60.46K,1.45%
2/5/2016,0.9927,1.0247,1.0334,0.9869,72.18K,-3.47%
2/8/2016,0.9561,0.9903,1.0018,0.954,58.16K,-3.69%
2/9/2016,0.8989,0.9563,0.9666,0.8975,65.62K,-5.98%
2/10/2016,0.9425,0.9075,0.971,0.9034,68.90K,4.85%
2/11/2016,0.9417,0.9444,0.975,0.9133,65.14K,-0.08%
2/12/2016,1.0432,0.9657,1.0462,0.9657,58.22K,10.78%
2/14/2016,1.0431,1.0354,1.0435,1.0299,,-0.01%
2/15/2016,1.0307,1.043,1.0492,1.0225,,-1.19%
2/16/2016,0.9709,1.0374,1.0844,0.964,60.49K,-5.80%
2/17/2016,1.0034,0.9775,1.038,0.9606,47.89K,3.35%
2/18/2016,0.9724,1.0196,1.025,0.9586,49.26K,-3.09%
2/19/2016,0.9594,0.9688,0.9864,0.936,31.06K,-1.34%
2/22/2016,1.0006,0.968,1.025,0.959,28.81K,4.29%
2/23/2016,0.9663,0.9984,1.0114,0.9515,31.37K,-3.43%
2/24/2016,1.0104,0.9612,1.0231,0.9463,31.27K,4.56%
2/25/2016,1.056,1.0173,1.065,0.9955,24.00K,4.51%
2/26/2016,1.0166,1.0435,1.0774,1.014,26.44K,-3.73%
2/29/2016,1.0497,1.0145,1.0587,1.0023,7.38K,3.26%
3/1/2016,1.3035,1.3207,1.3315,1.2786,54.96K,24.18%
3/2/2016,1.3107,1.2985,1.331,1.2915,57.54K,0.55%
3/3/2016,1.2988,1.3066,1.3118,1.2752,52.86K,-0.91%
3/4/2016,1.3321,1.298,1.3431,1.285,54.37K,2.56%
3/7/2016,1.3927,1.3303,1.4,1.3303,59.00K,4.55%
3/8/2016,1.3878,1.3925,1.416,1.3773,58.71K,-0.35%
3/9/2016,1.4705,1.3881,1.4725,1.3881,73.58K,5.96%
3/10/2016,1.439,1.4694,1.4806,1.4177,62.93K,-2.14%
3/11/2016,1.4443,1.445,1.4636,1.4329,45.18K,0.37%
3/14/2016,1.4226,1.449,1.4532,1.404,46.04K,-1.50%
3/15/2016,1.4082,1.4302,1.4336,1.3839,39.63K,-1.01%
3/16/2016,1.4183,1.4096,1.4356,1.4024,40.16K,0.72%
3/17/2016,1.4383,1.4163,1.4399,1.4042,42.19K,1.41%
3/18/2016,1.4273,1.4339,1.46,1.42,32.12K,-0.76%
3/21/2016,1.4589,1.4281,1.4613,1.4112,32.20K,2.21%
3/22/2016,1.4971,1.4588,1.512,1.4487,32.41K,2.62%
3/23/2016,1.4541,1.5092,1.5134,1.4455,36.54K,-2.87%
3/24/2016,1.4659,1.4499,1.475,1.4202,34.47K,0.81%
3/28/2016,1.468,1.472,1.4858,1.4541,28.26K,0.14%
3/29/2016,1.4538,1.4696,1.4745,1.422,24.32K,-0.97%
3/30/2016,1.4364,1.4551,1.4763,1.43,23.00K,-1.20%
3/31/2016,1.4265,1.4297,1.4381,1.4039,7.40K,-0.69%
4/1/2016,1.4016,1.4435,1.4495,1.398,63.72K,-1.75%
4/4/2016,1.377,1.4018,1.4185,1.3747,48.10K,-1.76%
4/5/2016,1.3778,1.3751,1.39,1.3688,49.48K,0.06%
4/6/2016,1.3947,1.3831,1.4089,1.3582,60.42K,1.23%
4/7/2016,1.3812,1.3956,1.4106,1.3613,58.56K,-0.97%
4/8/2016,1.4637,1.3888,1.4666,1.3874,67.71K,5.97%
4/11/2016,1.5077,1.4636,1.5114,1.4507,60.46K,3.01%
4/12/2016,1.5343,1.5023,1.5386,1.4932,58.66K,1.76%
4/13/2016,1.5295,1.5277,1.5384,1.5059,62.40K,-0.31%
4/14/2016,1.5056,1.5273,1.5425,1.4957,46.24K,-1.56%
4/15/2016,1.4612,1.5064,1.5126,1.4534,50.58K,-2.95%
4/18/2016,1.4365,1.4229,1.4617,1.399,49.11K,-1.69%
4/19/2016,1.4799,1.442,1.4929,1.4363,44.13K,3.02%
4/20/2016,1.5068,1.4764,1.5096,1.4451,37.66K,1.82%
4/21/2016,1.5159,1.5033,1.5274,1.4954,37.15K,0.60%
4/22/2016,1.5309,1.5185,1.555,1.5071,33.37K,0.99%
4/25/2016,1.5131,1.535,1.5375,1.5001,34.80K,-1.16%
4/26/2016,1.566,1.5213,1.585,1.5165,31.53K,3.50%
4/27/2016,1.5808,1.5857,1.5934,1.546,22.36K,0.95%
4/28/2016,1.598,1.5768,1.5993,1.5628,20.33K,1.09%
4/29/2016,1.5848,1.5897,1.6041,1.5764,5.53K,-0.83%
5/2/2016,1.5628,1.598,1.6105,1.5564,49.46K,-1.39%
5/3/2016,1.51,1.5584,1.5641,1.4966,64.39K,-3.38%
5/4/2016,1.4866,1.5193,1.5376,1.4655,83.79K,-1.55%
5/5/2016,1.4914,1.497,1.5336,1.4784,58.53K,0.32%
5/6/2016,1.4962,1.4955,1.519,1.4664,62.67K,0.32%
5/9/2016,1.4427,1.5166,1.5295,1.4382,66.66K,-3.58%
5/10/2016,1.4857,1.4444,1.4937,1.4405,61.53K,2.98%
5/11/2016,1.5815,1.4849,1.585,1.471,84.56K,6.45%
5/12/2016,1.5833,1.5752,1.5855,1.554,51.71K,0.11%
5/13/2016,1.5882,1.5762,1.5938,1.5482,54.29K,0.31%
5/16/2016,1.6063,1.5861,1.6358,1.5861,47.77K,1.14%
5/17/2016,1.6341,1.6127,1.65,1.5955,56.01K,1.73%
5/18/2016,1.6489,1.647,1.6637,1.6224,55.88K,0.91%
5/19/2016,1.6339,1.6386,1.6454,1.5908,34.52K,-0.91%
5/20/2016,1.6356,1.6272,1.641,1.6092,34.17K,0.10%
5/23/2016,1.6456,1.6371,1.6529,1.6168,42.96K,0.61%
5/24/2016,1.6544,1.645,1.6664,1.6387,40.81K,0.53%
5/25/2016,1.6416,1.6439,1.6533,1.622,34.91K,-0.77%
5/26/2016,1.6195,1.6448,1.6575,1.6083,28.82K,-1.35%
5/27/2016,1.6319,1.6227,1.639,1.596,26.09K,0.77%
5/29/2016,1.6431,1.647,1.6471,1.6425,,0.69%
5/30/2016,1.6344,1.6428,1.6429,1.6267,,-0.53%
5/31/2016,1.6149,1.6318,1.64,1.5985,11.98K,-1.19%
6/1/2016,1.6153,1.596,1.6304,1.5761,74.94K,0.02%
6/2/2016,1.6346,1.6238,1.6452,1.6009,70.47K,1.19%
6/3/2016,1.6075,1.6261,1.6344,1.5962,54.94K,-1.66%
6/6/2016,1.5887,1.6127,1.6264,1.5827,72.12K,-1.17%
6/7/2016,1.5871,1.5906,1.6128,1.5767,72.75K,-0.10%
6/8/2016,1.6198,1.5903,1.6317,1.5682,86.32K,2.06%
6/9/2016,1.6186,1.629,1.6342,1.5901,62.57K,-0.07%
6/10/2016,1.5596,1.6147,1.6224,1.5522,75.03K,-3.65%
6/13/2016,1.5362,1.5535,1.5574,1.5188,69.46K,-1.50%
6/14/2016,1.5213,1.5263,1.5324,1.4896,48.95K,-0.97%
6/15/2016,1.5014,1.4901,1.5203,1.4738,64.39K,-1.31%
6/16/2016,1.4653,1.4957,1.5066,1.4589,51.51K,-2.40%
6/17/2016,1.5053,1.4628,1.5174,1.4609,45.19K,2.73%
6/20/2016,1.5827,1.5126,1.5849,1.509,41.66K,5.14%
6/21/2016,1.5929,1.5699,1.6029,1.5484,35.64K,0.64%
6/22/2016,1.5882,1.6015,1.6131,1.5729,43.55K,-0.30%
6/23/2016,1.6035,1.583,1.61,1.5799,29.37K,0.96%
6/24/2016,1.525,1.607,1.61,1.517,40.21K,-4.90%
6/27/2016,1.4767,1.5335,1.5383,1.4685,31.01K,-3.17%
6/28/2016,1.51,1.4875,1.52,1.482,23.82K,2.26%
6/29/2016,1.5248,1.5068,1.533,1.5018,24.16K,0.98%
6/30/2016,1.5014,1.5205,1.5247,1.4816,7.89K,-1.53%
7/1/2016,1.5135,1.5025,1.5253,1.4658,65.82K,0.81%
7/3/2016,1.5173,1.5191,1.5227,1.5156,,0.25%
7/4/2016,1.4973,1.5174,1.5241,1.4916,,-1.32%
7/5/2016,1.4287,1.5176,1.5249,1.4157,66.85K,-4.58%
7/6/2016,1.4329,1.4275,1.46,1.3807,77.65K,0.29%
7/7/2016,1.3631,1.4571,1.4683,1.3533,75.73K,-4.87%
7/8/2016,1.3708,1.3677,1.3884,1.3523,63.27K,0.56%
7/11/2016,1.3835,1.3664,1.4014,1.3509,60.40K,0.93%
7/12/2016,1.4301,1.3814,1.4406,1.3768,53.49K,3.37%
7/13/2016,1.3784,1.4138,1.4168,1.3672,51.74K,-3.62%
7/14/2016,1.414,1.386,1.4184,1.3802,44.02K,2.58%
7/15/2016,1.422,1.404,1.4425,1.3944,47.39K,0.57%
7/18/2016,1.3872,1.4188,1.43,1.3836,35.35K,-2.45%
7/19/2016,1.3757,1.3883,1.3977,1.3715,31.14K,-0.83%
7/20/2016,1.3637,1.3752,1.3811,1.3381,35.55K,-0.87%
7/21/2016,1.355,1.3599,1.3789,1.3497,27.33K,-0.64%
7/22/2016,1.3615,1.3497,1.3675,1.3383,38.98K,0.48%
7/25/2016,1.3336,1.358,1.3615,1.3291,31.03K,-2.05%
7/26/2016,1.3452,1.3311,1.3485,1.3093,38.71K,0.87%
7/27/2016,1.3214,1.3407,1.36,1.3035,29.21K,-1.77%
7/28/2016,1.3062,1.3244,1.3438,1.3005,22.47K,-1.15%
7/29/2016,1.321,1.3033,1.3274,1.276,,1.13%
8/1/2016,1.3036,1.3135,1.3389,1.2869,59.89K,-1.32%
8/2/2016,1.3116,1.3127,1.3481,1.2954,72.70K,0.61%
8/3/2016,1.3499,1.3103,1.3534,1.2967,80.28K,2.92%
8/4/2016,1.368,1.3535,1.3699,1.3111,74.16K,1.34%
8/5/2016,1.3763,1.367,1.3797,1.3504,70.81K,0.61%
8/8/2016,1.362,1.3725,1.3964,1.3549,83.95K,-1.04%
8/9/2016,1.3462,1.359,1.3649,1.3374,71.70K,-1.16%
8/10/2016,1.3014,1.3576,1.3656,1.2956,91.71K,-3.33%
8/11/2016,1.3617,1.2977,1.3668,1.2817,81.23K,4.63%
8/12/2016,1.3709,1.3571,1.3791,1.3411,59.76K,0.68%
8/15/2016,1.4007,1.3759,1.404,1.3541,54.75K,2.17%
8/16/2016,1.4226,1.395,1.4267,1.388,65.97K,1.56%
8/17/2016,1.4505,1.4053,1.4556,1.39,77.24K,1.96%
8/18/2016,1.4897,1.4515,1.4923,1.4428,49.26K,2.70%
8/19/2016,1.5129,1.4905,1.5158,1.4714,48.64K,1.56%
8/22/2016,1.4842,1.5087,1.5087,1.4679,36.62K,-1.90%
8/23/2016,1.4988,1.4803,1.506,1.4546,36.57K,0.98%
8/24/2016,1.5096,1.4894,1.5233,1.4791,42.25K,0.72%
8/25/2016,1.5114,1.4944,1.5165,1.473,34.62K,0.12%
8/26/2016,1.5128,1.51,1.5257,1.4912,33.43K,0.09%
8/29/2016,1.4669,1.5043,1.5055,1.4636,23.30K,-3.03%
8/30/2016,1.4483,1.4688,1.4762,1.4334,21.78K,-1.27%
8/31/2016,1.4122,1.4415,1.4469,1.4023,8.18K,-2.49%
9/1/2016,1.2724,1.3375,1.3442,1.2668,66.43K,-9.90%
9/2/2016,1.3016,1.281,1.3085,1.276,59.87K,2.29%
9/4/2016,1.2897,1.2891,1.2938,1.2876,,-0.91%
9/5/2016,1.314,1.2898,1.3614,1.2873,,1.88%
9/6/2016,1.3164,1.2892,1.3621,1.2855,72.69K,0.18%
9/7/2016,1.3464,1.3146,1.3626,1.313,69.57K,2.28%
9/8/2016,1.4165,1.3623,1.4227,1.3597,81.89K,5.21%
9/9/2016,1.3611,1.4033,1.4056,1.3562,72.67K,-3.91%
9/12/2016,1.3899,1.3593,1.4013,1.3507,87.23K,2.12%
9/13/2016,1.3765,1.3867,1.4128,1.3573,99.85K,-0.96%
9/14/2016,1.3615,1.3777,1.3875,1.3374,87.10K,-1.09%
9/15/2016,1.4302,1.3652,1.4433,1.361,97.17K,5.05%
9/16/2016,1.4616,1.42,1.4788,1.4183,111.20K,2.20%
9/19/2016,1.4208,1.47,1.4779,1.4159,70.88K,-2.79%
9/20/2016,1.3646,1.4164,1.4216,1.3392,69.43K,-3.96%
9/21/2016,1.399,1.3791,1.4061,1.375,48.96K,2.52%
9/22/2016,1.4018,1.4021,1.418,1.3879,48.69K,0.20%
9/23/2016,1.3769,1.3932,1.4145,1.3635,42.23K,-1.78%
9/26/2016,1.4024,1.379,1.4205,1.3702,36.18K,1.85%
9/27/2016,1.3937,1.3986,1.4118,1.3655,41.62K,-0.62%
9/28/2016,1.4777,1.4082,1.4867,1.392,34.04K,6.03%
9/29/2016,1.4668,1.4765,1.4855,1.4489,21.91K,-0.74%
9/30/2016,1.4874,1.4728,1.4942,1.4434,21.91K,1.40%
10/3/2016,1.4705,1.459,1.4755,1.4421,52.43K,-1.14%
10/4/2016,1.4996,1.472,1.5063,1.4621,77.36K,1.98%
10/5/2016,1.4928,1.5016,1.5163,1.4815,73.78K,-0.45%
10/6/2016,1.4978,1.4854,1.5035,1.4672,54.47K,0.33%
10/7/2016,1.4818,1.504,1.5062,1.4701,76.14K,-1.07%
10/10/2016,1.4972,1.478,1.5107,1.465,59.80K,1.04%
10/11/2016,1.4829,1.4892,1.5074,1.4708,63.86K,-0.96%
10/12/2016,1.4619,1.4899,1.491,1.4534,55.79K,-1.42%
10/13/2016,1.4818,1.46,1.4844,1.448,68.47K,1.36%
10/14/2016,1.4936,1.48,1.5001,1.4699,52.10K,0.80%
10/17/2016,1.4924,1.4995,1.5072,1.4768,58.81K,-0.08%
10/18/2016,1.5057,1.5001,1.5185,1.4925,42.16K,0.89%
10/19/2016,1.5136,1.5018,1.5191,1.499,49.06K,0.52%
10/20/2016,1.4937,1.5136,1.5155,1.4755,40.65K,-1.31%
10/21/2016,1.5314,1.4962,1.537,1.4898,46.12K,2.52%
10/24/2016,1.5038,1.5329,1.5348,1.4849,33.39K,-1.80%
10/25/2016,1.5005,1.5001,1.5185,1.4779,34.47K,-0.22%
10/26/2016,1.4831,1.482,1.4957,1.4601,37.97K,-1.16%
10/27/2016,1.4871,1.4879,1.4985,1.4695,34.36K,0.27%
10/28/2016,1.4691,1.4858,1.4984,1.4593,32.13K,-1.21%
10/31/2016,1.4495,1.4642,1.4712,1.4308,10.98K,-1.33%
11/1/2016,1.4841,1.44,1.6351,1.44,185.79K,2.39%
11/2/2016,1.4479,1.4837,1.4864,1.4318,88.28K,-2.44%
11/3/2016,1.4245,1.4496,1.4667,1.4144,70.57K,-1.62%
11/4/2016,1.3786,1.4206,1.4227,1.3676,86.32K,-3.22%
11/7/2016,1.371,1.41,1.4148,1.3561,73.06K,-0.55%
11/8/2016,1.3692,1.37,1.3779,1.3512,75.53K,-0.13%
11/9/2016,1.3572,1.37,1.3832,1.3333,71.62K,-0.88%
11/10/2016,1.3377,1.3598,1.3756,1.3323,68.14K,-1.44%
11/11/2016,1.3053,1.3369,1.35,1.2961,68.12K,-2.42%
11/14/2016,1.2778,1.3009,1.3057,1.2681,54.21K,-2.11%
11/15/2016,1.335,1.2834,1.3428,1.2811,58.56K,4.48%
11/16/2016,1.3191,1.334,1.3488,1.3105,56.73K,-1.19%
11/17/2016,1.343,1.3141,1.3572,1.3122,48.98K,1.81%
11/18/2016,1.3391,1.3394,1.3487,1.3205,33.17K,-0.29%
11/21/2016,1.3965,1.3455,1.4141,1.341,36.33K,4.29%
11/22/2016,1.4098,1.3995,1.4304,1.3883,39.65K,0.95%
11/23/2016,1.4217,1.4031,1.4305,1.3938,37.52K,0.84%
11/24/2016,1.4284,1.4244,1.4386,1.4201,,0.47%
11/25/2016,1.3727,1.423,1.439,1.3669,13.91K,-3.90%
11/28/2016,1.4127,1.3695,1.426,1.3512,25.98K,2.91%
11/29/2016,1.3771,1.4127,1.4127,1.3625,32.24K,-2.52%
11/30/2016,1.4908,1.3776,1.5,1.3764,9.66K,8.26%
12/1/2016,1.547,1.4761,1.5732,1.4732,77.19K,3.77%
12/2/2016,1.5591,1.5524,1.5693,1.5152,56.02K,0.78%
12/5/2016,1.5575,1.5581,1.5789,1.5405,47.26K,-0.10%
12/6/2016,1.5359,1.5491,1.5608,1.5291,51.93K,-1.39%
12/7/2016,1.5082,1.5428,1.55,1.503,65.61K,-1.80%
12/8/2016,1.5047,1.5086,1.5149,1.484,56.66K,-0.23%
12/9/2016,1.5073,1.5055,1.5207,1.4988,50.11K,0.17%
12/12/2016,1.543,1.5257,1.591,1.5257,59.13K,2.37%
12/13/2016,1.5507,1.5387,1.5711,1.5261,70.90K,0.50%
12/14/2016,1.5331,1.5305,1.5613,1.5175,49.36K,-1.13%
12/15/2016,1.5421,1.533,1.5517,1.5116,51.13K,0.59%
12/16/2016,1.5571,1.5436,1.5705,1.5279,48.83K,0.97%
12/19/2016,1.5639,1.5601,1.5696,1.5517,38.02K,0.44%
12/20/2016,1.5936,1.566,1.6029,1.5581,32.00K,1.90%
12/21/2016,1.6055,1.6044,1.6133,1.5906,35.03K,0.75%
12/22/2016,1.604,1.6005,1.6062,1.578,33.08K,-0.09%
12/23/2016,1.6262,1.5993,1.6323,1.5747,23.91K,1.38%
12/26/2016,1.6267,1.6252,1.6307,1.6252,,0.03%
12/27/2016,1.6528,1.6183,1.6738,1.6175,38.01K,1.60%
12/28/2016,1.6746,1.6517,1.684,1.6478,27.11K,1.32%
12/29/2016,1.682,1.6791,1.7038,1.6667,20.32K,0.44%
12/30/2016,1.6651,1.6763,1.681,1.6592,,-1.00%
1/2/2017,1.6782,1.6722,1.6835,1.6722,,0.79%
1/3/2017,1.6218,1.674,1.7095,1.6169,67.23K,-3.36%
1/4/2017,1.6459,1.6322,1.648,1.6185,46.15K,1.49%
1/5/2017,1.6377,1.6403,1.6561,1.612,56.86K,-0.50%
1/6/2017,1.634,1.6391,1.6583,1.6239,68.25K,-0.23%
1/9/2017,1.5707,1.6297,1.6337,1.5667,70.92K,-3.87%
1/10/2017,1.5467,1.5698,1.5891,1.541,65.28K,-1.53%
1/11/2017,1.5929,1.5574,1.616,1.5494,76.52K,2.99%
1/12/2017,1.6108,1.5958,1.6337,1.5925,62.58K,1.12%
1/13/2017,1.6117,1.6158,1.6214,1.598,54.36K,0.06%
1/15/2017,1.6109,1.6112,1.6124,1.6082,,-0.05%
1/16/2017,1.6218,1.6107,1.6243,1.6051,,0.68%
1/17/2017,1.6004,1.6087,1.6624,1.599,72.27K,-1.32%
1/18/2017,1.5487,1.6026,1.613,1.54,57.33K,-3.23%
1/19/2017,1.5345,1.5416,1.5578,1.5263,37.35K,-0.92%
1/20/2017,1.566,1.5455,1.5794,1.5354,34.60K,2.05%
1/23/2017,1.5667,1.5645,1.5768,1.5414,28.56K,0.04%
1/24/2017,1.5759,1.5747,1.5931,1.556,43.16K,0.59%
1/25/2017,1.5238,1.5598,1.5643,1.5156,34.54K,-3.31%
1/26/2017,1.5427,1.5315,1.551,1.5041,25.95K,1.24%
1/27/2017,1.5271,1.533,1.5486,1.5171,25.61K,-1.01%
1/30/2017,1.5055,1.5222,1.527,1.4991,22.18K,-1.41%
1/31/2017,1.5256,1.5041,1.5513,1.5024,5.65K,1.34%
2/1/2017,1.5791,1.5565,1.5858,1.5457,87.17K,3.51%
2/2/2017,1.5329,1.5799,1.5919,1.5305,75.70K,-2.93%
2/3/2017,1.5537,1.536,1.5643,1.5192,74.53K,1.36%
2/6/2017,1.5103,1.555,1.5708,1.5051,83.42K,-2.79%
2/7/2017,1.4875,1.5139,1.5162,1.4716,82.51K,-1.51%
2/8/2017,1.5527,1.472,1.5594,1.465,125.81K,4.38%
2/9/2017,1.5702,1.551,1.5811,1.5471,97.85K,1.13%
2/10/2017,1.5896,1.5703,1.6134,1.569,72.86K,1.24%
2/13/2017,1.5446,1.5895,1.6031,1.5399,71.32K,-2.83%
2/14/2017,1.5467,1.545,1.5759,1.5339,63.99K,0.14%
2/15/2017,1.5479,1.5424,1.5603,1.5348,51.16K,0.08%
2/16/2017,1.5247,1.5488,1.557,1.5106,52.09K,-1.50%
2/17/2017,1.5166,1.523,1.525,1.4857,51.84K,-0.53%
2/19/2017,1.5175,1.5154,1.5229,1.5154,,0.06%
2/20/2017,1.5038,1.5175,1.5295,1.4979,,-0.90%
2/21/2017,1.494,1.5152,1.533,1.4875,47.43K,-0.65%
2/22/2017,1.5133,1.4965,1.5236,1.4838,35.12K,1.29%
2/23/2017,1.5286,1.5219,1.5586,1.5159,43.39K,1.01%
2/24/2017,1.5148,1.5239,1.525,1.4945,30.44K,-0.90%
2/27/2017,1.5327,1.5111,1.542,1.5107,31.64K,1.18%
2/28/2017,1.512,1.5305,1.5327,1.4734,10.44K,-1.35%
3/1/2017,1.678,1.7101,1.7257,1.665,75.15K,10.98%
3/2/2017,1.6433,1.665,1.673,1.6266,89.59K,-2.07%
3/3/2017,1.6531,1.6424,1.6591,1.639,63.67K,0.60%
3/6/2017,1.6723,1.6544,1.6845,1.6361,62.22K,1.16%
3/7/2017,1.6798,1.6796,1.7043,1.6748,72.94K,0.45%
3/8/2017,1.6526,1.6998,1.7072,1.6435,108.98K,-1.62%
3/9/2017,1.6243,1.6471,1.667,1.6067,102.10K,-1.71%
3/10/2017,1.6001,1.625,1.6429,1.5905,68.50K,-1.49%
3/13/2017,1.5807,1.5946,1.5947,1.5742,61.89K,-1.21%
3/14/2017,1.5835,1.5802,1.603,1.5623,64.83K,0.18%
3/15/2017,1.5834,1.6029,1.6108,1.5781,62.86K,-0.01%
3/16/2017,1.5942,1.5895,1.61,1.579,47.78K,0.68%
3/17/2017,1.5989,1.5919,1.6094,1.586,44.08K,0.29%
3/20/2017,1.6113,1.598,1.6248,1.581,41.35K,0.78%
3/21/2017,1.6052,1.6125,1.635,1.5988,33.66K,-0.38%
3/22/2017,1.6019,1.6112,1.6121,1.5835,38.07K,-0.21%
3/23/2017,1.5896,1.6019,1.6094,1.5784,24.46K,-0.77%
3/24/2017,1.6048,1.5878,1.6138,1.5809,29.39K,0.96%
3/27/2017,1.6189,1.6109,1.62,1.59,29.06K,0.88%
3/28/2017,1.6349,1.6175,1.655,1.6137,31.47K,0.99%
3/29/2017,1.672,1.631,1.6749,1.6283,25.51K,2.27%
3/30/2017,1.6812,1.67,1.6919,1.6646,15.67K,0.55%
3/31/2017,1.7001,1.689,1.7054,1.6651,,1.12%
4/3/2017,1.6937,1.7007,1.715,1.6893,66.64K,-0.38%
4/4/2017,1.7217,1.695,1.7283,1.6839,64.25K,1.65%
4/5/2017,1.7153,1.7269,1.7374,1.7041,73.02K,-0.37%
4/6/2017,1.7296,1.7144,1.732,1.7087,60.60K,0.83%
4/7/2017,1.7462,1.7303,1.766,1.7154,68.38K,0.96%
4/10/2017,1.7581,1.7466,1.7615,1.744,52.05K,0.68%
4/11/2017,1.7577,1.7617,1.7652,1.7364,73.59K,-0.02%
4/12/2017,1.7417,1.7639,1.771,1.7323,74.74K,-0.91%
4/13/2017,1.7349,1.7397,1.7449,1.7218,61.48K,-0.39%
4/17/2017,1.7196,1.7333,1.7413,1.7175,44.33K,-0.88%
4/18/2017,1.711,1.7229,1.7234,1.6928,51.93K,-0.50%
4/19/2017,1.659,1.7016,1.7123,1.65,40.46K,-3.04%
4/20/2017,1.6705,1.662,1.6787,1.6571,42.26K,0.69%
4/21/2017,1.6445,1.6683,1.682,1.639,35.21K,-1.56%
4/24/2017,1.6214,1.6416,1.6554,1.6197,34.44K,-1.40%
4/25/2017,1.623,1.6215,1.631,1.6003,42.98K,0.10%
4/26/2017,1.5903,1.6045,1.6166,1.578,28.30K,-2.01%
4/27/2017,1.55,1.5793,1.5819,1.539,23.16K,-2.53%
4/28/2017,1.548,1.5553,1.5831,1.5382,9.03K,-0.13%
5/1/2017,1.5272,1.5481,1.5547,1.5142,61.02K,-1.34%
5/2/2017,1.5136,1.5245,1.553,1.5075,80.93K,-0.89%
5/3/2017,1.5338,1.5387,1.546,1.5086,80.75K,1.33%
5/4/2017,1.4812,1.5264,1.5299,1.4683,89.66K,-3.43%
5/5/2017,1.5046,1.4825,1.5141,1.45,67.87K,1.58%
5/8/2017,1.5178,1.5065,1.5288,1.5006,64.55K,0.88%
5/9/2017,1.4895,1.5234,1.5296,1.4835,61.66K,-1.86%
5/10/2017,1.5396,1.4849,1.5523,1.4805,87.27K,3.36%
5/11/2017,1.5622,1.5439,1.5709,1.5422,73.09K,1.47%
5/12/2017,1.5761,1.567,1.5839,1.5574,65.86K,0.89%
5/15/2017,1.5954,1.5785,1.6186,1.5777,55.89K,1.22%
5/16/2017,1.6043,1.596,1.615,1.5898,65.62K,0.56%
5/17/2017,1.6027,1.5928,1.6197,1.5846,74.47K,-0.10%
5/18/2017,1.6063,1.5982,1.6172,1.5597,47.11K,0.22%
5/19/2017,1.6523,1.6073,1.6544,1.606,51.14K,2.86%
5/22/2017,1.6626,1.6549,1.6679,1.6487,32.02K,0.62%
5/23/2017,1.6614,1.6629,1.6691,1.6434,40.68K,-0.07%
5/24/2017,1.6526,1.6685,1.675,1.641,38.70K,-0.53%
5/25/2017,1.6093,1.6548,1.6695,1.5973,36.89K,-2.62%
5/26/2017,1.6426,1.6105,1.6479,1.6003,39.41K,2.07%
5/28/2017,1.628,1.6313,1.6316,1.6263,,-0.89%
5/29/2017,1.6305,1.6282,1.6441,1.6184,,0.15%
5/30/2017,1.6389,1.6416,1.66,1.6226,26.83K,0.52%
5/31/2017,1.6122,1.64,1.6402,1.589,7.77K,-1.63%
6/1/2017,1.6014,1.6051,1.6225,1.5885,79.19K,-0.67%
6/2/2017,1.5771,1.5921,1.596,1.5545,67.00K,-1.52%
6/5/2017,1.5381,1.577,1.5905,1.5357,74.49K,-2.47%
6/6/2017,1.5545,1.539,1.5574,1.522,90.72K,1.07%
6/7/2017,1.4913,1.5288,1.541,1.4873,98.62K,-4.07%
6/8/2017,1.4919,1.5023,1.5163,1.4854,69.67K,0.04%
6/9/2017,1.5017,1.4919,1.5135,1.4782,64.71K,0.66%
6/12/2017,1.488,1.5017,1.5241,1.4834,71.65K,-0.91%
6/13/2017,1.4995,1.4877,1.5067,1.4746,70.20K,0.77%
6/14/2017,1.4327,1.4856,1.499,1.4292,99.10K,-4.45%
6/15/2017,1.4357,1.432,1.4425,1.4101,88.86K,0.21%
6/16/2017,1.4548,1.44,1.4615,1.4369,58.86K,1.33%
6/19/2017,1.4506,1.4523,1.4716,1.446,60.15K,-0.29%
6/20/2017,1.424,1.4486,1.4571,1.4165,36.91K,-1.83%
6/21/2017,1.4105,1.4228,1.445,1.3955,52.01K,-0.95%
6/22/2017,1.4345,1.4112,1.4472,1.4035,43.13K,1.70%
6/23/2017,1.4341,1.4369,1.4454,1.4271,40.50K,-0.03%
6/26/2017,1.4387,1.4352,1.448,1.4121,32.94K,0.32%
6/27/2017,1.4598,1.4523,1.4688,1.4494,3.07K,1.47%
6/28/2017,1.4833,1.4455,1.4891,1.4449,1.25K,1.61%
6/29/2017,1.4856,1.4942,1.5022,1.4887,0.12K,0.16%
6/30/2017,1.5137,1.4811,1.515,1.4774,2.84K,1.89%
7/3/2017,1.5348,1.5046,1.539,1.5035,2.81K,1.39%
7/4/2017,1.5287,1.5265,1.5375,1.5235,0.75K,-0.40%
7/5/2017,1.5024,1.532,1.532,1.4924,2.50K,-1.72%
7/6/2017,1.5287,1.523,1.5405,1.5099,3.99K,1.75%
7/7/2017,1.4984,1.5019,1.5056,1.4759,2.71K,-1.98%
7/10/2017,1.5007,1.4998,1.5127,1.4775,2.34K,0.15%
7/11/2017,1.5183,1.5,1.5291,1.4798,4.16K,1.17%
7/12/2017,1.5208,1.534,1.5443,1.5172,4.67K,0.16%
7/13/2017,1.5261,1.5047,1.538,1.5029,2.86K,0.35%
7/14/2017,1.5605,1.5249,1.5631,1.5249,3.94K,2.25%
7/17/2017,1.5567,1.5618,1.5711,1.5575,3.45K,-0.24%
7/18/2017,1.5789,1.5549,1.5912,1.5549,4.51K,1.43%
7/19/2017,1.6169,1.5851,1.6177,1.5851,3.06K,2.41%
7/20/2017,1.6062,1.6138,1.6331,1.6032,3.30K,-0.66%
7/21/2017,1.5633,1.6087,1.6122,1.5562,1.83K,-2.67%
7/24/2017,1.5568,1.5509,1.5707,1.5503,2.19K,-0.42%
7/25/2017,1.5962,1.5568,1.6057,1.5568,2.29K,2.53%
7/26/2017,1.6173,1.5997,1.6191,1.5818,2.06K,1.32%
7/27/2017,1.6446,1.6135,1.6478,1.6123,1.68K,1.69%
7/28/2017,1.6761,1.642,1.6741,1.642,0.24K,1.92%
7/31/2017,1.6766,1.6708,1.6769,1.6504,2.71K,0.03%
8/1/2017,1.6613,1.6794,1.68,1.64,2.40K,-0.91%
8/2/2017,1.6448,1.651,1.664,1.6298,5.03K,-0.99%
8/3/2017,1.6319,1.6289,1.6547,1.6281,2.83K,-0.78%
8/4/2017,1.6463,1.6268,1.6504,1.6267,1.65K,0.88%
8/7/2017,1.6299,1.6323,1.6329,1.6063,2.72K,-1.00%
8/8/2017,1.6208,1.621,1.6325,1.5982,3.30K,-0.56%
8/9/2017,1.62,1.6,1.6235,1.6,1.93K,-0.05%
8/10/2017,1.6028,1.623,1.6489,1.5961,1.63K,-1.06%
8/11/2017,1.5179,1.4991,1.5225,1.4991,3.62K,-5.30%
8/14/2017,1.486,1.5169,1.5247,1.4855,2.01K,-2.10%
8/15/2017,1.4901,1.484,1.4929,1.4743,2.35K,0.28%
8/16/2017,1.4733,1.4984,1.501,1.4694,2.72K,-1.13%
8/17/2017,1.4949,1.4738,1.4989,1.4505,4.26K,1.47%
8/18/2017,1.5331,1.5071,1.5403,1.4901,2.96K,2.56%
8/21/2017,1.4961,1.5217,1.5245,1.4865,4.06K,-2.41%
8/22/2017,1.5015,1.505,1.5142,1.4944,3.28K,0.36%
8/23/2017,1.5278,1.4953,1.5321,1.4941,3.41K,1.75%
8/24/2017,1.5481,1.5455,1.5569,1.5327,12.21K,1.33%
8/25/2017,1.5408,1.5898,1.595,1.5278,11.45K,-0.47%
8/28/2017,1.5713,1.6124,1.6124,1.5649,4.33K,1.98%
8/29/2017,1.7833,1.7269,1.8003,1.6966,1.16K,13.49%
8/30/2017,1.8847,1.84,1.9128,1.839,0.35K,5.69%
8/31/2017,1.7792,1.67,1.7786,1.6612,4.07K,-5.60%
9/1/2017,1.7479,1.7731,1.7734,1.6972,3.37K,-1.76%
9/4/2017,1.6915,1.7156,1.7156,1.658,0.66K,-3.23%
9/5/2017,1.6991,1.6748,1.7001,1.6711,0.92K,0.45%
9/6/2017,1.6733,1.6766,1.6793,1.6469,1.99K,-1.52%
9/7/2017,1.661,1.6669,1.685,1.645,1.06K,-0.74%
9/8/2017,1.6476,1.6683,1.6711,1.64,0.80K,-0.81%
9/11/2017,1.6345,1.6426,1.6426,1.6031,0.99K,-0.80%
9/12/2017,1.6563,1.6315,1.658,1.6315,1.52K,1.33%
9/13/2017,1.6473,1.6538,1.671,1.6425,2.10K,-0.54%
9/14/2017,1.6287,1.6754,1.6585,1.6243,3.01K,-1.13%
9/15/2017,1.6617,1.6213,1.6656,1.621,2.91K,2.03%
9/18/2017,1.6686,1.665,1.6772,1.6542,1.61K,0.42%
9/19/2017,1.655,1.6654,1.6718,1.6425,2.23K,-0.82%
9/20/2017,1.6551,1.6624,1.665,1.6443,2.66K,0.01%
9/21/2017,1.6438,1.6455,1.6539,1.621,2.21K,-0.68%
9/22/2017,1.6684,1.6546,1.6693,1.6467,1.63K,1.50%
9/25/2017,1.722,1.6686,1.7298,1.6656,4.44K,3.21%
9/26/2017,1.6988,1.7435,1.7435,1.6825,5.19K,-1.35%
9/27/2017,1.654,1.692,1.6934,1.6415,3.79K,-2.64%
9/28/2017,1.6318,1.6343,1.643,1.6303,0.42K,-1.34%
9/29/2017,1.591,1.6156,1.6232,1.5847,1.93K,-2.50%
10/2/2017,1.5553,1.5909,1.5909,1.5425,1.27K,-2.24%
10/3/2017,1.5655,1.5564,1.5677,1.5418,1.39K,0.66%
10/4/2017,1.5805,1.548,1.5889,1.547,2.52K,0.96%
10/5/2017,1.6114,1.588,1.6315,1.5873,2.44K,1.96%
10/6/2017,1.5588,1.6267,1.6279,1.5501,2.40K,-3.26%
10/9/2017,1.5594,1.5441,1.5649,1.5366,1.67K,0.04%
10/10/2017,1.5915,1.561,1.5962,1.561,2.00K,2.06%
10/11/2017,1.5885,1.585,1.5894,1.5711,4.70K,-0.19%
10/12/2017,1.5645,1.5759,1.5788,1.5555,4.44K,-1.51%
10/13/2017,1.6008,1.5892,1.605,1.5781,3.29K,2.32%
10/16/2017,1.5994,1.6055,1.6225,1.5979,2.53K,-0.09%
10/17/2017,1.6123,1.6011,1.6193,1.5964,2.42K,0.81%
10/18/2017,1.619,1.6169,1.6278,1.6038,2.64K,0.42%
10/19/2017,1.6154,1.6277,1.6295,1.6013,3.06K,-0.22%
10/20/2017,1.6435,1.6014,1.644,1.5992,3.43K,1.74%
10/23/2017,1.639,1.6522,1.6522,1.6342,3.42K,-0.27%
10/24/2017,1.6734,1.6282,1.6881,1.6282,4.04K,2.10%
10/25/2017,1.6861,1.6845,1.6892,1.66,6.86K,0.76%
10/26/2017,1.7017,1.6765,1.7067,1.6663,4.47K,0.93%
10/27/2017,1.7174,1.7009,1.7227,1.6845,3.20K,0.92%
10/30/2017,1.7132,1.7203,1.7281,1.7034,4.70K,-0.24%
10/31/2017,1.7125,1.6868,1.7244,1.6839,3.30K,-0.04%
11/1/2017,1.7149,1.7304,1.7433,1.7076,3.96K,0.14%
11/2/2017,1.7347,1.7122,1.7466,1.7122,6.52K,1.15%
11/3/2017,1.756,1.7469,1.7575,1.7304,4.62K,1.23%
11/6/2017,1.8017,1.761,1.8031,1.7539,3.43K,2.60%
11/7/2017,1.7933,1.7918,1.799,1.7803,4.55K,-0.47%
11/8/2017,1.7968,1.7798,1.8139,1.7755,4.71K,0.20%
11/9/2017,1.8015,1.7975,1.8101,1.7888,3.50K,0.26%
11/10/2017,1.7961,1.7949,1.8101,1.7911,3.73K,-0.30%
11/13/2017,1.7832,1.8044,1.8051,1.7769,3.67K,-0.72%
11/14/2017,1.7531,1.7778,1.7778,1.7267,3.71K,-1.69%
11/15/2017,1.733,1.7337,1.7437,1.7219,4.44K,-1.15%
11/16/2017,1.7117,1.7331,1.7335,1.7115,4.12K,-1.23%
11/17/2017,1.7442,1.7174,1.7487,1.7174,2.23K,1.90%
11/20/2017,1.7378,1.7265,1.7414,1.718,2.32K,-0.37%
11/21/2017,1.7649,1.743,1.7646,1.7368,2.60K,1.56%
11/22/2017,1.7619,1.7752,1.776,1.7552,2.33K,-0.17%
11/23/2017,1.7738,1.7631,1.7723,1.7558,0.41K,0.68%
11/24/2017,1.7809,1.7702,1.7828,1.7666,1.08K,0.40%
11/27/2017,1.7851,1.7768,1.7933,1.7695,2.57K,0.24%
11/28/2017,1.7686,1.7799,1.7822,1.7597,2.83K,-0.92%
11/29/2017,1.7339,1.758,1.7753,1.7289,6.42K,-1.96%
11/30/2017,1.7412,1.748,1.767,1.731,4.79K,0.42%
12/1/2017,1.7558,1.7555,1.7822,1.7508,4.35K,0.84%
12/4/2017,1.7092,1.7406,1.7406,1.7084,3.75K,-2.65%
12/5/2017,1.7337,1.711,1.7435,1.7109,4.01K,1.43%
12/6/2017,1.6799,1.7104,1.7176,1.6832,3.81K,-3.10%
12/7/2017,1.7148,1.6851,1.7135,1.6851,3.27K,2.08%
12/8/2017,1.7308,1.7103,1.744,1.7103,2.99K,0.93%
12/11/2017,1.7426,1.7231,1.7522,1.7231,4.22K,0.68%
12/12/2017,1.7129,1.768,1.769,1.7205,4.00K,-1.70%
12/13/2017,1.6646,1.7223,1.7254,1.6627,4.93K,-2.82%
12/14/2017,1.6875,1.6745,1.6971,1.6672,4.04K,1.38%
12/15/2017,1.6725,1.6971,1.6971,1.6721,5.15K,-0.89%
12/18/2017,1.688,1.6863,1.7002,1.6812,3.24K,0.93%
12/19/2017,1.7109,1.6932,1.7089,1.6932,5.41K,1.36%
12/20/2017,1.7447,1.7169,1.7481,1.715,8.29K,1.98%
12/21/2017,1.7555,1.7432,1.7586,1.7372,3.78K,0.62%
12/22/2017,1.7668,1.747,1.7664,1.7402,3.75K,0.64%
12/26/2017,1.7928,1.7536,1.8139,1.7536,2.47K,1.47%
12/27/2017,1.7953,1.7777,1.7964,1.765,2.58K,0.14%
12/28/2017,1.7946,1.794,1.7957,1.7839,3.31K,-0.04%
12/29/2017,1.8133,1.8135,1.8191,1.8068,1.48K,1.04%
1/1/2018,1.7969,1.7939,1.7995,1.7892,,-0.90%
1/2/2018,1.7848,1.8202,1.8202,1.7832,3.97K,-0.67%
1/3/2018,1.8185,1.7941,1.8192,1.7941,7.06K,1.89%
1/4/2018,1.827,1.829,1.8299,1.8005,7.17K,0.47%
1/5/2018,1.8077,1.8136,1.8226,1.8049,4.86K,-1.06%
1/8/2018,1.814,1.8076,1.8173,1.8054,4.55K,0.35%
1/9/2018,1.853,1.8217,1.8616,1.8217,6.39K,2.15%
1/10/2018,1.8518,1.8634,1.8672,1.8413,4.56K,-0.06%
1/11/2018,1.8541,1.8558,1.8743,1.8504,5.78K,0.12%
1/12/2018,1.8656,1.8442,1.8675,1.842,3.46K,0.62%
1/15/2018,1.8746,1.8673,1.8742,1.858,0.85K,0.48%
1/16/2018,1.8529,1.8652,1.8701,1.8466,2.31K,-1.16%
1/17/2018,1.8691,1.8543,1.8743,1.8534,2.45K,0.87%
1/18/2018,1.8877,1.8716,1.8892,1.8609,4.57K,1.00%
1/19/2018,1.8647,1.8739,1.8792,1.8549,3.55K,-1.22%
1/22/2018,1.8801,1.8753,1.8875,1.8621,2.32K,0.83%
1/23/2018,1.9075,1.8904,1.9137,1.8843,2.57K,1.46%
1/24/2018,1.9122,1.9007,1.9176,1.8862,3.20K,0.25%
1/25/2018,1.9089,1.922,1.925,1.9044,3.92K,-0.17%
1/26/2018,1.9263,1.9052,1.9392,1.8996,2.70K,0.91%
1/29/2018,1.916,1.9217,1.9228,1.9044,2.11K,-0.53%
1/30/2018,1.8707,1.9162,1.9162,1.8552,12.88K,-2.36%
1/31/2018,2.0646,2.0259,2.0674,2.0259,5.20K,10.37%
2/1/2018,2.0736,2.0664,2.0799,2.0593,5.22K,0.44%
2/2/2018,2.0494,2.076,2.076,2.0263,4.48K,-1.17%
2/5/2018,2.0229,2.0374,2.0514,2.0095,7.14K,-1.29%
2/6/2018,1.9903,2.0027,2.0097,1.989,4.01K,-1.61%
2/7/2018,1.9485,1.9937,2.0059,1.939,5.18K,-2.10%
2/8/2018,1.9402,1.9494,1.9512,1.9248,5.22K,-0.43%
2/9/2018,1.8788,1.94,1.94,1.8528,5.66K,-3.16%
2/12/2018,1.8624,1.8832,1.9107,1.8588,3.08K,-0.87%
2/13/2018,1.8662,1.8645,1.8734,1.8395,7.09K,0.20%
2/14/2018,1.896,1.8488,1.9061,1.8396,8.74K,1.60%
2/15/2018,1.9143,1.9093,1.921,1.8792,5.63K,0.97%
2/16/2018,1.932,1.922,1.9377,1.9086,4.90K,0.92%
2/19/2018,1.9614,1.9403,1.9621,1.9346,1.00K,1.52%
2/20/2018,1.9346,1.9566,1.9585,1.929,3.59K,-1.37%
2/21/2018,1.9446,1.9255,1.9454,1.9154,2.99K,0.52%
2/22/2018,1.9607,1.9316,1.9693,1.9262,3.84K,0.83%
2/23/2018,1.9896,1.9647,1.9932,1.9467,3.45K,1.47%
2/26/2018,2.0028,1.9915,2.0107,1.9809,2.47K,0.66%
2/27/2018,1.9843,1.9981,2.0047,1.9764,4.32K,-0.92%
2/28/2018,1.9393,1.9866,1.9973,1.9367,5.50K,-2.27%
3/1/2018,1.9107,1.9407,1.948,1.8944,7.41K,-1.47%
3/2/2018,1.9147,1.9025,1.926,1.8721,8.45K,0.21%
3/5/2018,1.9475,1.9225,1.9501,1.8989,5.57K,1.71%
3/6/2018,1.9475,1.9505,1.9571,1.9311,4.92K,0.00%
3/7/2018,1.922,1.9453,1.9595,1.9115,9.10K,-1.31%
3/8/2018,1.8828,1.9286,1.9303,1.8804,11.07K,-2.04%
3/9/2018,1.9182,1.8892,1.9275,1.8846,8.15K,1.88%
3/12/2018,1.9086,1.9133,1.915,1.8805,5.40K,-0.50%
3/13/2018,1.9,1.9056,1.9209,1.8734,6.54K,-0.45%
3/14/2018,1.933,1.9034,1.9338,1.8968,6.13K,1.74%
3/15/2018,1.9345,1.9313,1.9444,1.9197,4.60K,0.08%
3/16/2018,1.9573,1.9323,1.9649,1.92,5.75K,1.18%
3/19/2018,1.9375,1.9498,1.9621,1.9319,6.46K,-1.01%
3/20/2018,1.9751,1.9412,1.988,1.9412,5.35K,1.94%
3/21/2018,2.0222,1.983,2.0299,1.9768,6.21K,2.38%
3/22/2018,2.0179,2.0239,2.0239,1.9982,7.89K,-0.21%
3/23/2018,2.0415,2.0231,2.0512,2.0163,5.33K,1.17%
3/26/2018,2.0203,2.0429,2.0508,2.0132,6.08K,-1.04%
3/27/2018,2.021,2.022,2.0424,2.0064,3.52K,0.03%
3/28/2018,2.0192,2.0204,2.034,2.0014,6.67K,-0.09%
3/29/2018,2.025,2.026,2.0404,2.013,3.81K,0.29%
4/2/2018,1.9714,2.0322,2.0383,1.9687,6.90K,-2.65%
4/3/2018,1.979,1.9794,2.0005,1.9741,5.81K,0.39%
4/4/2018,1.9799,1.9705,1.9877,1.9422,9.77K,0.05%
4/5/2018,1.9857,1.9887,1.994,1.967,8.81K,0.29%
4/6/2018,1.9585,1.9752,1.9903,1.9432,9.05K,-1.37%
4/9/2018,1.9871,1.957,1.9935,1.9562,9.58K,1.46%
4/10/2018,2.0418,1.9982,2.046,1.9982,8.70K,2.75%
4/11/2018,2.0691,2.0375,2.0799,2.0164,8.74K,1.34%
4/12/2018,2.0571,2.072,2.072,2.0421,6.96K,-0.58%
4/13/2018,2.0686,2.0529,2.0725,2.0387,5.08K,0.56%
4/16/2018,2.0444,2.0681,2.0681,2.0357,3.89K,-1.17%
4/17/2018,2.0468,2.0506,2.0541,2.0309,5.00K,0.12%
4/18/2018,2.0742,2.0629,2.0831,2.0499,7.28K,1.34%
4/19/2018,2.0828,2.0817,2.0987,2.0729,7.60K,0.41%
4/20/2018,2.0996,2.0927,2.1017,2.0652,4.89K,0.81%
4/23/2018,2.1267,2.0983,2.138,2.0779,5.60K,1.29%
4/24/2018,2.0996,2.1367,2.1376,2.0923,4.99K,-1.27%
4/25/2018,2.0949,2.0939,2.1026,2.075,4.85K,-0.22%
4/26/2018,2.1166,2.1006,2.1194,2.0928,4.27K,1.04%
4/27/2018,2.1279,2.1133,2.1297,2.1085,4.40K,0.53%
4/30/2018,2.1268,2.1082,2.1466,2.0927,4.57K,-0.05%
5/1/2018,2.0857,2.1235,2.1235,2.072,5.29K,-1.93%
5/2/2018,2.0803,2.0861,2.0902,2.0575,6.04K,-0.26%
5/3/2018,2.0875,2.0748,2.0928,2.057,4.49K,0.35%
5/4/2018,2.1156,2.0885,2.1238,2.0816,4.38K,1.35%
5/7/2018,2.1379,2.1183,2.143,2.1159,2.96K,1.05%
5/8/2018,2.1135,2.1215,2.1388,2.0651,6.17K,-1.14%
5/9/2018,2.1678,2.1401,2.1703,2.1401,4.57K,2.57%
5/10/2018,2.187,2.1721,2.1896,2.159,4.59K,0.89%
5/11/2018,2.1856,2.1857,2.1915,2.1777,3.45K,-0.06%
5/14/2018,2.1995,2.1827,2.2032,2.1665,2.44K,0.64%
5/15/2018,2.2045,2.2002,2.2222,2.1879,4.12K,0.23%
5/16/2018,2.2455,2.1995,2.2467,2.1941,4.76K,1.86%
5/17/2018,2.2394,2.2483,2.2731,2.2377,5.49K,-0.27%
5/18/2018,2.2303,2.2442,2.2572,2.2268,4.50K,-0.41%
5/21/2018,2.2524,2.2409,2.2593,2.2221,4.32K,0.99%
5/22/2018,2.2636,2.2549,2.2797,2.2502,4.98K,0.50%
5/23/2018,2.2547,2.2435,2.2571,2.2199,4.82K,-0.39%
5/24/2018,2.2282,2.2451,2.2487,2.2244,3.67K,-1.18%
5/25/2018,2.1743,2.2295,2.2295,2.1642,5.94K,-2.42%
5/28/2018,2.1341,2.1577,2.1587,2.1233,1.07K,-1.85%
5/29/2018,2.1371,2.145,2.1606,2.1251,6.12K,0.14%
5/30/2018,2.1724,2.1297,2.1821,2.1297,5.34K,1.65%
5/31/2018,2.1528,2.1669,2.19,2.1346,7.34K,-0.90%
6/1/2018,2.1353,2.156,2.1632,2.124,4.77K,-0.81%
6/4/2018,2.1116,2.1283,2.1401,2.0992,3.93K,-1.11%
6/5/2018,2.0975,2.1156,2.1187,2.0742,4.59K,-0.67%
6/6/2018,2.0633,2.0871,2.1081,2.0487,7.17K,-1.63%
6/7/2018,2.1042,2.076,2.1094,2.0706,6.96K,1.98%
6/8/2018,2.1035,2.1109,2.1128,2.0855,4.27K,-0.03%
6/11/2018,2.0931,2.0964,2.1025,2.0743,3.47K,-0.49%
6/12/2018,2.0789,2.0937,2.1056,2.0688,5.34K,-0.68%
6/13/2018,2.1109,2.0713,2.1148,2.0605,7.41K,1.54%
6/14/2018,2.0798,2.1099,2.1099,2.0742,4.55K,-1.47%
6/15/2018,2.0114,2.0789,2.0831,2.0023,3.88K,-3.29%
6/18/2018,2.044,2.003,2.0491,1.9944,4.41K,1.62%
6/19/2018,2.0271,2.0355,2.0388,2.0153,7.61K,-0.83%
6/20/2018,2.0112,2.0291,2.0394,1.9928,9.25K,-0.78%
6/21/2018,1.996,2.011,2.0138,1.984,8.79K,-0.76%
6/22/2018,2.0539,2.0124,2.0566,2.0057,7.12K,2.90%
6/25/2018,2.0339,2.0245,2.0442,2.0235,5.41K,-0.97%
6/26/2018,2.0567,2.0333,2.0694,2.0112,8.07K,1.12%
6/27/2018,2.1103,2.0647,2.1178,2.0594,7.51K,2.61%
6/28/2018,2.1055,2.1014,2.1256,2.0976,6.43K,-0.23%
6/29/2018,2.1321,2.0772,2.1379,2.0749,5.64K,1.26%
7/2/2018,2.0862,2.1216,2.1217,2.0841,7.51K,-2.15%
7/3/2018,2.0985,2.0909,2.1153,2.0723,8.94K,0.59%
7/4/2018,2.1116,2.1021,2.1118,2.0945,0.91K,0.62%
7/5/2018,2.1065,2.0959,2.1274,2.0941,6.69K,-0.24%
7/6/2018,2.0893,2.1057,2.1088,2.0755,6.81K,-0.82%
7/9/2018,2.1264,2.0987,2.1323,2.0965,4.44K,1.78%
7/10/2018,2.1396,2.1342,2.1528,2.1266,7.30K,0.62%
7/11/2018,2.0376,2.1313,2.1319,2.0283,10.06K,-4.77%
7/12/2018,2.0468,2.0462,2.0646,2.0184,5.29K,0.45%
7/13/2018,2.0762,2.0465,2.0867,2.0241,7.03K,1.44%
7/16/2018,1.9757,2.0655,2.0721,1.9745,5.83K,-4.84%
7/17/2018,1.9972,1.9835,2.0005,1.9729,5.84K,1.09%
7/18/2018,2.0159,1.9884,2.0269,1.9751,6.68K,0.94%
7/19/2018,2.0135,2.0131,2.0298,1.9896,5.89K,-0.12%
7/20/2018,2.0343,2.0258,2.0471,2.0121,6.22K,1.03%
7/23/2018,2.0528,2.0316,2.0679,2.0251,9.48K,0.91%
7/24/2018,2.0587,2.0491,2.0854,2.049,9.61K,0.29%
7/25/2018,2.0851,2.0768,2.0895,2.0545,7.77K,1.28%
7/26/2018,2.1166,2.0963,2.1206,2.082,7.88K,1.51%
7/27/2018,2.1128,2.1117,2.1361,2.109,7.77K,-0.18%
7/30/2018,2.1132,2.1139,2.1282,2.108,7.40K,0.02%
7/31/2018,1.966,1.992,1.9967,1.9566,9.31K,-6.97%
8/1/2018,1.9283,1.9612,1.9663,1.922,8.09K,-1.92%
8/2/2018,1.9487,1.936,1.9609,1.9073,11.07K,1.06%
8/3/2018,1.9451,1.9449,1.9632,1.931,7.60K,-0.18%
8/6/2018,1.9469,1.9381,1.9653,1.9359,9.43K,0.09%
8/7/2018,1.9827,1.9421,1.9838,1.9421,8.24K,1.84%
8/8/2018,1.908,1.9743,1.9779,1.8955,13.22K,-3.77%
8/9/2018,1.8926,1.9052,1.9147,1.8886,7.72K,-0.81%
8/10/2018,1.9274,1.8953,1.9375,1.8852,6.78K,1.84%
8/13/2018,1.9082,1.9233,1.9295,1.8752,8.95K,-1.00%
8/14/2018,1.9249,1.9175,1.9569,1.916,11.76K,0.88%
8/15/2018,1.8897,1.9208,1.9294,1.8781,7.20K,-1.83%
8/16/2018,1.8853,1.8944,1.8944,1.8687,7.81K,-0.23%
8/17/2018,1.8841,1.8843,1.9073,1.8787,6.85K,-0.06%
8/20/2018,1.9109,1.8834,1.9169,1.8771,8.92K,1.42%
8/21/2018,1.911,1.9138,1.932,1.9075,6.51K,0.01%
8/22/2018,1.9606,1.9153,1.9677,1.9153,5.80K,2.60%
8/23/2018,1.9551,1.9613,1.9623,1.9422,4.17K,-0.28%
8/24/2018,1.9753,1.9646,1.9885,1.964,4.91K,1.03%
8/27/2018,1.9867,1.9735,1.9911,1.9677,2.75K,0.58%
8/28/2018,1.9751,1.9808,1.9985,1.9681,5.24K,-0.58%
8/29/2018,1.9998,1.9732,2.0109,1.9628,6.47K,1.25%
8/30/2018,2.009,2.0028,2.0155,2,4.46K,0.46%
8/31/2018,1.9779,1.9884,2.0005,1.9716,3.88K,-1.55%
9/3/2018,2.0054,1.9788,2.0104,1.9788,2.65K,1.39%
9/4/2018,1.9788,2.0036,2.0375,1.965,6.17K,-1.33%
9/5/2018,1.9524,1.9759,1.9791,1.9442,5.91K,-1.33%
9/6/2018,1.9375,1.9498,1.9686,1.913,4.53K,-0.76%
9/7/2018,1.9501,1.9432,1.9568,1.9201,5.60K,0.65%
9/10/2018,1.9443,1.9616,1.9779,1.942,6.09K,-0.30%
9/11/2018,1.9943,1.947,2.0035,1.947,5.07K,2.57%
9/12/2018,2.0155,2.0005,2.0219,1.9921,4.48K,1.06%
9/13/2018,1.9764,2.0099,2.0131,1.965,4.65K,-1.94%
9/14/2018,1.9591,1.9819,1.9867,1.9488,5.01K,-0.88%
9/17/2018,1.9646,1.9637,1.9904,1.9611,4.83K,0.28%
9/18/2018,1.9927,1.9573,2.0119,1.954,6.33K,1.43%
9/19/2018,2.0085,1.9928,2.0131,1.985,6.17K,0.79%
9/20/2018,2.0013,2.0133,2.0227,1.9944,4.21K,-0.36%
9/21/2018,2.0021,2.0021,2.0371,1.9911,9.25K,0.04%
9/24/2018,2.0421,2.0328,2.0515,2.0258,8.41K,2.00%
9/25/2018,2.0555,2.0447,2.0635,2.0442,10.11K,0.66%
9/26/2018,2.0462,2.0464,2.059,2.0365,12.22K,-0.45%
9/27/2018,2.0689,2.0693,2.073,2.0456,4.90K,1.11%
9/28/2018,2.0757,2.0553,2.0935,2.0517,7.93K,0.33%
10/1/2018,2.1208,2.0801,2.1307,2.0702,7.26K,2.17%
10/2/2018,2.12,2.1228,2.1289,2.1111,8.22K,-0.04%
10/3/2018,2.1351,2.1242,2.1459,2.093,10.58K,0.71%
10/4/2018,2.0965,2.1247,2.1306,2.0801,7.52K,-1.81%
10/5/2018,2.0826,2.1103,2.1116,2.0769,7.02K,-0.66%
10/8/2018,2.0851,2.0647,2.0882,2.0453,9.94K,0.12%
10/9/2018,2.0752,2.0766,2.0939,2.0558,11.68K,-0.47%
10/10/2018,2.0187,2.0715,2.0811,1.9952,8.03K,-2.72%
10/11/2018,1.9314,1.9953,1.9974,1.9243,10.14K,-4.32%
10/12/2018,1.9404,1.9297,1.9788,1.9078,9.09K,0.47%
10/15/2018,1.9431,1.9645,1.9645,1.9157,5.02K,0.14%
10/16/2018,1.9738,1.9439,1.987,1.9298,5.36K,1.58%
10/17/2018,1.9165,1.9838,1.9875,1.9105,5.64K,-2.90%
10/18/2018,1.888,1.9204,1.9204,1.8797,6.21K,-1.49%
10/19/2018,1.9102,1.8931,1.9318,1.8885,5.54K,1.18%
10/22/2018,1.905,1.9059,1.9198,1.876,4.95K,-0.27%
10/23/2018,1.8344,1.9071,1.9071,1.8206,5.69K,-3.71%
10/24/2018,1.8193,1.8339,1.8586,1.7946,7.61K,-0.82%
10/25/2018,1.8104,1.7956,1.8257,1.7928,5.68K,-0.49%
10/26/2018,1.812,1.7995,1.819,1.766,7.05K,0.09%
10/29/2018,1.8209,1.8075,1.8342,1.7925,4.93K,0.49%
10/30/2018,1.8023,1.8085,1.825,1.7873,7.23K,-1.02%
10/31/2018,1.7523,1.8152,1.8311,1.746,7.22K,-2.77%
11/1/2018,1.7145,1.7434,1.7569,1.6899,8.12K,-2.16%
11/2/2018,1.7057,1.7144,1.7253,1.6947,4.38K,-0.51%
11/5/2018,1.6897,1.6968,1.7176,1.676,5.43K,-0.94%
11/6/2018,1.6869,1.6805,1.6977,1.6569,7.20K,-0.17%
11/7/2018,1.6399,1.6778,1.6989,1.6328,8.49K,-2.79%
11/8/2018,1.6358,1.6405,1.6597,1.6268,9.37K,-0.25%
11/9/2018,1.613,1.6354,1.6361,1.5925,7.02K,-1.39%
11/12/2018,1.6269,1.6328,1.6523,1.6027,5.96K,0.86%
11/13/2018,1.5317,1.6096,1.619,1.5165,8.29K,-5.85%
11/14/2018,1.5472,1.5341,1.5745,1.52,7.09K,1.01%
11/15/2018,1.5464,1.5349,1.5705,1.5339,4.54K,-0.05%
11/16/2018,1.5682,1.5472,1.5991,1.5472,6.85K,1.41%
11/19/2018,1.5717,1.5744,1.5834,1.5348,6.45K,0.22%
11/20/2018,1.4792,1.5645,1.5663,1.4627,12.41K,-5.89%
11/21/2018,1.4943,1.4816,1.5253,1.4816,8.60K,1.02%
11/22/2018,1.4713,1.4933,1.4933,1.4644,1.98K,-1.54%
11/23/2018,1.376,1.4689,1.4689,1.3698,6.81K,-6.48%
11/26/2018,1.4232,1.3807,1.4427,1.3807,9.13K,3.43%
11/27/2018,1.404,1.41,1.437,1.3815,12.50K,-1.35%
11/28/2018,1.3784,1.4163,1.43,1.3721,11.58K,-1.82%
11/29/2018,1.4299,1.3857,1.4408,1.354,10.07K,3.74%
11/30/2018,1.4052,1.435,1.4406,1.3856,9.88K,-1.73%
12/3/2018,1.4382,1.4413,1.4807,1.4265,5.13K,2.35%
12/4/2018,1.4492,1.4514,1.4834,1.4279,6.39K,0.76%
12/5/2018,1.4491,1.4308,1.4921,1.4178,5.20K,-0.01%
12/6/2018,1.4333,1.4438,1.4561,1.3793,8.04K,-1.09%
12/7/2018,1.4845,1.4279,1.5167,1.4121,8.65K,3.57%
12/10/2018,1.419,1.4773,1.4859,1.4142,6.71K,-4.41%
12/11/2018,1.4379,1.4284,1.4543,1.415,5.59K,1.33%
12/12/2018,1.4226,1.4514,1.4693,1.4187,8.29K,-1.06%
12/13/2018,1.4799,1.4268,1.4907,1.4116,8.60K,4.03%
12/14/2018,1.4381,1.4698,1.4739,1.4309,6.58K,-2.82%
12/17/2018,1.4128,1.4455,1.4596,1.3948,5.48K,-1.76%
12/18/2018,1.3456,1.4028,1.4039,1.3353,10.57K,-4.76%
12/19/2018,1.3731,1.3533,1.3931,1.3408,9.33K,2.04%
12/20/2018,1.3079,1.3564,1.369,1.3058,11.25K,-4.75%
12/21/2018,1.3061,1.3271,1.3304,1.2804,8.78K,-0.14%
12/24/2018,1.2389,1.296,1.3116,1.2359,5.50K,-5.15%
12/25/2018,1.254,1.2625,1.2651,1.2535,,1.22%
12/26/2018,1.3199,1.2422,1.3383,1.2314,9.29K,5.26%
12/27/2018,1.285,1.3158,1.3268,1.2741,10.03K,-2.64%
12/28/2018,1.3014,1.317,1.3248,1.2743,8.61K,1.28%
12/31/2018,1.312,1.3143,1.3499,1.2866,3.38K,0.81%
1/1/2019,1.3125,1.312,1.3167,1.3118,,0.04%
1/2/2019,1.3347,1.3215,1.386,1.2798,8.11K,1.69%
1/3/2019,1.3587,1.3162,1.3749,1.3131,5.29K,1.80%
1/4/2019,1.3618,1.3448,1.4069,1.3448,5.33K,0.23%
1/7/2019,1.3541,1.3769,1.4081,1.3536,9.69K,-0.57%
1/8/2019,1.375,1.3577,1.3849,1.354,9.98K,1.54%
1/9/2019,1.4386,1.3911,1.4466,1.3844,6.43K,4.63%
1/10/2019,1.4456,1.4307,1.454,1.4227,6.32K,0.49%
1/11/2019,1.4181,1.4348,1.4632,1.4125,8.74K,-1.90%
1/14/2019,1.3818,1.4238,1.4239,1.3793,6.95K,-2.56%
1/15/2019,1.4273,1.3965,1.4315,1.3872,6.16K,3.29%
1/16/2019,1.4328,1.4257,1.4374,1.3939,6.73K,0.39%
1/17/2019,1.4432,1.4267,1.4487,1.3998,5.08K,0.73%
1/18/2019,1.4658,1.4507,1.4787,1.4406,4.60K,1.57%
1/21/2019,1.4629,1.4666,1.47,1.452,1.52K,-0.20%
1/22/2019,1.4158,1.457,1.4592,1.4046,6.22K,-3.22%
1/23/2019,1.4017,1.4151,1.4267,1.3786,9.86K,-1.00%
1/24/2019,1.4035,1.407,1.4155,1.3894,7.83K,0.13%
1/25/2019,1.4047,1.4036,1.4194,1.3912,6.16K,0.09%
1/28/2019,1.3518,1.3986,1.406,1.3419,9.32K,-3.77%
1/29/2019,1.3722,1.3524,1.3998,1.3437,10.73K,1.51%
1/30/2019,1.4026,1.3708,1.4277,1.3651,10.21K,2.22%
1/31/2019,1.5824,1.6214,1.6325,1.5792,5.70K,12.82%
2/1/2019,1.6348,1.5925,1.6378,1.577,6.23K,3.31%
2/4/2019,1.62,1.6395,1.6553,1.5961,5.48K,-0.91%
2/5/2019,1.6111,1.6218,1.634,1.5985,4.52K,-0.55%
2/6/2019,1.638,1.6161,1.6392,1.5869,5.22K,1.67%
2/7/2019,1.6084,1.6312,1.6377,1.5772,7.42K,-1.81%
2/8/2019,1.6248,1.5929,1.6301,1.5905,5.94K,1.02%
2/11/2019,1.6031,1.6093,1.63,1.5893,6.69K,-1.34%
2/12/2019,1.6174,1.6113,1.652,1.6091,9.86K,0.89%
2/13/2019,1.6518,1.6295,1.658,1.6215,10.36K,2.13%
2/14/2019,1.6838,1.6577,1.6883,1.6488,11.74K,1.94%
2/15/2019,1.7382,1.6913,1.6918,1.6813,98.35K,3.23%
2/18/2019,1.7351,1.7436,1.7484,1.7,2.01K,-0.18%
2/19/2019,1.7359,1.7279,1.7417,1.7241,7.25K,0.05%
2/20/2019,1.7644,1.7303,1.7676,1.7216,7.71K,1.64%
2/21/2019,1.7678,1.756,1.7754,1.7555,5.51K,0.19%
2/22/2019,1.7669,1.7624,1.7797,1.7594,5.50K,-0.05%
2/25/2019,1.7037,1.7585,1.769,1.7015,4.71K,-3.58%
2/26/2019,1.7243,1.702,1.7384,1.6986,3.55K,1.21%
2/27/2019,1.7606,1.7358,1.765,1.727,6.24K,2.11%
2/28/2019,1.7658,1.7612,1.7773,1.7525,5.88K,0.30%
3/1/2019,1.7438,1.7711,1.7831,1.7285,7.93K,-1.25%
3/4/2019,1.7615,1.7496,1.7771,1.7458,5.61K,1.02%
3/5/2019,1.7782,1.7602,1.7841,1.753,5.17K,0.95%
3/6/2019,1.7953,1.7674,1.7975,1.7667,8.23K,0.96%
3/7/2019,1.81,1.7959,1.8214,1.7917,4.27K,0.82%
3/8/2019,1.8004,1.797,1.8025,1.7446,7.62K,-0.53%
3/11/2019,1.8202,1.7996,1.8315,1.7996,8.17K,1.10%
3/12/2019,1.8118,1.8252,1.8334,1.8071,4.11K,-0.46%
3/13/2019,1.8488,1.8202,1.862,1.817,5.83K,2.04%
3/14/2019,1.8407,1.856,1.8675,1.8344,5.48K,-0.44%
3/15/2019,1.8454,1.8381,1.8507,1.8136,6.51K,0.26%
3/18/2019,1.8663,1.8448,1.8769,1.8335,6.15K,1.13%
3/19/2019,1.8746,1.867,1.8792,1.8556,5.19K,0.44%
3/20/2019,1.8973,1.8732,1.8991,1.8616,4.72K,1.21%
3/21/2019,1.8941,1.8923,1.906,1.8851,6.35K,-0.17%
3/22/2019,1.8901,1.9041,1.9067,1.8636,7.57K,-0.21%
3/25/2019,1.8893,1.8782,1.9003,1.8665,8.04K,-0.04%
3/26/2019,1.906,1.8936,1.9221,1.8871,8.41K,0.88%
3/27/2019,1.8733,1.9011,1.9052,1.8582,6.10K,-1.72%
3/28/2019,1.8639,1.8647,1.8702,1.8147,4.92K,-0.50%
3/29/2019,1.868,1.8569,1.8847,1.8494,4.42K,0.22%
4/1/2019,1.8879,1.8753,1.8934,1.8689,4.22K,1.07%
4/2/2019,1.9129,1.8913,1.914,1.8815,4.43K,1.32%
4/3/2019,1.931,1.9155,1.9323,1.9071,5.99K,0.95%
4/4/2019,1.9219,1.9299,1.9356,1.9128,6.80K,-0.47%
4/5/2019,1.9477,1.9121,1.9519,1.9039,5.75K,1.34%
4/8/2019,1.9643,1.9584,1.966,1.9489,6.21K,0.85%
4/9/2019,1.9699,1.9685,1.9842,1.9454,7.22K,0.29%
4/10/2019,2.0297,1.9865,2.03,1.9847,9.13K,3.04%
4/11/2019,2.0022,2.0201,2.0215,1.9868,6.44K,-1.35%
4/12/2019,2.0123,2.0067,2.0219,2.0012,4.50K,0.50%
4/15/2019,1.9911,1.9999,2.0019,1.9838,5.04K,-1.05%
4/16/2019,2.0081,1.9886,2.013,1.9732,6.00K,0.85%
4/17/2019,2.0111,2.0161,2.0232,2.0056,4.81K,0.15%
4/18/2019,2.0325,2.008,2.0337,2.0032,4.63K,1.06%
4/22/2019,2.0765,2.0322,2.0963,2.0322,5.39K,2.16%
4/23/2019,2.082,2.0844,2.0877,2.0653,7.23K,0.26%
4/24/2019,2.0746,2.0614,2.0783,2.055,6.58K,-0.36%
4/25/2019,2.0782,2.0796,2.0944,2.0705,4.64K,0.17%
4/26/2019,2.0463,2.072,2.0853,2.0133,4.33K,-1.53%
4/29/2019,2.0294,2.0341,2.0488,2.0221,3.97K,-0.83%
4/30/2019,2.0332,1.9954,2.0376,1.9954,8.74K,0.19%
5/1/2019,2.0306,2.0184,2.0441,2.0101,9.46K,-0.13%
5/2/2019,1.9844,2.0606,2.0606,1.9632,10.64K,-2.28%
5/3/2019,1.9921,1.9848,2.0055,1.9752,10.32K,0.39%
5/6/2019,1.9702,1.9507,1.9863,1.9507,8.77K,-1.10%
5/7/2019,1.9207,1.97,1.97,1.9071,9.25K,-2.51%
5/8/2019,1.9432,1.9251,1.9447,1.9015,7.40K,1.17%
5/9/2019,1.9436,1.939,1.9511,1.9163,5.61K,0.02%
5/10/2019,1.9546,1.9596,1.9696,1.9492,4.47K,0.57%
5/13/2019,1.9333,1.9546,2.0052,1.9257,6.07K,-1.09%
5/14/2019,1.95,1.9351,1.9637,1.93,4.75K,0.86%
5/15/2019,1.9822,1.9446,1.9933,1.9363,5.76K,1.65%
5/16/2019,2.028,1.9929,2.0345,1.9867,4.94K,2.31%
5/17/2019,2.0182,2.0304,2.0506,2.0063,3.07K,-0.48%
5/20/2019,1.9849,2.0263,2.0317,1.9807,3.28K,-1.65%
5/21/2019,1.9973,1.9929,2.0005,1.979,4.26K,0.62%
5/22/2019,1.9675,1.9871,1.9998,1.9454,4.41K,-1.49%
5/23/2019,1.891,1.9674,1.9674,1.8774,5.53K,-3.89%
5/24/2019,1.9132,1.8993,1.9272,1.8816,4.89K,1.17%
5/27/2019,1.9446,1.914,1.9459,1.9099,0.40K,1.64%
5/28/2019,1.936,1.9478,1.9563,1.9225,6.84K,-0.44%
5/29/2019,1.9202,1.9287,1.9303,1.8823,5.85K,-0.82%
5/30/2019,1.8542,1.9204,1.9263,1.8453,7.37K,-3.44%
5/31/2019,1.7392,1.8144,1.8144,1.7259,9.78K,-6.20%
6/3/2019,1.7098,1.711,1.7541,1.6984,8.90K,-1.69%
6/4/2019,1.6975,1.7015,1.7089,1.6681,14.46K,-0.72%
6/5/2019,1.664,1.6781,1.6923,1.6367,6.96K,-1.97%
6/6/2019,1.6792,1.6627,1.7002,1.6423,6.70K,0.91%
6/7/2019,1.7114,1.6965,1.7145,1.677,9.30K,1.92%
6/10/2019,1.7026,1.7138,1.7294,1.6968,5.35K,-0.51%
6/11/2019,1.7246,1.7262,1.7325,1.712,6.40K,1.29%
6/12/2019,1.66,1.7081,1.7107,1.65,7.79K,-3.75%
6/13/2019,1.6946,1.6558,1.7094,1.6558,6.00K,2.08%
6/14/2019,1.7071,1.7083,1.7198,1.6912,3.52K,0.74%
6/17/2019,1.6696,1.7028,1.7032,1.667,4.14K,-2.20%
6/18/2019,1.7,1.6647,1.7151,1.6458,5.51K,1.82%
6/19/2019,1.7096,1.7098,1.7244,1.6819,6.33K,0.56%
6/20/2019,1.7622,1.7281,1.7729,1.7281,7.80K,3.08%
6/21/2019,1.8161,1.772,1.8266,1.7508,17.08K,3.06%
6/24/2019,1.8172,1.8391,1.8558,1.7999,8.34K,0.06%
6/25/2019,1.8436,1.8199,1.8718,1.807,7.14K,1.45%
6/26/2019,1.931,1.8735,1.9416,1.8735,11.44K,4.74%
6/27/2019,1.9149,1.9162,1.923,1.8944,4.38K,-0.83%
6/28/2019,1.8541,1.8552,1.8778,1.8376,6.31K,-3.18%
7/1/2019,1.8815,1.8815,1.9165,1.8594,8.43K,1.48%
7/2/2019,1.8213,1.8675,1.8815,1.8172,8.04K,-3.20%
7/3/2019,1.8637,1.8278,1.8714,1.8127,11.05K,2.33%
7/4/2019,1.847,1.8506,1.87,1.849,1.80K,-0.90%
7/5/2019,1.875,1.8465,1.8848,1.8357,5.87K,1.52%
7/8/2019,1.8534,1.8745,1.881,1.8451,7.82K,-1.15%
7/9/2019,1.8746,1.8449,1.8826,1.826,14.02K,1.14%
7/10/2019,1.9468,1.8826,1.9513,1.8825,15.31K,3.85%
7/11/2019,1.9335,1.9586,1.9704,1.9283,10.33K,-0.68%
7/12/2019,1.9261,1.9414,1.9421,1.9181,9.31K,-0.38%
7/15/2019,1.8867,1.9134,1.9177,1.8775,8.71K,-2.05%
7/16/2019,1.8448,1.8844,1.9015,1.8316,10.13K,-2.22%
7/17/2019,1.8317,1.8535,1.8708,1.8252,7.42K,-0.71%
7/18/2019,1.7862,1.8335,1.8459,1.7736,6.42K,-2.48%
7/19/2019,1.7952,1.8082,1.8174,1.7781,6.54K,0.50%
7/22/2019,1.7882,1.8083,1.8243,1.786,7.25K,-0.39%
7/23/2019,1.814,1.7904,1.8199,1.7815,5.97K,1.44%
7/24/2019,1.8043,1.8092,1.838,1.7892,8.18K,-0.53%
7/25/2019,1.8254,1.8084,1.8336,1.8072,6.65K,1.17%
7/26/2019,1.8224,1.8249,1.8308,1.8064,8.99K,-0.16%
7/29/2019,1.8153,1.8186,1.8234,1.7956,6.76K,-0.39%
7/30/2019,1.846,1.8293,1.8587,1.8178,9.29K,1.69%
7/31/2019,1.7063,1.7036,1.7147,1.6842,12.47K,-7.57%
8/1/2019,1.5953,1.6849,1.6878,1.5799,16.29K,-6.51%
8/2/2019,1.6227,1.6171,1.644,1.6122,14.12K,1.72%
8/5/2019,1.5616,1.6095,1.6095,1.5571,6.65K,-3.77%
8/6/2019,1.5364,1.5569,1.5764,1.5261,8.88K,-1.61%
8/7/2019,1.4683,1.5311,1.5374,1.4621,10.03K,-4.43%
8/8/2019,1.4919,1.4999,1.5046,1.4814,8.73K,1.61%
8/9/2019,1.5213,1.495,1.5331,1.493,7.20K,1.97%
8/12/2019,1.5182,1.5085,1.5261,1.4995,6.52K,-0.20%
8/13/2019,1.5895,1.5117,1.5975,1.5058,10.60K,4.70%
8/14/2019,1.5402,1.5802,1.5802,1.5122,11.18K,-3.10%
8/15/2019,1.5069,1.5259,1.5362,1.4982,8.61K,-2.16%
8/16/2019,1.522,1.5238,1.5341,1.5069,10.96K,1.00%
8/19/2019,1.5305,1.5357,1.5458,1.5202,8.86K,0.56%
8/20/2019,1.5482,1.5356,1.5513,1.5141,7.97K,1.16%
8/21/2019,1.5639,1.553,1.5832,1.5513,11.86K,1.01%
8/22/2019,1.5462,1.5679,1.5773,1.5402,9.90K,-1.13%
8/23/2019,1.527,1.5474,1.5486,1.5028,12.28K,-1.24%
8/26/2019,1.5079,1.5042,1.5483,1.5032,10.88K,-1.25%
8/27/2019,1.5387,1.5134,1.5511,1.5114,12.05K,2.04%
8/28/2019,1.5648,1.5483,1.5793,1.5438,8.55K,1.70%
8/29/2019,1.5748,1.569,1.5824,1.5507,17.54K,0.64%
8/30/2019,1.5028,1.5385,1.5388,1.4782,8.96K,-4.57%
9/2/2019,1.4779,1.5004,1.5036,1.4677,1.32K,-1.66%
9/3/2019,1.4532,1.4758,1.4765,1.4313,7.51K,-1.67%
9/4/2019,1.5159,1.4564,1.5184,1.4546,12.11K,4.31%
9/5/2019,1.5288,1.5104,1.5593,1.5051,10.10K,0.85%
9/6/2019,1.5532,1.5272,1.5615,1.492,7.21K,1.60%
9/9/2019,1.569,1.5641,1.5768,1.5486,8.24K,1.02%
9/10/2019,1.5734,1.5738,1.5954,1.5623,18.40K,0.28%
9/11/2019,1.5505,1.5875,1.5994,1.5448,18.34K,-1.46%
9/12/2019,1.535,1.5586,1.5586,1.4988,15.37K,-1.00%
9/13/2019,1.5354,1.5321,1.5456,1.5175,12.46K,0.03%
9/16/2019,1.7301,1.6813,1.7516,1.6381,14.20K,12.68%
9/17/2019,1.6488,1.7072,1.7492,1.6264,14.68K,-4.70%
9/18/2019,1.6301,1.6487,1.6595,1.6134,9.73K,-1.13%
9/19/2019,1.6631,1.6304,1.6822,1.624,17.09K,2.02%
9/20/2019,1.647,1.6633,1.6782,1.6445,10.38K,-0.97%
9/23/2019,1.658,1.6618,1.6618,1.6191,6.60K,0.67%
9/24/2019,1.6264,1.6521,1.6521,1.6076,8.39K,-1.91%
9/25/2019,1.6002,1.6091,1.6125,1.576,9.55K,-1.61%
9/26/2019,1.6221,1.6003,1.6262,1.5879,9.84K,1.37%
9/27/2019,1.6065,1.612,1.6329,1.5791,11.61K,-0.96%
9/30/2019,1.5291,1.564,1.564,1.5271,6.36K,-4.82%
10/1/2019,1.5302,1.536,1.5545,1.5213,10.41K,0.07%
10/2/2019,1.5015,1.5405,1.5407,1.4855,13.43K,-1.88%
10/3/2019,1.5053,1.5055,1.5122,1.4691,12.53K,0.25%
10/4/2019,1.5233,1.5065,1.5379,1.506,11.16K,1.20%
10/7/2019,1.5234,1.5181,1.5488,1.5159,7.42K,0.01%
10/8/2019,1.5293,1.5357,1.5357,1.4957,15.08K,0.39%
10/9/2019,1.5352,1.5264,1.5594,1.5222,10.68K,0.39%
10/10/2019,1.5687,1.5269,1.5712,1.522,8.29K,2.18%
10/11/2019,1.5928,1.5766,1.5982,1.5725,9.43K,1.54%
10/14/2019,1.5702,1.599,1.599,1.5402,15.83K,-1.42%
10/15/2019,1.5704,1.561,1.5866,1.5486,16.66K,0.01%
10/16/2019,1.5842,1.5751,1.5924,1.5565,13.25K,0.88%
10/17/2019,1.5819,1.5731,1.5842,1.5566,12.85K,-0.15%
10/18/2019,1.5778,1.5729,1.5932,1.5667,7.74K,-0.26%
10/21/2019,1.5637,1.575,1.5771,1.5419,5.39K,-0.89%
10/22/2019,1.569,1.5623,1.595,1.5605,7.12K,0.34%
10/23/2019,1.6133,1.5636,1.6157,1.5549,9.57K,2.82%
10/24/2019,1.6259,1.6084,1.6327,1.5973,7.37K,0.78%
10/25/2019,1.6356,1.6194,1.6376,1.6115,7.66K,0.60%
10/28/2019,1.6344,1.6315,1.6492,1.6235,6.23K,-0.07%
10/29/2019,1.6416,1.6377,1.6566,1.6121,6.42K,0.44%
10/30/2019,1.6178,1.6445,1.6593,1.6062,9.13K,-1.45%
10/31/2019,1.5718,1.5925,1.6046,1.5571,16.03K,-2.84%
11/1/2019,1.6323,1.5752,1.637,1.5701,13.21K,3.85%
11/4/2019,1.6431,1.6279,1.6572,1.6279,10.57K,0.66%
11/5/2019,1.6564,1.6417,1.6638,1.6417,8.92K,0.81%
11/6/2019,1.612,1.6493,1.6617,1.6094,10.07K,-2.68%
11/7/2019,1.6228,1.6082,1.6342,1.6082,16.20K,0.67%
11/8/2019,1.6213,1.6207,1.6252,1.5778,12.25K,-0.09%
11/11/2019,1.6037,1.6171,1.6306,1.6011,7.72K,-1.09%
11/12/2019,1.6096,1.6042,1.626,1.6012,8.96K,0.37%
11/13/2019,1.6309,1.6047,1.6399,1.5953,8.71K,1.32%
11/14/2019,1.6116,1.6351,1.6428,1.6072,9.59K,-1.18%
11/15/2019,1.6308,1.6185,1.6493,1.5978,6.64K,1.19%
11/18/2019,1.616,1.6308,1.6391,1.5942,7.10K,-0.91%
11/19/2019,1.5983,1.6148,1.6243,1.5861,7.50K,-1.10%
11/20/2019,1.6506,1.5948,1.6585,1.5816,8.89K,3.27%
11/21/2019,1.6983,1.6477,1.6993,1.6365,7.51K,2.89%
11/22/2019,1.6698,1.6947,1.7032,1.661,10.05K,-1.68%
11/25/2019,1.6715,1.6728,1.6764,1.6467,8.18K,0.10%
11/26/2019,1.6976,1.6713,1.7013,1.669,7.32K,1.56%
11/27/2019,1.6765,1.6896,1.6978,1.6597,10.22K,-1.24%
11/28/2019,1.6849,1.6727,1.6867,1.6637,1.40K,0.50%
11/29/2019,1.5948,1.682,1.6821,1.5917,6.54K,-5.35%
12/2/2019,1.5805,1.6132,1.6369,1.5786,16.89K,-0.90%
12/3/2019,1.5695,1.5841,1.597,1.5628,16.20K,-0.70%
12/4/2019,1.6111,1.5787,1.627,1.5751,21.44K,2.65%
12/5/2019,1.6259,1.6101,1.6361,1.6086,12.71K,0.92%
12/6/2019,1.6513,1.6279,1.6708,1.6141,13.15K,1.56%
12/9/2019,1.6569,1.65,1.6634,1.6279,16.49K,0.34%
12/10/2019,1.656,1.6563,1.6685,1.6446,12.67K,-0.05%
12/11/2019,1.6322,1.6457,1.6548,1.6152,12.34K,-1.44%
12/12/2019,1.635,1.6385,1.6583,1.6309,17.87K,0.17%
12/13/2019,1.6672,1.6462,1.6801,1.6441,15.30K,1.97%
12/16/2019,1.6678,1.6591,1.6789,1.6591,10.61K,0.04%
12/17/2019,1.6899,1.6673,1.6905,1.6626,15.52K,1.33%
12/18/2019,1.6899,1.671,1.6963,1.6611,20.93K,0.00%
12/19/2019,1.7097,1.692,1.7172,1.6878,24.03K,1.17%
12/20/2019,1.7072,1.7122,1.7236,1.7024,13.02K,-0.15%
12/23/2019,1.7065,1.7054,1.7147,1.6923,11.49K,-0.04%
12/24/2019,1.7274,1.711,1.7386,1.711,10.29K,1.22%
12/25/2019,1.7255,1.7325,1.7325,1.7243,,-0.11%
12/26/2019,1.7539,1.7284,1.7583,1.7284,12.40K,1.65%
12/27/2019,1.7447,1.7498,1.7654,1.7374,17.36K,-0.52%
12/30/2019,1.724,1.7428,1.7581,1.7147,17.78K,-1.19%
12/31/2019,1.703,1.7318,1.741,1.7018,4.03K,-1.22%
1/1/2020,1.6995,1.7,1.7035,1.6967,,-0.21%
1/2/2020,1.7155,1.7142,1.7271,1.707,35.76K,0.94%
1/3/2020,1.7591,1.7636,1.7911,1.7447,33.02K,2.54%
1/6/2020,1.7652,1.7884,1.7934,1.7488,30.24K,0.35%
1/7/2020,1.7333,1.7481,1.7596,1.7214,37.68K,-1.81%
1/8/2020,1.6598,1.7972,1.7972,1.6406,44.41K,-4.24%
1/9/2020,1.6631,1.6682,1.6755,1.6418,21.84K,0.20%
1/10/2020,1.668,1.6646,1.6862,1.6606,21.96K,0.29%
1/13/2020,1.6645,1.6669,1.6748,1.6481,25.08K,-0.21%
1/14/2020,1.6642,1.6645,1.6904,1.6572,35.90K,-0.02%
1/15/2020,1.6492,1.6667,1.6701,1.6371,37.55K,-0.90%
1/16/2020,1.667,1.6594,1.672,1.6454,31.34K,1.08%
1/17/2020,1.6549,1.6676,1.6791,1.6475,28.16K,-0.73%
1/20/2020,1.6531,1.6816,1.6816,1.6507,8.12K,-0.11%
1/21/2020,1.6509,1.6497,1.6685,1.6268,23.72K,-0.13%
1/22/2020,1.5934,1.6475,1.6478,1.5833,17.05K,-3.48%
1/23/2020,1.573,1.5747,1.5851,1.5486,14.89K,-1.28%
1/24/2020,1.5259,1.5812,1.5851,1.5179,17.95K,-2.99%
1/27/2020,1.493,1.4999,1.4999,1.4452,18.95K,-2.16%
1/28/2020,1.5143,1.4872,1.5297,1.4717,19.78K,1.43%
1/29/2020,1.5408,1.5212,1.5463,1.5082,19.99K,1.75%
1/30/2020,1.5055,1.524,1.5337,1.4891,27.90K,-2.29%
1/31/2020,1.6655,1.7061,1.7067,1.6557,34.67K,10.63%
2/3/2020,1.6348,1.6517,1.6744,1.624,22.17K,-1.84%
2/4/2020,1.612,1.644,1.6669,1.6032,26.91K,-1.39%
2/5/2020,1.6534,1.6186,1.6859,1.6106,24.43K,2.57%
2/6/2020,1.6682,1.6697,1.69,1.6366,22.22K,0.90%
2/7/2020,1.6776,1.6667,1.6886,1.651,53.48K,0.56%
2/10/2020,1.6647,1.6701,1.6945,1.6537,44.15K,-0.77%
2/11/2020,1.6647,1.6753,1.6825,1.6601,37.10K,0.00%
2/12/2020,1.7241,1.6854,1.7385,1.6854,38.60K,3.57%
2/13/2020,1.7227,1.7299,1.7499,1.7013,47.86K,-0.08%
2/14/2020,1.7273,1.7223,1.7359,1.7089,32.58K,0.27%
2/17/2020,1.7417,1.7345,1.7416,1.7257,7.18K,0.83%
2/18/2020,1.7424,1.7268,1.7461,1.7091,43.27K,0.04%
2/19/2020,1.7819,1.7419,1.7923,1.7415,42.17K,2.27%
2/20/2020,1.7845,1.7935,1.8006,1.7716,30.59K,0.15%
2/21/2020,1.7612,1.7602,1.7661,1.7359,28.54K,-1.31%
2/24/2020,1.7132,1.7198,1.7198,1.6824,24.93K,-2.73%
2/25/2020,1.6419,1.7172,1.7274,1.6311,37.64K,-4.16%
2/26/2020,1.5645,1.63,1.63,1.5507,36.62K,-4.71%
2/27/2020,1.5206,1.5253,1.5372,1.4863,30.43K,-2.81%
2/28/2020,1.4771,1.4891,1.4986,1.452,34.16K,-2.86%
3/2/2020,1.53,1.4566,1.5455,1.4566,34.19K,3.58%
3/3/2020,1.5226,1.5598,1.5804,1.5079,28.04K,-0.48%
3/4/2020,1.5392,1.5459,1.5598,1.5212,30.06K,1.09%
3/5/2020,1.5066,1.5548,1.5602,1.4975,35.51K,-2.12%
3/6/2020,1.3811,1.4787,1.4855,1.3778,27.30K,-8.33%
3/9/2020,1.1369,1.1499,1.2046,1.0636,33.02K,-17.68%
3/10/2020,1.1602,1.1931,1.2268,1.1369,33.42K,2.05%
3/11/2020,1.1209,1.1698,1.201,1.1069,31.36K,-3.39%
3/12/2020,0.919,1.1053,1.1053,0.8802,18.29K,-18.01%
3/13/2020,0.9135,0.9194,1.0256,0.8946,10.22K,-0.60%
3/16/2020,0.7017,0.8777,0.8777,0.6956,7.48K,-23.19%
3/17/2020,0.719,0.7481,0.7704,0.7006,6.94K,2.47%
3/18/2020,0.6459,0.7316,0.7496,0.6339,9.19K,-10.17%
3/19/2020,0.6932,0.6824,0.7049,0.6373,6.64K,7.32%
3/20/2020,0.6281,0.675,0.7614,0.6238,6.45K,-9.39%
3/23/2020,0.4947,0.5814,0.5903,0.4639,8.22K,-21.24%
3/24/2020,0.5105,0.5363,0.5964,0.4765,7.97K,3.19%
3/25/2020,0.6054,0.528,0.6375,0.513,5.97K,18.59%
3/26/2020,0.598,0.6002,0.6684,0.5769,5.00K,-1.22%
3/27/2020,0.6136,0.6135,0.6281,0.5496,5.33K,2.61%
3/30/2020,0.6168,0.6,0.6206,0.5336,5.70K,0.52%
3/31/2020,0.659,0.6887,0.7125,0.6328,6.37K,6.84%
4/1/2020,0.6133,0.6413,0.643,0.5811,8.13K,-6.93%
4/2/2020,0.7236,0.6328,0.789,0.6328,4.41K,17.98%
4/3/2020,0.7523,0.7159,0.8119,0.7043,5.56K,3.97%
4/6/2020,0.7621,0.7295,0.7795,0.7278,4.08K,1.30%
4/7/2020,0.7148,0.7853,0.7915,0.7078,5.17K,-6.21%
4/8/2020,0.7452,0.727,0.7766,0.6955,6.28K,4.25%
4/9/2020,0.7406,0.7588,0.8211,0.7336,5.89K,-0.62%
4/13/2020,0.762,0.735,0.781,0.7166,10.05K,2.89%
4/14/2020,0.7796,0.7849,0.819,0.7592,10.81K,2.31%
4/15/2020,0.7676,0.8098,0.8175,0.7572,10.96K,-1.54%
4/16/2020,0.7569,0.7784,0.8194,0.7473,14.40K,-1.39%
4/17/2020,0.7646,0.7728,0.7904,0.74,13.31K,1.02%
4/20/2020,0.7255,0.7591,0.7904,0.7166,10.81K,-5.11%
4/21/2020,0.5695,0.7358,0.7403,0.555,11.00K,-21.50%
4/22/2020,0.6875,0.6135,0.7153,0.5255,8.88K,20.72%
4/23/2020,0.6821,0.725,0.7795,0.6732,8.54K,-0.79%
4/24/2020,0.7001,0.6673,0.7139,0.6522,7.58K,2.64%
4/27/2020,0.6849,0.6874,0.7096,0.6714,6.64K,-2.17%
4/28/2020,0.704,0.6917,0.7277,0.6638,10.78K,2.79%
4/29/2020,0.7545,0.727,0.799,0.727,5.60K,7.17%
4/30/2020,0.8079,0.8218,0.8375,0.7439,41.30K,7.08%
5/1/2020,0.791,0.8206,0.8206,0.7668,38.72K,-2.09%
5/4/2020,0.8406,0.7742,0.8575,0.764,29.92K,6.27%
5/5/2020,0.9147,0.8488,0.9288,0.8488,36.82K,8.82%
5/6/2020,0.8872,0.9105,0.9335,0.8616,33.99K,-3.01%
5/7/2020,0.9349,0.8994,0.9693,0.8812,41.56K,5.38%
5/8/2020,0.9629,0.9419,0.9679,0.9191,27.60K,2.99%
5/11/2020,0.9389,0.9613,0.9877,0.931,32.96K,-2.49%
5/12/2020,0.9363,0.9393,0.9576,0.9196,30.22K,-0.28%
5/13/2020,0.8818,0.9111,0.9275,0.8661,23.82K,-5.82%
5/14/2020,0.9369,0.8711,0.9498,0.8711,22.06K,6.25%
5/15/2020,0.9838,0.9551,0.9876,0.9517,21.07K,5.01%
5/18/2020,1.0426,1.0427,1.0698,1.0111,15.60K,5.98%
5/19/2020,1.055,1.0657,1.0702,1.0396,9.46K,1.19%
5/20/2020,1.0561,1.0464,1.099,1.0425,10.73K,0.10%
5/21/2020,1.0618,1.059,1.0815,1.0456,13.39K,0.54%
5/22/2020,1.0518,1.0628,1.0628,1.005,15.92K,-0.94%
5/25/2020,1.062,1.0455,1.0738,1.0362,1.46K,0.97%
5/26/2020,1.0648,1.0679,1.0905,1.0486,14.04K,0.26%
5/27/2020,1.0177,1.0513,1.0553,0.998,18.53K,-4.42%
5/28/2020,1.026,0.9995,1.0438,0.9898,14.76K,0.82%
5/29/2020,1.0909,1.0318,1.0981,1.0165,23.98K,6.33%
6/1/2020,1.0809,1.0877,1.1002,1.0589,28.82K,-0.92%
6/2/2020,1.1286,1.0899,1.1307,1.0853,29.01K,4.41%
6/3/2020,1.1338,1.1345,1.1456,1.1061,34.26K,0.46%
6/4/2020,1.1622,1.1279,1.1643,1.1237,28.36K,2.50%
6/5/2020,1.2266,1.1682,1.2284,1.1682,28.26K,5.54%
6/8/2020,1.2069,1.2544,1.2544,1.2047,24.89K,-1.61%
6/9/2020,1.2237,1.22,1.2281,1.1953,22.56K,1.39%
6/10/2020,1.2245,1.2161,1.2315,1.1995,35.12K,0.07%
6/11/2020,1.1353,1.1907,1.1976,1.111,38.19K,-7.28%
6/12/2020,1.1367,1.111,1.1499,1.0922,33.34K,0.12%
6/15/2020,1.1732,1.1105,1.1851,1.1105,34.84K,3.21%
6/16/2020,1.2149,1.173,1.2299,1.1701,37.51K,3.55%
6/17/2020,1.2219,1.1924,1.2258,1.1875,26.48K,0.58%
6/18/2020,1.2575,1.2141,1.2606,1.2089,15.80K,2.91%
6/19/2020,1.271,1.266,1.2861,1.2373,21.86K,1.07%
6/22/2020,1.2904,1.2704,1.2941,1.2548,11.11K,1.53%
6/23/2020,1.2983,1.2949,1.3242,1.2869,14.16K,0.61%
6/24/2020,1.1992,1.3009,1.3042,1.1835,16.80K,-7.63%
6/25/2020,1.1972,1.1902,1.2115,1.1429,19.97K,-0.17%
6/26/2020,1.1569,1.2077,1.2168,1.1366,23.93K,-3.37%
6/29/2020,1.1878,1.1352,1.1971,1.114,13.48K,2.67%
6/30/2020,1.1874,1.179,1.2098,1.1722,37.63K,-0.03%
7/1/2020,1.2008,1.202,1.2297,1.1784,39.93K,1.13%
7/2/2020,1.2418,1.2036,1.2433,1.2003,34.73K,3.41%
7/3/2020,1.2282,1.2284,1.2343,1.2157,7.16K,-1.10%
7/6/2020,1.2261,1.2379,1.258,1.219,26.97K,-0.17%
7/7/2020,1.252,1.2234,1.2612,1.2181,33.87K,2.11%
7/8/2020,1.2691,1.2522,1.2705,1.243,28.15K,1.37%
7/9/2020,1.2314,1.2629,1.2697,1.2267,37.17K,-2.97%
7/10/2020,1.259,1.2212,1.2639,1.2044,43.90K,2.24%
7/13/2020,1.2471,1.239,1.2617,1.2196,34.91K,-0.95%
7/14/2020,1.2262,1.2174,1.2357,1.1966,40.85K,-1.68%
7/15/2020,1.2428,1.2396,1.2505,1.225,32.72K,1.35%
7/16/2020,1.2157,1.2373,1.2373,1.2084,27.38K,-2.18%
7/17/2020,1.2062,1.2135,1.2146,1.1795,34.33K,-0.78%
7/20/2020,1.2131,1.1964,1.2186,1.1861,27.29K,0.57%
7/21/2020,1.2604,1.2198,1.2689,1.2189,21.65K,3.90%
7/22/2020,1.2603,1.262,1.2675,1.2415,19.78K,-0.01%
7/23/2020,1.2363,1.2645,1.2749,1.2332,23.61K,-1.90%
7/24/2020,1.256,1.245,1.2584,1.23,20.66K,1.59%
7/27/2020,1.2447,1.2585,1.2588,1.2175,18.07K,-0.90%
7/28/2020,1.2352,1.2502,1.2502,1.2227,16.76K,-0.76%
7/29/2020,1.2132,1.2282,1.239,1.2105,19.28K,-1.78%
7/30/2020,1.1908,1.2147,1.2147,1.134,24.63K,-1.85%
7/31/2020,1.1006,1.1197,1.1304,1.0795,48.13K,-7.57%
8/3/2020,1.14,1.0956,1.153,1.0916,50.25K,3.58%
8/4/2020,1.1443,1.1312,1.159,1.1184,42.06K,0.38%
8/5/2020,1.1537,1.1456,1.1923,1.1453,36.59K,0.82%
8/6/2020,1.161,1.161,1.1784,1.1476,34.46K,0.63%
8/7/2020,1.1459,1.1594,1.1692,1.1353,39.16K,-1.30%
8/10/2020,1.1669,1.1554,1.1811,1.1544,40.17K,1.83%
8/11/2020,1.1488,1.1788,1.1976,1.1471,42.97K,-1.55%
8/12/2020,1.1858,1.161,1.1889,1.161,39.87K,3.22%
8/13/2020,1.1789,1.1793,1.1903,1.1642,37.75K,-0.58%
8/14/2020,1.188,1.191,1.1937,1.1724,38.64K,0.77%
8/17/2020,1.2134,1.2155,1.225,1.1895,49.31K,2.14%
8/18/2020,1.2249,1.2116,1.2265,1.1965,32.04K,0.95%
8/19/2020,1.2285,1.2049,1.229,1.193,28.13K,0.29%
8/20/2020,1.2264,1.2174,1.2315,1.1846,31.77K,-0.17%
8/21/2020,1.213,1.234,1.2366,1.1853,34.78K,-1.09%
8/24/2020,1.2598,1.2287,1.2695,1.2227,51.95K,3.86%
8/25/2020,1.2685,1.2716,1.2938,1.2549,41.34K,0.69%
8/26/2020,1.2634,1.259,1.2687,1.2396,19.27K,-0.40%
8/27/2020,1.2182,1.267,1.2771,1.1992,14.86K,-3.58%
8/28/2020,1.2465,1.2138,1.2498,1.2025,13.02K,2.32%
8/31/2020,1.188,1.2188,1.2285,1.1863,22.39K,-4.69%
9/1/2020,1.2012,1.2046,1.2172,1.1977,25.71K,1.11%
9/2/2020,1.1773,1.2157,1.2198,1.1713,38.17K,-1.99%
9/3/2020,1.1797,1.1793,1.1836,1.1504,36.91K,0.20%
9/4/2020,1.1542,1.1751,1.1849,1.1341,38.70K,-2.16%
9/7/2020,1.1405,1.137,1.1491,1.1325,3.32K,-1.19%
9/8/2020,1.0847,1.1396,1.1396,1.0673,45.18K,-4.89%
9/9/2020,1.1066,1.0751,1.1146,1.0751,29.79K,2.02%
9/10/2020,1.0865,1.1006,1.1153,1.0784,37.53K,-1.82%
9/11/2020,1.0827,1.0814,1.1013,1.0676,41.07K,-0.35%
9/14/2020,1.0922,1.1004,1.101,1.0791,45.71K,0.88%
9/15/2020,1.1199,1.0931,1.1228,1.0851,25.95K,2.54%
9/16/2020,1.1694,1.1157,1.1751,1.1148,43.94K,4.42%
9/17/2020,1.2017,1.1736,1.2069,1.1548,42.17K,2.76%
9/18/2020,1.2097,1.206,1.2121,1.1895,72.21K,0.67%
9/21/2020,1.1544,1.1958,1.2017,1.1372,49.79K,-4.57%
9/22/2020,1.1438,1.1634,1.164,1.1326,44.21K,-0.92%
9/23/2020,1.1578,1.1538,1.1765,1.1411,53.03K,1.22%
9/24/2020,1.1732,1.146,1.1755,1.1441,31.54K,1.33%
9/25/2020,1.1898,1.1733,1.1922,1.1625,44.11K,1.41%
9/28/2020,1.2132,1.185,1.2179,1.1801,41.04K,1.97%
9/29/2020,1.1711,1.2151,1.2151,1.155,25.65K,-3.47%
9/30/2020,1.1652,1.1327,1.1664,1.1257,39.66K,-0.50%
10/1/2020,1.135,1.1601,1.1692,1.1065,43.22K,-2.59%
10/2/2020,1.101,1.1262,1.1262,1.0782,32.94K,-3.00%
10/5/2020,1.1627,1.1265,1.1788,1.1253,41.47K,5.60%
10/6/2020,1.1985,1.1719,1.2041,1.1645,38.15K,3.08%
10/7/2020,1.1712,1.1787,1.1875,1.1512,41.53K,-2.28%
10/8/2020,1.2007,1.1769,1.2052,1.1769,35.32K,2.52%
10/9/2020,1.1797,1.1983,1.2007,1.1735,37.66K,-1.75%
10/12/2020,1.152,1.1756,1.1787,1.1444,28.00K,-2.35%
10/13/2020,1.1633,1.1551,1.1748,1.1504,25.02K,0.98%
10/14/2020,1.1795,1.1542,1.1834,1.1485,24.26K,1.39%
10/15/2020,1.1637,1.185,1.185,1.1249,29.08K,-1.34%
10/16/2020,1.1535,1.1633,1.1653,1.1283,25.19K,-0.88%
10/19/2020,1.1485,1.1538,1.1598,1.142,22.65K,-0.43%
10/20/2020,1.1725,1.1437,1.1771,1.1393,21.04K,2.09%
10/21/2020,1.1271,1.1662,1.1678,1.1187,30.95K,-3.87%
10/22/2020,1.1452,1.1235,1.1575,1.1224,21.09K,1.61%
10/23/2020,1.127,1.1495,1.1495,1.1189,16.25K,-1.59%
10/26/2020,1.0969,1.1146,1.1186,1.0923,22.13K,-2.67%
10/27/2020,1.1288,1.0981,1.1322,1.0981,21.61K,2.91%
10/28/2020,1.0636,1.1009,1.1011,1.0541,30.89K,-5.78%
10/29/2020,1.028,1.0788,1.082,1.0038,31.11K,-3.35%
10/30/2020,1.0272,1.0049,1.0322,1.0049,37.61K,-0.08%
11/2/2020,1.0468,1.0017,1.0568,0.9802,39.84K,1.91%
11/3/2020,1.0693,1.0456,1.08,1.037,39.13K,2.15%
11/4/2020,1.1021,1.078,1.1058,1.0576,33.76K,3.07%
11/5/2020,1.1069,1.0909,1.1098,1.0856,33.68K,0.44%
11/6/2020,1.077,1.0934,1.1022,1.0694,38.99K,-2.70%
11/9/2020,1.1552,1.1011,1.1863,1.0933,48.00K,7.26%
11/10/2020,1.1886,1.1491,1.1983,1.1491,38.10K,2.89%
11/11/2020,1.174,1.1975,1.2259,1.1716,35.11K,-1.23%
11/12/2020,1.1558,1.1759,1.1824,1.1467,34.78K,-1.55%
11/13/2020,1.125,1.1414,1.1461,1.1206,39.62K,-2.66%
11/16/2020,1.147,1.1242,1.1777,1.1242,29.36K,1.96%
11/17/2020,1.1528,1.1511,1.1589,1.1256,23.45K,0.51%
11/18/2020,1.1626,1.1517,1.1788,1.1477,22.24K,0.85%
11/19/2020,1.1596,1.153,1.1667,1.1432,18.00K,-0.26%
11/20/2020,1.1703,1.1597,1.1786,1.1589,18.35K,0.92%
11/23/2020,1.1971,1.1814,1.2013,1.1785,18.66K,2.29%
11/24/2020,1.251,1.1986,1.2616,1.1986,19.64K,4.50%
11/25/2020,1.271,1.2502,1.2794,1.2485,32.56K,1.60%
11/26/2020,1.2517,1.2777,1.2823,1.2455,3.80K,-1.52%
11/27/2020,1.266,1.2544,1.2684,1.2437,11.53K,1.14%
11/30/2020,1.2524,1.2475,1.274,1.2416,32.97K,-1.07%
12/1/2020,1.2326,1.2461,1.2632,1.2237,35.93K,-1.58%
12/2/2020,1.2514,1.2198,1.2659,1.2198,36.97K,1.53%
12/3/2020,1.2705,1.2507,1.2748,1.2383,34.54K,1.53%
12/4/2020,1.2784,1.2813,1.2961,1.2691,22.43K,0.62%
12/7/2020,1.2672,1.2628,1.2838,1.2552,23.62K,-0.88%
12/8/2020,1.2674,1.2529,1.2783,1.2529,27.98K,0.02%
12/9/2020,1.2838,1.2592,1.2923,1.2592,47.40K,1.29%
12/10/2020,1.3224,1.2877,1.3408,1.2877,47.50K,3.01%
12/11/2020,1.3137,1.3261,1.33,1.3055,38.25K,-0.66%
12/14/2020,1.322,1.3288,1.333,1.2917,32.13K,0.63%
12/15/2020,1.3305,1.3181,1.3355,1.3136,31.65K,0.64%
12/16/2020,1.3515,1.3289,1.3573,1.3251,39.66K,1.58%
12/17/2020,1.3817,1.3573,1.3844,1.3573,44.46K,2.23%
12/18/2020,1.391,1.3798,1.3967,1.3744,40.64K,0.67%
12/21/2020,1.3548,1.3599,1.3599,1.3034,46.60K,-2.60%
12/22/2020,1.3355,1.3474,1.349,1.3174,37.34K,-1.42%
12/23/2020,1.3762,1.3295,1.3807,1.3286,55.81K,3.05%
12/24/2020,1.3722,1.384,1.3852,1.36,16.01K,-0.29%
12/28/2020,1.3607,1.3752,1.3905,1.3584,27.24K,-0.84%
12/29/2020,1.3783,1.3657,1.3851,1.3619,26.39K,1.29%
12/30/2020,1.4013,1.3846,1.4113,1.378,35.17K,1.67%
12/31/2020,1.4154,1.4037,1.4162,1.3906,33.34K,1.01%
1/4/2021,1.3807,1.431,1.4544,1.3702,57.41K,-2.45%
1/5/2021,1.4535,1.3806,1.4589,1.3774,73.37K,5.27%
1/6/2021,1.4785,1.4503,1.4938,1.4475,66.84K,1.72%
1/7/2021,1.4861,1.481,1.4903,1.4689,52.22K,0.51%
1/8/2021,1.5405,1.4972,1.5469,1.4936,70.56K,3.66%
1/11/2021,1.5223,1.5145,1.5301,1.5101,58.74K,-1.18%
1/12/2021,1.5518,1.5256,1.559,1.5256,68.98K,1.94%
1/13/2021,1.5467,1.5673,1.5687,1.5339,74.03K,-0.33%
1/14/2021,1.5538,1.5454,1.5591,1.5189,45.22K,0.46%
1/15/2021,1.5277,1.5403,1.5494,1.5159,56.42K,-1.68%
1/18/2021,1.5184,1.5244,1.5251,1.5117,7.06K,-0.61%
1/19/2021,1.5379,1.5231,1.5473,1.5209,22.42K,1.28%
1/20/2021,1.5437,1.54,1.563,1.5333,28.54K,0.38%
1/21/2021,1.5472,1.5376,1.5508,1.5286,22.81K,0.23%
1/22/2021,1.545,1.5445,1.5474,1.5065,26.34K,-0.14%
1/25/2021,1.5579,1.5379,1.5674,1.5286,29.74K,0.83%
1/26/2021,1.5748,1.5585,1.5837,1.549,20.57K,1.08%
1/27/2021,1.5716,1.5722,1.5835,1.555,20.55K,-0.20%
1/28/2021,1.5754,1.5614,1.6071,1.5568,28.19K,0.24%
1/29/2021,1.6542,1.6765,1.7129,1.6515,40.18K,5.00%
2/1/2021,1.6897,1.6713,1.6953,1.6538,26.97K,2.15%
2/2/2021,1.7134,1.7048,1.7325,1.7048,21.84K,1.40%
2/3/2021,1.7427,1.7359,1.7524,1.7289,24.19K,1.71%
2/4/2021,1.7442,1.753,1.753,1.7222,15.47K,0.09%
2/5/2021,1.7538,1.7655,1.7718,1.7508,19.09K,0.55%
2/8/2021,1.7835,1.7755,1.7858,1.7644,17.19K,1.69%
2/9/2021,1.7894,1.7883,1.795,1.7627,22.84K,0.33%
2/10/2021,1.7841,1.7835,1.7941,1.7724,21.98K,-0.30%
2/11/2021,1.7786,1.773,1.7904,1.7672,21.23K,-0.31%
2/12/2021,1.8139,1.7669,1.8197,1.7603,22.80K,1.98%
2/15/2021,1.853,1.847,1.8646,1.8297,10.32K,2.16%
2/16/2021,1.8637,1.8766,1.8824,1.8395,12.23K,0.58%
2/17/2021,1.8938,1.8573,1.9042,1.8552,14.48K,1.62%
2/18/2021,1.8872,1.9107,1.9172,1.8649,12.29K,-0.35%
2/19/2021,1.8889,1.8936,1.9136,1.8662,25.75K,0.09%
2/22/2021,1.9309,1.8921,1.9407,1.874,14.34K,2.22%
2/23/2021,1.9425,1.9517,1.9524,1.9021,17.80K,0.60%
2/24/2021,1.9777,1.9335,1.9835,1.9314,11.65K,1.81%
2/25/2021,1.9764,1.976,1.9865,1.9538,15.69K,-0.07%
2/26/2021,1.9417,1.9725,1.9725,1.9346,21.39K,-1.76%
3/1/2021,1.9333,1.9761,1.9761,1.9117,23.68K,-0.43%
3/2/2021,1.9254,1.9064,1.9527,1.9063,17.09K,-0.41%
3/3/2021,1.9444,1.9254,1.9611,1.9196,19.64K,0.99%
3/4/2021,1.9947,1.9335,2.019,1.9121,21.82K,2.59%
3/5/2021,2.0616,2.0114,2.0706,2.0114,24.73K,3.35%
3/8/2021,2.0471,2.0882,2.0893,2.0305,22.80K,-0.70%
3/9/2021,2.0481,2.0385,2.082,2.0324,24.85K,0.05%
3/10/2021,2.0747,2.044,2.082,2.0208,30.17K,1.30%
3/11/2021,2.1273,2.0811,2.1342,2.0755,32.26K,2.54%
3/12/2021,2.1348,2.1211,2.1422,2.116,31.86K,0.35%
3/15/2021,2.0994,2.1474,2.154,2.0765,40.93K,-1.66%
3/16/2021,2.0957,2.0984,2.105,2.0719,27.66K,-0.18%
3/17/2021,2.0475,2.0894,2.0981,2.0307,49.36K,-2.30%
3/18/2021,1.9407,2.0586,2.0611,1.8941,49.24K,-5.22%
3/19/2021,1.9437,1.9264,1.97,1.8984,22.16K,0.15%
3/22/2021,1.9584,1.9451,1.9732,1.919,15.07K,0.76%
3/23/2021,1.8959,1.9566,1.9566,1.871,23.58K,-3.19%
3/24/2021,1.9875,1.8776,1.9896,1.8776,19.52K,4.83%
3/25/2021,1.9196,1.9654,1.9729,1.902,17.65K,-3.42%
3/26/2021,1.9709,1.933,1.9818,1.933,19.16K,2.67%
3/29/2021,2.0009,1.9725,2.0103,1.957,22.68K,1.52%
3/30/2021,1.9964,2.0221,2.0221,1.9635,14.74K,-0.22%
3/31/2021,1.9536,1.9995,2.0052,1.945,24.99K,-2.14%
4/1/2021,2.0158,1.9576,2.0282,1.9456,26.66K,3.18%
4/5/2021,1.9556,2.0023,2.0047,1.9253,23.63K,-2.99%
4/6/2021,1.9629,1.9689,2.0102,1.9578,23.11K,0.37%
4/7/2021,1.9513,1.9637,1.9768,1.9164,18.93K,-0.59%
4/8/2021,1.9597,1.9395,1.9645,1.9343,22.31K,0.43%
4/9/2021,1.9633,1.9587,1.9686,1.9412,23.57K,0.18%
4/12/2021,1.9712,1.9677,1.9967,1.9478,24.53K,0.40%
4/13/2021,1.9797,1.9717,1.9889,1.9688,21.44K,0.43%
4/14/2021,2.0409,1.9771,2.0492,1.9761,32.60K,3.09%
4/15/2021,2.0526,2.0341,2.0538,2.0236,19.25K,0.57%
4/16/2021,2.0426,2.0499,2.063,2.0387,26.51K,-0.49%
4/19/2021,2.0463,2.0361,2.0551,2.0327,13.13K,0.18%
4/20/2021,2.0209,2.0476,2.0739,1.9946,14.66K,-1.24%
4/21/2021,1.9881,2.0086,2.0205,1.9736,18.85K,-1.62%
4/22/2021,1.9811,1.9776,2.0023,1.9704,20.17K,-0.35%
4/23/2021,2.0051,1.9911,2.0096,1.9775,22.23K,1.21%
4/26/2021,1.9902,2.0048,2.0048,1.9543,19.48K,-0.74%
4/27/2021,2.0288,1.9912,2.0362,1.9912,25.73K,1.94%
4/28/2021,2.0743,2.0314,2.0767,2.0236,20.50K,2.24%
4/29/2021,2.1038,2.081,2.118,2.0774,17.99K,1.42%
4/30/2021,2.0667,2.0795,2.0898,2.0479,26.38K,-1.76%
5/3/2021,2.0921,2.0634,2.1037,2.0459,25.06K,1.23%
5/4/2021,2.1393,2.1103,2.1572,2.1023,35.28K,2.26%
5/5/2021,2.1416,2.1607,2.1679,2.1226,33.50K,0.11%
5/6/2021,2.109,2.139,2.1455,2.1054,24.03K,-1.52%
5/7/2021,2.1224,2.1113,2.1316,2.0835,44.25K,0.64%
5/10/2021,2.1273,2.1593,2.1596,2.1073,54.50K,0.23%
5/11/2021,2.1348,2.1162,2.1391,2.0916,26.82K,0.35%
5/12/2021,2.1555,2.1376,2.1744,2.1195,43.05K,0.97%
5/13/2021,2.093,2.1399,2.1408,2.0753,34.77K,-2.90%
5/14/2021,2.1224,2.0911,2.1242,2.0842,33.74K,1.40%
5/17/2021,2.1536,2.1306,2.1581,2.1123,26.85K,1.47%
5/18/2021,2.1554,2.1566,2.1744,2.1153,28.10K,0.08%
5/19/2021,2.0979,2.1468,2.1468,2.0639,26.20K,-2.67%
5/20/2021,2.0462,2.1012,2.1092,2.0404,24.59K,-2.46%
5/21/2021,2.0709,2.0487,2.0891,2.0345,22.60K,1.21%
5/24/2021,2.1217,2.0772,2.1245,2.076,22.93K,2.45%
5/25/2021,2.1229,2.1243,2.1287,2.1065,19.81K,0.06%
5/26/2021,2.1512,2.1181,2.1542,2.113,22.44K,1.33%
5/27/2021,2.1552,2.1473,2.1567,2.1251,14.95K,0.19%
5/28/2021,2.1289,2.1533,2.1638,2.1262,21.69K,-1.22%
5/31/2021,2.1375,2.137,2.1549,2.1364,1.87K,0.40%
6/1/2021,2.1649,2.1555,2.1967,2.152,26.16K,1.28%
6/2/2021,2.1898,2.1745,2.1922,2.167,16.64K,1.15%
6/3/2021,2.1954,2.1839,2.2061,2.1749,22.35K,0.26%
6/4/2021,2.2071,2.1873,2.2169,2.1873,15.68K,0.53%
6/7/2021,2.1907,2.198,2.2082,2.1869,18.99K,-0.74%
6/8/2021,2.2158,2.1817,2.2216,2.1618,34.77K,1.15%
6/9/2021,2.201,2.2242,2.232,2.187,27.11K,-0.67%
6/10/2021,2.2115,2.1874,2.2229,2.1713,23.12K,0.48%
6/11/2021,2.1864,2.2046,2.2171,2.1561,28.93K,-1.13%
6/14/2021,2.173,2.1904,2.214,2.168,24.92K,-0.61%
6/15/2021,2.1729,2.1884,2.1921,2.1639,28.86K,0.00%
6/16/2021,2.16,2.1762,2.1847,2.1425,29.02K,-0.59%
6/17/2021,2.1388,2.1398,2.1757,2.1046,32.86K,-0.98%
6/18/2021,2.174,2.1207,2.1761,2.1206,21.42K,1.65%
6/21/2021,2.2031,2.1688,2.2072,2.1467,15.98K,1.34%
6/22/2021,2.2301,2.204,2.2346,2.1915,16.26K,1.23%
6/23/2021,2.2699,2.2285,2.2864,2.2285,18.48K,1.78%
6/24/2021,2.28,2.2665,2.2847,2.2454,27.15K,0.44%
6/25/2021,2.2612,2.2747,2.2937,2.1931,31.82K,-0.82%
6/28/2021,2.2177,2.2584,2.2646,2.2161,16.79K,-1.92%
6/29/2021,2.2415,2.2175,2.2519,2.2132,27.19K,1.07%
6/30/2021,2.2234,2.2161,2.2446,2.2029,14.95K,-0.81%
7/1/2021,2.2523,2.224,2.278,2.224,18.57K,1.30%
7/2/2021,2.284,2.2548,2.2898,2.2431,13.02K,1.41%
7/5/2021,2.2975,2.2811,2.2998,2.2743,2.58K,0.59%
7/6/2021,2.214,2.3065,2.3113,2.2127,37.98K,-3.63%
7/7/2021,2.1926,2.222,2.2488,2.1587,18.14K,-0.97%
7/8/2021,2.2366,2.196,2.245,2.1668,24.69K,2.01%
7/9/2021,2.2738,2.245,2.281,2.238,42.75K,1.66%
7/12/2021,2.262,2.2693,2.2729,2.2412,32.88K,-0.52%
7/13/2021,2.3017,2.2735,2.3037,2.2579,32.90K,1.76%
7/14/2021,2.2722,2.2956,2.3017,2.2363,50.12K,-1.28%
7/15/2021,2.2318,2.2685,2.2685,2.2233,34.14K,-1.78%
7/16/2021,2.2345,2.2318,2.2514,2.2031,33.22K,0.12%
7/19/2021,2.0903,2.225,2.225,2.0753,32.56K,-6.45%
7/20/2021,2.1104,2.1,2.1186,2.0582,32.32K,0.96%
7/21/2021,2.1941,2.0937,2.1956,2.085,34.52K,3.97%
7/22/2021,2.2474,2.191,2.2525,2.182,34.75K,2.43%
7/23/2021,2.2612,2.239,2.266,2.2316,27.03K,0.61%
7/26/2021,2.2754,2.2682,2.2861,2.2299,17.62K,0.63%
7/27/2021,2.2813,2.2823,2.3051,2.269,43.36K,0.26%
7/28/2021,2.282,2.2983,2.299,2.2708,43.14K,0.03%
7/29/2021,2.3251,2.2793,2.3302,2.2793,37.89K,1.89%
7/30/2021,2.1958,2.1719,2.2046,2.1716,40.26K,-5.56%
8/2/2021,2.1371,2.1927,2.1927,2.1175,53.92K,-2.67%
8/3/2021,2.1328,2.1368,2.1618,2.0948,48.76K,-0.20%
8/4/2021,2.1025,2.1295,2.1507,2.0928,47.64K,-1.42%
8/5/2021,2.1374,2.0875,2.1399,2.0868,52.92K,1.66%
8/6/2021,2.1129,2.1417,2.1583,2.1012,46.92K,-1.15%
8/9/2021,2.0815,2.0807,2.0922,2.0354,101.42K,-1.49%
8/10/2021,2.1174,2.0837,2.13,2.0837,52.19K,1.72%
8/11/2021,2.1489,2.1117,2.1548,2.0735,50.82K,1.49%
8/12/2021,2.13,2.1544,2.1544,2.1116,52.11K,-0.88%
8/13/2021,2.1129,2.1151,2.1249,2.0983,50.54K,-0.80%
8/16/2021,2.0668,2.1026,2.1069,2.0391,60.05K,-2.18%
8/17/2021,2.0397,2.0685,2.0833,2.0348,64.50K,-1.31%
8/18/2021,2.0162,2.0363,2.0622,1.9963,80.59K,-1.15%
8/19/2021,1.9525,1.9912,1.9996,1.9259,53.78K,-3.16%
8/20/2021,1.8902,1.9489,1.9494,1.8739,70.87K,-3.19%
8/23/2021,1.9866,1.8784,1.9917,1.8775,53.53K,5.10%
8/24/2021,2.0576,1.9825,2.0615,1.9825,37.49K,3.57%
8/25/2021,2.145,2.055,2.1461,2.0463,95.81K,4.25%
8/26/2021,2.0923,2.1422,2.1461,2.0867,35.96K,-2.46%
8/27/2021,2.1196,2.095,2.1313,2.095,54.31K,1.30%
8/30/2021,2.1538,2.1686,2.1721,2.1217,34.29K,1.61%
8/31/2021,2.0664,2.066,2.0756,2.0409,69.89K,-4.06%
9/1/2021,2.0517,2.0728,2.0753,2.0231,55.27K,-0.71%
9/2/2021,2.094,2.0387,2.1037,2.0387,37.63K,2.06%
9/3/2021,2.087,2.0947,2.1164,2.0709,19.04K,-0.33%
9/6/2021,2.0773,2.0633,2.0935,2.06,4.95K,-0.46%
9/7/2021,2.0622,2.0879,2.0908,2.0486,17.46K,-0.73%
9/8/2021,2.0749,2.0616,2.0975,2.0616,23.94K,0.62%
9/9/2021,2.0442,2.075,2.0902,2.0276,21.75K,-1.48%
9/10/2021,2.0927,2.0444,2.0958,2.0444,13.84K,2.37%
9/13/2021,2.1026,2.0913,2.1161,2.0913,13.20K,0.47%
9/14/2021,2.1119,2.1146,2.126,2.0974,17.84K,0.44%
9/15/2021,2.1438,2.1217,2.1702,2.1217,20.57K,1.51%
9/16/2021,2.1269,2.1487,2.153,2.105,17.19K,-0.79%
9/17/2021,2.1157,2.1214,2.1232,2.0961,12.23K,-0.53%
9/20/2021,2.0603,2.111,2.111,2.0508,30.92K,-2.62%
9/21/2021,2.0598,2.0686,2.0888,2.0291,31.81K,-0.02%
9/22/2021,2.0837,2.0695,2.0953,2.0445,24.11K,1.16%
9/23/2021,2.1261,2.0898,2.1284,2.0545,36.37K,2.03%
9/24/2021,2.1377,2.1249,2.143,2.1021,15.06K,0.55%
9/27/2021,2.17,2.1385,2.175,2.1385,19.19K,1.51%
9/28/2021,2.1475,2.1614,2.193,2.1241,21.74K,-1.04%
9/29/2021,2.175,2.1294,2.1794,2.1072,14.47K,1.28%
9/30/2021,2.1561,2.1388,2.1811,2.0976,30.28K,-0.87%
10/1/2021,2.2083,2.1584,2.2108,2.1419,22.32K,2.42%
10/4/2021,2.2637,2.197,2.276,2.188,25.20K,2.51%
10/5/2021,2.3083,2.273,2.32,2.2642,33.16K,1.97%
10/6/2021,2.2622,2.2987,2.3248,2.2426,27.59K,-2.00%
10/7/2021,2.2865,2.2654,2.2988,2.2075,27.66K,1.07%
10/8/2021,2.3108,2.2937,2.3263,2.2917,33.20K,1.06%
10/11/2021,2.3291,2.3259,2.3573,2.3257,22.94K,0.79%
10/12/2021,2.333,2.3202,2.3482,2.3076,23.04K,0.17%
10/13/2021,2.3491,2.3222,2.3595,2.2971,27.13K,0.69%
10/14/2021,2.3824,2.3652,2.3866,2.3369,28.56K,1.42%
10/15/2021,2.4251,2.3918,2.4258,2.3895,27.50K,1.79%
10/18/2021,2.4223,2.4434,2.447,2.4093,26.65K,-0.12%
10/19/2021,2.4176,2.4174,2.4358,2.3811,18.71K,-0.19%
10/20/2021,2.4469,2.425,2.4501,2.3709,25.57K,1.21%
10/21/2021,2.419,2.4418,2.4422,2.392,20.96K,-1.14%
10/22/2021,2.4156,2.4026,2.4464,2.3972,21.23K,-0.14%
10/25/2021,2.4427,2.4196,2.4679,2.4196,18.90K,1.12%
10/26/2021,2.4472,2.4497,2.4668,2.4354,12.96K,0.18%
10/27/2021,2.3792,2.434,2.434,2.3644,17.23K,-2.78%
10/28/2021,2.3589,2.3678,2.3742,2.3221,12.93K,-0.85%
10/29/2021,2.3182,2.3136,2.3407,2.2913,17.92K,-1.73%
11/1/2021,2.3514,2.3111,2.353,2.2989,14.38K,1.43%
11/2/2021,2.3804,2.3545,2.3818,2.3241,21.15K,1.23%
11/3/2021,2.2826,2.3534,2.3534,2.2673,18.00K,-4.11%
11/4/2021,2.241,2.2781,2.3522,2.2307,19.80K,-1.82%
11/5/2021,2.2762,2.2691,2.2967,2.2344,16.87K,1.57%
11/8/2021,2.282,2.2778,2.3028,2.2684,11.32K,0.25%
11/9/2021,2.3338,2.2889,2.3457,2.2844,14.13K,2.27%
11/10/2021,2.2646,2.3461,2.3478,2.2439,12.08K,-2.97%
11/11/2021,2.2806,2.2716,2.2991,2.2443,12.54K,0.71%
11/12/2021,2.2685,2.2741,2.28,2.2245,10.40K,-0.53%
11/15/2021,2.2762,2.264,2.2898,2.2277,11.85K,0.34%
11/16/2021,2.2936,2.2904,2.3092,2.2673,14.89K,0.76%
11/17/2021,2.2305,2.2819,2.296,2.2119,11.85K,-2.75%
11/18/2021,2.2427,2.2293,2.2519,2.2098,9.52K,0.55%
11/19/2021,2.1569,2.2438,2.2707,2.141,18.09K,-3.83%
11/22/2021,2.2033,2.1537,2.212,2.1522,16.20K,2.15%
11/23/2021,2.2783,2.1951,2.2862,2.1638,14.33K,3.40%
11/24/2021,2.2659,2.2603,2.2857,2.2478,10.21K,-0.54%
11/25/2021,2.2579,2.2645,2.2668,2.2497,1.72K,-0.35%
11/26/2021,1.9811,2.2417,2.2439,1.9745,13.57K,-12.26%
11/29/2021,2.033,2.0805,2.1153,2.0045,16.64K,2.62%
11/30/2021,1.9282,2.0188,2.0188,1.8945,22.52K,-5.15%
12/1/2021,1.9363,1.9454,2.023,1.9183,20.59K,0.42%
12/2/2021,1.9508,1.9525,1.9882,1.8649,22.31K,0.75%
12/3/2021,1.9402,1.9452,2.0065,1.9227,13.98K,-0.54%
12/6/2021,2.0283,1.9739,2.0474,1.958,14.11K,4.54%
12/7/2021,2.0864,2.06,2.1076,2.0588,22.50K,2.86%
12/8/2021,2.1346,2.086,2.1426,2.0802,16.41K,2.31%
12/9/2021,2.1165,2.1479,2.1479,2.0965,15.50K,-0.85%
12/10/2021,2.127,2.1053,2.1438,2.0978,14.13K,0.50%
12/13/2021,2.1057,2.1476,2.1636,2.104,16.71K,-1.00%
12/14/2021,2.0971,2.1136,2.1292,2.0622,17.27K,-0.41%
12/15/2021,2.1123,2.0856,2.1304,2.0674,17.43K,0.72%
12/16/2021,2.1644,2.1295,2.1717,2.122,16.77K,2.47%
12/17/2021,2.1126,2.1365,2.1476,2.0887,13.15K,-2.39%
12/20/2021,2.0786,2.089,2.0949,2.0172,14.98K,-1.61%
12/21/2021,2.1448,2.0969,2.1534,2.073,13.06K,3.18%
12/22/2021,2.165,2.1382,2.1781,2.1256,14.03K,0.94%
12/23/2021,2.2033,2.1711,2.2144,2.1553,19.64K,1.77%
12/24/2021,2.1986,2.1882,2.2135,2.1881,0.03K,-0.21%
12/27/2021,2.2304,2.1902,2.2546,2.176,6.75K,1.45%
12/28/2021,2.246,2.2318,2.2652,2.2232,8.38K,0.70%
12/29/2021,2.2666,2.2528,2.2859,2.2313,9.50K,0.92%
12/30/2021,2.2914,2.2652,2.2952,2.2494,8.52K,1.09%
12/31/2021,2.2286,2.2685,2.2895,2.2234,8.85K,-2.74%
1/3/2022,2.2593,2.2459,2.2732,2.2157,7.35K,1.38%
1/4/2022,2.282,2.2672,2.301,2.2534,11.25K,1.00%
1/5/2022,2.2975,2.2732,2.3195,2.2671,12.02K,0.68%
1/6/2022,2.3103,2.2722,2.3327,2.2644,13.91K,0.56%
1/7/2022,2.3058,2.3234,2.3386,2.3004,11.55K,-0.19%
1/10/2022,2.2825,2.3134,2.3232,2.2758,12.96K,-1.01%
1/11/2022,2.3607,2.2926,2.3661,2.2896,15.57K,3.43%
1/12/2022,2.3936,2.3607,2.4031,2.3495,17.83K,1.39%
1/13/2022,2.3877,2.3876,2.4056,2.3709,14.77K,-0.25%
1/14/2022,2.4237,2.3818,2.4325,2.3818,15.29K,1.51%
1/17/2022,2.4353,2.4279,2.4374,2.415,2.86K,0.48%
1/18/2022,2.4387,2.4431,2.4717,2.4285,14.42K,0.14%
1/19/2022,2.4615,2.4722,2.4833,2.4406,14.66K,0.93%
1/20/2022,2.4662,2.4564,2.489,2.4306,16.85K,0.19%
1/21/2022,2.4465,2.4229,2.4619,2.4,11.98K,-0.80%
1/24/2022,2.4021,2.461,2.4662,2.3738,13.93K,-1.81%
1/25/2022,2.4626,2.4172,2.4688,2.4081,14.20K,2.52%
1/26/2022,2.5232,2.4565,2.5363,2.4565,17.57K,2.46%
1/27/2022,2.521,2.5225,2.5701,2.5112,19.74K,-0.09%
1/28/2022,2.5379,2.5504,2.5772,2.5203,14.53K,0.67%
1/31/2022,2.6604,2.67,2.6837,2.6346,16.00K,4.83%
2/1/2022,2.6763,2.6653,2.6869,2.621,17.50K,0.60%
2/2/2022,2.7039,2.6839,2.7127,2.6688,15.24K,1.03%
2/3/2022,2.7367,2.7058,2.7412,2.6741,15.90K,1.21%
2/4/2022,2.7797,2.7554,2.7951,2.753,16.28K,1.57%
2/7/2022,2.79,2.7813,2.8008,2.768,22.58K,0.37%
2/8/2022,2.7387,2.7853,2.7899,2.7108,27.51K,-1.84%
2/9/2022,2.7778,2.7476,2.7906,2.725,25.22K,1.43%
2/10/2022,2.7915,2.7795,2.8289,2.772,17.03K,0.49%
2/11/2022,2.8727,2.7781,2.8914,2.769,22.35K,2.91%
2/14/2022,2.9068,2.8959,2.9137,2.8341,15.95K,1.19%
2/15/2022,2.8095,2.8945,2.8945,2.7826,12.53K,-3.35%
2/16/2022,2.8283,2.825,2.8687,2.74,18.17K,0.67%
2/17/2022,2.796,2.775,2.8118,2.7515,15.92K,-1.14%
2/18/2022,2.8119,2.7944,2.8254,2.7341,16.27K,0.57%
2/21/2022,2.8542,2.8487,2.8827,2.7938,5.97K,1.50%
2/22/2022,2.8543,2.889,2.9375,2.8359,17.57K,0.00%
2/23/2022,2.876,2.867,2.9203,2.8357,17.24K,0.76%
2/24/2022,2.9165,2.9077,3.0664,2.8878,18.66K,1.41%
2/25/2022,2.8741,2.9666,2.9837,2.8545,11.85K,-1.45%
2/28/2022,2.9089,2.9306,2.9685,2.8988,14.19K,1.21%
3/1/2022,3.0621,2.9402,3.1305,2.9402,16.34K,5.27%
3/2/2022,3.2749,3.187,3.3228,3.11,16.85K,6.95%
3/3/2022,3.2457,3.3541,3.481,3.2055,4.27K,-0.89%
3/4/2022,3.4764,3.2998,3.4815,3.2229,6.03K,7.11%
3/7/2022,3.5286,3.6191,3.7319,3.479,6.70K,1.50%
3/8/2022,3.6392,3.5512,3.7684,3.5028,7.70K,3.13%
3/9/2022,3.2537,3.675,3.7095,3.1963,7.68K,-10.59%
3/10/2022,3.1342,3.2643,3.3811,3.1196,8.21K,-3.67%
3/11/2022,3.28,3.0927,3.2824,3.0874,7.95K,4.65%
3/14/2022,3.1339,3.198,3.2242,3.0715,7.06K,-4.45%
3/15/2022,2.9657,2.9946,3.0079,2.8664,6.65K,-5.37%
3/16/2022,2.952,2.9422,3.063,2.9225,5.31K,-0.46%
3/17/2022,3.1822,2.968,3.1917,2.968,10.52K,7.80%
3/18/2022,3.2059,3.216,3.2324,3.1322,11.74K,0.74%
3/21/2022,3.3379,3.245,3.3676,3.245,7.17K,4.12%
3/22/2022,3.3046,3.3499,3.3903,3.2727,6.38K,-1.00%
3/23/2022,3.4195,3.3285,3.4339,3.3145,11.97K,3.48%
3/24/2022,3.3689,3.4531,3.468,3.3214,6.88K,-1.48%
3/25/2022,3.4363,3.3509,3.4392,3.2915,11.47K,2.00%
3/28/2022,3.1962,3.3679,3.378,3.127,13.09K,-6.99%
3/29/2022,3.1767,3.1843,3.2701,3.0366,7.45K,-0.61%
3/30/2022,3.2864,3.2302,3.3064,3.224,11.73K,3.45%
3/31/2022,3.0978,3.1354,3.1816,3.0714,16.63K,-5.74%
4/1/2022,3.1089,3.1029,3.1267,3.059,4.49K,0.36%
4/4/2022,3.1561,3.0877,3.1951,3.0782,4.30K,1.52%
4/5/2022,3.1311,3.1995,3.2067,3.0744,5.16K,-0.79%
4/6/2022,3.0186,3.1086,3.1704,3.0057,8.43K,-3.59%
4/7/2022,3.0205,3.0535,3.0751,2.9653,9.15K,0.06%
4/8/2022,3.1091,3.0072,3.1185,3.004,11.08K,2.93%
4/11/2022,2.9892,3.0643,3.0643,2.974,11.97K,-3.86%
4/12/2022,3.1375,3.025,3.1553,3.022,13.72K,4.96%
4/13/2022,3.2706,3.149,3.2796,3.1269,16.60K,4.24%
4/14/2022,3.3606,3.2579,3.375,3.215,17.13K,2.75%
4/18/2022,3.358,3.395,3.4234,3.3154,13.15K,-0.08%
4/19/2022,3.2289,3.3645,3.3645,3.193,14.09K,-3.84%
4/20/2022,3.2618,3.2246,3.2833,3.1755,11.56K,1.02%
4/21/2022,3.3175,3.2876,3.3274,3.2527,12.48K,1.71%
4/22/2022,3.286,3.3051,3.3051,3.2439,11.44K,-0.95%
4/25/2022,3.2206,3.2394,3.2394,3.1228,9.03K,-1.99%
4/26/2022,3.311,3.229,3.3494,3.1814,16.66K,2.81%
4/27/2022,3.4135,3.3529,3.435,3.2947,16.33K,3.10%
4/28/2022,3.4759,3.405,3.4896,3.377,21.54K,1.83%
4/29/2022,3.3744,3.3812,3.4294,3.3526,17.26K,-2.92%
5/2/2022,3.4291,3.3599,3.4491,3.2816,18.75K,1.62%
5/3/2022,3.4187,3.4262,3.4589,3.3647,15.66K,-0.30%
5/4/2022,3.5675,3.4711,3.5887,3.4598,15.90K,4.35%
5/5/2022,3.58,3.5795,3.6375,3.5171,10.52K,0.35%
5/6/2022,3.661,3.6,3.7089,3.5728,12.96K,2.26%
5/9/2022,3.5296,3.675,3.675,3.5055,10.59K,-3.59%
5/10/2022,3.4349,3.4491,3.5488,3.4044,9.65K,-2.68%
5/11/2022,3.5736,3.4639,3.5908,3.4509,11.14K,4.04%
5/12/2022,3.645,3.5287,3.6591,3.5057,13.11K,2.00%
5/13/2022,3.7848,3.6759,3.7975,3.6759,14.61K,3.84%
5/16/2022,3.8405,3.815,3.8765,3.7559,9.48K,1.47%
5/17/2022,3.7763,3.8295,3.8719,3.7511,11.50K,-1.67%
5/18/2022,3.5913,3.78,3.8141,3.5579,11.51K,-4.90%
5/19/2022,3.6776,3.5902,3.6845,3.4302,11.27K,2.40%
5/20/2022,3.6897,3.6658,3.7362,3.6413,11.06K,0.33%
5/23/2022,3.6802,3.704,3.7224,3.5565,9.51K,-0.26%
5/24/2022,3.6897,3.5788,3.6961,3.5376,15.82K,0.26%
5/25/2022,3.7253,3.7112,3.7595,3.6809,11.43K,0.96%
5/26/2022,3.7924,3.732,3.8309,3.7137,11.11K,1.80%
5/27/2022,3.9119,3.785,3.9215,3.7653,9.81K,3.15%
5/30/2022,3.7606,3.7623,3.7765,3.7353,1.43K,-3.87%
5/31/2022,3.7455,3.7962,3.8655,3.7387,8.55K,-0.40%
6/1/2022,3.8712,3.7781,3.9028,3.7781,10.38K,3.36%
6/2/2022,3.9726,3.805,4.0075,3.7892,7.39K,2.62%
6/3/2022,4.0278,3.9981,4.077,3.944,4.96K,1.39%
6/6/2022,3.9904,4.0385,4.0842,3.9771,6.57K,-0.93%
6/7/2022,3.9788,4.0324,4.0325,3.8905,9.56K,-0.29%
6/8/2022,4.0425,3.968,4.0627,3.9188,10.07K,1.60%
6/9/2022,4.0839,4.0204,4.1105,4.0069,7.15K,1.02%
6/10/2022,3.9976,4.0605,4.1214,3.9539,9.27K,-2.11%
6/13/2022,3.8929,3.9718,3.9835,3.8284,6.28K,-2.62%
6/14/2022,3.8419,3.8819,3.9753,3.7955,6.59K,-1.31%
6/15/2022,3.7705,3.82,3.8724,3.7487,6.29K,-1.86%
6/16/2022,3.8438,3.8162,3.8479,3.6961,7.31K,1.94%
6/17/2022,3.6812,3.798,3.8387,3.5519,10.95K,-4.23%
6/20/2022,3.7246,3.7307,3.7366,3.6091,3.64K,1.18%
6/21/2022,3.6953,3.7404,3.8316,3.6806,10.78K,-0.79%
6/22/2022,3.7298,3.6331,3.7387,3.5584,8.34K,0.93%
6/23/2022,3.661,3.6699,3.7657,3.613,8.32K,-1.84%
6/24/2022,3.7817,3.6644,3.7869,3.625,6.07K,3.30%
6/27/2022,3.7399,3.7614,3.8275,3.7158,6.06K,-1.11%
6/28/2022,3.8442,3.778,3.8502,3.6972,7.05K,2.79%
6/29/2022,3.7233,3.8043,3.8653,3.6554,10.11K,-3.14%
6/30/2022,3.4019,3.5394,3.5395,3.3442,9.21K,-8.63%
7/1/2022,3.5312,3.4025,3.5772,3.3764,5.74K,3.80%
7/4/2022,3.553,3.5167,3.5834,3.4892,1.66K,0.62%
7/5/2022,3.1906,3.5356,3.5733,3.141,8.10K,-10.20%
7/6/2022,3.0905,3.224,3.2498,3.0531,6.12K,-3.14%
7/7/2022,3.2459,3.1169,3.3147,3.0833,6.45K,5.03%
7/8/2022,3.2824,3.255,3.3096,3.1886,4.10K,1.12%
7/11/2022,3.3103,3.2526,3.3221,3.2074,4.56K,0.85%
7/12/2022,3.1185,3.265,3.265,3.0839,4.30K,-5.79%
7/13/2022,3.0806,3.1105,3.1404,3.0175,8.00K,-1.22%
7/14/2022,3.0172,3.084,3.1164,2.9366,7.63K,-2.06%
7/15/2022,3.0541,3.0213,3.1102,2.9712,4.71K,1.22%
7/18/2022,3.1204,3.0688,3.1835,3.0668,5.71K,2.17%
7/19/2022,3.1689,3.128,3.1755,3.0646,4.30K,1.55%
7/20/2022,3.1356,3.1614,3.1757,3.1104,4.72K,-1.05%
7/21/2022,2.9979,3.106,3.106,2.8911,6.86K,-4.39%
7/22/2022,3.0268,2.9882,3.0655,2.9383,6.82K,0.96%
7/25/2022,3.1163,2.9957,3.1258,2.9783,6.01K,2.96%
7/26/2022,3.0818,3.1021,3.1934,3.0417,7.89K,-1.11%
7/27/2022,3.1536,3.0964,3.1822,3.091,8.70K,2.33%
7/28/2022,3.1018,3.1901,3.1901,3.0622,7.63K,-1.64%
7/29/2022,2.8652,2.8463,2.9585,2.8455,7.98K,-7.63%
8/1/2022,2.743,2.8416,2.85,2.686,6.78K,-4.26%
8/2/2022,2.7826,2.7168,2.8361,2.7001,7.07K,1.44%
8/3/2022,2.6644,2.7852,2.8465,2.6563,9.59K,-4.25%
8/4/2022,2.5631,2.6669,2.681,2.5369,7.80K,-3.80%
8/5/2022,2.6028,2.5484,2.6324,2.5375,7.46K,1.55%
8/8/2022,2.6497,2.6346,2.6606,2.5797,6.21K,1.80%
8/9/2022,2.7075,2.6664,2.7268,2.638,7.43K,2.18%
8/10/2022,2.7945,2.7029,2.8049,2.6635,10.46K,3.21%
8/11/2022,2.8067,2.7844,2.8343,2.7693,7.81K,0.44%
8/12/2022,2.7817,2.8003,2.8156,2.7393,7.23K,-0.89%
8/15/2022,2.7101,2.7504,2.7504,2.644,6.75K,-2.57%
8/16/2022,2.6603,2.6956,2.722,2.6463,6.00K,-1.84%
8/17/2022,2.7117,2.6625,2.7142,2.6441,9.87K,1.93%
8/18/2022,2.7884,2.713,2.8101,2.7004,7.29K,2.83%
8/19/2022,2.7889,2.8096,2.8189,2.7376,5.43K,0.02%
8/22/2022,2.6822,2.7488,2.7958,2.6162,8.65K,-3.83%
8/23/2022,2.7463,2.6845,2.7645,2.6573,9.44K,2.39%
8/24/2022,2.647,2.726,2.7649,2.5995,9.39K,-3.62%
8/25/2022,2.6524,2.6589,2.6997,2.6196,7.66K,0.20%
8/26/2022,2.6774,2.6602,2.6919,2.5657,7.65K,0.94%
8/29/2022,2.7161,2.662,2.723,2.6275,4.00K,1.45%
8/30/2022,2.5303,2.7168,2.7243,2.5166,5.26K,-6.84%
8/31/2022,2.3879,2.5143,2.5143,2.3684,8.77K,-5.63%
9/1/2022,2.3377,2.365,2.3802,2.3095,8.98K,-2.10%
9/2/2022,2.4059,2.3842,2.439,2.3814,7.98K,2.92%
9/5/2022,2.445,2.4325,2.4703,2.4249,2.66K,1.63%
9/6/2022,2.368,2.4234,2.457,2.3631,6.37K,-3.15%
9/7/2022,2.267,2.3486,2.4132,2.2594,7.22K,-4.27%
9/8/2022,2.3077,2.285,2.3203,2.2501,5.62K,1.80%
9/9/2022,2.3938,2.3169,2.4013,2.298,5.74K,3.73%
9/12/2022,2.4097,2.3694,2.452,2.3694,7.29K,0.66%
9/13/2022,2.437,2.4398,2.4684,2.3781,9.72K,1.13%
9/14/2022,2.4783,2.4529,2.5153,2.3915,12.06K,1.69%
9/15/2022,2.3848,2.4846,2.4846,2.3447,10.38K,-3.77%
9/16/2022,2.3753,2.3802,2.4031,2.3396,7.58K,-0.40%
9/19/2022,2.4151,2.3665,2.4205,2.3026,7.24K,1.68%
9/20/2022,2.3925,2.4353,2.4552,2.3751,6.24K,-0.94%
9/21/2022,2.4124,2.3856,2.4639,2.3796,7.97K,0.83%
9/22/2022,2.4316,2.4097,2.5037,2.4097,6.80K,0.80%
9/23/2022,2.3081,2.4403,2.4403,2.2724,7.64K,-5.08%
9/26/2022,2.2888,2.3081,2.3622,2.2602,7.42K,-0.84%
9/27/2022,2.3727,2.2991,2.3925,2.2991,7.01K,3.67%
9/28/2022,2.4617,2.3509,2.4641,2.3375,5.49K,3.75%
9/29/2022,2.4027,2.442,2.4664,2.3963,4.41K,-2.40%
9/30/2022,2.2789,2.2903,2.337,2.2402,9.71K,-5.15%
10/3/2022,2.3932,2.3287,2.4079,2.3287,12.17K,5.02%
10/4/2022,2.5153,2.4019,2.5208,2.4019,12.09K,5.10%
10/5/2022,2.5212,2.5076,2.5421,2.4477,9.65K,0.23%
10/6/2022,2.5344,2.5049,2.5516,2.4873,10.07K,0.52%
10/7/2022,2.591,2.5462,2.6164,2.5278,10.03K,2.23%
10/10/2022,2.4909,2.5655,2.5878,2.4701,10.49K,-3.86%
10/11/2022,2.4805,2.4739,2.4877,2.4415,12.61K,-0.42%
10/12/2022,2.4713,2.4516,2.5079,2.4199,10.80K,-0.37%
10/13/2022,2.5321,2.4533,2.5381,2.4204,8.27K,2.46%
10/14/2022,2.454,2.5159,2.5292,2.4307,8.38K,-3.08%
10/17/2022,2.4344,2.4665,2.4931,2.4197,6.22K,-0.80%
10/18/2022,2.4074,2.4557,2.4593,2.3533,9.32K,-1.11%
10/19/2022,2.4807,2.4254,2.4856,2.3974,6.33K,3.04%
10/20/2022,2.4661,2.4894,2.5359,2.4635,5.23K,-0.59%
10/21/2022,2.4748,2.4628,2.4935,2.4416,5.14K,0.35%
10/24/2022,2.4984,2.4424,2.515,2.4059,6.70K,0.95%
10/25/2022,2.5567,2.5063,2.5592,2.4549,7.98K,2.33%
10/26/2022,2.5776,2.537,2.6055,2.5262,7.51K,0.82%
10/27/2022,2.6415,2.6094,2.658,2.5653,6.21K,2.48%
10/28/2022,2.5629,2.6294,2.6337,2.5315,4.67K,-2.98%
10/31/2022,2.4589,2.4485,2.5021,2.4186,5.89K,-4.06%
11/1/2022,2.5249,2.4894,2.5425,2.4739,4.52K,2.68%
11/2/2022,2.608,2.5283,2.6162,2.5126,5.69K,3.29%
11/3/2022,2.5828,2.5934,2.5945,2.5386,9.30K,-0.97%
11/4/2022,2.6489,2.5961,2.6974,2.5961,7.20K,2.56%
11/7/2022,2.5923,2.6276,2.6529,2.5881,5.52K,-2.14%
11/8/2022,2.5645,2.6041,2.6201,2.5439,8.28K,-1.07%
11/9/2022,2.4765,2.5626,2.5626,2.4737,6.41K,-3.43%
11/10/2022,2.5086,2.4872,2.525,2.4596,6.91K,1.30%
11/11/2022,2.5556,2.5559,2.5812,2.5267,6.84K,1.87%
11/14/2022,2.4719,2.5788,2.5818,2.4652,7.65K,-3.28%
11/15/2022,2.4742,2.4733,2.5283,2.4431,8.76K,0.09%
11/16/2022,2.4597,2.461,2.499,2.4116,10.48K,-0.59%
11/17/2022,2.3975,2.4518,2.4565,2.3867,10.51K,-2.53%
11/18/2022,2.351,2.3968,2.4076,2.3015,5.13K,-1.94%
11/21/2022,2.3646,2.3199,2.389,2.2569,6.81K,0.58%
11/22/2022,2.4438,2.3864,2.47,2.3864,5.44K,3.35%
11/23/2022,2.393,2.4478,2.4515,2.3249,5.45K,-2.08%
11/24/2022,2.3722,2.3816,2.3864,2.3544,1.08K,-0.87%
11/25/2022,2.2729,2.3714,2.4062,2.2641,4.72K,-4.19%
11/28/2022,2.2723,2.2468,2.3082,2.2243,5.25K,-0.03%
11/29/2022,2.2878,2.234,2.3257,2.234,3.94K,0.68%
11/30/2022,2.3825,2.303,2.3859,2.2974,8.37K,4.14%
12/1/2022,2.3419,2.373,2.4143,2.3354,6.34K,-1.70%
12/2/2022,2.2871,2.3305,2.3562,2.2751,5.98K,-2.34%
12/5/2022,2.2122,2.3285,2.3484,2.2075,7.56K,-3.27%
12/6/2022,2.1606,2.2414,2.2414,2.1424,9.77K,-2.33%
12/7/2022,2.0886,2.1696,2.1787,2.0845,9.19K,-3.33%
12/8/2022,2.0612,2.0963,2.1394,2.0547,8.95K,-1.31%
12/9/2022,2.0672,2.0753,2.0898,2.0468,7.01K,0.29%
12/12/2022,2.0952,2.0607,2.1069,2.0344,8.87K,1.35%
12/13/2022,2.176,2.1122,2.1878,2.104,7.73K,3.86%
12/14/2022,2.2536,2.1728,2.2616,2.1696,6.23K,3.57%
12/15/2022,2.18,2.2509,2.2553,2.1778,5.16K,-3.27%
12/16/2022,2.1459,2.1906,2.1934,2.1186,6.17K,-1.56%
12/19/2022,2.1906,2.1554,2.2067,2.1464,7.75K,2.08%
12/20/2022,2.232,2.1933,2.2408,2.176,5.04K,1.89%
12/21/2022,2.2647,2.2318,2.2815,2.2225,7.44K,1.47%
12/22/2022,2.2597,2.2881,2.2963,2.2339,4.15K,-0.22%
12/23/2022,2.3915,2.286,2.3939,2.2636,3.30K,5.83%
12/26/2022,2.423,2.3981,2.4233,2.3971,,1.32%
12/27/2022,2.3683,2.4022,2.4168,2.359,4.08K,-2.26%
12/28/2022,2.3721,2.3769,2.3789,2.3061,4.76K,0.16%
12/29/2022,2.3767,2.349,2.3875,2.3123,2.30K,0.19%
12/30/2022,2.4783,2.3759,2.483,2.3678,4.42K,4.27%
1/2/2023,2.4931,2.5011,2.5069,2.4858,,0.60%
1/3/2023,2.3659,2.485,2.4896,2.3562,7.99K,-5.10%
1/4/2023,2.2637,2.3779,2.3779,2.2511,5.52K,-4.32%
1/5/2023,2.2732,2.3025,2.3128,2.2646,6.91K,0.42%
1/6/2023,2.2515,2.2951,2.3169,2.2451,6.73K,-0.95%
1/9/2023,2.2995,2.274,2.3403,2.274,6.84K,2.13%
1/10/2023,2.3335,2.2954,2.3537,2.29,5.66K,1.48%
1/11/2023,2.4392,2.3198,2.4432,2.3198,7.94K,4.53%
1/12/2023,2.4819,2.4412,2.4985,2.4315,7.10K,1.75%
1/13/2023,2.5393,2.4604,2.5448,2.4604,7.95K,2.31%
1/16/2023,2.5108,2.5315,2.5413,2.5006,2.92K,-1.12%
1/17/2023,2.5542,2.5111,2.5781,2.5074,8.21K,1.73%
1/18/2023,2.5338,2.5766,2.6048,2.5191,9.42K,-0.80%
1/19/2023,2.6032,2.5003,2.6279,2.4993,10.92K,2.74%
1/20/2023,2.65,2.624,2.6727,2.6073,6.46K,1.80%
1/23/2023,2.7001,2.6386,2.7126,2.6386,5.32K,1.89%
1/24/2023,2.6521,2.6858,2.7015,2.6386,6.79K,-1.78%
1/25/2023,2.5978,2.7146,2.7157,2.5839,7.07K,-2.05%
1/26/2023,2.6166,2.5879,2.661,2.5668,5.16K,0.72%
1/27/2023,2.5935,2.629,2.6466,2.5713,7.76K,-0.88%
1/30/2023,2.5058,2.6046,2.6046,2.5004,3.46K,-3.38%
1/31/2023,2.7352,2.6639,2.7397,2.65,14.04K,9.15%
2/1/2023,2.6318,2.7329,2.7578,2.6113,13.54K,-3.78%
2/2/2023,2.6246,2.6358,2.6602,2.6153,11.30K,-0.27%
2/3/2023,2.5119,2.626,2.6498,2.5064,16.55K,-4.29%
2/6/2023,2.5532,2.5125,2.5611,2.4674,23.94K,1.64%
2/7/2023,2.6351,2.587,2.6429,2.5746,19.56K,3.21%
2/8/2023,2.6518,2.6345,2.6602,2.5984,18.00K,0.63%
2/9/2023,2.6412,2.6683,2.6683,2.5992,16.57K,-0.40%
2/10/2023,2.7019,2.6262,2.7077,2.6237,18.77K,2.30%
2/13/2023,2.7276,2.6849,2.7298,2.665,23.19K,0.95%
2/14/2023,2.6939,2.7136,2.7198,2.6493,7.46K,-1.24%
2/15/2023,2.6942,2.6936,2.7052,2.634,9.10K,0.01%
2/16/2023,2.6456,2.7005,2.7095,2.6263,9.29K,-1.80%
2/17/2023,2.6222,2.6276,2.6276,2.5603,10.45K,-0.88%
2/20/2023,2.6526,2.6338,2.6608,2.6311,1.20K,1.16%
2/21/2023,2.6233,2.6307,2.6537,2.6097,8.76K,-1.10%
2/22/2023,2.5502,2.6217,2.6256,2.5363,7.86K,-2.79%
2/23/2023,2.5848,2.5424,2.606,2.5389,6.26K,1.36%
2/24/2023,2.5814,2.6112,2.6112,2.5223,3.84K,-0.13%
2/27/2023,2.584,2.588,2.6008,2.5605,3.33K,0.10%
2/28/2023,2.632,2.5784,2.6445,2.5771,4.66K,1.86%
3/1/2023,2.6644,2.6533,2.6667,2.616,12.90K,1.23%
3/2/2023,2.6894,2.6594,2.6957,2.6512,10.43K,0.94%
3/3/2023,2.7412,2.6855,2.7451,2.6157,17.68K,1.93%
3/6/2023,2.7841,2.7168,2.7857,2.7002,16.71K,1.57%
3/7/2023,2.6899,2.7886,2.795,2.665,10.76K,-3.38%
3/8/2023,2.6777,2.6744,2.6878,2.6453,8.00K,-0.45%
3/9/2023,2.5972,2.6772,2.6956,2.5924,7.40K,-3.01%
3/10/2023,2.6378,2.5879,2.6483,2.5641,6.74K,1.56%
3/13/2023,2.5809,2.6499,2.6499,2.5204,12.59K,-2.16%
3/14/2023,2.5362,2.5921,2.5952,2.5209,9.89K,-1.73%
3/15/2023,2.4189,2.5488,2.5794,2.3696,13.64K,-4.63%
3/16/2023,2.4746,2.4515,2.4827,2.364,11.51K,2.30%
3/17/2023,2.4658,2.4781,2.5262,2.4186,10.87K,-0.36%
3/20/2023,2.4968,2.4692,2.4987,2.3817,10.59K,1.26%
3/21/2023,2.5063,2.4842,2.5293,2.4755,5.65K,0.38%
3/22/2023,2.56,2.4915,2.5675,2.4822,9.18K,2.14%
3/23/2023,2.5671,2.5419,2.6108,2.5377,10.49K,0.28%
3/24/2023,2.5548,2.5703,2.5766,2.4971,7.17K,-0.48%
3/27/2023,2.6551,2.5487,2.6626,2.5382,7.17K,3.93%
3/28/2023,2.6805,2.658,2.6889,2.6297,9.39K,0.96%
3/29/2023,2.6373,2.6911,2.6992,2.6215,6.89K,-1.61%
3/30/2023,2.6378,2.6366,2.659,2.5998,10.37K,0.02%
3/31/2023,2.628,2.5799,2.6357,2.5559,20.31K,-0.37%
4/3/2023,2.7087,2.728,2.7405,2.6926,22.83K,3.07%
4/4/2023,2.6924,2.7292,2.7377,2.6593,25.96K,-0.60%
4/5/2023,2.7505,2.7115,2.7539,2.6934,33.78K,2.16%
4/6/2023,2.7499,2.7559,2.7688,2.7251,21.98K,-0.02%
4/10/2023,2.7463,2.741,2.7627,2.7097,17.32K,-0.13%
4/11/2023,2.801,2.7534,2.8028,2.7259,25.21K,1.99%
4/12/2023,2.8144,2.7942,2.8273,2.7576,20.33K,0.48%
4/13/2023,2.7802,2.784,2.8014,2.7727,20.89K,-1.22%
4/14/2023,2.7865,2.7844,2.792,2.7535,20.15K,0.23%
4/17/2023,2.7306,2.7826,2.7826,2.7156,15.11K,-2.01%
4/18/2023,2.7082,2.7355,2.7402,2.6856,8.56K,-0.82%
4/19/2023,2.6131,2.6844,2.6924,2.6057,11.95K,-3.51%
4/20/2023,2.56,2.5835,2.59,2.5333,9.44K,-2.03%
4/21/2023,2.5753,2.5627,2.6086,2.5545,8.04K,0.60%
4/24/2023,2.61,2.5479,2.6212,2.5276,6.43K,1.35%
4/25/2023,2.5583,2.6118,2.622,2.5341,7.33K,-1.98%
4/26/2023,2.5125,2.5696,2.5835,2.5065,7.44K,-1.79%
4/27/2023,2.4927,2.5125,2.5254,2.4794,7.08K,-0.79%
4/28/2023,2.488,2.4538,2.51,2.4339,14.95K,-0.19%
5/1/2023,2.5028,2.476,2.5079,2.4342,10.23K,0.59%
5/2/2023,2.3903,2.4994,2.5099,2.3799,15.28K,-4.49%
5/3/2023,2.285,2.3855,2.3922,2.2698,16.38K,-4.41%
5/4/2023,2.2898,2.2655,2.3204,2.2546,17.06K,0.21%
5/5/2023,2.345,2.2956,2.3651,2.2941,16.91K,2.41%
5/8/2023,2.4216,2.3539,2.4296,2.3539,17.20K,3.27%
5/9/2023,2.4392,2.4115,2.4415,2.3755,14.44K,0.73%
5/10/2023,2.4475,2.4468,2.4642,2.4156,17.15K,0.34%
5/11/2023,2.4093,2.4523,2.4668,2.3985,11.81K,-1.56%
5/12/2023,2.3811,2.4115,2.4256,2.3676,16.46K,-1.17%
5/15/2023,2.4235,2.3745,2.4335,2.3578,31.98K,1.78%
5/16/2023,2.4294,2.4303,2.4393,2.4006,21.24K,0.24%
5/17/2023,2.5139,2.4279,2.5195,2.4142,28.32K,3.48%
5/18/2023,2.5049,2.511,2.5183,2.4849,20.03K,-0.36%
5/19/2023,2.4977,2.526,2.5514,2.4867,13.58K,-0.29%
5/22/2023,2.5389,2.479,2.5611,2.4714,13.76K,1.65%
5/23/2023,2.56,2.5668,2.6014,2.5365,16.88K,0.83%
5/24/2023,2.62,2.5975,2.6228,2.5698,9.76K,2.34%
5/25/2023,2.5526,2.613,2.615,2.517,10.32K,-2.57%
5/26/2023,2.5913,2.5522,2.6082,2.541,12.34K,1.52%
5/29/2023,2.5943,2.5989,2.5989,2.5455,1.08K,0.12%
5/30/2023,2.4792,2.586,2.586,2.4661,16.72K,-4.44%
5/31/2023,2.3756,2.4175,2.4175,2.3514,29.64K,-4.18%
6/1/2023,2.3762,2.3776,2.4204,2.3403,26.82K,0.03%
6/2/2023,2.4382,2.3775,2.4508,2.3752,26.16K,2.61%
6/5/2023,2.4581,2.4811,2.5042,2.4482,28.97K,0.82%
6/6/2023,2.4876,2.4583,2.4991,2.4249,42.72K,1.20%
6/7/2023,2.5405,2.4608,2.5531,2.4585,44.22K,2.13%
6/8/2023,2.515,2.5395,2.5717,2.4458,39.58K,-1.00%
6/9/2023,2.4936,2.5011,2.5328,2.4905,26.23K,-0.85%
6/12/2023,2.3973,2.4785,2.4785,2.3905,31.70K,-3.86%
6/13/2023,2.4644,2.4093,2.4816,2.404,28.51K,2.80%
6/14/2023,2.4503,2.4472,2.4896,2.4449,20.00K,-0.57%
6/15/2023,2.5378,2.4562,2.547,2.444,24.65K,3.57%
6/16/2023,2.5885,2.5418,2.5894,2.5327,30.03K,2.00%
6/19/2023,2.5624,2.5685,2.5825,2.5501,4.16K,-1.01%
6/20/2023,2.5199,2.5485,2.571,2.4867,12.28K,-1.66%
6/21/2023,2.5381,2.5124,2.5481,2.4793,14.25K,0.72%
6/22/2023,2.4715,2.5225,2.5225,2.4445,12.25K,-2.62%
6/23/2023,2.4366,2.447,2.4555,2.4017,8.60K,-1.41%
6/26/2023,2.4548,2.4467,2.4663,2.4216,10.77K,0.75%
6/27/2023,2.4221,2.4664,2.4833,2.4144,9.25K,-1.33%
6/28/2023,2.4971,2.4535,2.5045,2.4224,7.77K,3.10%
6/29/2023,2.5034,2.4915,2.513,2.4738,12.23K,0.25%
6/30/2023,2.4625,2.4079,2.4648,2.4026,13.49K,-1.63%
7/3/2023,2.3911,2.4583,2.4797,2.39,12.15K,-2.90%
7/4/2023,2.442,2.4055,2.4477,2.403,3.63K,2.13%
7/5/2023,2.4461,2.4341,2.475,2.4257,14.71K,0.17%
7/6/2023,2.4608,2.446,2.4686,2.3934,27.76K,0.60%
7/7/2023,2.5089,2.465,2.5136,2.4571,19.08K,1.95%
7/10/2023,2.494,2.4947,2.525,2.4784,11.58K,-0.59%
7/11/2023,2.5478,2.5047,2.5523,2.4997,12.10K,2.16%
7/12/2023,2.5935,2.5455,2.6035,2.5441,28.09K,1.79%
7/13/2023,2.614,2.5985,2.6203,2.5741,25.64K,0.79%
7/14/2023,2.5825,2.6165,2.6174,2.5704,29.21K,-1.21%
7/17/2023,2.5714,2.566,2.5975,2.5473,30.94K,-0.43%
7/18/2023,2.6317,2.5849,2.6415,2.5699,21.84K,2.35%
7/19/2023,2.6705,2.636,2.6892,2.62,28.16K,1.47%
7/20/2023,2.6967,2.6755,2.7083,2.654,17.86K,0.98%
7/21/2023,2.7567,2.7067,2.7593,2.7015,14.12K,2.22%
7/24/2023,2.8391,2.7408,2.8836,2.7408,27.11K,2.99%
7/25/2023,2.7963,2.846,2.8472,2.7765,31.50K,-1.51%
7/26/2023,2.8402,2.7974,2.8556,2.7722,15.96K,1.57%
7/27/2023,2.8815,2.8498,2.894,2.8276,16.25K,1.45%
7/28/2023,2.8876,2.8645,2.9223,2.8605,10.02K,0.21%
7/31/2023,2.625,2.5876,2.6332,2.5825,20.55K,-9.09%
8/1/2023,2.6136,2.6297,2.6457,2.6011,16.35K,-0.43%
8/2/2023,2.5359,2.6334,2.6456,2.5241,26.24K,-2.97%
8/3/2023,2.5333,2.5366,2.5542,2.4847,18.86K,-0.10%
8/4/2023,2.546,2.5451,2.571,2.53,11.77K,0.50%
8/7/2023,2.5654,2.5504,2.5879,2.5367,10.88K,0.76%
8/8/2023,2.6085,2.585,2.6137,2.5079,10.16K,1.68%
8/9/2023,2.6867,2.6005,2.695,2.5975,18.03K,3.00%
8/10/2023,2.6617,2.6878,2.6986,2.6359,11.42K,-0.93%
8/11/2023,2.7025,2.6562,2.7196,2.654,14.67K,1.53%
8/14/2023,2.6596,2.6691,2.6836,2.6411,11.26K,-1.59%
8/15/2023,2.6116,2.6652,2.6768,2.6042,15.33K,-1.80%
8/16/2023,2.6214,2.588,2.645,2.588,18.16K,0.38%
8/17/2023,2.6035,2.6152,2.6552,2.5867,11.73K,-0.68%
8/18/2023,2.6001,2.582,2.631,2.5685,12.86K,-0.13%
8/21/2023,2.5539,2.591,2.6327,2.5367,12.67K,-1.78%
8/22/2023,2.5725,2.5617,2.5755,2.5441,10.83K,0.73%
8/23/2023,2.5595,2.5544,2.5667,2.5059,12.10K,-0.51%
8/24/2023,2.581,2.5664,2.5893,2.528,10.21K,0.84%
8/25/2023,2.645,2.5705,2.6555,2.563,13.82K,2.48%
8/28/2023,2.5669,2.6299,2.6299,2.5504,8.37K,-2.95%
8/29/2023,2.5565,2.5751,2.5855,2.5197,11.47K,-0.41%
8/30/2023,2.5671,2.5482,2.5853,2.5392,15.71K,0.41%
8/31/2023,2.4803,2.4863,2.5048,2.4539,22.03K,-3.38%
9/1/2023,2.5124,2.4826,2.523,2.4822,12.79K,1.29%
9/4/2023,2.5232,2.5105,2.5354,2.508,2.98K,0.43%
9/5/2023,2.5147,2.5097,2.5725,2.5001,13.38K,-0.34%
9/6/2023,2.5349,2.5246,2.5615,2.4961,12.31K,0.80%
9/7/2023,2.5537,2.5541,2.578,2.5263,15.45K,0.74%
9/8/2023,2.5862,2.5517,2.6184,2.5451,23.20K,1.27%
9/11/2023,2.6365,2.5748,2.6435,2.5748,22.49K,1.94%
9/12/2023,2.6552,2.651,2.6665,2.6257,14.31K,0.71%
9/13/2023,2.663,2.6445,2.6681,2.6302,12.90K,0.29%
9/14/2023,2.6794,2.6688,2.6985,2.6645,12.64K,0.62%
9/15/2023,2.6489,2.6824,2.7002,2.6293,10.14K,-1.14%
9/18/2023,2.6415,2.6445,2.6728,2.6255,10.28K,-0.28%
9/19/2023,2.605,2.6503,2.6645,2.6012,10.47K,-1.38%
9/20/2023,2.5707,2.6068,2.6251,2.5623,8.94K,-1.32%
9/21/2023,2.5681,2.5532,2.5963,2.5356,9.61K,-0.10%
9/22/2023,2.5119,2.5761,2.594,2.5105,9.52K,-2.19%
9/25/2023,2.5034,2.5289,2.5338,2.482,6.51K,-0.34%
9/26/2023,2.5166,2.4903,2.5286,2.4624,11.67K,0.53%
9/27/2023,2.5501,2.5265,2.5789,2.5265,10.40K,1.33%
9/28/2023,2.4662,2.5633,2.5688,2.4649,9.57K,-3.29%
9/29/2023,2.3496,2.4126,2.429,2.3449,16.96K,-4.73%
10/2/2023,2.3522,2.3492,2.3837,2.338,11.78K,0.11%
10/3/2023,2.3119,2.3474,2.3538,2.2988,15.01K,-1.71%
10/4/2023,2.1637,2.2825,2.2845,2.1612,13.78K,-6.41%
10/5/2023,2.15,2.1761,2.1841,2.1377,11.66K,-0.63%
10/6/2023,2.1616,2.1635,2.1836,2.1466,11.13K,0.54%
10/9/2023,2.2151,2.2066,2.2439,2.1945,10.30K,2.48%
10/10/2023,2.2312,2.2182,2.2359,2.2026,13.97K,0.73%
10/11/2023,2.1937,2.242,2.2497,2.1773,10.68K,-1.68%
10/12/2023,2.151,2.1731,2.2091,2.1424,14.93K,-1.95%
10/13/2023,2.253,2.1683,2.2565,2.1683,14.05K,4.74%
10/16/2023,2.2577,2.2477,2.276,2.2407,8.35K,0.21%
10/17/2023,2.2725,2.2674,2.2858,2.2479,13.91K,0.66%
10/18/2023,2.3348,2.3098,2.3395,2.2855,11.21K,2.74%
10/19/2023,2.343,2.3346,2.3598,2.299,9.81K,0.35%
10/20/2023,2.3538,2.3578,2.3792,2.3436,8.27K,0.46%
10/23/2023,2.3116,2.3447,2.3533,2.303,8.71K,-1.79%
10/24/2023,2.2527,2.3149,2.3203,2.2325,12.35K,-2.55%
10/25/2023,2.2688,2.2541,2.2794,2.2142,16.54K,0.71%
10/26/2023,2.2371,2.2627,2.2695,2.2248,11.54K,-1.40%
10/27/2023,2.2952,2.2517,2.2993,2.2398,10.47K,2.60%
10/30/2023,2.2168,2.275,2.2914,2.213,7.54K,-3.42%
10/31/2023,2.2117,2.2237,2.2479,2.2058,14.90K,-0.23%
11/1/2023,2.1838,2.2154,2.2731,2.181,11.78K,-1.26%
11/2/2023,2.2401,2.2,2.2448,2.1816,12.06K,2.58%
11/3/2023,2.1945,2.2452,2.2526,2.1813,15.74K,-2.04%
11/6/2023,2.2254,2.2,2.2495,2.1983,13.48K,1.41%
11/7/2023,2.1527,2.2058,2.2085,2.1449,16.88K,-3.27%
11/8/2023,2.1106,2.1526,2.1579,2.1064,14.74K,-1.96%
11/9/2023,2.1366,2.1173,2.1685,2.1156,13.12K,1.23%
11/10/2023,2.1663,2.1405,2.1805,2.1381,15.91K,1.39%
11/13/2023,2.2093,2.1406,2.216,2.1351,16.25K,1.98%
11/14/2023,2.2006,2.2128,2.245,2.1907,21.12K,-0.39%
11/15/2023,2.1803,2.2,2.2078,2.15,20.38K,-0.92%
11/16/2023,2.076,2.1648,2.1722,2.07,12.41K,-4.78%
11/17/2023,2.1544,2.0809,2.1605,2.0705,12.99K,3.78%
11/20/2023,2.1972,2.1635,2.226,2.1556,9.05K,1.99%
11/21/2023,2.208,2.192,2.2109,2.1695,9.26K,0.49%
11/22/2023,2.1958,2.207,2.2148,2.1076,10.76K,-0.55%
11/23/2023,2.188,2.17,2.1875,2.1634,3.27K,-0.36%
11/24/2023,2.1366,2.1835,2.2128,2.14,7.19K,-2.35%
11/27/2023,2.1454,2.1235,2.1769,2.116,11.49K,0.41%
11/28/2023,2.1926,2.164,2.2067,2.1476,8.77K,2.20%
11/29/2023,2.2473,2.2063,2.2503,2.1616,8.03K,2.49%
11/30/2023,2.1778,2.2501,2.2703,2.1568,20.66K,-3.09%
12/1/2023,2.1256,2.1637,2.1999,2.1216,18.48K,-2.40%
12/4/2023,2.1343,2.1266,2.1587,2.0985,19.21K,0.41%
12/5/2023,2.1128,2.1468,2.1646,2.1106,15.67K,-1.01%
12/6/2023,2.0342,2.1169,2.1169,2.0237,17.55K,-3.72%
12/7/2023,2.0085,2.0413,2.0552,2.0077,15.42K,-1.26%
12/8/2023,2.0576,2.016,2.07,2.016,13.70K,2.44%
12/11/2023,2.0524,2.067,2.0752,2.0427,18.67K,-0.25%
12/12/2023,1.9932,2.0666,2.0668,1.9845,22.63K,-2.88%
12/13/2023,2.039,1.9955,2.0521,1.9806,23.98K,2.30%
12/14/2023,2.1292,2.0575,2.1398,2.0494,30.30K,4.42%
12/15/2023,2.1476,2.1305,2.1654,2.1109,22.03K,0.86%
12/18/2023,2.1675,2.1578,2.224,2.1143,19.00K,0.93%
12/19/2023,2.2065,2.1819,2.2127,2.1505,15.51K,1.80%
12/20/2023,2.2071,2.201,2.2232,2.1842,14.31K,0.03%
12/21/2023,2.1666,2.2,2.2,2.142,12.63K,-1.83%
12/22/2023,2.1415,2.1716,2.209,2.1417,9.93K,-1.16%
12/25/2023,2.1343,2.1276,2.135,2.1272,,-0.34%
12/26/2023,2.1724,2.1536,2.1959,2.1365,4.49K,1.79%
12/27/2023,2.1619,2.1678,2.2012,2.153,15.65K,-0.48%
12/28/2023,2.0997,2.1615,2.1669,2.0985,10.73K,-2.88%
12/29/2023,2.1258,2.1346,2.162,2.117,20.50K,1.24%
1/1/2024,2.1269,2.1349,2.1349,2.1227,,0.05%
1/2/2024,2.114,2.1585,2.1887,2.1018,27.10K,-0.61%
1/3/2024,2.1755,2.1095,2.1852,2.0886,27.08K,2.91%
1/4/2024,2.1351,2.172,2.1905,2.1102,31.15K,-1.86%
1/5/2024,2.1313,2.1376,2.1618,2.1266,46.69K,-0.18%
1/8/2024,2.0547,2.1019,2.11,2.0379,37.70K,-3.59%
1/9/2024,2.1032,2.0671,2.1172,2.0613,26.70K,2.36%
1/10/2024,2.0937,2.1093,2.1571,2.0851,34.79K,-0.45%
1/11/2024,2.1365,2.1009,2.1622,2.1009,34.07K,2.04%
1/12/2024,2.1439,2.1749,2.219,2.1408,29.03K,0.35%
1/15/2024,2.1529,2.1495,2.1583,2.1165,5.27K,0.42%
1/16/2024,2.1481,2.1513,2.2101,2.1315,27.13K,-0.22%
1/17/2024,2.1585,2.147,2.1646,2.1042,24.44K,0.48%
1/18/2024,2.2055,2.159,2.2072,2.14,15.03K,2.18%
1/19/2024,2.1852,2.2005,2.2184,2.1778,9.79K,-0.92%
1/22/2024,2.2608,2.1868,2.2638,2.1795,13.34K,3.46%
1/23/2024,2.2333,2.2545,2.2593,2.2066,9.54K,-1.22%
1/24/2024,2.2389,2.2345,2.2712,2.2185,11.57K,0.25%
1/25/2024,2.291,2.2428,2.2922,2.2428,10.97K,2.33%
1/26/2024,2.3258,2.2855,2.331,2.2572,11.59K,1.52%
1/29/2024,2.2646,2.319,2.3355,2.2524,11.63K,-2.63%
1/30/2024,2.2968,2.272,2.2995,2.2071,14.13K,1.42%
1/31/2024,2.4631,2.5015,2.5146,2.4517,29.13K,7.24%
2/1/2024,2.4256,2.4752,2.487,2.397,39.92K,-1.52%
2/2/2024,2.3803,2.4298,2.4417,2.3593,34.58K,-1.87%
2/5/2024,2.4285,2.3748,2.4307,2.3697,28.79K,2.02%
2/6/2024,2.4453,2.4247,2.4541,2.4215,29.83K,0.69%
2/7/2024,2.4826,2.4471,2.4898,2.439,38.08K,1.53%
2/8/2024,2.5576,2.4946,2.5599,2.4857,43.79K,3.02%
2/9/2024,2.5687,2.56,2.577,2.5439,34.79K,0.43%
2/12/2024,2.5912,2.5612,2.5971,2.5502,37.23K,0.88%
2/13/2024,2.6196,2.5921,2.6329,2.5831,36.82K,1.10%
2/14/2024,2.5522,2.6273,2.6335,2.5452,34.90K,-2.57%
2/15/2024,2.5652,2.5369,2.5863,2.508,30.98K,0.51%
2/16/2024,2.5783,2.5581,2.5794,2.524,30.00K,0.51%
2/19/2024,2.5631,2.5658,2.5669,2.5466,3.57K,-0.59%
2/20/2024,2.5086,2.5586,2.5586,2.5054,24.91K,-2.13%
2/21/2024,2.5308,2.524,2.5405,2.503,19.32K,0.88%
2/22/2024,2.5675,2.543,2.5685,2.496,19.17K,1.45%
2/23/2024,2.5093,2.5515,2.557,2.5018,24.62K,-2.27%
2/26/2024,2.5572,2.4934,2.5797,2.492,19.58K,1.91%
2/27/2024,2.5944,2.5627,2.5975,2.5613,13.69K,1.45%
2/28/2024,2.5512,2.5882,2.601,2.5354,12.51K,-1.67%
2/29/2024,2.5711,2.5262,2.5855,2.5262,24.30K,0.78%
3/1/2024,2.6047,2.5706,2.6264,2.5635,24.93K,1.31%
3/4/2024,2.5769,2.5997,2.612,2.5664,19.97K,-1.07%
3/5/2024,2.5227,2.5757,2.5809,2.5127,24.32K,-2.10%
3/6/2024,2.5446,2.5213,2.5766,2.5213,27.31K,0.87%
3/7/2024,2.5466,2.538,2.572,2.5168,25.49K,0.08%
3/8/2024,2.5214,2.5615,2.5679,2.5096,22.00K,-0.99%
3/11/2024,2.5724,2.5088,2.581,2.5041,32.14K,2.02%
3/12/2024,2.5779,2.5705,2.5928,2.5456,35.69K,0.21%
3/13/2024,2.6534,2.5889,2.6577,2.583,37.18K,2.93%
3/14/2024,2.6926,2.654,2.6941,2.6464,30.73K,1.48%
3/15/2024,2.7068,2.6846,2.7093,2.6702,34.98K,0.53%
3/18/2024,2.7454,2.697,2.7516,2.697,26.65K,1.43%
3/19/2024,2.7489,2.7305,2.754,2.7228,16.03K,0.13%
3/20/2024,2.7193,2.7308,2.733,2.6963,23.34K,-1.08%
3/21/2024,2.7122,2.7221,2.7323,2.6856,21.41K,-0.26%
3/22/2024,2.717,2.695,2.7307,2.6926,25.08K,0.18%
3/25/2024,2.7284,2.7233,2.743,2.704,18.39K,0.42%
3/26/2024,2.6853,2.7316,2.7335,2.6765,23.07K,-1.58%
3/27/2024,2.6719,2.6767,2.6906,2.6595,20.86K,-0.50%
3/28/2024,2.6885,2.6496,2.6913,2.642,48.22K,0.62%
4/1/2024,2.681,2.6799,2.6941,2.6561,39.07K,-0.28%
4/2/2024,2.7263,2.6865,2.7409,2.6842,50.94K,1.69%
4/3/2024,2.7344,2.7392,2.7575,2.724,42.21K,0.30%
4/4/2024,2.7678,2.7352,2.7783,2.7155,35.69K,1.22%
4/5/2024,2.7657,2.7691,2.7869,2.7509,45.71K,-0.08%
4/8/2024,2.7295,2.7135,2.761,2.7114,38.73K,-1.31%
4/9/2024,2.7302,2.7341,2.7527,2.7178,37.29K,0.03%
4/10/2024,2.7569,2.7256,2.7646,2.7078,38.23K,0.98%
4/11/2024,2.7485,2.7595,2.7802,2.7282,29.95K,-0.30%
4/12/2024,2.7761,2.7714,2.8229,2.761,32.69K,1.00%
4/15/2024,2.7597,2.7715,2.7795,2.7199,34.12K,-0.59%
4/16/2024,2.7911,2.7745,2.7923,2.7541,33.75K,1.14%
4/17/2024,2.6992,2.7908,2.7908,2.6944,38.88K,-3.29%
4/18/2024,2.6846,2.7053,2.7135,2.665,28.76K,-0.54%
4/19/2024,2.6834,2.7174,2.7525,2.6594,28.91K,-0.04%
4/22/2024,2.663,2.6862,2.6878,2.6409,25.20K,-0.76%
4/23/2024,2.7011,2.671,2.7042,2.6257,28.37K,1.43%
4/24/2024,2.7087,2.7016,2.7156,2.6886,30.76K,0.28%
4/25/2024,2.7333,2.712,2.7414,2.687,26.92K,0.91%
4/26/2024,2.744,2.7435,2.7542,2.7263,21.10K,0.39%
4/29/2024,2.7309,2.7343,2.76,2.722,15.66K,-0.48%
4/30/2024,2.6541,2.6944,2.7,2.6268,32.20K,-2.81%
5/1/2024,2.5451,2.6252,2.6422,2.5425,46.06K,-4.11%
5/2/2024,2.5618,2.5434,2.5717,2.5361,40.20K,0.66%
5/3/2024,2.5265,2.5739,2.59,2.5204,40.54K,-1.38%
5/6/2024,2.5564,2.5258,2.5608,2.5224,35.45K,1.18%
5/7/2024,2.5183,2.5617,2.5617,2.5045,39.73K,-1.49%
5/8/2024,2.5095,2.5114,2.5181,2.46,40.82K,-0.35%
5/9/2024,2.5218,2.5189,2.5401,2.5108,26.29K,0.49%
5/10/2024,2.485,2.5338,2.5451,2.4827,37.86K,-1.46%
5/13/2024,2.4967,2.484,2.5176,2.4803,45.62K,0.47%
5/14/2024,2.4515,2.4999,2.5025,2.4441,30.70K,-1.81%
5/15/2024,2.4861,2.4633,2.492,2.4326,37.80K,1.41%
5/16/2024,2.5238,2.4955,2.5283,2.4904,47.00K,1.52%
5/17/2024,2.5586,2.535,2.5634,2.5294,29.29K,1.38%
5/20/2024,2.5279,2.5625,2.5661,2.5144,30.48K,-1.20%
5/21/2024,2.4982,2.5325,2.5325,2.479,20.92K,-1.17%
5/22/2024,2.4587,2.488,2.4943,2.4525,30.37K,-1.58%
5/23/2024,2.4565,2.4552,2.503,2.4448,27.32K,-0.09%
5/24/2024,2.4696,2.46,2.4863,2.439,24.92K,0.53%
5/27/2024,2.4997,2.4795,2.505,2.4718,3.71K,1.22%
5/28/2024,2.5018,2.4938,2.5142,2.488,30.53K,0.08%
5/29/2024,2.4599,2.5071,2.5252,2.4529,26.61K,-1.67%
5/30/2024,2.4035,2.452,2.4593,2.3968,18.90K,-2.29%
5/31/2024,2.3991,2.3775,2.4183,2.3775,35.50K,-0.18%
6/3/2024,2.3229,2.4016,2.4132,2.3172,36.71K,-3.18%
6/4/2024,2.3256,2.3175,2.3328,2.2872,50.77K,0.12%
6/5/2024,2.3355,2.314,2.3459,2.31,39.32K,0.43%
6/6/2024,2.3765,2.3487,2.3826,2.3387,42.09K,1.76%
6/7/2024,2.3661,2.3824,2.3931,2.3582,39.81K,-0.44%
6/10/2024,2.3983,2.37,2.4088,2.3595,34.11K,1.36%
6/11/2024,2.3957,2.4171,2.4171,2.3762,47.20K,-0.11%
6/12/2024,2.3833,2.4165,2.4366,2.3781,49.89K,-0.52%
6/13/2024,2.402,2.3706,2.4089,2.3575,45.54K,0.78%
6/14/2024,2.3877,2.3962,2.4316,2.3873,44.95K,-0.60%
6/17/2024,2.4301,2.3955,2.435,2.3731,27.73K,1.78%
6/18/2024,2.4652,2.4383,2.4728,2.4218,25.38K,1.44%
6/19/2024,2.4767,2.485,2.4975,2.4683,12.25K,0.47%
6/20/2024,2.4851,2.4777,2.5003,2.4723,27.23K,0.34%
6/21/2024,2.4966,2.4775,2.5213,2.4775,30.89K,0.46%
6/24/2024,2.495,2.484,2.5028,2.471,28.17K,-0.06%
6/25/2024,2.4978,2.4989,2.5175,2.4807,27.14K,0.11%
6/26/2024,2.5245,2.4853,2.5358,2.481,27.04K,1.07%
6/27/2024,2.5268,2.517,2.5624,2.5145,21.62K,0.09%
6/28/2024,2.471,2.4976,2.5195,2.4669,38.91K,-2.21%
7/1/2024,2.538,2.482,2.5395,2.482,52.01K,2.71%
7/2/2024,2.5354,2.5337,2.5698,2.531,61.04K,-0.10%
7/3/2024,2.5621,2.5337,2.5631,2.5073,56.29K,1.05%
7/4/2024,2.5494,2.5398,2.5551,2.5268,12.37K,-0.50%
7/5/2024,2.523,2.5394,2.5807,2.521,36.33K,-1.04%
7/8/2024,2.5062,2.512,2.5278,2.4926,46.15K,-0.67%
7/9/2024,2.4904,2.51,2.5199,2.4828,43.83K,-0.63%
7/10/2024,2.473,2.4777,2.4973,2.4595,46.92K,-0.70%
7/11/2024,2.4877,2.4857,2.496,2.4612,44.51K,0.59%
7/12/2024,2.4843,2.505,2.5067,2.4777,38.08K,-0.14%
7/15/2024,2.4646,2.4849,2.4849,2.4538,40.36K,-0.79%
7/16/2024,2.4457,2.4565,2.464,2.4175,48.80K,-0.77%
7/17/2024,2.4669,2.4373,2.472,2.428,49.67K,0.87%
7/18/2024,2.478,2.477,2.4861,2.4477,21.75K,0.45%
7/19/2024,2.4142,2.4702,2.4845,2.413,21.57K,-2.57%
7/22/2024,2.4288,2.426,2.4304,2.3842,27.59K,0.60%
7/23/2024,2.3757,2.4216,2.429,2.3744,26.35K,-2.19%
7/24/2024,2.4129,2.3941,2.4265,2.3855,28.40K,1.57%
7/25/2024,2.4295,2.404,2.4332,2.3695,25.83K,0.69%
7/26/2024,2.417,2.4375,2.4395,2.393,24.11K,-0.51%
7/29/2024,2.3723,2.4199,2.4281,2.3704,26.22K,-1.85%
7/30/2024,2.3443,2.3638,2.3752,2.3328,16.69K,-1.18%
7/31/2024,2.2562,2.18,2.2717,2.18,39.54K,-3.76%
8/1/2024,2.2193,2.28,2.28,2.2163,39.42K,-1.64%
8/2/2024,2.1395,2.2273,2.2391,2.1314,32.00K,-3.60%
8/5/2024,2.1433,2.1525,2.1693,2.0842,38.46K,0.18%
8/6/2024,2.1409,2.1719,2.1727,2.1216,28.23K,-0.11%
8/7/2024,2.172,2.1208,2.191,2.1207,33.74K,1.45%
8/8/2024,2.2043,2.178,2.2115,2.1603,36.28K,1.49%
8/9/2024,2.2023,2.2007,2.2137,2.1824,53.81K,-0.09%
8/12/2024,2.2593,2.2062,2.2605,2.2045,44.66K,2.59%
8/13/2024,2.2035,2.2515,2.253,2.1979,42.53K,-2.47%
8/14/2024,2.1556,2.2135,2.2184,2.1519,43.27K,-2.17%
8/15/2024,2.1859,2.1588,2.1991,2.1492,29.30K,1.41%
8/16/2024,2.1399,2.1782,2.1894,2.1331,21.20K,-2.10%
8/19/2024,2.0943,2.137,2.1445,2.0879,30.11K,-2.13%
8/20/2024,2.0835,2.095,2.1095,2.0652,19.75K,-0.52%
8/21/2024,2.0513,2.0735,2.0915,2.0296,35.66K,-1.55%
8/22/2024,2.0793,2.0463,2.0905,2.042,24.72K,1.36%
8/23/2024,2.1186,2.0725,2.1241,2.0725,25.26K,1.89%
8/26/2024,2.1349,2.1305,2.1707,2.1256,21.98K,0.77%
8/27/2024,2.0976,2.1363,2.1456,2.0919,29.40K,-1.75%
8/28/2024,2.0673,2.0906,2.0989,2.0581,25.05K,-1.44%
8/29/2024,2.1077,2.061,2.116,2.0514,18.84K,1.95%
8/30/2024,2.0546,2.0764,2.0966,2.043,45.59K,-2.52%
9/2/2024,2.0412,2.045,2.0467,2.0251,6.88K,-0.65%
9/3/2024,1.9553,2.0379,2.0456,1.944,43.49K,-4.21%
9/4/2024,1.9346,1.9576,1.9774,1.9231,34.90K,-1.06%
9/5/2024,1.9077,1.9321,1.9559,1.8988,40.19K,-1.39%
9/6/2024,1.8763,1.9174,1.9384,1.86,32.55K,-1.65%
9/9/2024,1.8959,1.8976,1.9214,1.8762,35.12K,1.04%
9/10/2024,1.8423,1.9132,1.9164,1.8312,41.92K,-2.83%
9/11/2024,1.8754,1.8565,1.8875,1.8317,42.63K,1.80%
9/12/2024,1.9064,1.8786,1.9257,1.8768,38.08K,1.65%
9/13/2024,1.9059,1.9125,1.9428,1.9039,35.23K,-0.03%
9/16/2024,1.9415,1.9162,1.9554,1.9009,27.03K,1.87%
9/17/2024,1.9754,1.9502,1.9795,1.9338,33.68K,1.75%
9/18/2024,1.9836,1.9666,1.9938,1.9383,21.76K,0.42%
9/19/2024,2.0284,1.9746,2.0354,1.9746,36.97K,2.26%
9/20/2024,2.0073,2.026,2.0265,2.0038,21.29K,-1.04%
9/23/2024,1.9676,2.009,2.0255,1.9486,22.90K,-1.98%
9/24/2024,2.0055,1.9795,2.0235,1.9795,20.37K,1.93%
9/25/2024,1.9742,2.0065,2.0065,1.9525,30.31K,-1.56%
9/26/2024,1.9348,1.9766,1.9855,1.9212,24.19K,-2.00%
9/27/2024,1.927,1.9149,1.9502,1.9058,23.26K,-0.40%
9/30/2024,1.9062,1.9041,1.9249,1.8836,42.42K,-1.08%
10/1/2024,1.9414,1.908,1.9799,1.8571,38.26K,1.85%
10/2/2024,1.9583,1.9595,1.999,1.9379,39.10K,0.87%
10/3/2024,2.0615,1.9856,2.0725,1.9745,45.71K,5.27%
10/4/2024,2.0686,2.07,2.0939,2.056,46.66K,0.34%
10/7/2024,2.1303,2.064,2.1387,2.0562,49.81K,2.98%
10/8/2024,2.0467,2.1309,2.1309,2.0222,59.98K,-3.92%
10/9/2024,2.0404,2.055,2.0633,1.9977,46.69K,-0.31%
10/10/2024,2.1214,2.0525,2.1263,2.0501,47.02K,3.97%
10/11/2024,2.1231,2.1191,2.132,2.0959,48.19K,0.08%
10/14/2024,2.0798,2.0915,2.1044,2.0325,35.79K,-2.04%
10/15/2024,2.0074,2.0256,2.0266,1.98,40.62K,-3.48%
10/16/2024,2.0064,2.0108,2.0195,1.9883,39.14K,-0.05%
10/17/2024,2.0103,2.0145,2.0185,1.9731,50.23K,0.19%
10/18/2024,1.9661,2.0071,2.018,1.9514,37.99K,-2.20%
10/21/2024,1.9831,1.966,2.0046,1.9636,27.15K,0.86%
10/22/2024,2.0365,1.9779,2.0399,1.9635,25.52K,2.69%
10/23/2024,2.0041,2.0368,2.0368,1.9934,27.53K,-1.59%
10/24/2024,1.9923,2.0255,2.0385,1.9792,27.20K,-0.59%
10/25/2024,2.037,2,2.0418,1.986,20.89K,2.24%
10/28/2024,1.9257,1.9695,1.9698,1.9218,28.49K,-5.46%
10/29/2024,1.9179,1.9353,1.9519,1.9027,23.15K,-0.41%
10/30/2024,1.959,1.9228,1.9722,1.9219,24.41K,2.14%
10/31/2024,1.9537,1.9442,1.9875,1.931,35.40K,-0.27%
11/1/2024,1.9501,1.9841,2.0017,1.9465,34.21K,-0.18%
11/4/2024,1.9996,1.9734,2.0128,1.9734,27.26K,2.54%
11/5/2024,2.0227,2.0024,2.0377,1.9993,26.02K,1.16%
11/6/2024,2.011,2.0145,2.0321,1.9604,39.90K,-0.58%
11/7/2024,2.0324,2.0119,2.0391,1.989,26.11K,1.06%
11/8/2024,1.9914,2.0279,2.0279,1.9785,28.37K,-2.02%
11/11/2024,1.9339,1.9843,1.9991,1.9325,25.09K,-2.89%
11/12/2024,1.9359,1.939,1.964,1.9265,32.00K,0.10%
11/13/2024,1.9379,1.9332,1.9542,1.9029,28.06K,0.10%
11/14/2024,1.9523,1.9325,1.965,1.9224,35.73K,0.74%
11/15/2024,1.9214,1.9525,1.9634,1.9185,30.87K,-1.58%
11/18/2024,1.982,1.9185,1.9885,1.9177,29.84K,3.15%
11/19/2024,1.9925,1.99,2.004,1.9632,32.31K,0.53%
11/20/2024,1.9912,1.993,2.0173,1.9879,22.79K,-0.07%
11/21/2024,2.0017,1.9922,2.0283,1.9787,33.82K,0.53%
11/22/2024,2.0149,2.002,2.0275,1.9806,23.20K,0.66%
11/25/2024,1.9512,2.014,2.0165,1.946,23.38K,-3.16%
11/26/2024,1.9485,1.9424,1.9905,1.9326,15.17K,-0.14%
11/27/2024,1.9284,1.9445,1.9615,1.9116,18.74K,-1.03%
11/28/2024,1.948,1.945,1.9581,1.9304,6.72K,1.02%
11/29/2024,1.9068,1.9466,1.9625,1.9092,16.59K,-2.11%
12/2/2024,1.9233,1.9238,1.9395,1.9061,21.37K,0.87%
12/3/2024,1.9709,1.9272,1.9782,1.9208,21.82K,2.47%
12/4/2024,1.9473,1.9725,1.9869,1.9444,27.84K,-1.20%
12/5/2024,1.9393,1.9495,1.959,1.9299,19.75K,-0.41%
12/6/2024,1.9159,1.9362,1.9443,1.9046,20.56K,-1.21%
12/9/2024,1.9602,1.9182,1.9685,1.9138,23.11K,2.31%
12/10/2024,1.9651,1.9509,1.9793,1.9467,27.86K,0.25%
12/11/2024,1.9953,1.9639,2.0021,1.9622,27.89K,1.54%
12/12/2024,1.9974,2.004,2.0082,1.9665,28.02K,0.11%
12/13/2024,2.0086,2.0034,2.018,1.995,25.33K,0.56%
12/16/2024,1.9838,2.0088,2.0088,1.9795,20.71K,-1.23%
12/17/2024,1.9542,1.9816,1.9886,1.9392,16.53K,-1.49%
12/18/2024,1.9533,1.9574,1.9859,1.9415,19.65K,-0.05%
12/19/2024,1.9319,1.9418,1.9608,1.9224,19.04K,-1.10%
12/20/2024,1.9503,1.9202,1.9596,1.9125,14.60K,0.95%
12/23/2024,1.9466,1.95,1.967,1.9284,10.02K,-0.19%
12/24/2024,1.9691,1.9605,1.9886,1.9509,8.85K,1.16%
12/26/2024,1.9572,1.976,1.983,1.948,5.36K,-0.60%
12/27/2024,1.9711,1.9563,1.977,1.9545,6.33K,0.71%
12/30/2024,1.9902,1.9635,2.0039,1.9635,10.37K,0.97%
12/31/2024,2.0291,2.012,2.0312,1.9981,14.18K,1.95%
1/2/2025,2.0715,2.043,2.0918,2.0361,21.75K,2.09%
1/3/2025,2.0756,2.0766,2.0859,2.0627,16.86K,0.20%
1/6/2025,2.0578,2.083,2.1026,2.0512,26.06K,-0.86%
1/7/2025,2.0544,2.0547,2.0727,2.0475,38.57K,-0.17%
1/8/2025,2.0387,2.0641,2.0693,2.0322,44.59K,-0.76%
1/9/2025,2.0559,2.0475,2.0661,2.0285,20.16K,0.84%
1/10/2025,2.1041,2.075,2.1298,2.0607,32.99K,2.34%
1/13/2025,2.1335,2.1356,2.1484,2.1144,36.52K,1.40%
1/14/2025,2.1345,2.1374,2.15,2.1212,40.43K,0.05%
1/15/2025,2.1861,2.1454,2.2003,2.1374,41.60K,2.42%
1/16/2025,2.1232,2.1672,2.1714,2.0989,8.03K,-2.88%
1/17/2025,2.1122,2.1265,2.1287,2.1086,5.50K,-0.52%
1/20/2025,2.139,2.1466,2.1582,2.126,11.17K,1.27%
1/21/2025,2.1155,2.1415,2.1445,2.1081,18.48K,-1.10%
1/22/2025,2.0869,2.1161,2.1282,2.0853,24.26K,-1.35%
1/23/2025,2.0953,2.0862,2.113,2.0815,13.78K,0.40%
1/24/2025,2.0765,2.0844,2.0976,2.0621,28.74K,-0.90%
1/27/2025,2.0282,2.0239,2.0627,2.0102,1.58K,-2.33%
1/28/2025,2.0526,2.0425,2.0545,2.0281,1.74K,1.20%
1/29/2025,2.0357,2.0535,2.0584,2.0297,1.70K,-0.82%
1/30/2025,2.0374,2.0135,2.0135,2.0135,0.12K,0.08%
1/31/2025,2.0588,2.0806,2.0875,2.0384,21.70K,1.05%
2/3/2025,2.1177,2.118,2.167,2.0725,24.87K,2.86%
2/4/2025,2.099,2.0703,2.109,2.0439,16.97K,-0.88%
2/5/2025,2.0507,2.1045,2.1045,2.04,14.41K,-2.30%
2/6/2025,2.0747,2.05,2.08,2.044,16.26K,1.17%
2/7/2025,2.105,2.0773,2.1108,2.0754,21.54K,1.46%
2/10/2025,2.1042,2.1023,2.127,2.1,13.98K,-0.04%
2/11/2025,2.1473,2.1052,2.1575,2.1029,25.32K,2.05%
2/12/2025,2.0896,2.1469,2.1505,2.0792,25.65K,-2.69%
2/13/2025,2.1107,2.077,2.1162,2.0561,16.32K,1.01%
2/14/2025,2.0899,2.113,2.125,2.0834,12.41K,-0.99%
2/17/2025,2.3263,2.3081,2.3298,2.308,6.27K,11.31%
2/18/2025,2.3222,2.3289,2.3405,2.3128,18.35K,-0.18%
2/19/2025,2.3201,2.3325,2.3476,2.3085,23.16K,-0.09%
2/20/2025,2.3217,2.33,2.3407,2.3105,25.92K,0.07%
2/21/2025,2.2657,2.335,2.335,2.2624,23.06K,-2.41%
2/24/2025,2.2572,2.2652,2.2773,2.2515,21.52K,-0.38%
2/25/2025,1.9673,2.0318,2.0318,1.9667,1.60K,-12.84%
2/26/2025,1.9489,1.9691,1.9704,1.9377,3.31K,-0.94%
2/27/2025,1.9966,1.9512,1.9982,1.9512,0.05K,2.45%
2/28/2025,2.2223,2.2389,2.2435,2.2055,10.47K,11.30%
3/3/2025,2.1878,2.235,2.2485,2.1781,10.25K,-1.55%
3/4/2025,2.1942,2.1978,2.1987,2.1515,13.13K,0.29%
3/5/2025,2.137,2.1744,2.1857,2.097,13.93K,-2.61%
3/6/2025,2.1012,2.133,2.1453,2.0903,15.34K,-1.68%
3/7/2025,2.1087,2.1045,2.1509,2.0961,14.39K,0.36%
3/10/2025,2.0925,2.0998,2.1341,2.086,10.12K,-0.77%
3/11/2025,2.105,2.087,2.1285,2.0859,6.32K,0.60%
3/12/2025,2.1501,2.1163,2.1573,2.1088,9.84K,2.14%
3/13/2025,2.1331,2.1499,2.1571,2.1271,8.18K,-0.79%
3/14/2025,2.1487,2.1376,2.1494,2.1287,5.03K,0.73%
3/17/2025,2.1812,2.1575,2.1847,2.1575,5.69K,1.51%
3/18/2025,2.1684,2.1806,2.2041,2.1588,2.27K,-0.59%
3/19/2025,2.1696,2.163,2.1854,2.1488,2.11K,0.06%
3/20/2025,2.1911,2.1751,2.1962,2.1502,0.78K,0.99%
3/21/2025,2.1954,2.1936,2.1979,2.174,1.77K,0.20%
3/24/2025,2.2066,2.1922,2.2102,2.1874,2.26K,0.51%
3/25/2025,2.2087,2.2132,2.222,2.1961,2.07K,0.10%
3/26/2025,2.2328,2.2169,2.2452,2.2169,2.12K,1.09%
3/27/2025,2.2464,2.2352,2.2466,2.2249,1.62K,0.61%
3/28/2025,2.2347,2.2465,2.2496,2.2313,0.50K,-0.52%
3/31/2025,2.2907,2.2315,2.297,2.2315,10.70K,2.51%
4/1/2025,2.3025,2.2913,2.3103,2.2845,9.25K,0.52%
4/2/2025,2.331,2.3061,2.3442,2.295,14.14K,1.24%
4/3/2025,2.1643,2.244,2.2561,2.1405,18.02K,-7.15%
4/4/2025,2.0545,2.1508,2.1508,2.0105,14.29K,-5.07%
4/7/2025,2.0201,2.0291,2.1059,1.981,17.02K,-1.67%
4/8/2025,1.9914,2.0295,2.0512,1.9565,10.75K,-1.42%
4/9/2025,2.0384,1.9592,2.057,1.8789,18.63K,2.36%
4/10/2025,1.9613,2.0429,2.0467,1.9361,10.61K,-3.78%
4/11/2025,1.9991,1.9521,2.0082,1.9447,10.31K,1.93%
4/14/2025,2.0222,2.0207,2.0425,2.0003,11.14K,1.16%
4/15/2025,2.0244,2.0259,2.0395,2.0164,4.80K,0.11%
4/16/2025,2.0434,2.0276,2.0535,2.0104,10.13K,0.94%
4/17/2025,2.0988,2.0603,2.1042,2.0507,4.84K,2.71%
4/21/2025,2.0556,2.0827,2.0827,2.0363,10.71K,-2.06%
4/22/2025,2.0908,2.077,2.1056,2.0654,16.65K,1.71%
4/23/2025,2.0839,2.1198,2.1252,2.0606,3.24K,-0.33%
4/24/2025,2.1057,2.0942,2.1066,2.0816,2.24K,1.05%
4/25/2025,2.1189,2.1183,2.1256,2.087,2.00K,0.63%
4/28/2025,2.1058,2.1174,2.132,2.1044,2.66K,-0.62%
4/29/2025,2.0712,2.0821,2.0898,2.0787,0.49K,-1.64%
4/30/2025,2.0177,2.0521,2.0578,2.0075,15.62K,-2.58%
5/1/2025,2.0492,2.0232,2.0573,1.9852,13.36K,1.56%
5/2/2025,2.0199,2.0463,2.0593,2.0043,14.09K,-1.43%
5/5/2025,2.0228,1.9669,2.0305,1.9669,14.68K,0.14%
5/6/2025,2.0645,2.0314,2.0808,2.0314,12.48K,2.06%
5/7/2025,2.0278,2.07,2.0831,2.0195,14.08K,-1.78%
5/8/2025,2.0854,2.0376,2.0916,2.0307,15.25K,2.84%
5/9/2025,2.1084,2.0935,2.1192,2.0892,15.75K,1.10%
5/12/2025,2.1331,2.1148,2.1683,2.1148,18.31K,1.17%
5/13/2025,2.166,2.1342,2.1705,2.1248,17.17K,1.54%
5/14/2025,2.17,2.159,2.1773,2.1411,17.72K,0.18%
5/15/2025,2.1344,2.14,2.1437,2.0989,15.32K,-1.64%
5/16/2025,2.1418,2.1347,2.1493,2.1211,9.72K,0.35%
5/19/2025,2.0941,2.1005,2.1054,2.0708,29.39K,-2.23%
5/20/2025,2.1048,2.0969,2.1123,2.0841,18.56K,0.51%
5/21/2025,2.1051,2.1261,2.135,2.0858,27.90K,0.01%
5/22/2025,2.0924,2.0864,2.0945,2.0641,24.41K,-0.60%
5/23/2025,2.0755,2.0925,2.1002,2.0642,25.97K,-0.81%
5/26/2025,2.0794,2.0882,2.0882,2.072,3.61K,0.19%
5/27/2025,2.048,2.0805,2.0887,2.0435,24.08K,-1.51%
5/28/2025,2.0632,2.0561,2.0781,2.0487,19.69K,0.74%
5/29/2025,2.0594,2.0435,2.0435,2.0375,0.96K,-0.18%
5/30/2025,2.0151,2.0307,2.0516,1.9956,12.83K,-2.15%
6/2/2025,2.0525,2.0365,2.0925,2.0365,12.39K,1.86%
6/3/2025,2.0788,2.068,2.088,2.0528,12.62K,1.28%
6/4/2025,2.034,2.0714,2.0766,2.0275,12.08K,-2.16%
6/5/2025,2.0629,2.029,2.0724,2.029,11.43K,1.42%
6/6/2025,2.0768,2.0623,2.084,2.0544,12.27K,0.67%
6/9/2025,2.0952,2.0757,2.1001,2.0684,12.02K,0.89%
6/10/2025,2.088,2.1018,2.114,2.0801,11.49K,-0.34%
6/11/2025,2.1668,2.0847,2.1728,2.0774,14.33K,3.77%
6/12/2025,2.1429,2.17,2.17,2.1238,12.45K,-1.10%
6/13/2025,2.2276,2.1679,2.3,2.1679,22.99K,3.95%
6/16/2025,2.2199,2.2519,2.2524,2.1796,17.31K,-0.35%
6/17/2025,2.2719,2.2425,2.2801,2.2127,8.91K,2.34%
6/18/2025,2.3086,2.2725,2.3131,2.2602,3.54K,1.62%
6/19/2025,2.3668,2.2884,2.3564,2.2884,1.67K,2.52%
6/20/2025,2.3295,2.3277,2.3364,2.3071,3.02K,-1.58%
6/23/2025,2.2182,2.405,2.405,2.1821,2.67K,-4.78%
6/24/2025,2.0857,2.17,2.171,2.0841,1.82K,-5.97%
6/25/2025,2.0824,2.1116,2.1192,2.0815,1.78K,-0.16%
6/26/2025,2.099,2.0889,2.1161,2.0889,2.17K,0.80%
6/27/2025,2.0898,2.0969,2.0969,2.0969,0.69K,-0.44%
6/30/2025,2.0721,2.0566,2.0809,2.0503,12.56K,-0.85%
7/1/2025,2.1003,2.0656,2.1035,2.0594,9.04K,1.36%
7/2/2025,2.1229,2.0955,2.1235,2.0835,8.81K,1.08%
7/3/2025,2.1186,2.1125,2.1236,2.103,4.95K,-0.20%
7/4/2025,2.117,2.111,2.1238,2.1066,1.67K,-0.08%
7/7/2025,2.1522,2.094,2.1565,2.0925,16.67K,1.66%
7/8/2025,2.185,2.1445,2.1976,2.1445,18.50K,1.52%
7/9/2025,2.1879,2.1874,2.2034,2.1728,13.91K,0.13%
7/10/2025,2.1524,2.1892,2.1988,2.145,10.21K,-1.62%
7/11/2025,2.187,2.1566,2.1943,2.1377,16.27K,1.61%
7/14/2025,2.1654,2.1874,2.2117,2.1575,15.89K,-0.99%
7/15/2025,2.1696,2.1606,2.1916,2.1476,19.81K,0.19%
7/16/2025,2.144,2.1722,2.176,2.1292,15.56K,-1.18%
7/17/2025,2.1704,2.1576,2.1724,2.1438,10.75K,1.23%
7/18/2025,2.1534,2.1782,2.1897,2.1482,11.47K,-0.78%
7/21/2025,2.0956,2.1076,2.1117,2.0817,21.80K,-2.68%
7/22/2025,2.0694,2.0913,2.0913,2.0611,27.00K,-1.25%
7/23/2025,2.0881,2.0742,2.0925,2.0608,29.71K,0.90%
7/24/2025,2.1042,2.1274,2.1336,2.0854,2.94K,0.77%
7/25/2025,2.097,2.1068,2.1172,2.0895,2.14K,-0.34%
7/28/2025,2.1352,2.1264,2.1501,2.1242,1.87K,1.82%
7/29/2025,2.2184,2.1424,2.2219,2.1412,1.87K,3.90%
7/30/2025,2.2691,2.205,2.2654,2.205,0.03K,2.29%
7/31/2025,2.1739,2.2102,2.2113,2.1601,14.29K,-4.20%
8/1/2025,2.1186,2.171,2.172,2.104,18.69K,-2.54%
8/4/2025,2.1022,2.0972,2.1254,2.0766,19.16K,-0.77%
8/5/2025,2.0915,2.11,2.11,2.0831,15.23K,-0.51%
8/6/2025,2.0904,2.0907,2.1385,2.0719,18.99K,-0.05%
8/7/2025,2.0775,2.095,2.1154,2.0708,15.05K,-0.62%
8/8/2025,2.0861,2.0733,2.101,2.0496,17.56K,0.41%
8/11/2025,2.0766,2.0675,2.0971,2.0594,11.27K,-0.46%
8/12/2025,2.0744,2.0816,2.0906,2.0654,14.74K,-0.11%
8/13/2025,2.0704,2.0713,2.0831,2.0476,11.53K,-0.19%
8/14/2025,2.1092,2.085,2.1128,2.0764,11.32K,1.87%
8/15/2025,2.0725,2.1159,2.1159,2.0702,18.15K,-1.74%
8/18/2025,1.9369,1.9064,1.94,1.8956,24.25K,-6.54%
8/19/2025,1.9227,1.9364,1.9371,1.9124,18.56K,-0.73%
8/20/2025,1.9591,1.9287,1.9633,1.9204,20.57K,1.89%
8/21/2025,1.9872,1.9596,1.9893,1.9582,19.46K,1.43%
8/22/2025,2.1585,2.1648,2.1731,2.1558,5.92K,8.62%
8/25/2025,2.1483,2.1474,2.1648,2.1473,2.37K,-0.47%
8/26/2025,2.1223,2.1363,2.1381,2.1101,3.75K,-1.21%
8/27/2025,2.1489,2.1382,2.1518,2.1201,2.44K,1.25%
8/28/2025,2.1991,2.1403,2.1875,2.1297,0.34K,2.34%
8/29/2025,1.9689,1.9845,1.9894,1.9619,14.29K,-10.47%
9/1/2025,1.9884,1.9667,1.9962,1.9565,3.47K,0.99%
